-- Generated by Craft v2.5.2754 on Jan 6, 2016, 7:39:05 PM.

--
-- Disable foreign key checks and autocommit.
--

SET FOREIGN_KEY_CHECKS = 0;
SET SQL_MODE = "NO_AUTO_VALUE_ON_ZERO";
SET AUTOCOMMIT = 0;
SET NAMES utf8;


DROP TABLE IF EXISTS `craft_assetfiles`;


--
-- Schema for table `craft_assetfiles`
--
CREATE TABLE `craft_assetfiles` (
  `id` int(11) NOT NULL,
  `sourceId` int(11) DEFAULT NULL,
  `folderId` int(11) NOT NULL,
  `filename` varchar(255) COLLATE utf8_unicode_ci NOT NULL,
  `kind` varchar(50) COLLATE utf8_unicode_ci NOT NULL DEFAULT 'unknown',
  `width` int(11) unsigned DEFAULT NULL,
  `height` int(11) unsigned DEFAULT NULL,
  `size` int(11) unsigned DEFAULT NULL,
  `dateModified` datetime DEFAULT NULL,
  `dateCreated` datetime NOT NULL,
  `dateUpdated` datetime NOT NULL,
  `uid` char(36) COLLATE utf8_unicode_ci NOT NULL DEFAULT '0',
  PRIMARY KEY (`id`),
  UNIQUE KEY `craft_assetfiles_filename_folderId_unq_idx` (`filename`,`folderId`),
  KEY `craft_assetfiles_sourceId_fk` (`sourceId`),
  KEY `craft_assetfiles_folderId_fk` (`folderId`)
) ENGINE=InnoDB DEFAULT CHARSET=utf8 COLLATE=utf8_unicode_ci;

--
-- Data for table `craft_assetfiles`
--

INSERT INTO `craft_assetfiles` (`id`, `sourceId`, `folderId`, `filename`, `kind`, `width`, `height`, `size`, `dateModified`, `dateCreated`, `dateUpdated`, `uid`) VALUES
 ('32', '2', '2', 'oakland_sculpture.jpg', 'image', '1765', '634', '556871', '2015-12-11 23:44:06', '2015-12-11 23:44:10', '2015-12-11 23:44:10', '5f0a9264-39ab-47a4-89e8-f564a53d1867');




DROP TABLE IF EXISTS `craft_assetfolders`;


--
-- Schema for table `craft_assetfolders`
--
CREATE TABLE `craft_assetfolders` (
  `id` int(11) NOT NULL AUTO_INCREMENT,
  `parentId` int(11) DEFAULT NULL,
  `sourceId` int(11) DEFAULT NULL,
  `name` varchar(255) COLLATE utf8_unicode_ci NOT NULL,
  `path` varchar(255) COLLATE utf8_unicode_ci DEFAULT NULL,
  `dateCreated` datetime NOT NULL,
  `dateUpdated` datetime NOT NULL,
  `uid` char(36) COLLATE utf8_unicode_ci NOT NULL DEFAULT '0',
  PRIMARY KEY (`id`),
  UNIQUE KEY `craft_assetfolders_name_parentId_sourceId_unq_idx` (`name`,`parentId`,`sourceId`),
  KEY `craft_assetfolders_parentId_fk` (`parentId`),
  KEY `craft_assetfolders_sourceId_fk` (`sourceId`)
) ENGINE=InnoDB AUTO_INCREMENT=3 DEFAULT CHARSET=utf8 COLLATE=utf8_unicode_ci;

--
-- Data for table `craft_assetfolders`
--

INSERT INTO `craft_assetfolders` (`id`, `parentId`, `sourceId`, `name`, `path`, `dateCreated`, `dateUpdated`, `uid`) VALUES
 ('1', NULL, '1', 'Images', '', '2015-12-11 00:59:05', '2015-12-11 00:59:05', 'ce6dffd2-b469-4a34-8199-f8d8b017c937'),
 ('2', NULL, '2', 'Hero Images', '', '2015-12-11 01:00:09', '2015-12-11 01:00:09', '62cb8b4e-d395-4c33-9441-1c8f2d040925');




DROP TABLE IF EXISTS `craft_assetindexdata`;


--
-- Schema for table `craft_assetindexdata`
--
CREATE TABLE `craft_assetindexdata` (
  `id` int(11) NOT NULL AUTO_INCREMENT,
  `sessionId` varchar(36) COLLATE utf8_unicode_ci NOT NULL DEFAULT '',
  `sourceId` int(10) NOT NULL,
  `offset` int(10) NOT NULL,
  `uri` varchar(255) COLLATE utf8_unicode_ci DEFAULT NULL,
  `size` int(10) DEFAULT NULL,
  `recordId` int(10) DEFAULT NULL,
  `dateCreated` datetime NOT NULL,
  `dateUpdated` datetime NOT NULL,
  `uid` char(36) COLLATE utf8_unicode_ci NOT NULL DEFAULT '0',
  PRIMARY KEY (`id`),
  UNIQUE KEY `craft_assetindexdata_sessionId_sourceId_offset_unq_idx` (`sessionId`,`sourceId`,`offset`),
  KEY `craft_assetindexdata_sourceId_fk` (`sourceId`)
) ENGINE=InnoDB DEFAULT CHARSET=utf8 COLLATE=utf8_unicode_ci;

DROP TABLE IF EXISTS `craft_assetsources`;


--
-- Schema for table `craft_assetsources`
--
CREATE TABLE `craft_assetsources` (
  `id` int(11) NOT NULL AUTO_INCREMENT,
  `name` varchar(255) COLLATE utf8_unicode_ci NOT NULL,
  `handle` varchar(255) COLLATE utf8_unicode_ci NOT NULL,
  `type` varchar(150) COLLATE utf8_unicode_ci NOT NULL,
  `settings` text COLLATE utf8_unicode_ci,
  `sortOrder` tinyint(4) DEFAULT NULL,
  `fieldLayoutId` int(10) DEFAULT NULL,
  `dateCreated` datetime NOT NULL,
  `dateUpdated` datetime NOT NULL,
  `uid` char(36) COLLATE utf8_unicode_ci NOT NULL DEFAULT '0',
  PRIMARY KEY (`id`),
  UNIQUE KEY `craft_assetsources_name_unq_idx` (`name`),
  UNIQUE KEY `craft_assetsources_handle_unq_idx` (`handle`),
  KEY `craft_assetsources_fieldLayoutId_fk` (`fieldLayoutId`)
) ENGINE=InnoDB AUTO_INCREMENT=3 DEFAULT CHARSET=utf8 COLLATE=utf8_unicode_ci;

--
-- Data for table `craft_assetsources`
--

INSERT INTO `craft_assetsources` (`id`, `name`, `handle`, `type`, `settings`, `sortOrder`, `fieldLayoutId`, `dateCreated`, `dateUpdated`, `uid`) VALUES
 ('1', 'Images', 'images', 'Local', '{\"path\":\"..\\/public\\/resources\\/assets\\/images\\/\",\"url\":\"\\/resources\\/assets\\/images\\/\"}', '1', '72', '2015-12-11 00:59:05', '2015-12-11 23:43:43', '04045498-4a35-40f9-8c29-d81ed418aa6c'),
 ('2', 'Hero Images', 'heroImages', 'Local', '{\"path\":\"..\\/public\\/resources\\/assets\\/images\\/\",\"url\":\"\\/resources\\/assets\\/images\\/\"}', '2', '82', '2015-12-11 01:00:09', '2015-12-11 23:43:49', '3ae1c873-697f-4fcd-8f86-b8e7693d42e2');




DROP TABLE IF EXISTS `craft_assettransformindex`;


--
-- Schema for table `craft_assettransformindex`
--
CREATE TABLE `craft_assettransformindex` (
  `id` int(11) NOT NULL AUTO_INCREMENT,
  `fileId` int(11) NOT NULL,
  `filename` varchar(255) COLLATE utf8_unicode_ci DEFAULT NULL,
  `format` varchar(255) COLLATE utf8_unicode_ci DEFAULT NULL,
  `location` varchar(255) COLLATE utf8_unicode_ci NOT NULL,
  `sourceId` int(11) DEFAULT NULL,
  `fileExists` tinyint(1) DEFAULT NULL,
  `inProgress` tinyint(1) DEFAULT NULL,
  `dateIndexed` datetime DEFAULT NULL,
  `dateCreated` datetime NOT NULL,
  `dateUpdated` datetime NOT NULL,
  `uid` char(36) COLLATE utf8_unicode_ci NOT NULL DEFAULT '0',
  PRIMARY KEY (`id`),
  KEY `craft_assettransformindex_sourceId_fileId_location_idx` (`sourceId`,`fileId`,`location`)
) ENGINE=InnoDB DEFAULT CHARSET=utf8 COLLATE=utf8_unicode_ci;

DROP TABLE IF EXISTS `craft_assettransforms`;


--
-- Schema for table `craft_assettransforms`
--
CREATE TABLE `craft_assettransforms` (
  `id` int(11) NOT NULL AUTO_INCREMENT,
  `name` varchar(255) COLLATE utf8_unicode_ci NOT NULL,
  `handle` varchar(255) COLLATE utf8_unicode_ci NOT NULL,
  `mode` enum('stretch','fit','crop') COLLATE utf8_unicode_ci NOT NULL DEFAULT 'crop',
  `position` enum('top-left','top-center','top-right','center-left','center-center','center-right','bottom-left','bottom-center','bottom-right') COLLATE utf8_unicode_ci NOT NULL DEFAULT 'center-center',
  `height` int(10) DEFAULT NULL,
  `width` int(10) DEFAULT NULL,
  `format` varchar(255) COLLATE utf8_unicode_ci DEFAULT NULL,
  `quality` int(10) DEFAULT NULL,
  `dimensionChangeTime` datetime DEFAULT NULL,
  `dateCreated` datetime NOT NULL,
  `dateUpdated` datetime NOT NULL,
  `uid` char(36) COLLATE utf8_unicode_ci NOT NULL DEFAULT '0',
  PRIMARY KEY (`id`),
  UNIQUE KEY `craft_assettransforms_name_unq_idx` (`name`),
  UNIQUE KEY `craft_assettransforms_handle_unq_idx` (`handle`)
) ENGINE=InnoDB DEFAULT CHARSET=utf8 COLLATE=utf8_unicode_ci;

DROP TABLE IF EXISTS `craft_categories`;


--
-- Schema for table `craft_categories`
--
CREATE TABLE `craft_categories` (
  `id` int(11) NOT NULL,
  `groupId` int(11) NOT NULL,
  `dateCreated` datetime NOT NULL,
  `dateUpdated` datetime NOT NULL,
  `uid` char(36) COLLATE utf8_unicode_ci NOT NULL DEFAULT '0',
  PRIMARY KEY (`id`),
  KEY `craft_categories_groupId_fk` (`groupId`)
) ENGINE=InnoDB DEFAULT CHARSET=utf8 COLLATE=utf8_unicode_ci;

DROP TABLE IF EXISTS `craft_categorygroups`;


--
-- Schema for table `craft_categorygroups`
--
CREATE TABLE `craft_categorygroups` (
  `id` int(11) NOT NULL AUTO_INCREMENT,
  `structureId` int(11) NOT NULL,
  `fieldLayoutId` int(11) DEFAULT NULL,
  `name` varchar(255) COLLATE utf8_unicode_ci NOT NULL,
  `handle` varchar(255) COLLATE utf8_unicode_ci NOT NULL,
  `hasUrls` tinyint(1) unsigned NOT NULL DEFAULT '1',
  `template` varchar(500) COLLATE utf8_unicode_ci DEFAULT NULL,
  `dateCreated` datetime NOT NULL,
  `dateUpdated` datetime NOT NULL,
  `uid` char(36) COLLATE utf8_unicode_ci NOT NULL DEFAULT '0',
  PRIMARY KEY (`id`),
  UNIQUE KEY `craft_categorygroups_name_unq_idx` (`name`),
  UNIQUE KEY `craft_categorygroups_handle_unq_idx` (`handle`),
  KEY `craft_categorygroups_structureId_fk` (`structureId`),
  KEY `craft_categorygroups_fieldLayoutId_fk` (`fieldLayoutId`)
) ENGINE=InnoDB DEFAULT CHARSET=utf8 COLLATE=utf8_unicode_ci;

DROP TABLE IF EXISTS `craft_categorygroups_i18n`;


--
-- Schema for table `craft_categorygroups_i18n`
--
CREATE TABLE `craft_categorygroups_i18n` (
  `id` int(11) NOT NULL AUTO_INCREMENT,
  `groupId` int(11) NOT NULL,
  `locale` char(12) COLLATE utf8_unicode_ci NOT NULL,
  `urlFormat` text COLLATE utf8_unicode_ci,
  `nestedUrlFormat` text COLLATE utf8_unicode_ci,
  `dateCreated` datetime NOT NULL,
  `dateUpdated` datetime NOT NULL,
  `uid` char(36) COLLATE utf8_unicode_ci NOT NULL DEFAULT '0',
  PRIMARY KEY (`id`),
  UNIQUE KEY `craft_categorygroups_i18n_groupId_locale_unq_idx` (`groupId`,`locale`),
  KEY `craft_categorygroups_i18n_locale_fk` (`locale`)
) ENGINE=InnoDB DEFAULT CHARSET=utf8 COLLATE=utf8_unicode_ci;

DROP TABLE IF EXISTS `craft_content`;


--
-- Schema for table `craft_content`
--
CREATE TABLE `craft_content` (
  `id` int(11) NOT NULL AUTO_INCREMENT,
  `elementId` int(11) NOT NULL,
  `locale` char(12) COLLATE utf8_unicode_ci NOT NULL,
  `title` varchar(255) COLLATE utf8_unicode_ci DEFAULT NULL,
  `field_CTATitle` text COLLATE utf8_unicode_ci,
  `field_leadIn` text COLLATE utf8_unicode_ci,
  `field_CTALink` text COLLATE utf8_unicode_ci,
  `field_body` text COLLATE utf8_unicode_ci,
  `field_postDate` datetime DEFAULT NULL,
  `field_summary` text COLLATE utf8_unicode_ci,
  `field_about` text COLLATE utf8_unicode_ci,
  `field_departmentHead` text COLLATE utf8_unicode_ci,
  `field_departmentstaff` text COLLATE utf8_unicode_ci,
  `field_welcome` varchar(180) COLLATE utf8_unicode_ci DEFAULT NULL,
  `field_articleAuthor` text COLLATE utf8_unicode_ci,
  `field_pinned` varchar(255) COLLATE utf8_unicode_ci DEFAULT NULL,
  `field_additionalResource` varchar(255) COLLATE utf8_unicode_ci DEFAULT NULL,
  `dateCreated` datetime NOT NULL,
  `dateUpdated` datetime NOT NULL,
  `uid` char(36) COLLATE utf8_unicode_ci NOT NULL DEFAULT '0',
  PRIMARY KEY (`id`),
  UNIQUE KEY `craft_content_elementId_locale_unq_idx` (`elementId`,`locale`),
  KEY `craft_content_title_idx` (`title`),
  KEY `craft_content_locale_fk` (`locale`)
) ENGINE=InnoDB AUTO_INCREMENT=333 DEFAULT CHARSET=utf8 COLLATE=utf8_unicode_ci;

--
-- Data for table `craft_content`
--

INSERT INTO `craft_content` (`id`, `elementId`, `locale`, `title`, `field_CTATitle`, `field_leadIn`, `field_CTALink`, `field_body`, `field_postDate`, `field_summary`, `field_about`, `field_departmentHead`, `field_departmentstaff`, `field_welcome`, `field_articleAuthor`, `field_pinned`, `field_additionalResource`, `dateCreated`, `dateUpdated`, `uid`) VALUES
 ('1', '1', 'en_us', NULL, NULL, NULL, NULL, NULL, NULL, NULL, NULL, NULL, NULL, NULL, NULL, NULL, NULL, '2015-12-04 00:22:44', '2015-12-16 21:54:27', 'b403ce75-c3c7-408b-a795-84c9ccd5bf81'),
 ('2', '2', 'en_us', 'Home', NULL, NULL, NULL, '<p>The best place to find official services and information&nbsp;from the City of Oakland.</p>', NULL, NULL, NULL, NULL, NULL, 'Welcome to Oakland, California', NULL, NULL, NULL, '2015-12-04 00:22:47', '2015-12-19 01:10:16', 'a94844d9-6b3a-40d6-b53b-125cd1f81e46'),
 ('5', '5', 'en_us', 'Parking', NULL, 'Including parking permits and paying parking citations', NULL, NULL, NULL, NULL, NULL, NULL, NULL, NULL, NULL, NULL, NULL, '2015-12-04 20:08:13', '2015-12-18 22:06:50', 'e29ab68e-7329-4955-9e02-05eb2d9d31d3'),
 ('6', '6', 'en_us', 'Pay a Parking Ticket', 'Pay your ticket online', '', 'https://prodpci.etimspayments.com/pbw/include/oakland/input.jsp', '<p>You have 21 days after the date the ticket was written to make a payment.</p>\r\n\r\n<p><br></p>\r\n\r\n\r\n\r\n\r\n\r\n\r\n\r\n\r\n\r\n\r\n\r\n<h2 id=\"ways-to-pay\">Pay by Phone</h2>\r\n\r\n\r\n\r\n\r\n\r\n\r\n\r\n\r\n\r\n\r\n\r\n\r\n\r\n<p><strong>Parking Citation Assistance Center</strong><br>Phone: (800) 500-6484<br>Please have your&nbsp;credit card on hand&nbsp;(Visa, Mastercard, Discover or American Express)</p>\r\n\r\n\r\n\r\n<p><br></p>\r\n\r\n\r\n\r\n\r\n\r\n\r\n\r\n\r\n\r\n\r\n\r\n\r\n\r\n<h2>Pay by&nbsp;Mail or&nbsp;In Person</h2>\r\n\r\n\r\n\r\n\r\n\r\n\r\n\r\n\r\n\r\n<p><strong>Parking Citation Assistance Center</strong><br>250 Frank H. Ogawa Plaza, Suite 6300 Oakland, CA 94612<br>Mondays, Tuesdays, Thursdays and Fridays from 9 a.m. to 4:30 p.m.<br>Wednesdays from 9:30 a.m. to 4:30 p.m.</p>\r\n\r\n\r\n\r\n<p><br></p>\r\n\r\n\r\n\r\n\r\n\r\n<h3>Additional In Person Locations</h3>\r\n\r\n\r\n\r\n\r\n\r\n<p><strong>Parking ticket payment kiosks</strong><br>250 Frank H. Ogawa Plaza<br>Monday through Friday from 8:30 a.m. to 5 p.m.</p>\r\n\r\n\r\n\r\n\r\n\r\n\r\n\r\n\r\n\r\n\r\n\r\n<p><strong>Eastmont Police Substation</strong><br>2651 73rd Avenue<br>Monday through Saturday from 8:00 a.m. to 4 p.m.</p>\r\n\r\n\r\n\r\n\r\n\r\n\r\n\r\n\r\n\r\n\r\n\r\n\r\n\r\n<p><br></p>\r\n\r\n\r\n\r\n\r\n\r\n\r\n\r\n\r\n\r\n\r\n\r\n\r\n\r\n<h2 id=\"by-mail\">Pay by Mail</h2>\r\n\r\n\r\n\r\n\r\n\r\n\r\n\r\n\r\n\r\n\r\n\r\n\r\n\r\n<p>Mail your parking ticket&nbsp;and the full payment to:</p>\r\n\r\n\r\n\r\n\r\n\r\n\r\n\r\n\r\n\r\n\r\n\r\n\r\n\r\n<p><strong>Parking Citation Assistance Center</strong><br>250 Frank H. Ogawa Plaza, Suite 6300<br>Oakland, CA 94612</p>\r\n\r\n\r\n\r\n\r\n\r\n\r\n\r\n\r\n\r\n\r\n\r\n\r\n\r\n<p><br></p>\r\n\r\n\r\n\r\n\r\n\r\n\r\n\r\n\r\n\r\n\r\n\r\n\r\n\r\n<h2>Refund Request Form</h2>\r\n\r\n\r\n\r\n\r\n\r\n\r\n\r\n\r\n\r\n\r\n\r\n<p>If you feel you are due a refund for overpayment for a parking ticket associated with your license plate, please complete and return a Refund Request Form.\r\nClick here to download the Refund Request Form.\r\nProvide proof of payment as detailed on the form.\r\nPlease allow four to six weeks for processing.\r\nCompleted forms and proof of payment can be submitted by mail, in person or by fax.</p>\r\n\r\n\r\n\r\n\r\n\r\n\r\n\r\n\r\n\r\n\r\n\r\n<h3 id=\"mailin-person\">Mail/In Person</h3>\r\n\r\n\r\n\r\n\r\n\r\n\r\n\r\n\r\n\r\n\r\n\r\n<p>Parking Citation Assistance Center<br>250 Frank H. Ogawa Plaza, Suite 6300 Oakland, CA 94612<br>Mondays, Tuesdays, Thursdays and Fridays from 9 a.m. to 4:30 p.m.<br>Wednesdays from 9:30 a.m. to 4:30 p.m.<br></p><p><br></p>\r\n\r\n\r\n\r\n\r\n\r\n\r\n\r\n\r\n\r\n\r\n\r\n\r\n\r\n<h2>Additional References</h2>\r\n\r\n\r\n\r\n\r\n\r\n\r\n\r\n\r\n\r\n\r\n\r\n\r\n\r\n<ul><li><a href=\"{entry:332:url}\">Costs of Common Parking Violations</a></li><li><a href=\"http://www2.oaklandnet.com/oakca1/groups/ceda/documents/marketingmaterial/oak044797.pdf\">Complete roster of parking violation fines from the OMC and California Vehicle Code</a></li><li><a href=\"http://library.municode.com/index.aspx?clientId=16308&stateId=5&stateName=California\">Oakland Municipal Code about parking violations</a></li><li><a href=\"http://www.leginfo.ca.gov/cgi-bin/calawquery?codesection=veh\">California Vehicle Code</a></li></ul>', NULL, NULL, NULL, NULL, NULL, NULL, NULL, '[\"pinned\"]', NULL, '2015-12-04 20:08:33', '2015-12-19 01:02:11', 'f20d6c8d-e817-4c50-a206-5cecfcf7d257'),
 ('7', '11', 'en_us', 'Free Parking on Plaid Friday & Saturdays until New Year\'s', NULL, NULL, NULL, '<p>As part of the Shop Oakland Grown for the Holidays campaign, the City of Oakland will offer&nbsp;free parking every Saturday until New Year\'s Day plus Plaid Friday (November 27).&nbsp;The free parking applies to on-street meters (both individual meters and multi-space kiosks), four City-owned parking lots and four City-owned parking garages. Posted time limits&nbsp;at meters&nbsp;still apply.</p>', '2015-12-09 00:00:00', 'As part of the Shop Oakland Grown for the Holidays campaign, the City of Oakland will offer free parking every Saturday until New Year\'s Day plus Plaid Friday (November 27). The free parking applies to on-street meters (both individual meters and multi-space kiosks), four City-owned parking lots and four City-owned parking garages. Posted time limits at meters still apply.', NULL, NULL, NULL, NULL, NULL, NULL, NULL, '2015-12-10 19:26:54', '2015-12-10 22:58:01', '6f49b0d7-8101-4859-a00a-2b4996348e91'),
 ('8', '12', 'en_us', 'Oakland’s Minimum Wage Goes Up January 1, Deadline for noticing requirement is December 15', NULL, NULL, NULL, '<p>Oakland’s Measure FF, a voter-enacted ballot measure passed in November 2014, provides annual increases to Oakland’s Minimum Wage based on the local Consumer Price Index (CPI). Effective January 1, 2016, the rate rises 30¢, from $12.25 to $12.55. The law requires that employers inform employees of the increase by December 15, 2015.</p>', '2015-12-09 00:00:00', 'Oakland’s Measure FF, a voter-enacted ballot measure passed in November 2014, provides annual increases to Oakland’s Minimum Wage based on the local Consumer Price Index (CPI). Effective January 1, 2016, the rate rises 30¢, from $12.25 to $12.55. The law requires that employers inform employees of the increase by December 15, 2015.', NULL, NULL, NULL, NULL, NULL, NULL, NULL, '2015-12-10 19:37:05', '2015-12-10 22:58:16', '792b332f-3e05-43db-a84c-0dfebec5e544'),
 ('9', '13', 'en_us', 'Public Works', NULL, NULL, NULL, NULL, NULL, 'Service to the public is our sole reason for existence.', 'Service to the public is our sole reason for existence. Oakland Public Works plans, builds and maintains Oakland’s physical and environmental infrastructure for the residents, businesses and visitors of the city, making it a sustainable and desirable place to live, work, invest and visit.', '<p><strong>Brooke A. Levin</strong><br>Director of Oakland Public Works</p>', '', NULL, NULL, NULL, NULL, '2015-12-10 19:52:47', '2015-12-10 19:54:47', '81984301-825c-4a48-9285-a94420af4a2f'),
 ('11', '15', 'en_us', 'Planning and Zoning', NULL, NULL, NULL, NULL, NULL, '', '', '', '', NULL, NULL, NULL, NULL, '2015-12-10 23:28:02', '2015-12-10 23:28:02', 'e5a30b5f-c7a1-46e2-b5e8-ee6d3c628b7b'),
 ('12', '16', 'en_us', 'Human Resources', NULL, NULL, NULL, NULL, NULL, '', '', '', '', NULL, NULL, NULL, NULL, '2015-12-10 23:28:13', '2015-12-10 23:28:13', 'f9672cd7-4a0d-4d3e-a671-64d73674ebd4'),
 ('13', '17', 'en_us', 'Police Department', NULL, NULL, NULL, NULL, NULL, '', '', '', '', NULL, NULL, NULL, NULL, '2015-12-10 23:31:27', '2015-12-10 23:31:27', 'd0770dd6-53c6-454b-93c3-6716ff4401ab'),
 ('14', '18', 'en_us', 'Housing', NULL, NULL, NULL, NULL, NULL, '', '', '', '', NULL, NULL, NULL, NULL, '2015-12-10 23:31:32', '2015-12-10 23:31:32', '750dccfe-734f-4f92-a1b5-5c8a20560c50'),
 ('15', '19', 'en_us', 'Mayor\'s Office', NULL, NULL, NULL, NULL, NULL, '', '', '<p><strong>Mayor Libby Schaaf</strong><br>Oakland City Council</p><p>She is an American Public Works Association Leadership Fellow with more than 30 years of public and private sector experience, including the past 22 years with the City of Oakland.<br></p>', '', NULL, NULL, NULL, NULL, '2015-12-10 23:51:47', '2015-12-10 23:52:40', 'df1485c9-9106-401d-aeae-e7030df1a077'),
 ('32', '32', 'en_us', 'Oakland Sculpture', NULL, NULL, NULL, NULL, NULL, NULL, NULL, NULL, NULL, NULL, NULL, NULL, NULL, '2015-12-11 23:44:10', '2015-12-11 23:44:10', '23d7daa4-be16-462e-950b-24f8e774ac81'),
 ('52', '52', 'en_us', 'Apply for Parking Permits', NULL, 'Apply for residential, disabled or other temporary permits', NULL, NULL, NULL, NULL, NULL, NULL, NULL, NULL, NULL, '[]', NULL, '2015-12-18 21:37:59', '2015-12-18 22:06:51', '9d922aaf-50d6-4d73-840e-78bbf745da7e'),
 ('62', '62', 'en_us', 'Apply for a Disabled Parking \"Blue Zone\"', '', '', '', '<h3>Disabled Parking Zone “Blue Zone” Program</h3>\r\n\r\n<p>A “blue zone” provides on-street parking for people with disabilities. The “blue zone” has a painted blue curb with a posted sign.</p><p>Residents and businesses can request “blue zones” from the Disabled Parking Zone program.<br>The City does not install “blue zones” for paratransit drop-off and pick-up.</p><h4>Download the application form to request a “blue zone.”</h4><p><br><a href=\"http://www2.oaklandnet.com/oakca1/groups/pwa/documents/form/oak051831.pdf\">Residential Blue Zone Application Form</a><br><a href=\"http://www2.oaklandnet.com/oakca1/groups/pwa/documents/form/oak051832.pdf\">Non-Residential Blue Zone Application Form</a></p><p><a href=\"http://www2.oaklandnet.com/oakca1/groups/pwa/documents/form/oak051832.pdf\"></a><br>To learn more, please read the Policy summaries below.</p><p><br><a href=\"http://www2.oaklandnet.com/oakca1/groups/pwa/documents/policy/oak051830.pdf\">Residential Blue Zone Policy Summary<br></a><a href=\"http://www2.oaklandnet.com/oakca1/groups/pwa/documents/policy/oak051829.pdf\">Non-Residential Blue Zone Policy Summary</a></p>', NULL, NULL, NULL, NULL, NULL, NULL, NULL, '', NULL, '2015-12-18 21:40:10', '2015-12-18 22:06:51', '0ef0babd-6f37-4f85-a36e-838481207a96'),
 ('72', '72', 'en_us', 'Apply for a Parking Obstruction Permit', '', '​Do you need to block parking spaces or traffic? If your portable storage unit or moving truck will block parking on a public street or right of way, you will need an Obstruction Permit.', '', '<p>An Obstruction Permit allows you to park the pod, portable storage unit or moving truck in one site for a limited amount of time.</p>\r\n\r\n<h3 id=\"how-the-obstruction-permit-works\">How the Obstruction Permit Works</h3>\r\n\r\n\r\n\r\n\r\n\r\n<ul>\r\n  <li>The Obstruction Permit tells nearby property owners that they can not park in the permitted site for a limited amount of time.</li>\r\n  <li>You may only block the street or right of way that you are moving from or to.</li>\r\n  <li>You need to post the NO PARKING sign(s) that you receive with the Obstruction Permit at least 72 hours (3 days) before parking the portable storage unit or moving truck.</li>\r\n</ul>\r\n\r\n\r\n\r\n\r\n\r\n<h3 id=\"how-to-apply-for-an-obstruction-permit\">How to Apply for an Obstruction Permit</h3>\r\n\r\n\r\n\r\n\r\n\r\n<p>You can only apply for an Obstruction Permit in person at the Permit Center. To avoid long line, visit the Permit Center early in the day before the busiest time from 11 a.m. to 4 p.m.</p>\r\n\r\n\r\n\r\n\r\n\r\n<ol>\r\n  <li>Please bring the following information.</li>\r\n  <li>Site address.</li>\r\n  <li>Dates required.</li>\r\n  <li>Number of parking spaces required. One parking space is 25 feet long.</li>\r\n  <li>Meter numbers if you are blocking parking meters</li>\r\n  <li>Contact phone number for the company or person applying.</li>\r\n  <li>If related to work requiring permit, please reference permit application number.</li>\r\n  <li>Traffic control plan (only required if you need to block traffic)</li>\r\n  <li>Refer to the Traffic Engineering website(http://www2.oaklandnet.com/Government/o/PWA/o/EC/o/TS/OAK026469).</li>\r\n  <li>Visit the Permit Center</li>\r\n  <li>Once you arrive at the Permit Center’s Information Counter, ask for an Obstruction Permit.</li>\r\n  <li>When your number is called, proceed to the indicated counter.</li>\r\n  <li>Provide the required information</li>\r\n  <li>Pay the permit fee</li>\r\n  <li>The Permit Center accepts cash, checks payable to the City of Oakland and most major credit cards.</li>\r\n</ol>\r\n\r\n\r\n\r\n\r\n\r\n<h3 id=\"where-to-apply-for-an-obstruction-permit\">Where to Apply for an Obstruction Permit</h3>\r\n\r\n\r\n\r\n\r\n\r\n<table>\r\n<thead>\r\n<tr><th>Location</th><th>Hours</th></tr>\r\n</thead>\r\n<tbody>\r\n<tr><td style=\"background-color:white\">\r\n\r\nPermit Center\r\n\r\n250 Frank H. Ogawa Plaza, 2nd Floor\r\n\r\nOakland, CA 94612\r\n\r\n</td><td>\r\n\r\nMondays, Tuesdays, Thursdays and Fridays from 8 a.m. to 4 p.m.\r\nWednesdays from 9:30 a.m. to 4 p.m.*\r\n*last Wednesday of each month from 10 a.m. to 4 p.m.\r\n\r\n</td></tr>\r\n</tbody>\r\n</table>\r\n\r\n\r\n\r\n\r\n\r\n<h3 id=\"cost-of-the-obstruction-permit\">Cost of the Obstruction Permit</h3>\r\n\r\n\r\n\r\n\r\n\r\n<p>The cost of an Obstruction Permit varies. The cost depends on the period of time for the permit, the number of parking spaces required and the type of parking spaces blocked. \r\nFor more information, please call the Permit Center at (510) 238-3443.</p>', NULL, NULL, NULL, NULL, NULL, NULL, NULL, '', NULL, '2015-12-18 21:58:04', '2015-12-18 22:06:51', '13e70aaa-fdd0-42d3-bd86-7db44e6a95b1'),
 ('92', '92', 'en_us', 'Apply for a Residential Parking Permit', 'Download the permit applicatio', 'You can apply for a parking permit through the Residential Parking Permit (RPP) program. This permit will allow you park your vehicle in certain neighborhoods in Oakland. You need to register your vehicle to an eligible address to receive the permit.', 'http://www2.oaklandnet.com/Parking/OAK046014', '<p>You can apply for a parking permit through the Residential Parking Permit (RPP) program. This permit will allow you park your vehicle in certain neighborhoods in Oakland. You need to register your vehicle to an eligible address to receive the permit.</p>\r\n\r\n<h3 id=\"what-you-need-to-know-before-applying\">What You Need to Know Before Applying</h3>\r\n\r\n\r\n\r\n\r\n\r\n\r\n\r\n<ol>\r\n  <li>To see if your address is eligible, go to__<strong>__</strong><strong>__</strong>_____</li>\r\n  <li>Update your address for your vehicle’s registration and driver’s license with the DMV.</li>\r\n  <li>Click here to update your address with the DMV online. (http://dmv.ca.gov/online/onlinesvcs.htm)</li>\r\n  <li>After updating your address, print the confirmation.</li>\r\n  <li>Submit this confirmation with your application.</li>\r\n  <li>Clear all unpaid parking tickets from the City of Oakland.</li>\r\n  <li>For help, call the Parking Citation Assistance Center at (800) 500-6484.</li>\r\n  <li>Click here to pay parking tickets online.</li>\r\n  <li>To pay by phone, call the Parking Citation Assistance Center at (800) 500-6484.</li>\r\n</ol>\r\n\r\n\r\n\r\n\r\n\r\n\r\n\r\n<h3 id=\"how-to-apply-for-a-residential-parking-permit\">How to Apply for a Residential Parking Permit</h3>\r\n\r\n\r\n\r\n\r\n\r\n\r\n\r\n<p>You need to submit an application, four supporting documents and the correct fee to apply. The address on your application must match the address on each supporting document.</p>\r\n\r\n\r\n\r\n\r\n\r\n\r\n\r\n<p><strong>Application Process</strong></p>\r\n\r\n\r\n\r\n\r\n\r\n\r\n\r\n<ul>\r\n  <li>Click here to download the residential parking permit application.(http://www2.oaklandnet.com/oakca1/groups/fma/documents/form/oak046014.pdf)</li>\r\n  <li>Complete the application.</li>\r\n  <li>Include four supporting documents.</li>\r\n  <li>Current vehicle registration</li>\r\n  <li>Current California driver’s license</li>\r\n  <li>Utility bill from the last 30 days. Choose one from the list below.</li>\r\n  <li>Gas bill</li>\r\n  <li>Electric bill</li>\r\n  <li>Water bill</li>\r\n  <li>Garbage bill</li>\r\n  <li>Proof of your current address. Choose one from the list below.</li>\r\n  <li>Rental agreement</li>\r\n  <li>Lease</li>\r\n  <li>Mortgage statement</li>\r\n  <li>Property tax bill</li>\r\n  <li>Deed</li>\r\n  <li>Click here to find your permit fee for your address online (<strong>__</strong><strong>__</strong><em>__</em>)</li>\r\n  <li>For more information you can call the Parking Citation Assistance Center at (800) 500-6484.</li>\r\n  <li>Methods of payment</li>\r\n  </ul>\r\n\r\n<p><br></p>\r\n\r\n\r\n\r\n\r\n\r\n\r\n\r\n<p>You can submit your application, four supporting documents and payment in person or mail them to the Parking Citation Assistance Center:</p>\r\n\r\n\r\n\r\n\r\n\r\n\r\n\r\n<table>\r\n<thead>\r\n<tr><th>Location</th><th>Hours</th></tr>\r\n</thead>\r\n<tbody>\r\n<tr><td style=\"background-color:white\">\r\nParking Citation Assistance Center\r\n250 Frank H. Ogawa Plaza, Suite 6300\r\nOakland, CA 94612\r\nPhone: (800) 500-6484\r\n</td><td>\r\nMondays, Tuesdays, Thursdays and Fridays from 9 a.m. to 4:30 p.m.\r\nWednesdays from 9:30 a.m. to 4:30 p.m.\r\n</td></tr>\r\n</tbody>\r\n</table>', NULL, NULL, NULL, NULL, NULL, NULL, NULL, '', NULL, '2015-12-18 22:05:30', '2015-12-18 22:06:51', 'a4eb5ab1-fc9f-4149-8e37-24e1581b9399'),
 ('112', '112', 'en_us', 'Renew Your Residential Parking Permit', 'Renew your permit online', '', 'https://pci.etimspayments.com/pbw/include/oakland/rppinput.jsp', '<p>You can renew your permit online if you received a letter that says you are eligible for online renewal.</p>\r\n\r\n<h3 id=\"in-person-or-by-mail\">In Person or by Mail</h3>\r\n\r\n\r\n\r\n\r\n\r\n<table>\r\n<thead>\r\n<tr><th>Location</th><th>Hours</th></tr>\r\n</thead>\r\n<tbody>\r\n<tr><td style=\"background-color:white\">\r\nParking Citation Assistance Center\r\n\r\nAttn: Residential Parking Permits\r\n\r\n250 Frank H. Ogawa Plaza, Suite 6300\r\n\r\nOakland, CA 94612\r\n</td><td>\r\n- Mondays, Tuesdays, Thursdays, Fridays from 9 a.m. to 4:30 p.m.\r\n- Wednesdays from 9:30 a.m. to 4:30 p.m.\r\n</td></tr>\r\n</tbody>\r\n</table>', NULL, NULL, NULL, NULL, NULL, NULL, NULL, '', NULL, '2015-12-18 22:16:30', '2015-12-18 22:16:30', 'e37ed58e-4f3a-4c3a-954e-cac6cb08c864'),
 ('122', '122', 'en_us', 'Pay or Contest Parking Tickets', NULL, 'What to do if you receive a citation, want to pay it and other info about illegally parked vehicles.', NULL, NULL, NULL, NULL, NULL, NULL, NULL, NULL, NULL, '[]', NULL, '2015-12-18 22:42:23', '2015-12-19 00:50:38', 'af918738-099e-4a5b-ba69-8844f6db200c'),
 ('132', '132', 'en_us', 'Contest a Parking Ticket', 'Contest your parking ticket online', '', 'https://wmq.etimspayments.com/pbw/include/oakland/dispute_request.jsp.', '<h2>What You Need to Know</h2>\r\n\r\n<ul>\r\n  <li>Please wait 48 hours from the time of issuance to ensure your citation is entered into the online system.</li>\r\n  <li>It may take handwritten tickets up to two weeks to be entered into the online system.</li>\r\n  <li>You must contest your ticket within 21 days of the date of issuance.</li>\r\n  <li>You’ll need to upload up to three documents that provide evidence to support your written testimony.</li>\r\n</ul>\r\n\r\n\r\n\r\n\r\n\r\n\r\n\r\n<h2 id=\"ways-to-contest-a-ticket\">Ways to Contest a Ticket</h2>\r\n\r\n\r\n\r\n\r\n\r\n\r\n\r\n<p><a href=\"\">Download and complete the </a><a href=\"http://www2.oaklandnet.com/oakca1/groups/cityadministrator/documents/form/oak041670.pdf\">Contest Form</a> or write a letter of explanation for contesting your citation.\r\nPlease include your name, address, telephone number, current mailing address and parking ticket citation number.</p>\r\n\r\n\r\n\r\n\r\n\r\n\r\n\r\n<p>Keep a copy of your ticket for your records.\r\nReturn your Contest Form or letter, along with the original parking ticket and additional documents:</p>\r\n\r\n\r\n\r\n\r\n\r\n\r\n\r\n<p><strong>In person or by mail</strong></p>\r\n\r\n\r\n\r\n\r\n\r\n\r\n\r\n<p>Parking Citation Assistance Center<br>250 Frank H. Ogawa Plaza, Suite 6300<br>Oakland, CA 94612</p>\r\n\r\n\r\n\r\n\r\n\r\n\r\n\r\n<p><strong>By fax</strong></p><p>(510) 986-2699</p>\r\n\r\n\r\n\r\n\r\n\r\n\r\n\r\n<p>Contesting a parking ticket by email is not possible at this time.</p>\r\n\r\n\r\n\r\n\r\n\r\n\r\n\r\n<h3 id=\"what-happens-next\">What Happens Next</h3>\r\n\r\n\r\n\r\n\r\n\r\n\r\n\r\n<ol>\r\n  <li>The Parking Citation Assistance Center investigates your ticket.</li>\r\n  <li>You will be notified of the decision by mail.</li>\r\n  <li>If the ticket is upheld, you will have 21 days to pay your ticket or request an Administrative Hearing.</li>\r\n  <li>If you contested a parking ticket and you are not satisfied with the decision, you can <a href=\"{entry:182:url}\">request an Administrative Hearing</a>.</li>\r\n</ol>', NULL, NULL, NULL, NULL, NULL, NULL, NULL, '[]', NULL, '2015-12-18 22:46:27', '2015-12-19 01:06:01', '3218095c-9f09-4820-ad0e-a2e54c1973b6'),
 ('142', '142', 'en_us', 'Jobs', NULL, 'Finding jobs and employment services in Oakland.', NULL, NULL, NULL, NULL, NULL, NULL, NULL, NULL, NULL, '[]', NULL, '2015-12-18 23:04:13', '2016-01-04 23:32:31', 'b31e230f-302e-49c2-a82a-c12e8a23cd89'),
 ('152', '152', 'en_us', 'Set up a Parking Citation Alert', 'Sign up for alerts', '', 'https://wmq1.etimspayments.com/pbw/include/vpportal/oakland/login_page.jsp', '<p>Parking citation alerts provide notifications to help manage your parking needs and avoid unnecessary penalties. When you create an account, it will alert you so you receive notifications about:</p>\r\n\r\n<ul>\r\n  <li>\r\n    <p>When a new citation is issued to your vehicle</p>\r\n  </li>\r\n  <li>\r\n    <p>Before a penalty are applied</p>\r\n  </li>\r\n  <li>\r\n    <p>After a mail-in payment is applied</p>\r\n  </li>\r\n  <li>\r\n    <p>About upcoming hearings</p>\r\n  </li>\r\n  <li>\r\n    <p>Before you become “Boot Eligible”</p>\r\n  </li>\r\n  <li>\r\n    <p>Upcoming Resident Parking Permit Renewal</p>\r\n  </li>\r\n  <li>\r\n    <p>City of Oakland Parking announcements</p></li></ul>', NULL, NULL, NULL, NULL, NULL, NULL, NULL, '[]', NULL, '2015-12-18 23:08:02', '2015-12-19 00:54:53', '1093efcd-b938-4a7f-ab26-567a53766b28'),
 ('162', '162', 'en_us', 'Apply for Jobs', NULL, 'The process of applying for a job with the City, requirements, job listings and applications', NULL, NULL, NULL, NULL, NULL, NULL, NULL, NULL, NULL, '[]', NULL, '2015-12-18 23:09:39', '2015-12-18 23:26:16', 'ae5a9777-75e0-47b4-86be-5b33c299d07e'),
 ('182', '182', 'en_us', 'Request an Administrative Hearing', '', '', '', '<p>If you contested a parking ticket and you are not satisfied with the decision, you can request an Administrative Hearing.</p>\r\n\r\n<h3 id=\"what-you-need-to-know\">What You Need to Know</h3>\r\n\r\n\r\n\r\n<ul>\r\n  <li>Once you receive the decision from contesting your ticket, you have 21 days to schedule a hearing.</li>\r\n  <li>You can request a hearing either in person or or by mail.</li>\r\n  <li>You must pay a deposit equal to the amount of the fine before scheduling a hearing.</li>\r\n</ul>\r\n\r\n\r\n\r\n\r\n\r\n<h3 id=\"request-a-hearing\">Request a Hearing</h3>\r\n\r\n\r\n\r\n\r\n\r\n<p><strong>Make your request in person or by mail to:</strong></p>\r\n\r\n\r\n\r\n\r\n\r\n<p>Parking Citation Assistance Center – Hearing Dept.</p>\r\n\r\n\r\n\r\n\r\n\r\n<p>250 Frank H. Ogawa Plaza, Suite 6300</p>\r\n\r\n\r\n\r\n\r\n\r\n<p>Oakland, CA 94612</p>\r\n\r\n\r\n\r\n\r\n\r\n<ol>\r\n  <li>Pay the deposit. If you cannot afford the deposit, you can request a hearing deposit fee waiver by phone or by mail.</li>\r\n</ol>\r\n\r\n\r\n\r\n\r\n\r\n<p><strong>By Mail:</strong> Click here to download the Hearing Deposit Waiver Form(http://www2.oaklandnet.com/oakca1/groups/ceda/documents/marketingmaterial/oak044809.pdf).</p>\r\n\r\n\r\n\r\n\r\n\r\n<p>Mail to the Administrative Hearing Dept., 250 Frank H. Ogawa Plaza, Suite 6300, Oakland, CA 94612.</p>\r\n\r\n\r\n\r\n\r\n\r\n<p><strong>By Phone:</strong> Call the Parking Citation Assistance Center at (800) 500-6484.</p>\r\n\r\n\r\n\r\n\r\n\r\n<h3 id=\"what-happens-next\">What Happens Next</h3>\r\n\r\n\r\n\r\n\r\n\r\n<ol>\r\n  <li>You will receive a notice by mail with the date and time of the hearing.</li>\r\n  <li>All hearings are held Monday through Friday between 9 a.m. and 4 p.m.</li>\r\n  <li>The hearing will be held at:</li>\r\n</ol>\r\n\r\n\r\n\r\n\r\n\r\n<p>Eastmont Mall Police Substation</p>\r\n\r\n\r\n\r\n\r\n\r\n<p>2651 73rd Avenue, Upper Level</p>\r\n\r\n\r\n\r\n\r\n\r\n<p>Oakland, CA</p>\r\n\r\n\r\n\r\n\r\n\r\n<p>If you cannot attend your scheduled hearing, you have two options:</p>\r\n\r\n\r\n\r\n\r\n\r\n<h3 id=\"rescheduling-a-hearing\">Rescheduling a Hearing</h3>\r\n\r\n\r\n\r\n\r\n\r\n<p>You have two options if you cannot attend the scheduled hearing:</p>\r\n\r\n\r\n\r\n\r\n\r\n<p><strong>Reschedule the hearing</strong></p>\r\n\r\n\r\n\r\n\r\n\r\n<p>Call the Hearing Department at (510) 238-4484 at least five calendar days before the scheduled hearing.</p>\r\n\r\n\r\n\r\n\r\n\r\n<p><strong>Request a hearing by mail</strong></p>\r\n\r\n\r\n\r\n\r\n\r\n<p>Send a letter detailing your dispute and include all the required documentation.</p>', NULL, NULL, NULL, NULL, NULL, NULL, NULL, '[]', NULL, '2015-12-18 23:16:35', '2015-12-18 23:16:35', '289a14de-aee8-44b4-8f89-bed398525d4b'),
 ('192', '192', 'en_us', 'Benefits & Perks', '', 'Salary information, benefits and compensation for City employees', '', '<h2>Health Care Coverage</h2>\r\n\r\n<p>All employees are eligible for health care coverage for themselves and their eligible dependents. These plans may include health insurance (medical coverage), dental care, and vision care.</p>\r\n\r\n\r\n\r\n<h2>Summary of Benefits</h2>\r\n\r\n\r\n\r\n\r\n\r\n<div class=\"table-wrap\">\r\n<table><thead><tr><th></th><th>Health</th><th>Dental</th><th>Vision Care</th><th>Worker\'s&nbsp;Comp</th><th>Disability Insurance</th><th>Life Insurance</th><th>Retirement</th><th>Professional Development</th><th>Unemployment Insurance</th></tr></thead><tbody><tr><td>Full-time employee (Not include fire and police)</td><td>x</td><td>x</td><td>x</td><td>x</td><td>x</td><td>x</td><td>x</td><td>x</td><td>x</td></tr><tr><td>Fire and&nbsp;Police (full-time)</td><td>x</td><td>x</td><td></td><td>x</td><td></td><td>x</td><td>x</td><td></td><td>x</td></tr><tr><td>Part-time</td><td>x</td><td></td><td></td><td>x</td><td>x</td><td></td><td>x</td><td></td><td>x</td></tr><tr><td>Part-time Senior Aides</td><td>x</td><td></td><td></td><td>x</td><td></td><td></td><td>x</td><td></td><td></td></tr></tbody></table>\r\n</div>\r\n\r\n\r\n\r\n\r\n\r\n<h3><br>What to Know</h3>\r\n\r\n\r\n\r\n\r\n\r\n\r\n\r\n\r\n\r\n<ul><li>You are eligible to enroll on the date you are hired.</li><li>Work with your department to enroll within 60 days.<p><br></p>\r\n<ul><li>If you wait more than 60 days to enroll, you will face a penalty of a 90 day waiting period.</li></ul></li><li>Your coverage starts on the first of the month after submission of your paperwork.</li><li>You can change your plan during open enrollment during the fall.</li><li>Any changes you make become effective in January of the following year.</li></ul>\r\n\r\n\r\n\r\n\r\n\r\n\r\n\r\n\r\n\r\n\r\n\r\n\r\n\r\n\r\n\r\n\r\n\r\n\r\n\r\n<h3>Medical Coverage</h3>\r\n\r\n\r\n\r\n\r\n\r\n\r\n\r\n\r\n\r\n<p>You can choose a medical plan through CalPERS (California Public Employees Retirement Systems) Health Benefit Services.<br>The City pays the full monthly premium for some plans. For other plans, the employee pays premiums with after-tax dollars.<br>For more information on medical plans, visit the CalPERS website.</p>\r\n\r\n\r\n\r\n\r\n\r\n\r\n\r\n<p><br></p>\r\n\r\n\r\n\r\n\r\n\r\n\r\n\r\n<h2>Dental Plans</h2>\r\n\r\n\r\n\r\n\r\n\r\n\r\n\r\n<p>All full time employees except fire and police can choose from two dental plans for themselves and their eligible dependents. The HMO dental plan includes no deductibles when visiting an authorized dentist. This plan is administered by DeltaCare.<br>The PPO plan covers a percentage of costs but gives members more flexibility. This plan is administered by Delta Dental. <br>Police and fire personnel have dental coverage through their respective unions.</p>\r\n\r\n\r\n\r\n\r\n\r\n\r\n\r\n<h2>Vision Care</h2>\r\n\r\n\r\n\r\n\r\n\r\n\r\n\r\n\r\n\r\n<p>All full time employees except fire and police have vision coverage for themselves and their eligible dependents. This plan is administered by Vision Service Plan.<br>Police and fire personnel do not have vision coverage.</p>\r\n\r\n\r\n\r\n\r\n\r\n\r\n\r\n\r\n\r\n<h2>Dependents</h2>\r\n\r\n\r\n\r\n\r\n\r\n\r\n\r\n\r\n\r\n<p>Your dependents may be eligible for the same health care coverage that you enroll in.</p>\r\n\r\n\r\n\r\n\r\n\r\n<p>Eligible dependents include:</p>\r\n\r\n\r\n\r\n\r\n\r\n<ul><li>Spouse</li><li>Domestic partner</li><li>Financially dependent children\r\n<ul><li>Medical benefits: Children under age 26</li></ul><ul><li>Dental and vision benefits: Children under age 18 or students age 19 - 25</li></ul></li></ul>\r\n\r\n\r\n\r\n\r\n\r\n\r\n\r\n\r\n\r\n\r\n\r\n\r\n\r\n\r\n\r\n\r\n\r\n<p>You need to provide documentation to add your dependents to your health plan.</p>\r\n\r\n\r\n\r\n\r\n\r\n\r\n\r\n\r\n\r\n<ul><li>Marriage certificate</li><li>Certificate of domestic partnership</li><li>Birth certificate</li><li>Legal adoption or guardianship papers</li><li>Affidavit for financially dependent children</li><li>Proof of full-time enrollment in school</li></ul>\r\n\r\n\r\n\r\n\r\n\r\n\r\n\r\n\r\n\r\n\r\n\r\n\r\n\r\n\r\n\r\n\r\n\r\n<h2>Continuing Your Benefits</h2>\r\n\r\n\r\n\r\n\r\n\r\n\r\n\r\n\r\n\r\n<p>Under COBRA, an employee and enrolled dependents may pay to continue medical, dental or vision coverage for a limited period of time if city-paid coverage ceases for reasons recognized under the law.<br>The cost for COBRA coverage equals the same premium the City pays monthly plus a 2% administrative fee.</p>\r\n\r\n\r\n\r\n\r\n\r\n\r\n\r\n<h2>Retirement</h2>\r\n\r\n\r\n\r\n\r\n\r\n\r\n\r\n\r\n\r\n<p>All employees of the City of Oakland have retirement benefits through the Public Employees\' Retirement System (CalPERS).<br>What happens to my CalPERS benefits if I leave the City?</p>\r\n\r\n\r\n\r\n\r\n\r\n\r\n\r\n\r\n\r\n<p>You may be able to take your retirement benefits with you. If you leave the City to work for another employer that also participates in CalPERS, your retirement benefit will continue. If your new employer does not participate in CalPERS, the funds may be rolled over into a qualified Individual Retirement Account (IRA). <br>Current and former City employees interested in learning more about their retirement benefits may contact CalPERS directly at (888)225-7377 or visit the CalPERS website at www.calpers.ca.gov. They may also contact the City of Oakland\'s Retirement Office at (510)238-6479, weekdays from 8:30am - 5:00pm.</p>\r\n\r\n\r\n\r\n\r\n\r\n<h3>Deferred Compensation</h3>\r\n\r\n\r\n\r\n\r\n\r\n\r\n\r\n\r\n\r\n<p>The Deferred Compensation Plan is a voluntary retirement plan. You can increase your retirement savings and reduce your tax burden by contributing to this 457(b) plan.<br>You can contribute as little as $10 per pay period. The maximum contribution allowed is defined by Federal regulations for the calendar year. You can choose from several investment options. The City does not contribute to nor match employee contributions to this plan.</p>\r\n\r\n\r\n\r\n\r\n\r\n<h2>Life Insurance</h2>\r\n\r\n\r\n\r\n\r\n\r\n\r\n\r\n\r\n\r\n<p>All full time employees including fire and police personnel have life insurance benefits. In the event of an employee\'s death, the beneficiary will receive an amount equal to the employee\'s current annual salary rounded up to the nearest $1,000. For example, if the annual salary is $35,500, the life insurance benefit would be $36,000.<br>If the death is the result of an accident, the beneficiary may receive an additional benefit equal to the life insurance amount.<br>The City pays the full premium cost for coverage. There is no employee contribution. Dependents are not eligible for this benefit.</p>\r\n\r\n\r\n\r\n\r\n\r\n<h2><br>Disability</h2>\r\n\r\n\r\n\r\n\r\n\r\n\r\n\r\n\r\n\r\n<p>Most part-time and full-time employees excluding police and fire personnel who experience a non-work-related illness or injury can apply for State Disability Insurance (SDI). This insurance is provided through the State of California\'s Employment Development Department.<br>Employees who do not qualify for SDI are covered by a third party administrator for both short- and long-term disability. Benefits begin after a seven-day period and are determined by several eligibility factors.</p>\r\n\r\n\r\n\r\n\r\n\r\n<h2><br>Medical Waivers</h2>\r\n\r\n\r\n\r\n\r\n\r\n\r\n\r\n\r\n\r\n<p>Upon proof of other medical coverage, employees may choose to waive or cancel medical benefits for themselves and eligible dependents and receive cash instead.</p>\r\n\r\n\r\n\r\n\r\n\r\n<h2><br>Flexible Spending Accounts</h2>\r\n\r\n\r\n\r\n\r\n\r\n\r\n\r\n\r\n\r\n<p>The City of Oakland offers three flexible spending programs: Medical Care Assistance Program (MCAP), Dependent Care Assistance Program (DCAP), Transit Program. <br>You contribute to these programs to pay for qualifying expenses with pre-tax dollars. This reduces the amount of tax dollars you pay. The IRS regulates these programs. Please visit the third party administrator website for specific information about the plans at http://www.cbadministrators.com.<br>The Medical Care Assistance Program (MCAP) allows an employee to pay for medical, dental and vision care expenses with pre-tax dollars up to $2,500 each year. Estimate your annual out-of-pocket medical costs to decide how much to contribute. The City will withhold contributions from your paycheck every two weeks.<br>The Dependent Care Assistance Program (DCAP) allows an employee to pay for dependent care expenses with pre-tax dollars up to $5000 per household. Only necessary dependent care that allows you, or both you and your spouse together, to work is eligible. Estimate your annual dependent-care costs to decide how much to contribute. The City will withhold contributions from your paycheck every two weeks.<br>After you pay for eligible expenses, submit a claim to the third party administrator for reimbursement.<br>The Transit Program allows an employee to pay for mass transit and parking with pre-tax dollars. Estimate your monthly transportation costs to decide how much to contribute. You may have to pay an administrative fee for the program.</p>\r\n\r\n\r\n\r\n\r\n\r\n\r\n\r\n\r\n\r\n<p>The third party administrator will mail you a monthly voucher or transit card. You may use vouchers or transit cards at locations that accept tickets and passes. For more information, visit CBA, the third party administrator\'s website at http://www.cbadministrators.com.</p>', NULL, NULL, NULL, NULL, NULL, NULL, NULL, '[]', NULL, '2015-12-18 23:26:06', '2016-01-05 23:32:03', '03462828-1ce3-4183-bdc5-eca1f4964153'),
 ('202', '202', 'en_us', 'Application Process & Support', '', '', '', '<p>Working for the City of Oakland comes with many benefits!</p><ul><li>Job security</li><li>Diverse workforce</li><li>Benefits including health care coverage for you and your family</li></ul>\r\n\r\n\r\n\r\n\r\n\r\n<p>The City manages hiring differently than private companies. Most hiring is guided by the Civil Service Board. Click here to learn more about the Civil Service Board.</p>\r\n\r\n<p>The information below is provided to guide you through the hiring process and answer frequently asked questions. These guidelines describe the AVERAGE process for hiring through the Civil Service Board. You may want to bookmark this page for reference.</p>\r\n\r\n<p>Your individual experience may differ from this process. If you have questions, please contact_______________________</p>\r\n\r\n<p>Stages of the hiring process<br></p>\r\n\r\n<ol><li>Search for open positions</li><li>Apply for a position</li><li>Application review</li><li>Civil service examination</li><li>Placement on eligibility list</li><li>Department interview</li><li>Receipt of job offer</li></ol>\r\n\r\n\r\n\r\n\r\n\r\n\r\n\r\n\r\n\r\n\r\n\r\n<p>Read more below for details about each step in the process.</p><h2><br>1. Search for open positions</h2><p>\r\n\r\nThere are four ways that you can search for current job openings with the City of Oakland.<br></p><ol><li>Search online at Apply Online for Current Job Openings.</li><li>Visit City of Oakland offices to see posted job announcements.</li><li>Visit one of our One-Stop Career Centers throughout the City of Oakland.</li><li>Visit the City of Oakland Human Resources Department at 150 Frank H. Ogawa Plaza, 2nd Floor Suite 2352 from 8:30 am to 5:00 pm, Monday - Friday.</li></ol>\r\n\r\n\r\n\r\n\r\n\r\n\r\n\r\n<p>If you don’t see a job you want yet, you can set up an alert to learn when a future job is posted. Complete a job interest card to receive this alert. For the next 12 months, you will receive an email when a new position matches the category you choose. &nbsp;</p><h2>2. Apply for a position</h2>\r\n\r\n<p>To apply to a specific position, you must submit your application online at Apply Online for Current Job Openings by the closing date. The Human Resources Department will email you to confirm receiving the application.</p>\r\n\r\n<p>If you do not have access to a computer or Internet access, you can use a computer at any location of the <a href=\"http://oaklandlibrary.org/using-library/locations-hours\">City of Oakland Public Library</a>. You can also use a work station of the City of Oakland Department of Human Resources Management at 150 Frank H. Ogawa Plaza, 2nd Floor, Oakland, CA 94612 from 9 am to 5 pm.</p>\r\n\r\n<p>Need help applying? Call NeoGov at (877) 204-4442 for technical questions. For all other questions, call (510) 238-3112, TTY 238-3254.</p>\r\n\r\n<p><strong>Veterans:</strong> You may be entitled to preference points which can help you get hired. To receive your points, you must have an honorable discharge. Submit Form DD214 with your application on or before the final filing date for the position. If you are a disabled veteran, submit proof of your disability from the Veteran’s Service with your application.</p>\r\n\r\n<p><strong>People with Criminal Convictions:</strong> You can still apply to a job with the City of Oakland. Each application will be given individual consideration, based on job-relatedness. All records of conviction(s) will be reviewed. This review may result in a request for additional information or termination if needed.</p><h2>3. Application review</h2>\r\n\r\n<p>Once your application is submitted, it will be reviewed in two stages.</p><ol><li>Review of minimum qualifications: The Human Resources Department will check that your experiences fits the qualifications listed in the job posting. If your application satisfies the criteria, it will move to the next stage.</li><li>Review of supplemental questions: Depending on the criteria of the job you applied to, you may be required to complete supplemental questions. You must complete these questions if the job announcement says that the questions are required. If these required questions are not answered, your application will not be considered. If the questions are optional, it is best to answer the questions as completely as possible. These responses may help your application move to the next stage of the hiring process.</li></ol>\r\n\r\n\r\n\r\n<h2>4. Civil service examination</h2>\r\n\r\n<p>Examinations may include any combination of the following activities:</p><ul><li>Application Reviews</li><li>Review for Minimum Qualifications</li><li>Supplemental Questionnaire</li><li>Multiple Choice/True-False Written Test</li><li>Problem Exercise/ Writing Sample Test</li><li>Performance Test</li><li>Oral Interview</li></ul>\r\n\r\n\r\n\r\n\r\n\r\n\r\n\r\n\r\n\r\n\r\n\r\n\r\n\r\n<p>The components of each examination are written in the job announcement for that examination.</p>\r\n\r\n<p>The purpose of the examination is to further assess your knowledge and ability as well as your education, experience and other factors related to the job for which you applied. </p>\r\n\r\nExam Preparation <br><ul><li>Refer to test booklets on general test taking available at Oakland Public Library and local bookstores. The City does not offer exam preparation materials.</li></ul>\r\n\r\nOral Interview Preparation<br><ul><li>Review the job description for the position to become familiar with the position duties.</li><li>Be prepared to tell the interviewer about your education, work experience and qualifications as it relates to the position you have applied for</li></ul>\r\n\r\n\r\n\r\n<p><strong>Persons with disabilities:</strong> Please contact the Human Resources Department if you need accommodations for the examination process. You will need to complete a form to share relevant information and what accommodation is required. &nbsp;Please attach a doctor\'s note.</p><h2><br>5. Placement on eligibility list</h2>\r\n\r\n<p>The eligibility list is a list of four people eligible for an open position in the hiring department. Candidates are listed in order based on their performance on the examination.</p>\r\n\r\n<p><strong>To learn your score and rank on the eligibility list,</strong> forward a self address stamped envelope to the Human Resource Department with your request.</p>\r\n\r\n<p>Once you are on an eligibility list, you can be sent on a maximum of four (4) job interviews with the hiring department. You can choose to decline up to three (3) different interviews for a position. After the third decline, your name will be removed from the eligibility list. </p>\r\n\r\n<p>If the hiring department does not select you, your name will stay on the eligibility list for up to two years for consideration for future positions in the hiring department.</p><h2><br>6. Department interview</h2>\r\n\r\n<h2>7. Receipt of job offer</h2>\r\n\r\n\r\n\r\n<p>Congratulations on your new role at the City of Oakland!</p>\r\n\r\n<h2>Frequently Asked Questions</h2>\r\n\r\n<p> &nbsp;&nbsp;<br>12. How do I report a change of address?<br>Applicants can update their contact information at any time after logging into their NeoGov account. Current employees should fill out a <a href=\"http://www2.oaklandnet.com/Government/o/HumanResources/a/FAQ/OAK039854\">change of address form</a> and submit it to the Department of Human Resources Management 150 Frank H. Ogawa Plaza, Suite 2352 Oakland CA, 94612.<br> <br>20. How do I obtain information about benefits for the job I am applying for?<br>Contact the Human Resource Department Benefits Unit at (510) 238-7295, TTY 238-3254 for Medical, Dental, Insurance, Employee Wellness and Deferred Compensation information.</p>', NULL, NULL, NULL, NULL, NULL, NULL, NULL, '[]', '[]', '2015-12-18 23:30:33', '2016-01-05 22:23:16', '10b9a05f-4c95-4660-aed3-2b05e7a07ed9'),
 ('212', '212', 'en_us', 'Apply Online for Current Job Openings', 'Apply Online for Current Job Openings', '', 'See all current job openings', '<p>Thank you for your interest in working for the City of Oakland!</p>\r\n\r\n\r\n\r\n\r\n\r\n<ul><li>For current City of Oakland or Port of Oakland employees, click here to view openings.</li><li>For&nbsp;Port of Oakland jobs, click here to see available openings.</li></ul>\r\n\r\n\r\n\r\n\r\n\r\n\r\n\r\n<h3 id=\"how-to-get-started-first-time-applicants\">How to Get Started: First-Time Applicants</h3>\r\n\r\n\r\n\r\n\r\n\r\n\r\n\r\n<ul>\r\n  <li>Search for jobs that fit your skills and interests.</li>\r\n  <li>Save your search by setting up a job alert in a Job Interest Card.</li>\r\n  <li>This will send you emails when new jobs open that fit your search criteria.</li>\r\n  <li>Click the “Apply” link of a job you are interested in.</li>\r\n  <li>Create an account.</li>\r\n  <li>Select a username and password.</li>\r\n  <li>Click the “Build Job Application” link to start your application.</li>\r\n  <li>Save your application as you complete sections.</li>\r\n  <li>The NeoGov system will save your information every 15 minutes.</li>\r\n  <li>You can save and use your application to apply for other job openings.</li>\r\n</ul>\r\n\r\n\r\n\r\n\r\n\r\n\r\n\r\n<p><em>Online applications are stored on a secure site. Only authorized employees and hiring authorities have access to the information submitted.</em></p>\r\n\r\n\r\n\r\n\r\n\r\n\r\n\r\n<h3 id=\"tips-for-completing-your-application\">Tips for Completing Your Application</h3>\r\n\r\n\r\n\r\n\r\n\r\n\r\n\r\n<ul>\r\n  <li>Review the supplemental questions, if any are included.</li>\r\n  <li>You may want to complete supplemental questions outside of the NeoGov system.</li>\r\n  <li>Other recommendations include:</li>\r\n  <li>Gather information about your education and work experience.</li>\r\n  <li>Provide specific information in your answers such as dates, locations, data, and references.</li>\r\n  <li>Write responses in a word processing program such as Microsoft Word.</li>\r\n  <li>Copy and paste these responses into the NeoGov system.</li>\r\n  <li>Complete and submit your application before the closing date for consideration.</li>\r\n</ul>', NULL, NULL, NULL, NULL, NULL, NULL, NULL, '[]', '[]', '2015-12-18 23:48:50', '2015-12-19 00:13:18', 'd0d060c4-c6a7-49de-8d42-5aa69e010c36'),
 ('222', '222', 'en_us', 'What To Do If Your Car Is Booted', '', '', '', '<aside>\r\n**Do not attempt to drive your vehicle because severe damage may occur.** \r\n</aside>\r\n\r\n<p>The parking boot program targets the most serious parking violators who have <strong>five (5) or more unpaid parking tickets</strong>.</p>\r\n\r\n\r\n\r\n\r\n\r\n<h3 id=\"what-to-know\">What to Know</h3>\r\n\r\n\r\n\r\n<ul>\r\n  <li>A sticker will be displayed on a window of your vehicle showing that your vehicle has been booted.</li>\r\n  <li>This sticker will include instructions in English, Chinese and Spanish.</li>\r\n  <li>Call the telephone number for the Help Center at (800) 500-6484 anytime for more information.</li>\r\n  <li>Phone assistance is available in multiple languages.</li>\r\n</ul>\r\n\r\n\r\n\r\n\r\n\r\n<h3 id=\"how-to-remove-the-boot-from-your-vehicle\">How to Remove the Boot from Your Vehicle</h3>\r\n\r\n\r\n\r\n\r\n\r\n<p>Pay the fines for the unpaid tickets. You can make payments by phone or in person. In most cases, you can drive your vehicle in about five minutes. Payment plan options are available. Please call the Help Center at (800) 500-6484 for more information.</p>\r\n\r\n\r\n\r\n\r\n\r\n<aside>By Phone: Call the Help Center at (800) 500-6484.</aside>\r\n\r\n\r\n\r\n\r\n\r\n<ol>\r\n  <li>Pay the fines with a credit/debit card or e-check.</li>\r\n  <li>The operator will provide a six-digit code.</li>\r\n  <li>This six-digit code will allow removal of the boot without damage to your vehicle.</li>\r\n  <li>Call the Help Center at (800) 500-6484 if you need assistance with boot removal steps.</li>\r\n  <li>Return the boot to the location provided by the Help Center.</li>\r\n</ol>\r\n\r\n\r\n\r\n\r\n\r\n<aside>In Person: Go to the Parking Citation Assistance Center, 250 Frank H. Ogawa Plaza, 6th Floor.</aside>\r\n\r\n\r\n\r\n<ol>\r\n  <li>Pay the fines in cash.</li>\r\n  <li>You will receive a six-digit code.</li>\r\n  <li>This six-digit code will allow removal of the boot without damage to your vehicle.</li>\r\n  <li>Call the Help Center if you need assistance with boot removal steps.</li>\r\n  <li>Return the boot to the location provided by the Parking Assistance Center.</li>\r\n</ol>\r\n\r\n\r\n\r\n\r\n\r\n<table>\r\n<thead>\r\n<tr><th>Location</th><th>Hours</th></tr>\r\n</thead>\r\n<tbody>\r\n<tr><td style=\"background-color:white\">\r\nParking Citation Assistance Center\r\n250 Frank H. Ogawa Plaza, Suite 6300\r\nOakland, CA 94612\r\nPhone: (800) 500-6484\r\n</td><td>\r\nMondays, Tuesdays, Thursdays and Fridays from 9 a.m. to 4:30 p.m.\r\nWednesdays from 9:30 a.m. to 4:30 p.m.\r\n</td></tr>\r\n</tbody>\r\n</table>', NULL, NULL, NULL, NULL, NULL, NULL, NULL, '[]', '[]', '2015-12-18 23:49:30', '2015-12-18 23:49:30', '30e7b84a-84a8-421a-9363-a3b563bc8d3a'),
 ('232', '232', 'en_us', 'What To Do If Your Car Is Towed', '', '', '', '<p>If you believe your vehicle has been towed, please call A&B Vehicle Processing at (510) 635-3211 or visit <a href=\"http://www.abimpound.com./towed.html\">http://www.abimpound.com./towed.html</a> to confirm.</p>\r\n\r\n<h3 id=\"what-to-know\">What to Know</h3>\r\n\r\n\r\n\r\n\r\n\r\n<p>A vehicle can be towed in Oakland for any of the following reasons:</p>\r\n\r\n\r\n\r\n\r\n\r\n<ul>\r\n  <li>A boot is placed on the vehicle, and payment for the boot fee and parking tickets have not been received</li>\r\n  <li>A vehicle registration (plate tag) has been expired for more than six (6) months</li>\r\n  <li>A vehicle has more than $2,500 in unpaid parking tickets</li>\r\n  <li>A vehicle has five (5) or more unpaid tickets in the State of California</li>\r\n</ul>\r\n\r\n\r\n\r\n\r\n\r\n<h3 id=\"how-to-get-your-vehicle-released\">How to Get Your Vehicle Released</h3>\r\n\r\n\r\n\r\n\r\n\r\n<ol>\r\n  <li>Pay all of your unpaid parking tickets in Oakland. Payment plans are not available for towed vehicles.</li>\r\n  <li>Visit or call the Parking Citation Assistance Center to make payments.</li>\r\n  <li>Pay fees for towing and storage directly to the tow company.</li>\r\n  <li>You may need to pay unpaid tickets from all other cities in California to have your vehicle released.</li>\r\n</ol>\r\n\r\n\r\n\r\n\r\n\r\n<h3 id=\"for-more-information\">For More Information</h3>\r\n\r\n\r\n\r\n<table>\r\n<thead>\r\n<tr><th>Location</th><th>Hours</th></tr>\r\n</thead>\r\n<tbody>\r\n<tr><td style=\"background-color:white\">\r\nParking Citation Assistance Center\r\n\r\n250 Frank H. Ogawa Plaza, Suite 6300\r\n\r\nOakland, CA 94612\r\n\r\nPhone: (800) 500-6484\r\n</td><td>\r\nMondays, Tuesdays, Thursdays and Fridays from 9 a.m. to 4:30 p.m.\r\nWednesdays from 9:30 a.m. to 4:30 p.m.\r\n</td></tr>\r\n</tbody>\r\n</table>\r\n\r\n\r\n\r\n\r\n\r\n<p>Only the registered owner of the towed vehicle can contest one or more of the unpaid tickets.</p>\r\n\r\n\r\n\r\n\r\n\r\n<p>Please visit the Parking Citation Assistance Center at 250 Frank H. Ogawa Plaza, Suite 6300 or call the Center at (510) 238-4484.</p>', NULL, NULL, NULL, NULL, NULL, NULL, NULL, '[]', '[]', '2015-12-18 23:50:15', '2015-12-18 23:50:15', '744f10fd-c4e8-43ba-99ae-8a3629e5d73a'),
 ('252', '252', 'en_us', 'Additional Parking Information', NULL, 'When, where and how to legally park', NULL, NULL, NULL, NULL, NULL, NULL, NULL, NULL, NULL, '[]', '[]', '2015-12-18 23:55:17', '2015-12-19 00:14:49', '76acd3a5-6305-4a8c-85a9-0c7bc4ca736f'),
 ('262', '262', 'en_us', 'Understanding Curb Colors', '', '', '', '<aside>\r\nPlease look for posted signs and curb colors when you park.\r\n\r\nFaded curb colors are still enforced.</aside>\r\n\r\n<table>\r\n<thead>\r\n<tr><th>Curb Color</th><th>Meaning</th></tr>\r\n</thead>\r\n<tbody>\r\n<tr><td><strong>Red</strong></td><td>No stopping, standing or parking at any time</td></tr>\r\n<tr><td><strong>Yellow</strong></td><td>For loading and unloading of passengers and materials between 7 a.m. and 6 p.m. The loading or unloading of passengers should not exceed 3 minutes and the loading or unloading of materials from a vehicle with commercial plates should not exceed 30 minutes. \r\n\r\nThis parking restriction does not apply on Sundays and parking holidays.</td></tr>\r\n<tr><td><strong>White</strong></td><td>For loading and unloading of passengers which should not exceed three minutes. Most white curb restrictions apply from 7 a.m. to 6 p.m. except:\r\n<ul>\r\n<li>Parking on a white curb in front of a hotel or hospital is restricted at all times.</li>\r\n<li>Parking in front of a theater, hall or other place of public assembly shall apply at all times except when the theater or hall is closed, and then a vehicle may park in the white zone for no longer than one hour.</li>\r\n</ul></td></tr>\r\n<tr><td><strong>Green</strong></td><td>No standing or parking for longer than 12 minutes at any time between 8 a.m and 6 p.m., excluding Sundays and parking holidays.</td></tr>\r\n<tr><td><strong>Blue</strong></td><td>For parking by physically handicapped person whose vehicles display either a valid placard or license plate for the disabled.</td></tr>\r\n</tbody>\r\n</table>\r\n\r\n\r\n\r\n\r\n\r\n<p><strong>Please note - faded curb colors are still enforced.</strong> You can report a curb that needs repainting by reporting it to:</p>\r\n\r\n\r\n\r\n\r\n\r\n<p><strong>Public Works Call Center</strong></p>\r\n\r\n\r\n\r\n\r\n\r\n<p>Phone: (510) 615-5566</p>\r\n\r\n\r\n\r\n\r\n\r\n<p>Email: <a href=\"mailto://opwcallcenter@oaklandnet.com\">opwcallcenter@oaklandnet.com</a></p>\r\n\r\n\r\n\r\n\r\n\r\n<p>Online: <a href=\"http://gismaps.oaklandnet.com/srwebsite/ServiceType.aspx\">Report a Problem</a></p>\r\n\r\n\r\n\r\n\r\n\r\n<p>Mobile App: <a href=\"http://en.seeclickfix.com/oakland\">SeeClickFix</a></p>\r\n\r\n\r\n\r\n\r\n\r\n<p>For additional assistance with parking limitations for each curb color, please contact the Parking Citation Assistance Center at (800) 500-6484.</p>', NULL, NULL, NULL, NULL, NULL, NULL, NULL, '[]', '[]', '2015-12-18 23:56:20', '2015-12-18 23:56:20', '9ddc7bca-2b6b-44b9-b3d7-c3537aebd6bc'),
 ('272', '272', 'en_us', 'Find a City Owned Parking Garage', '', '', '', '<p>To find a City-owned garage or lot, check out the Oakland Parking Map below.</p>\r\n\r\n<p>Please contact the parking operator if you have questions about a specific garage.</p>\r\n\r\n\r\n\r\n\r\n\r\n<p>You can find contact information on the map below by clicking on the “P” linked to the garage.</p>\r\n\r\n\r\n\r\n\r\n\r\n<p>A limited number of monthly parking permits are available at some metered outdoor lots. If you have questions about these permits, please call (510) 238-6154.</p>\r\n\r\n\r\n\r\n\r\n\r\n<iframe src=\"https://www.google.com/maps/d/embed?mid=zl4zo8vL6AEs.k8zY7kXNO4-A&hl=en\" width=\"640\" height=\"480\"></iframe>', NULL, NULL, NULL, NULL, NULL, NULL, NULL, '[]', '[]', '2015-12-18 23:57:44', '2015-12-18 23:57:44', '92d89807-5ec8-4a06-850d-307e25f58ccf'),
 ('282', '282', 'en_us', 'Parking Hours and Rates', '', '', '', '<aside>\r\nPlease look for posted signs and curb colors when you park.\r\n</aside>\r\n\r\n<p>Meter hours in Oakland, CA are Monday through Saturday from 8 a.m. to 6 p.m.</p>\r\n\r\n\r\n\r\n\r\n\r\n<p>It costs $2 per hour to park at a parking meter.</p>\r\n\r\n\r\n\r\n\r\n\r\n<p>Parking is free on the following holidays:</p>\r\n\r\n\r\n\r\n\r\n\r\n<ul>\r\n  <li>New Year’s Day - January 1</li>\r\n  <li>Martin Luther King, Jr. Birthday - Third Monday of January</li>\r\n  <li>President’s Day - Third Monday of February</li>\r\n  <li>Memorial Day - Last Monday of May</li>\r\n  <li>Independence Day - July 4</li>\r\n  <li>Labor Day - First Monday of September</li>\r\n  <li>Thanksgiving Day - Fourth Thursday of November</li>\r\n  <li>Christmas Day - December 25</li>\r\n</ul>\r\n\r\n\r\n\r\n\r\n\r\n<p>If any of these holidays falls upon a Sunday, the following Monday is a holiday.</p>', NULL, NULL, NULL, NULL, NULL, NULL, NULL, '[]', '[]', '2015-12-18 23:59:19', '2015-12-18 23:59:19', '3c7d954e-2e21-4576-92a4-14f29a325129'),
 ('292', '292', 'en_us', 'Street Sweeping Restrictions', '', '', '', '<p>Please look for street sweeping signs and curb colors when you park.The City cleans major roads and commercial areas at night. Residential areas are swept during the day.</p><p>You can see when street sweeping is scheduled for your block on official signage. These signs list restricted times for parks. Please move your vehicle accordingly.</p><p>[insert picture of a parking sign as an example] [insert map that city is working on that shows what time street sweeping is on each street]</p>', NULL, NULL, NULL, NULL, NULL, NULL, NULL, '[]', '[]', '2015-12-19 00:00:22', '2015-12-19 00:00:22', 'f1b9f49f-3f6f-4aef-a305-53a3e3277c56'),
 ('302', '302', 'en_us', 'Disabled Person Parking', '', '', '', '<h2 id=\"disabled-person-parking-privileges\">Disabled Person Parking Privileges</h2>\r\n\r\n<p>People with disabilities and Disabled Veterans with a valid license plate or placard issued by the California DMV may park in the following areas:</p>\r\n\r\n\r\n\r\n<ul>\r\n  <li>\r\n    <p>In parking spaces with the International Symbol of Access (wheelchair symbol).</p>\r\n  </li>\r\n  <li>\r\n    <p>Next to a blue curb authorized for persons with disabilities parking.</p>\r\n  </li>\r\n  <li>Next to a green curb (green curbs indicate limited time parking) for as long as you wish. There is no time limit with a DP placard, DP license plates or DV license plates.</li>\r\n  <li>In an on-street metered parking space at no charge for as long as you wish. There is no time limit with a DP placard, DP license plates or DV license plates.</li>\r\n  <li>In an area that indicates it requires a resident or merchant permit for as long as you wish. There is no time limit with a DP placard, DP license plates or DV license plates.</li>\r\n</ul>\r\n\r\n\r\n\r\n\r\n\r\n<h2 id=\"disabled-person-parking-limitations\">Disabled Person Parking Limitations</h2>\r\n\r\n\r\n\r\n\r\n\r\n<p>You may <strong>not park</strong>:</p>\r\n\r\n\r\n\r\n\r\n\r\n<ul>\r\n  <li>\r\n    <p>In spaces marked with a crosshatched pattern next to a parking space with the International Symbol of Access (wheelchair symbol). These spaces are for wheelchair and wheelchair lift access.</p>\r\n  </li>\r\n  <li>Next to red curbs, which indicate no stopping, standing or parking.</li>\r\n  <li>\r\n    <p>Next to yellow curbs, which are for commercial vehicles to load and unload passengers or freight.</p>\r\n  </li>\r\n  <li>Next to white curbs, which are for loading and unloading passengers or depositing mail in an adjacent mailbox.</li>\r\n</ul>\r\n\r\n\r\n\r\n\r\n\r\n<ul></ul>\r\n\r\n\r\n\r\n\r\n\r\n<table>\r\n<thead>\r\n<tr><th>Parking Areas</th><th>Meaning</th></tr>\r\n</thead>\r\n<tbody>\r\n<tr><td style=\"background-color:blue\"><strong>Handicapped symbol</strong></td><td>You can park in spaces with the International Symbol of Access</td></tr>\r\n<tr><td style=\"background-color:blue\"><strong>Blue</strong></td><td>This parking is reserved for persons with disabilities.</td></tr>\r\n<tr><td style=\"background-color:green\"><strong>Green</strong></td><td>You can park here as long as you want with a valid placard or license plate for the disabled.</td></tr>\r\n<tr><td style=\"background-color:white\"><strong>Parking Meter</strong></td><td>\r\nYou can park here as long as you want with a valid placard or license plate for the disabled. </td></tr>\r\n<tr><td style=\"background-color:white\"><strong>Resident and Merchant Permit Parking</strong></td><td>\r\nYou can park here as long as you want with a valid placard or license plate for the disabled. </td></tr>\r\n</tbody>\r\n</table>\r\n\r\n\r\n\r\n\r\n\r\n<h2 id=\"disabled-person-parking-limitations-1\">Disabled Person Parking Limitations</h2>\r\n\r\n\r\n\r\n\r\n\r\n<p>People with disabilities and Disabled Veterans with a valid license plate or placard issued by the California DMV may not park in the following areas:</p>\r\n\r\n\r\n\r\n\r\n\r\n<table>\r\n<thead>\r\n<tr><th>Parking Areas</th><th>Meaning</th></tr>\r\n</thead>\r\n<tbody>\r\n<tr><td style=\"background-color:white\"><strong>Crosshatched or Striped Areas</strong></td><td>\r\nYou can not park in spaces with a striped or crosshatched pattern.\r\n</td></tr>\r\n<tr><td style=\"background-color:red\"><strong>Red</strong></td><td>\r\nYou can not stop, idle or park your car.\r\n</td></tr>\r\n<tr><td style=\"background-color:yellow\"><strong>Yellow</strong></td><td>These areas are reserved for commercial vehicles.</td></tr>\r\n<tr><td style=\"background-color:white\"><strong>White</strong></td><td>These areas are reserved for picking up and dropping off passengers.\r\n</td></tr>\r\n</tbody>\r\n</table>', NULL, NULL, NULL, NULL, NULL, NULL, NULL, '[]', '[]', '2015-12-19 00:04:21', '2015-12-19 00:04:21', '30f5b603-80e1-4008-a72e-a1f5a6b67374'),
 ('312', '312', 'en_us', 'Apply for Disabled Persons Parking Placards and Plates', 'Apply with the California DMV', '', 'http://www.dmv.ca.gov/pubs%2Fbrochures/fast_facts/ffvr07.htm', '<p>You may qualify for a Disabled Person placard or license plates if you have one or more of the conditions below.</p>\r\n\r\n<ul>\r\n  <li>Inability to use one or more lower limbs, or both hands</li>\r\n  <li>Diagnosed disease that impairs or interferes with mobility</li>\r\n  <li>Severe disability that leaves you unable to move without an assistive device</li>\r\n  <li>Documented problems with your eyesight such as lower-vision or partial-sightedness</li>\r\n  <li>The City of Oakland does not issue Disabled Person placards or license plates</li></ul>\r\n\r\n\r\n\r\n\r\n\r\n\r\n\r\n\r\n\r\n<h3 id=\"illegal-use-of-disabled-parking\">Illegal Use of Disabled Parking</h3>\r\n\r\n\r\n\r\n\r\n\r\n\r\n\r\n\r\n\r\n<p>Only the disabled driver issued the placard or plates can use the parking placard or plates.</p>\r\n\r\n\r\n\r\n\r\n\r\n\r\n\r\n\r\n\r\n<p>A driver that does any of the actions below can receive tickets and fines.</p>\r\n\r\n\r\n\r\n\r\n\r\n\r\n\r\n\r\n\r\n<ul>\r\n  <li>Lend your Disabled Person placard to someone else</li>\r\n  <li>Use someone else’s Disabled Person placard</li>\r\n  <li>Have or display a fake Disabled Person placard or license plates</li>\r\n</ul>\r\n\r\n\r\n\r\n\r\n\r\n\r\n\r\n\r\n\r\n<p>Report illegal use of Disabled Person placards and plates. Please call Parking Enforcement at (510) 238-3099.</p>', NULL, NULL, NULL, NULL, NULL, NULL, NULL, '[]', '[]', '2015-12-19 00:06:15', '2015-12-19 00:08:19', '9fba885b-3aba-4ece-90b6-c45f9f37e79d'),
 ('322', '322', 'en_us', 'What to do with Booted or Towed Cars', NULL, 'Find out what to do and who to contact when your car is booted or towed', NULL, NULL, NULL, NULL, NULL, NULL, NULL, NULL, NULL, '[]', '[]', '2015-12-19 00:49:18', '2015-12-19 00:49:18', '8f8fe8d8-f32b-41fa-9137-f227b3595bb7'),
 ('332', '332', 'en_us', 'Costs of Common Parking Violations', '', '', '', '<h2>Common Violations</h2>\r\n\r\n\r\n\r\n\r\n\r\n<p>Parking fines depend on the type of parking violation. \r\nBelow are some common violations, including their legal reference and the fine.</p>\r\n\r\n\r\n\r\n\r\n\r\n\r\n\r\n\r\n\r\n<table>\r\n<thead>\r\n<tr><th>Common violations</th><th>Fine</th><th>\r\nOakland Municipal Code reference</th><th>Legal definition</th></tr>\r\n</thead>\r\n<tbody>\r\n<tr><td>\r\nYour meter time ran out\r\n</td><td>\r\n$58\r\n</td><td>\r\n10.36.050\r\n</td>\r\n<td>Expired meter</td>\r\n</tr><tr><td>\r\nYour parking receipt was not visible in your vehicle\r\n</td><td>\r\n$58\r\n</td><td>\r\n10.36.030B\r\n</td>\r\n<td>\r\nFailure to display parking receipt\r\n</td>\r\n</tr><tr><td>\r\nYou parked in a no parking zone</td><td>\r\n$83\r\n</td><td>\r\n10.40.020A1\r\n</td>\r\n<td>\r\nParking in a red zone\r\n</td>\r\n</tr><tr><td>\r\nYou parked in an area reserved for buses</td><td>\r\n$265\r\n</td><td>\r\n10.40.090E\r\n</td>\r\n<td>\r\nParking in a bus zone\r\n</td>\r\n</tr><tr><td>\r\nYou double parked your vehicle</td><td>\r\n$41\r\n</td><td>\r\n10.08.150\r\n</td>\r\n<td>\r\nImpeding a lane of traffic\r\n</td>\r\n</tr><tr><td>\r\nYou didn’t turn your wheels correctly to park on a hill\r\n</td><td>\r\n$45\r\n</td><td>\r\n10.16.090\r\n</td>\r\n<td>\r\nFailure to cramp wheels on grade\r\n</td>\r\n</tr><tr><td>\r\nYou parked in the wrong direction on a one-way street\r\n</td><td>\r\n$48\r\n</td><td>\r\n10.28.040\r\n</td>\r\n<td>\r\nParking in the wrong direction on a one-way street\r\n</td>\r\n</tr><tr><td>\r\nYou parked in the wrong direction on a two-way street\r\n</td><td>\r\n$63\r\n</td><td>\r\n10.28.040B\r\n</td>\r\n<td>\r\nParking in the wrong direction on a two-way street\r\n</td>\r\n</tr><tr><td>\r\nYou parked in an area with permit parking without the correct permit\r\n</td><td>\r\n$83\r\n</td><td>\r\n10.44.120A\r\n</td>\r\n<td>\r\nParking in a Residential Parking Permit Zone\r\n</td></tr></tbody></table>', NULL, NULL, NULL, NULL, NULL, NULL, NULL, '[]', '[]', '2015-12-19 01:00:21', '2015-12-19 01:00:21', '576d8deb-d02f-4131-b389-eb13502a09ed');




DROP TABLE IF EXISTS `craft_deprecationerrors`;


--
-- Schema for table `craft_deprecationerrors`
--
CREATE TABLE `craft_deprecationerrors` (
  `id` int(11) NOT NULL AUTO_INCREMENT,
  `key` varchar(255) COLLATE utf8_unicode_ci NOT NULL,
  `fingerprint` varchar(255) COLLATE utf8_unicode_ci NOT NULL,
  `lastOccurrence` datetime NOT NULL,
  `file` varchar(255) COLLATE utf8_unicode_ci NOT NULL,
  `line` smallint(6) unsigned NOT NULL,
  `class` varchar(255) COLLATE utf8_unicode_ci DEFAULT NULL,
  `method` varchar(255) COLLATE utf8_unicode_ci DEFAULT NULL,
  `template` varchar(255) COLLATE utf8_unicode_ci DEFAULT NULL,
  `templateLine` smallint(6) unsigned DEFAULT NULL,
  `message` varchar(255) COLLATE utf8_unicode_ci DEFAULT NULL,
  `traces` text COLLATE utf8_unicode_ci,
  `dateCreated` datetime NOT NULL,
  `dateUpdated` datetime NOT NULL,
  `uid` char(36) COLLATE utf8_unicode_ci NOT NULL DEFAULT '0',
  PRIMARY KEY (`id`),
  UNIQUE KEY `craft_deprecationerrors_key_fingerprint_unq_idx` (`key`,`fingerprint`)
) ENGINE=InnoDB DEFAULT CHARSET=utf8 COLLATE=utf8_unicode_ci;

DROP TABLE IF EXISTS `craft_elementindexsettings`;


--
-- Schema for table `craft_elementindexsettings`
--
CREATE TABLE `craft_elementindexsettings` (
  `id` int(11) NOT NULL AUTO_INCREMENT,
  `type` varchar(150) COLLATE utf8_unicode_ci NOT NULL,
  `settings` text COLLATE utf8_unicode_ci,
  `dateCreated` datetime NOT NULL,
  `dateUpdated` datetime NOT NULL,
  `uid` char(36) COLLATE utf8_unicode_ci NOT NULL DEFAULT '0',
  PRIMARY KEY (`id`),
  UNIQUE KEY `craft_elementindexsettings_type_unq_idx` (`type`)
) ENGINE=InnoDB AUTO_INCREMENT=2 DEFAULT CHARSET=utf8 COLLATE=utf8_unicode_ci;

--
-- Data for table `craft_elementindexsettings`
--

INSERT INTO `craft_elementindexsettings` (`id`, `type`, `settings`, `dateCreated`, `dateUpdated`, `uid`) VALUES
 ('1', 'Entry', '{\"sourceOrder\":[[\"key\",\"*\"],[\"key\",\"singles\"],[\"heading\",\"Content Types\"],[\"key\",\"section:3\"],[\"key\",\"section:2\"],[\"key\",\"section:4\"]],\"sources\":{\"*\":{\"tableAttributes\":{\"1\":\"section\",\"2\":\"postDate\",\"3\":\"expiryDate\",\"4\":\"link\"}},\"section:2\":{\"tableAttributes\":{\"1\":\"link\",\"2\":\"field:8\"}},\"singles\":{\"tableAttributes\":{\"1\":\"link\"}},\"section:4\":{\"tableAttributes\":{\"1\":\"link\"}}}}', '2015-12-04 20:03:21', '2015-12-10 19:48:24', '9adc4447-78a5-48d9-bd86-95e50b85d77f');




DROP TABLE IF EXISTS `craft_elements`;


--
-- Schema for table `craft_elements`
--
CREATE TABLE `craft_elements` (
  `id` int(11) NOT NULL AUTO_INCREMENT,
  `type` varchar(150) COLLATE utf8_unicode_ci NOT NULL,
  `enabled` tinyint(1) unsigned NOT NULL DEFAULT '1',
  `archived` tinyint(1) unsigned NOT NULL DEFAULT '0',
  `dateCreated` datetime NOT NULL,
  `dateUpdated` datetime NOT NULL,
  `uid` char(36) COLLATE utf8_unicode_ci NOT NULL DEFAULT '0',
  PRIMARY KEY (`id`),
  KEY `craft_elements_type_idx` (`type`),
  KEY `craft_elements_enabled_idx` (`enabled`),
  KEY `craft_elements_archived_dateCreated_idx` (`archived`,`dateCreated`)
) ENGINE=InnoDB AUTO_INCREMENT=333 DEFAULT CHARSET=utf8 COLLATE=utf8_unicode_ci;

--
-- Data for table `craft_elements`
--

INSERT INTO `craft_elements` (`id`, `type`, `enabled`, `archived`, `dateCreated`, `dateUpdated`, `uid`) VALUES
 ('1', 'User', '1', '0', '2015-12-04 00:22:44', '2015-12-16 21:54:27', '498d09ca-3de2-4a47-86e5-3fa442c2b9d1'),
 ('2', 'Entry', '1', '0', '2015-12-04 00:22:47', '2015-12-19 01:10:16', '6d6223bb-2d6e-479d-b2e3-6d0144f73193'),
 ('5', 'Entry', '1', '0', '2015-12-04 20:08:13', '2015-12-18 22:06:50', 'da00900f-970b-4e33-a0a6-4aa426413a84'),
 ('6', 'Entry', '1', '0', '2015-12-04 20:08:33', '2015-12-19 01:02:11', '79cb9c84-1d80-4759-b5c8-fd67af04619c'),
 ('7', 'MatrixBlock', '1', '0', '2015-12-04 23:22:29', '2015-12-04 23:48:13', '1c0fb3d4-2984-42c4-866f-f829ce8cff33'),
 ('8', 'MatrixBlock', '1', '0', '2015-12-04 23:22:29', '2015-12-04 23:48:13', '5361f148-7561-4c1c-acf9-ec5c3b70f6ec'),
 ('9', 'MatrixBlock', '1', '0', '2015-12-04 23:37:15', '2015-12-04 23:48:13', '3fa67870-1392-4877-8116-c4f585b16cf9'),
 ('10', 'MatrixBlock', '1', '0', '2015-12-04 23:37:15', '2015-12-04 23:48:13', '97e9ddf6-2de7-428b-89c3-bb6e238343a0'),
 ('11', 'Entry', '1', '0', '2015-12-10 19:26:54', '2015-12-10 22:58:01', 'a2fea34d-9ef6-44c1-bd27-cb20204287a6'),
 ('12', 'Entry', '1', '0', '2015-12-10 19:37:05', '2015-12-10 22:58:16', '58f4657b-dca1-4b00-92e3-9f1f38d9dca0'),
 ('13', 'Entry', '1', '0', '2015-12-10 19:52:47', '2015-12-10 19:54:47', 'fd81f998-40f2-4199-a8ad-a456d32a6d7f'),
 ('15', 'Entry', '1', '0', '2015-12-10 23:28:02', '2015-12-10 23:28:02', 'a619a618-b7de-4351-a693-afc091ff183a'),
 ('16', 'Entry', '1', '0', '2015-12-10 23:28:13', '2015-12-10 23:28:13', '7208b9b7-b38d-4b13-9003-84d5b7f2bd0f'),
 ('17', 'Entry', '1', '0', '2015-12-10 23:31:27', '2015-12-10 23:31:27', '38639e06-f1f6-4ebe-ba6b-a0072b91bab7'),
 ('18', 'Entry', '1', '0', '2015-12-10 23:31:32', '2015-12-10 23:31:32', 'a7c98a50-d757-47fd-8be8-bd46402ed2c6'),
 ('19', 'Entry', '1', '0', '2015-12-10 23:51:47', '2015-12-10 23:52:40', 'da979e23-32db-4bdb-ba64-8551592188ae'),
 ('32', 'Asset', '1', '0', '2015-12-11 23:44:10', '2015-12-11 23:44:10', 'a0da8889-3e35-4769-bc72-cba299fb62fe'),
 ('52', 'Entry', '1', '0', '2015-12-18 21:37:59', '2015-12-18 22:06:51', 'cb30ce13-6197-4682-8451-60801771f5c1'),
 ('62', 'Entry', '1', '0', '2015-12-18 21:40:10', '2015-12-18 22:06:51', '0dee4cdf-bf89-41c5-9b70-7c2bc336f03f'),
 ('72', 'Entry', '1', '0', '2015-12-18 21:58:04', '2015-12-18 22:06:51', '11be7805-bf7b-4746-b46a-139d336e5f44'),
 ('92', 'Entry', '1', '0', '2015-12-18 22:05:30', '2015-12-18 22:06:51', '229ea378-b9c8-4fc2-920d-ca57fe96a9cd'),
 ('112', 'Entry', '1', '0', '2015-12-18 22:16:30', '2015-12-18 22:16:30', 'fbd963e9-e8ef-4974-a1eb-9c025e6c7bc0'),
 ('122', 'Entry', '1', '0', '2015-12-18 22:42:23', '2015-12-19 00:50:38', '7df17fb4-3726-47cb-8ebd-28ce867462d1'),
 ('132', 'Entry', '1', '0', '2015-12-18 22:46:27', '2015-12-19 01:06:01', '677c3b51-5886-4c09-a879-89ffcaad1e0a'),
 ('142', 'Entry', '1', '0', '2015-12-18 23:04:13', '2016-01-04 23:32:31', '4d3c2f2d-5e9e-46e2-b82f-9a3ef6312ddc'),
 ('152', 'Entry', '1', '0', '2015-12-18 23:08:02', '2015-12-19 00:54:53', 'a8d6db49-fad6-4d98-9948-4ecabb46ef39'),
 ('162', 'Entry', '1', '0', '2015-12-18 23:09:39', '2015-12-18 23:26:16', '4de6b5de-cffa-4b56-a9c9-32836da20491'),
 ('182', 'Entry', '1', '0', '2015-12-18 23:16:35', '2015-12-18 23:16:35', '3d4bb590-88e7-4f1f-bd99-14480a168fad'),
 ('192', 'Entry', '1', '0', '2015-12-18 23:26:06', '2016-01-05 23:32:03', 'af3401e4-c151-4402-994f-99fc605e69b8'),
 ('202', 'Entry', '1', '0', '2015-12-18 23:30:33', '2016-01-05 22:23:16', '8c4eb1d7-c40b-4d9a-8346-4b8976fdb017'),
 ('212', 'Entry', '1', '0', '2015-12-18 23:48:50', '2015-12-19 00:13:18', '19613a54-06ef-4b75-b9c8-26b5272d521e'),
 ('222', 'Entry', '1', '0', '2015-12-18 23:49:30', '2015-12-18 23:49:30', '6094c4d5-7033-47c4-bc02-e0c21481124a'),
 ('232', 'Entry', '1', '0', '2015-12-18 23:50:15', '2015-12-18 23:50:15', '07be2212-7715-4c83-8bc1-dd38ebb6fad9'),
 ('252', 'Entry', '1', '0', '2015-12-18 23:55:17', '2015-12-19 00:14:49', '9a5cbfa2-104d-48a1-b9eb-475d99108a9a'),
 ('262', 'Entry', '1', '0', '2015-12-18 23:56:20', '2015-12-18 23:56:20', '3d130505-b533-4607-a46a-7d0a36411ee9'),
 ('272', 'Entry', '1', '0', '2015-12-18 23:57:44', '2015-12-18 23:57:44', '92e7633f-7f33-4333-88c3-030cf4032475'),
 ('282', 'Entry', '1', '0', '2015-12-18 23:59:19', '2015-12-18 23:59:19', '7be3b2fe-2b49-4e17-8b11-ab4d761d3b77'),
 ('292', 'Entry', '1', '0', '2015-12-19 00:00:22', '2015-12-19 00:00:22', '4913c366-ddc7-42c3-a732-d1be03b2ab49'),
 ('302', 'Entry', '1', '0', '2015-12-19 00:04:21', '2015-12-19 00:04:21', '516d984d-59fb-4431-98fd-2e32ac57e378'),
 ('312', 'Entry', '1', '0', '2015-12-19 00:06:15', '2015-12-19 00:08:19', '7653bd1d-5dbb-40f0-b8fa-56ddab1f17fd'),
 ('322', 'Entry', '1', '0', '2015-12-19 00:49:18', '2015-12-19 00:49:18', '808d9e6a-5a5c-4502-be10-19c715866f95'),
 ('332', 'Entry', '1', '0', '2015-12-19 01:00:21', '2015-12-19 01:00:21', '1ce3bc44-1a00-4786-9f20-97dbbedb220f');




DROP TABLE IF EXISTS `craft_elements_i18n`;


--
-- Schema for table `craft_elements_i18n`
--
CREATE TABLE `craft_elements_i18n` (
  `id` int(11) NOT NULL AUTO_INCREMENT,
  `elementId` int(11) NOT NULL,
  `locale` char(12) COLLATE utf8_unicode_ci NOT NULL,
  `slug` varchar(255) COLLATE utf8_unicode_ci DEFAULT NULL,
  `uri` varchar(255) COLLATE utf8_unicode_ci DEFAULT NULL,
  `enabled` tinyint(1) unsigned NOT NULL DEFAULT '1',
  `dateCreated` datetime NOT NULL,
  `dateUpdated` datetime NOT NULL,
  `uid` char(36) COLLATE utf8_unicode_ci NOT NULL DEFAULT '0',
  PRIMARY KEY (`id`),
  UNIQUE KEY `craft_elements_i18n_elementId_locale_unq_idx` (`elementId`,`locale`),
  UNIQUE KEY `craft_elements_i18n_uri_locale_unq_idx` (`uri`,`locale`),
  KEY `craft_elements_i18n_slug_locale_idx` (`slug`,`locale`),
  KEY `craft_elements_i18n_enabled_idx` (`enabled`),
  KEY `craft_elements_i18n_locale_fk` (`locale`)
) ENGINE=InnoDB AUTO_INCREMENT=333 DEFAULT CHARSET=utf8 COLLATE=utf8_unicode_ci;

--
-- Data for table `craft_elements_i18n`
--

INSERT INTO `craft_elements_i18n` (`id`, `elementId`, `locale`, `slug`, `uri`, `enabled`, `dateCreated`, `dateUpdated`, `uid`) VALUES
 ('1', '1', 'en_us', '', NULL, '1', '2015-12-04 00:22:44', '2015-12-16 21:54:27', '85e41016-0882-4d10-8017-2866cb73ae4f'),
 ('2', '2', 'en_us', 'homepage', '__home__', '1', '2015-12-04 00:22:47', '2015-12-19 01:10:16', '35217138-d49f-4797-b17b-c84ca8d6665a'),
 ('5', '5', 'en_us', 'parking', 'services/parking', '1', '2015-12-04 20:08:13', '2015-12-18 22:06:50', '473bf7c7-d897-46a9-82bf-70fe885298e1'),
 ('6', '6', 'en_us', 'pay-a-parking-ticket', 'services/parking/pay-a-ticket-and-other-parking-citation-problems/pay-a-parking-ticket', '1', '2015-12-04 20:08:33', '2015-12-19 01:02:11', 'a862612b-de7e-4322-b9b1-64c82b5830a0'),
 ('7', '7', 'en_us', '', NULL, '1', '2015-12-04 23:22:29', '2015-12-04 23:48:13', '4c239bee-0f7e-4cbc-a94b-7cd9ebd87fc6'),
 ('8', '8', 'en_us', '', NULL, '1', '2015-12-04 23:22:29', '2015-12-04 23:48:13', '95927505-b082-4b1b-8c24-2391e760ba4a'),
 ('9', '9', 'en_us', '', NULL, '1', '2015-12-04 23:37:15', '2015-12-04 23:48:13', 'e65e5492-fd2a-488c-b984-d672f0a2f044'),
 ('10', '10', 'en_us', '', NULL, '1', '2015-12-04 23:37:15', '2015-12-04 23:48:13', 'ab9399aa-19b6-445a-9368-71579ad07b22'),
 ('11', '11', 'en_us', 'free-parking-on-plaid-friday-saturdays-until-new-years', 'news/2015/free-parking-on-plaid-friday-saturdays-until-new-years', '1', '2015-12-10 19:26:54', '2015-12-10 22:58:01', '7e8d1602-6a4b-4b74-b759-26eff1f97fde'),
 ('12', '12', 'en_us', 'oaklands-minimum-wage-goes-up-january-1-deadline-for-noticing-requirement-is-december-15', 'news/2015/oaklands-minimum-wage-goes-up-january-1-deadline-for-noticing-requirement-is-december-15', '1', '2015-12-10 19:37:05', '2015-12-10 22:58:16', 'c27a5fce-291b-447f-8d50-26d6744c93f8'),
 ('13', '13', 'en_us', 'public-works', 'departments/public-works', '1', '2015-12-10 19:52:47', '2015-12-10 19:54:47', 'af053220-c032-46e5-b96f-3aeb8d156075'),
 ('15', '15', 'en_us', 'planning-and-zoning', 'departments/planning-and-zoning', '1', '2015-12-10 23:28:02', '2015-12-10 23:28:02', '72a96bc2-58a7-4e11-a772-4c7e280792ca'),
 ('16', '16', 'en_us', 'human-resources', 'departments/human-resources', '1', '2015-12-10 23:28:13', '2015-12-10 23:29:10', '13c37224-1b6b-4ca1-9ed7-637222305ec3'),
 ('17', '17', 'en_us', 'police-department', 'departments/police-department', '1', '2015-12-10 23:31:27', '2015-12-10 23:31:27', 'bea7bed5-6178-443e-99cb-7ec01857601e'),
 ('18', '18', 'en_us', 'housing', 'departments/housing', '1', '2015-12-10 23:31:32', '2015-12-10 23:31:32', 'bf7516d5-7730-46ba-b7bb-073ff28e3b7d'),
 ('19', '19', 'en_us', 'mayors-office', 'departments/mayors-office', '1', '2015-12-10 23:51:47', '2015-12-10 23:52:40', '23f48cd4-a95b-4bca-a3ce-538301c52067'),
 ('32', '32', 'en_us', 'oakland-sculpture', NULL, '1', '2015-12-11 23:44:10', '2015-12-11 23:44:10', '1ff06dc4-a321-4ab5-8e1c-b9fed7350e28'),
 ('52', '52', 'en_us', 'apply-for-parking-permits', 'services/parking/apply-for-parking-permits', '1', '2015-12-18 21:37:59', '2015-12-18 22:06:51', '3e0fa5ab-847a-4fc1-a524-7d3299289072'),
 ('62', '62', 'en_us', 'apply-for-a-disabled-parking-blue-zone', 'services/parking/apply-for-parking-permits/apply-for-a-disabled-parking-blue-zone', '1', '2015-12-18 21:40:10', '2015-12-19 00:08:07', 'c79888cb-c866-43a0-aae5-b32e6cafac0a'),
 ('72', '72', 'en_us', 'apply-for-a-parking-obstruction-permit', 'services/parking/apply-for-parking-permits/apply-for-a-parking-obstruction-permit', '1', '2015-12-18 21:58:04', '2015-12-19 00:43:21', 'd6f88faa-43f0-460b-906d-12da47b0d2f9'),
 ('92', '92', 'en_us', 'apply-for-a-residential-parking-permit', 'services/parking/apply-for-parking-permits/apply-for-a-residential-parking-permit', '1', '2015-12-18 22:05:30', '2015-12-18 22:06:58', '00efe000-6620-4adf-a582-c36cb667bd1a'),
 ('112', '112', 'en_us', 'renew-your-residential-parking-permit', 'services/parking/apply-for-parking-permits/renew-your-residential-parking-permit', '1', '2015-12-18 22:16:30', '2015-12-18 22:16:39', '352700d5-2d56-44f8-b423-c059e59c42de'),
 ('122', '122', 'en_us', 'pay-a-ticket-and-other-parking-citation-problems', 'services/parking/pay-a-ticket-and-other-parking-citation-problems', '1', '2015-12-18 22:42:23', '2015-12-19 00:50:38', 'ec315ddd-53f6-4ea2-9359-c459acabe0e7'),
 ('132', '132', 'en_us', 'contest-a-parking-ticket', 'services/parking/pay-a-ticket-and-other-parking-citation-problems/contest-a-parking-ticket', '1', '2015-12-18 22:46:27', '2015-12-19 01:06:02', '30ea6cae-b9ac-4cfc-9ff0-49538dcf8656'),
 ('142', '142', 'en_us', 'jobs', 'services/jobs', '1', '2015-12-18 23:04:13', '2016-01-04 23:32:31', 'f1dde9ce-8b68-4398-9511-b0945c3d3486'),
 ('152', '152', 'en_us', 'create-your-own-parking-citation-alert', 'services/parking/find-parking/create-your-own-parking-citation-alert', '1', '2015-12-18 23:08:02', '2015-12-19 01:06:55', '5fd61d11-3869-4aee-93ee-f44540b6a357'),
 ('162', '162', 'en_us', 'apply-for-jobs', 'services/jobs/apply-for-jobs', '1', '2015-12-18 23:09:39', '2016-01-04 23:32:32', '68c94743-3e4a-450a-9a12-ed3b92e10d81'),
 ('182', '182', 'en_us', 'request-an-administrative-hearing', 'services/parking/find-parking/request-an-administrative-hearing', '1', '2015-12-18 23:16:35', '2015-12-19 00:58:27', 'fd0c0e95-a20c-4cd8-a3e8-6304db946ad4'),
 ('192', '192', 'en_us', 'pay-benefits', 'services/jobs/pay-benefits', '1', '2015-12-18 23:26:06', '2016-01-05 23:32:03', 'bf976a5b-a941-475c-96c8-f5e675821481'),
 ('202', '202', 'en_us', 'application-process-support', 'services/jobs/application-process-support', '1', '2015-12-18 23:30:33', '2016-01-05 22:23:16', '26b13ca6-0f06-4884-bd84-d3d2083ba152'),
 ('212', '212', 'en_us', 'apply-online-for-current-job-openings', 'services/jobs/apply-for-jobs/apply-online-for-current-job-openings', '1', '2015-12-18 23:48:50', '2016-01-04 23:32:32', '652560a1-f7b6-44de-9b8d-1fc5775310eb'),
 ('222', '222', 'en_us', 'what-to-do-if-your-car-is-booted', 'services/parking/what-to-do-with-booted-or-towed-cars/what-to-do-if-your-car-is-booted', '1', '2015-12-18 23:49:30', '2015-12-19 00:49:35', 'a7513929-714b-4ff3-b9ac-3530aa70b060'),
 ('232', '232', 'en_us', 'what-to-do-if-your-car-is-towed', 'services/parking/what-to-do-with-booted-or-towed-cars/what-to-do-if-your-car-is-towed', '1', '2015-12-18 23:50:15', '2015-12-19 00:49:33', '1a3d6cee-ee8c-466d-aa48-9462d5407a18'),
 ('252', '252', 'en_us', 'find-parking', 'services/parking/find-parking', '1', '2015-12-18 23:55:17', '2015-12-19 00:14:49', 'cb616f27-fa3c-4a8b-8912-64c5d91846a8'),
 ('262', '262', 'en_us', 'understanding-curb-colors', 'services/parking/find-parking/understanding-curb-colors', '1', '2015-12-18 23:56:20', '2015-12-19 00:14:51', '62e8254f-24b7-4b17-b77e-8ef80f2f271d'),
 ('272', '272', 'en_us', 'find-a-city-owned-parking-garage', 'services/parking/find-parking/find-a-city-owned-parking-garage', '1', '2015-12-18 23:57:44', '2015-12-18 23:57:46', 'eec4f7e5-6726-4904-bbf7-fcc9da2db0ff'),
 ('282', '282', 'en_us', 'parking-hours-and-rates', 'services/parking/find-parking/parking-hours-and-rates', '1', '2015-12-18 23:59:19', '2015-12-19 01:06:41', 'ad916483-707e-403a-b678-63aff2a4948f'),
 ('292', '292', 'en_us', 'street-sweeping-restrictions', 'services/parking/find-parking/street-sweeping-restrictions', '1', '2015-12-19 00:00:22', '2015-12-19 01:06:50', 'f3585bad-a926-4e9a-8de9-ee4f1c662fde'),
 ('302', '302', 'en_us', 'disabled-person-parking', 'services/parking/find-parking/disabled-person-parking', '1', '2015-12-19 00:04:21', '2015-12-19 00:04:32', '30677507-5b55-448c-b529-568a70036d85'),
 ('312', '312', 'en_us', 'apply-for-disabled-persons-parking-placards-and-plates', 'services/parking/apply-for-parking-permits/apply-for-disabled-persons-parking-placards-and-plates', '1', '2015-12-19 00:06:15', '2015-12-19 00:08:19', 'e124d2df-3340-4270-bd68-58c72bb81221'),
 ('322', '322', 'en_us', 'what-to-do-with-booted-or-towed-cars', 'services/parking/what-to-do-with-booted-or-towed-cars', '1', '2015-12-19 00:49:18', '2015-12-19 00:49:30', '3f37c206-5fda-42d4-8a3f-24e416d53e49'),
 ('332', '332', 'en_us', 'costs-of-common-parking-violations', 'services/parking/find-parking/costs-of-common-parking-violations', '1', '2015-12-19 01:00:21', '2015-12-19 01:00:24', '76a1e122-cbcd-4421-9b73-6ae100d51f13');




DROP TABLE IF EXISTS `craft_emailmessages`;


--
-- Schema for table `craft_emailmessages`
--
CREATE TABLE `craft_emailmessages` (
  `id` int(11) NOT NULL AUTO_INCREMENT,
  `key` char(150) COLLATE utf8_unicode_ci NOT NULL,
  `locale` char(12) COLLATE utf8_unicode_ci NOT NULL,
  `subject` varchar(1000) COLLATE utf8_unicode_ci NOT NULL,
  `body` text COLLATE utf8_unicode_ci NOT NULL,
  `dateCreated` datetime NOT NULL,
  `dateUpdated` datetime NOT NULL,
  `uid` char(36) COLLATE utf8_unicode_ci NOT NULL DEFAULT '0',
  PRIMARY KEY (`id`),
  UNIQUE KEY `craft_emailmessages_key_locale_unq_idx` (`key`,`locale`),
  KEY `craft_emailmessages_locale_fk` (`locale`)
) ENGINE=InnoDB DEFAULT CHARSET=utf8 COLLATE=utf8_unicode_ci;

DROP TABLE IF EXISTS `craft_entries`;


--
-- Schema for table `craft_entries`
--
CREATE TABLE `craft_entries` (
  `id` int(11) NOT NULL,
  `sectionId` int(11) NOT NULL,
  `typeId` int(11) DEFAULT NULL,
  `authorId` int(11) DEFAULT NULL,
  `postDate` datetime DEFAULT NULL,
  `expiryDate` datetime DEFAULT NULL,
  `dateCreated` datetime NOT NULL,
  `dateUpdated` datetime NOT NULL,
  `uid` char(36) COLLATE utf8_unicode_ci NOT NULL DEFAULT '0',
  PRIMARY KEY (`id`),
  KEY `craft_entries_sectionId_idx` (`sectionId`),
  KEY `craft_entries_typeId_idx` (`typeId`),
  KEY `craft_entries_postDate_idx` (`postDate`),
  KEY `craft_entries_expiryDate_idx` (`expiryDate`),
  KEY `craft_entries_authorId_fk` (`authorId`)
) ENGINE=InnoDB DEFAULT CHARSET=utf8 COLLATE=utf8_unicode_ci;

--
-- Data for table `craft_entries`
--

INSERT INTO `craft_entries` (`id`, `sectionId`, `typeId`, `authorId`, `postDate`, `expiryDate`, `dateCreated`, `dateUpdated`, `uid`) VALUES
 ('2', '1', NULL, NULL, '2015-12-04 00:22:46', NULL, '2015-12-04 00:22:47', '2015-12-19 01:10:16', '65380649-52a3-4fd5-9f5c-2dccd00bd137'),
 ('5', '3', '4', '1', '2015-12-04 20:08:00', NULL, '2015-12-04 20:08:13', '2015-12-04 21:34:11', '11a3aa6f-3036-4dcb-99e5-252660d621b3'),
 ('6', '3', '3', '1', '2015-12-04 20:08:00', NULL, '2015-12-04 20:08:33', '2015-12-19 01:02:11', '0c33dbc8-33f5-4025-8b7b-b06d07ac816b'),
 ('11', '2', '2', '1', '2015-12-10 19:26:00', NULL, '2015-12-10 19:26:54', '2015-12-10 22:58:01', '922514ba-404c-4438-a7e2-5d37cea9fa33'),
 ('12', '2', '2', '1', '2015-12-10 19:37:00', NULL, '2015-12-10 19:37:05', '2015-12-10 22:58:16', 'f7092fcb-c332-405c-bad2-6e1e4d788867'),
 ('13', '4', '5', '1', '2015-12-10 19:52:00', NULL, '2015-12-10 19:52:47', '2015-12-10 19:54:47', '285fd5fe-0c71-4012-8d56-f8f9df23c9b6'),
 ('15', '4', '5', '1', '2015-12-10 23:28:02', NULL, '2015-12-10 23:28:02', '2015-12-10 23:28:02', 'e940d685-0782-49c1-846e-dd8cd2cfd539'),
 ('16', '4', '5', '1', '2015-12-10 23:28:13', NULL, '2015-12-10 23:28:13', '2015-12-10 23:28:13', '1b66fc6d-6e11-4dd9-b483-1cfd2f0371ea'),
 ('17', '4', '5', '1', '2015-12-10 23:31:27', NULL, '2015-12-10 23:31:27', '2015-12-10 23:31:27', 'ead60d0d-54c6-4cb6-959c-1a6a0cb3c68c'),
 ('18', '4', '5', '1', '2015-12-10 23:31:32', NULL, '2015-12-10 23:31:32', '2015-12-10 23:31:32', '77ec14f3-51c4-4160-bc6f-a0bfa94dc54d'),
 ('19', '4', '5', '1', '2015-12-10 23:51:00', NULL, '2015-12-10 23:51:47', '2015-12-10 23:52:40', '0c561ee2-e4fe-4800-9011-5f98c7d75a45'),
 ('52', '3', '4', '1', '2015-12-18 21:37:59', NULL, '2015-12-18 21:37:59', '2015-12-18 21:37:59', '527cc07d-4a09-4551-aaed-bbbe7830bf02'),
 ('62', '3', '3', '1', '2015-12-18 21:40:10', NULL, '2015-12-18 21:40:10', '2015-12-18 21:40:10', '748bf382-43d2-4ec3-b21f-e8132aecee52'),
 ('72', '3', '3', '1', '2015-12-18 21:58:04', NULL, '2015-12-18 21:58:04', '2015-12-18 21:58:04', '792a1bdf-0293-4eaf-8578-28b31bd34e9e'),
 ('92', '3', '3', '1', '2015-12-18 22:04:00', NULL, '2015-12-18 22:05:31', '2015-12-18 22:05:31', 'fbf88560-b71a-4990-b183-a1ed364c48dd'),
 ('112', '3', '3', '1', '2015-12-18 22:16:30', NULL, '2015-12-18 22:16:30', '2015-12-18 22:16:30', 'f17c7bdf-e27e-49b3-9515-f8fbe1f94e41'),
 ('122', '3', '4', '1', '2015-12-18 22:42:00', NULL, '2015-12-18 22:42:23', '2015-12-19 00:50:38', '90434556-c0e7-4e60-8e40-0b116e7540fc'),
 ('132', '3', '3', '1', '2015-12-18 22:43:00', NULL, '2015-12-18 22:46:27', '2015-12-19 01:06:02', '9270349b-d223-437b-9a13-9ab25611fc3a'),
 ('142', '3', '22', '1', '2015-12-18 23:04:00', NULL, '2015-12-18 23:04:13', '2016-01-04 23:32:31', '86310eb5-cc03-4ee0-92bc-cf30bcfa7576'),
 ('152', '3', '3', '1', '2015-12-18 23:08:00', NULL, '2015-12-18 23:08:02', '2015-12-19 00:54:53', '2d3e61f4-af48-4aeb-84dd-b8ea86bea6c4'),
 ('162', '3', '4', '1', '2015-12-18 23:09:00', NULL, '2015-12-18 23:09:39', '2015-12-18 23:26:17', '99fafe29-8d8f-4c03-a322-6e5b26454e13'),
 ('182', '3', '3', '1', '2015-12-18 23:16:35', NULL, '2015-12-18 23:16:35', '2015-12-18 23:16:35', '16ccc198-5aa0-41ad-81d7-dc3840725829'),
 ('192', '3', '3', '1', '2015-12-18 23:26:00', NULL, '2015-12-18 23:26:06', '2016-01-05 23:32:03', '8acfabc5-8791-4b23-9c50-85f19d4c4243'),
 ('202', '3', '3', '1', '2015-12-18 23:30:00', NULL, '2015-12-18 23:30:33', '2016-01-05 22:23:16', '0f5c21f7-99ba-4e17-9b04-58fcf7f60b04'),
 ('212', '3', '3', '1', '2015-12-18 23:48:00', NULL, '2015-12-18 23:48:50', '2015-12-19 00:13:18', '7c70ce8a-5c0d-4e1c-84a4-0ee6186456ee'),
 ('222', '3', '3', '1', '2015-12-18 23:49:30', NULL, '2015-12-18 23:49:30', '2015-12-18 23:49:30', '4ba6884a-ca7d-47db-88b7-8dd5194cb134'),
 ('232', '3', '3', '1', '2015-12-18 23:50:15', NULL, '2015-12-18 23:50:15', '2015-12-18 23:50:15', '927ddc3f-daaf-4cd0-a836-72da8f605a8b'),
 ('252', '3', '4', '1', '2015-12-18 23:55:00', NULL, '2015-12-18 23:55:17', '2015-12-19 00:14:49', '77e2ba52-016a-404d-9e75-c4802a5609d7'),
 ('262', '3', '3', '1', '2015-12-18 23:56:20', NULL, '2015-12-18 23:56:20', '2015-12-18 23:56:20', '3a02765c-a751-4f88-82b1-14d3c885f92e'),
 ('272', '3', '3', '1', '2015-12-18 23:57:44', NULL, '2015-12-18 23:57:44', '2015-12-18 23:57:44', 'db8581fd-cef4-45a5-be3a-71384d75ed3f'),
 ('282', '3', '3', '1', '2015-12-18 23:59:19', NULL, '2015-12-18 23:59:19', '2015-12-18 23:59:19', 'b071fa20-5358-4b74-9ea0-7c28d902aa28'),
 ('292', '3', '3', '1', '2015-12-19 00:00:22', NULL, '2015-12-19 00:00:22', '2015-12-19 00:00:22', 'b648b124-b464-43e4-83ee-8db4f5061ea3'),
 ('302', '3', '3', '1', '2015-12-19 00:04:21', NULL, '2015-12-19 00:04:21', '2015-12-19 00:04:21', '7dbc6414-c42c-4574-bb2a-90f5388b2479'),
 ('312', '3', '3', '1', '2015-12-19 00:06:00', NULL, '2015-12-19 00:06:15', '2015-12-19 00:08:19', 'b5bceaa6-8bdd-4f44-bd1e-28b3d4656845'),
 ('322', '3', '4', '1', '2015-12-19 00:49:18', NULL, '2015-12-19 00:49:18', '2015-12-19 00:49:18', '1ee1a2a2-afca-410d-bf9d-715449d70ca4'),
 ('332', '3', '3', '1', '2015-12-19 01:00:21', NULL, '2015-12-19 01:00:21', '2015-12-19 01:00:21', '77a43ecf-543c-4423-b985-9d1ecbe2be0d');




DROP TABLE IF EXISTS `craft_entrydrafts`;


--
-- Schema for table `craft_entrydrafts`
--
CREATE TABLE `craft_entrydrafts` (
  `id` int(11) NOT NULL AUTO_INCREMENT,
  `entryId` int(11) NOT NULL,
  `sectionId` int(11) NOT NULL,
  `creatorId` int(11) NOT NULL,
  `locale` char(12) COLLATE utf8_unicode_ci NOT NULL,
  `name` varchar(255) COLLATE utf8_unicode_ci NOT NULL,
  `notes` tinytext COLLATE utf8_unicode_ci,
  `data` mediumtext COLLATE utf8_unicode_ci NOT NULL,
  `dateCreated` datetime NOT NULL,
  `dateUpdated` datetime NOT NULL,
  `uid` char(36) COLLATE utf8_unicode_ci NOT NULL DEFAULT '0',
  PRIMARY KEY (`id`),
  KEY `craft_entrydrafts_entryId_locale_idx` (`entryId`,`locale`),
  KEY `craft_entrydrafts_sectionId_fk` (`sectionId`),
  KEY `craft_entrydrafts_creatorId_fk` (`creatorId`),
  KEY `craft_entrydrafts_locale_fk` (`locale`)
) ENGINE=InnoDB DEFAULT CHARSET=utf8 COLLATE=utf8_unicode_ci;

DROP TABLE IF EXISTS `craft_entrytypes`;


--
-- Schema for table `craft_entrytypes`
--
CREATE TABLE `craft_entrytypes` (
  `id` int(11) NOT NULL AUTO_INCREMENT,
  `sectionId` int(11) NOT NULL,
  `fieldLayoutId` int(11) DEFAULT NULL,
  `name` varchar(255) COLLATE utf8_unicode_ci NOT NULL,
  `handle` varchar(255) COLLATE utf8_unicode_ci NOT NULL,
  `hasTitleField` tinyint(1) unsigned NOT NULL DEFAULT '1',
  `titleLabel` varchar(255) COLLATE utf8_unicode_ci DEFAULT 'Title',
  `titleFormat` varchar(255) COLLATE utf8_unicode_ci DEFAULT NULL,
  `sortOrder` tinyint(4) DEFAULT NULL,
  `dateCreated` datetime NOT NULL,
  `dateUpdated` datetime NOT NULL,
  `uid` char(36) COLLATE utf8_unicode_ci NOT NULL DEFAULT '0',
  PRIMARY KEY (`id`),
  UNIQUE KEY `craft_entrytypes_name_sectionId_unq_idx` (`name`,`sectionId`),
  UNIQUE KEY `craft_entrytypes_handle_sectionId_unq_idx` (`handle`,`sectionId`),
  KEY `craft_entrytypes_sectionId_fk` (`sectionId`),
  KEY `craft_entrytypes_fieldLayoutId_fk` (`fieldLayoutId`)
) ENGINE=InnoDB AUTO_INCREMENT=32 DEFAULT CHARSET=utf8 COLLATE=utf8_unicode_ci;

--
-- Data for table `craft_entrytypes`
--

INSERT INTO `craft_entrytypes` (`id`, `sectionId`, `fieldLayoutId`, `name`, `handle`, `hasTitleField`, `titleLabel`, `titleFormat`, `sortOrder`, `dateCreated`, `dateUpdated`, `uid`) VALUES
 ('1', '1', '34', 'Homepage', 'homepage', '1', 'Title', NULL, NULL, '2015-12-04 00:22:46', '2015-12-11 01:03:13', '39fc9aed-5948-4d15-89ca-dd95647996d8'),
 ('2', '2', '28', 'News', 'news', '1', 'Title', NULL, NULL, '2015-12-04 00:22:47', '2015-12-10 22:56:47', '2312536d-29f8-4776-935e-f8063c0d1c8d'),
 ('3', '3', '112', 'article', 'article', '1', 'Title', NULL, NULL, '2015-12-04 20:04:38', '2015-12-18 22:23:57', '4d4280dd-ffe6-48a8-88f7-9615ad715f98'),
 ('4', '3', '16', 'topic', 'topic', '1', 'Title', NULL, NULL, '2015-12-04 20:25:30', '2015-12-04 21:33:02', '218b5247-ea1d-4575-ace6-4614034a1359'),
 ('5', '4', '25', 'Department', 'department', '1', 'Title', NULL, NULL, '2015-12-10 19:40:23', '2015-12-10 19:47:56', '3e3c7ce3-e27f-4adf-bcd7-692bb61bf76d'),
 ('22', '3', '122', 'jobs', 'jobs', '1', 'Title', NULL, NULL, '2016-01-04 23:32:12', '2016-01-04 23:32:12', '3aeda02d-ed6b-4011-bd97-20174d4e7689');




DROP TABLE IF EXISTS `craft_entryversions`;


--
-- Schema for table `craft_entryversions`
--
CREATE TABLE `craft_entryversions` (
  `id` int(11) NOT NULL AUTO_INCREMENT,
  `entryId` int(11) NOT NULL,
  `sectionId` int(11) NOT NULL,
  `creatorId` int(11) DEFAULT NULL,
  `locale` char(12) COLLATE utf8_unicode_ci NOT NULL,
  `num` smallint(6) unsigned NOT NULL,
  `notes` tinytext COLLATE utf8_unicode_ci,
  `data` mediumtext COLLATE utf8_unicode_ci NOT NULL,
  `dateCreated` datetime NOT NULL,
  `dateUpdated` datetime NOT NULL,
  `uid` char(36) COLLATE utf8_unicode_ci NOT NULL DEFAULT '0',
  PRIMARY KEY (`id`),
  KEY `craft_entryversions_entryId_locale_idx` (`entryId`,`locale`),
  KEY `craft_entryversions_sectionId_fk` (`sectionId`),
  KEY `craft_entryversions_creatorId_fk` (`creatorId`),
  KEY `craft_entryversions_locale_fk` (`locale`)
) ENGINE=InnoDB AUTO_INCREMENT=742 DEFAULT CHARSET=utf8 COLLATE=utf8_unicode_ci;

--
-- Data for table `craft_entryversions`
--

INSERT INTO `craft_entryversions` (`id`, `entryId`, `sectionId`, `creatorId`, `locale`, `num`, `notes`, `data`, `dateCreated`, `dateUpdated`, `uid`) VALUES
 ('1', '2', '1', '1', 'en_us', '1', NULL, '{\"typeId\":\"1\",\"authorId\":null,\"title\":\"Homepage\",\"slug\":\"homepage\",\"postDate\":1449188566,\"expiryDate\":null,\"enabled\":1,\"parentId\":null,\"fields\":[]}', '2015-12-04 00:22:47', '2015-12-04 00:22:47', '456baa27-2265-4c45-ba8e-9edfc2cc10e0'),
 ('2', '2', '1', '1', 'en_us', '2', NULL, '{\"typeId\":null,\"authorId\":null,\"title\":\"Welcome to Localhost!\",\"slug\":\"homepage\",\"postDate\":1449188566,\"expiryDate\":null,\"enabled\":\"1\",\"parentId\":null,\"fields\":{\"1\":\"<p>It\\u2019s true, this site doesn\\u2019t have a whole lot of content yet, but don\\u2019t worry. Our web developers have just installed the CMS, and they\\u2019re setting things up for the content editors this very moment. Soon Localhost will be an oasis of fresh perspectives, sharp analyses, and astute opinions that will keep you coming back again and again.<\\/p>\"}}', '2015-12-04 00:22:47', '2015-12-04 00:22:47', '77641d04-7b62-445e-a763-629335b3e7b6'),
 ('4', '2', '1', '1', 'en_us', '3', '', '{\"typeId\":null,\"authorId\":null,\"title\":\"Welcome to Localhost!\",\"slug\":\"homepage\",\"postDate\":1449188566,\"expiryDate\":null,\"enabled\":1,\"parentId\":null,\"fields\":{\"1\":\"<p>It\\u2019s true, this site doesn\\u2019t have a whole lot of content yet, but don\\u2019t worry. Our web developers have just installed the CMS, and they\\u2019re setting things up for the content editors this very moment. Soon Localhost will be an oasis of fresh perspectives, sharp analyses, and astute opinions that will keep you coming back again and again.<\\/p>\"}}', '2015-12-04 19:59:00', '2015-12-04 19:59:00', '1881b981-1f8c-4079-b80a-130957b7a008'),
 ('5', '2', '1', '1', 'en_us', '4', '', '{\"typeId\":null,\"authorId\":null,\"title\":\"Welcome to Oakland, California\",\"slug\":\"homepage\",\"postDate\":1449188566,\"expiryDate\":null,\"enabled\":1,\"parentId\":null,\"fields\":{\"1\":\"<p>It\\u2019s true, this site doesn\\u2019t have a whole lot of content yet, but don\\u2019t worry. Our web developers have just installed the CMS, and they\\u2019re setting things up for the content editors this very moment. Soon Localhost will be an oasis of fresh perspectives, sharp analyses, and astute opinions that will keep you coming back again and again.<\\/p>\"}}', '2015-12-04 20:00:47', '2015-12-04 20:00:47', '304aaaae-69f0-43d4-b83e-e4ddc25eeb4f'),
 ('6', '2', '1', '1', 'en_us', '5', '', '{\"typeId\":null,\"authorId\":null,\"title\":\"Welcome to Oakland, California\",\"slug\":\"homepage\",\"postDate\":1449188566,\"expiryDate\":null,\"enabled\":1,\"parentId\":null,\"fields\":{\"1\":\"<p>It\\u2019s true, this site doesn\\u2019t have a whole lot of content yet, but don\\u2019t worry. Our web developers have just installed the CMS, and they\\u2019re setting things up for the content editors this very moment. Soon Localhost will be an oasis of fresh perspectives, sharp analyses, and astute opinions that will keep you coming back again and again.<\\/p>\"}}', '2015-12-04 20:00:49', '2015-12-04 20:00:49', 'ff0b6884-2964-47e3-aa49-832ecd5846bc'),
 ('7', '2', '1', '1', 'en_us', '6', '', '{\"typeId\":null,\"authorId\":null,\"title\":\"Welcome to Oakland, California\",\"slug\":\"homepage\",\"postDate\":1449188566,\"expiryDate\":null,\"enabled\":1,\"parentId\":null,\"fields\":{\"1\":\"<p>It\\u2019s true, this site doesn\\u2019t have a whole lot of content yet, but don\\u2019t worry. Our web developers have just installed the CMS, and they\\u2019re setting things up for the content editors this very moment. Soon Localhost will be an oasis of fresh perspectives, sharp analyses, and astute opinions that will keep you coming back again and again.<\\/p>\"}}', '2015-12-04 20:00:53', '2015-12-04 20:00:53', 'd5a99cad-5074-49de-8927-3daec5e9acfc'),
 ('9', '5', '3', '1', 'en_us', '1', NULL, '{\"typeId\":null,\"authorId\":null,\"title\":\"Parking\",\"slug\":\"parking\",\"postDate\":1449259693,\"expiryDate\":null,\"enabled\":1,\"parentId\":null,\"fields\":[]}', '2015-12-04 20:08:13', '2015-12-04 20:08:13', '04e043de-d01b-4b5c-924b-e89baebf0b36'),
 ('10', '6', '3', '1', 'en_us', '1', '', '{\"typeId\":null,\"authorId\":\"1\",\"title\":\"Pay a Parking Ticket\",\"slug\":\"pay-a-parking-ticket\",\"postDate\":1449259713,\"expiryDate\":null,\"enabled\":1,\"parentId\":\"5\",\"fields\":[]}', '2015-12-04 20:08:33', '2015-12-04 20:08:33', '93f0ca39-6762-4c7c-941c-14655e3730f4'),
 ('11', '6', '3', '1', 'en_us', '2', '', '{\"typeId\":\"3\",\"authorId\":\"1\",\"title\":\"Pay a Parking Ticket\",\"slug\":\"pay-a-parking-ticket\",\"postDate\":1449259680,\"expiryDate\":null,\"enabled\":1,\"parentId\":\"5\",\"fields\":{\"1\":\"<h2 id=\\\"what-you-need-to-know\\\">What You Need to Know<\\/h2>\\r\\n\\r\\n<ul>\\r\\n  <li>You can pay online using Visa, MasterCard, Discover or American Express<\\/li>\\r\\n  <li>You have 21 days after the date the ticket was written to make a payment.<\\/li>\\r\\n<\\/ul>\\r\\n\\r\\n\\r\\n\\r\\n<h2 id=\\\"ways-to-pay\\\">Ways to Pay<\\/h2>\\r\\n\\r\\n\\r\\n\\r\\n\\r\\n\\r\\n<h3 id=\\\"in-person\\\">In Person<\\/h3>\\r\\n\\r\\n\\r\\n\\r\\n\\r\\n\\r\\n<p>You can pay your ticket at the Parking Citation Assistance Center.<\\/p>\\r\\n\\r\\n\\r\\n\\r\\n\\r\\n\\r\\n<table>\\r\\n<thead>\\r\\n<tr><th>Location<\\/th><th>Hours<\\/th><\\/tr>\\r\\n<\\/thead>\\r\\n<tbody>\\r\\n<tr><td style=\\\"background-color:white\\\">\\r\\nParking Citation Assistance Center\\r\\n250 Frank H. Ogawa Plaza, Suite 6300\\r\\nOakland, CA 94612\\r\\nPhone: (800) 500-6484\\r\\n<\\/td><td>\\r\\nMondays, Tuesdays, Thursdays and Fridays from 9 a.m. to 4:30 p.m.\\r\\nWednesdays from 9:30 a.m. to 4:30 p.m.\\r\\n<\\/td><\\/tr>\\r\\n<\\/tbody>\\r\\n<\\/table>\\r\\n\\r\\n\\r\\n\\r\\n\\r\\n\\r\\n<p><strong>Additional locations:<\\/strong><\\/p>\\r\\n\\r\\n\\r\\n\\r\\n\\r\\n\\r\\n<ul>\\r\\n  <li>Parking ticket payment kiosks at 250 Frank H. Ogawa Plaza, Monday through Friday from 8:30 a.m. to 5 p.m.<\\/li>\\r\\n  <li>Eastmont Police Substation, 2651 73rd Avenue, Monday through Saturday from 8:00 a.m. to 4 p.m.<\\/li>\\r\\n<\\/ul>\\r\\n\\r\\n\\r\\n\\r\\n\\r\\n\\r\\n<h3 id=\\\"by-mail\\\">By Mail<\\/h3>\\r\\n\\r\\n\\r\\n\\r\\n\\r\\n\\r\\n<p>Mail your parking ticket and the full payment to:<\\/p>\\r\\n\\r\\n\\r\\n\\r\\n\\r\\n\\r\\n<p>Parking Citation Assistance Center<\\/p>\\r\\n\\r\\n\\r\\n\\r\\n\\r\\n\\r\\n<p>250 Frank H. Ogawa Plaza, Suite 6300<\\/p>\\r\\n\\r\\n\\r\\n\\r\\n\\r\\n\\r\\n<p>Oakland, CA 94612<\\/p><p><br><\\/p>\\r\\n\\r\\n\\r\\n\\r\\n\\r\\n\\r\\n<h3 id=\\\"by-phone\\\">By Phone<\\/h3>\\r\\n\\r\\n\\r\\n\\r\\n\\r\\n\\r\\n<table>\\r\\n<thead>\\r\\n<tr><th>Location<\\/th><th>Methods of Payment<\\/th><\\/tr>\\r\\n<\\/thead>\\r\\n<tbody>\\r\\n<tr><td style=\\\"background-color:white\\\">\\r\\nParking Citation Assistance Center\\r\\nPhone: (800) 500-6484\\r\\n<\\/td><td>\\r\\nCredit cards: Visa, Mastercard, Discover or American Express\\r\\n<\\/td><\\/tr>\\r\\n<\\/tbody>\\r\\n<\\/table>\",\"3\":\"Pay your Parking Ticket\",\"4\":\"This page provides information on how to pay a parking ticket in the City of Oakland\"}}', '2015-12-04 20:17:11', '2015-12-04 20:17:11', 'a3bf4edd-920b-452f-8cd6-965e4ba73c5a'),
 ('12', '6', '3', '1', 'en_us', '3', '', '{\"typeId\":\"3\",\"authorId\":\"1\",\"title\":\"Pay a Parking Ticket\",\"slug\":\"pay-a-parking-ticket\",\"postDate\":1449259680,\"expiryDate\":null,\"enabled\":1,\"parentId\":\"5\",\"fields\":{\"1\":\"<h2 id=\\\"what-you-need-to-know\\\">What You Need to Know<\\/h2>\\r\\n\\r\\n<ul>\\r\\n  <li>You can pay online using Visa, MasterCard, Discover or American Express<\\/li>\\r\\n  <li>You have 21 days after the date the ticket was written to make a payment.<\\/li>\\r\\n<\\/ul>\\r\\n\\r\\n\\r\\n\\r\\n\\r\\n\\r\\n<h2 id=\\\"ways-to-pay\\\">Ways to Pay<\\/h2>\\r\\n\\r\\n\\r\\n\\r\\n\\r\\n\\r\\n\\r\\n\\r\\n<h3 id=\\\"in-person\\\">In Person<\\/h3>\\r\\n\\r\\n\\r\\n\\r\\n\\r\\n\\r\\n\\r\\n\\r\\n<p>You can pay your ticket at the Parking Citation Assistance Center.<\\/p>\\r\\n\\r\\n\\r\\n\\r\\n\\r\\n\\r\\n\\r\\n\\r\\n<table>\\r\\n<thead>\\r\\n<tr><th>Location<\\/th><th>Hours<\\/th><\\/tr>\\r\\n<\\/thead>\\r\\n<tbody>\\r\\n<tr><td style=\\\"background-color:white\\\">\\r\\nParking Citation Assistance Center\\r\\n250 Frank H. Ogawa Plaza, Suite 6300\\r\\nOakland, CA 94612\\r\\nPhone: (800) 500-6484\\r\\n<\\/td><td>\\r\\nMondays, Tuesdays, Thursdays and Fridays from 9 a.m. to 4:30 p.m.\\r\\nWednesdays from 9:30 a.m. to 4:30 p.m.\\r\\n<\\/td><\\/tr>\\r\\n<\\/tbody>\\r\\n<\\/table>\\r\\n\\r\\n\\r\\n\\r\\n\\r\\n\\r\\n\\r\\n\\r\\n<p><strong>Additional locations:<\\/strong><\\/p>\\r\\n\\r\\n\\r\\n\\r\\n\\r\\n\\r\\n\\r\\n\\r\\n<ul>\\r\\n  <li>Parking ticket payment kiosks at 250 Frank H. Ogawa Plaza, Monday through Friday from 8:30 a.m. to 5 p.m.<\\/li>\\r\\n  <li>Eastmont Police Substation, 2651 73rd Avenue, Monday through Saturday from 8:00 a.m. to 4 p.m.<\\/li>\\r\\n<\\/ul>\\r\\n\\r\\n\\r\\n\\r\\n\\r\\n\\r\\n\\r\\n\\r\\n<h3 id=\\\"by-mail\\\">By Mail<\\/h3>\\r\\n\\r\\n\\r\\n\\r\\n\\r\\n\\r\\n\\r\\n\\r\\n<p>Mail your parking ticket and the full payment to:<\\/p>\\r\\n\\r\\n\\r\\n\\r\\n\\r\\n\\r\\n\\r\\n\\r\\n<p>Parking Citation Assistance Center<\\/p>\\r\\n\\r\\n\\r\\n\\r\\n\\r\\n\\r\\n\\r\\n\\r\\n<p>250 Frank H. Ogawa Plaza, Suite 6300<\\/p>\\r\\n\\r\\n\\r\\n\\r\\n\\r\\n\\r\\n\\r\\n\\r\\n<p>Oakland, CA 94612<\\/p>\\r\\n\\r\\n<p><br><\\/p>\\r\\n\\r\\n\\r\\n\\r\\n\\r\\n\\r\\n\\r\\n\\r\\n<h3 id=\\\"by-phone\\\">By Phone<\\/h3>\\r\\n\\r\\n\\r\\n\\r\\n\\r\\n\\r\\n\\r\\n\\r\\n<table>\\r\\n<thead>\\r\\n<tr><th>Location<\\/th><th>Methods of Payment<\\/th><\\/tr>\\r\\n<\\/thead>\\r\\n<tbody>\\r\\n<tr><td style=\\\"background-color:white\\\">\\r\\nParking Citation Assistance Center\\r\\nPhone: (800) 500-6484\\r\\n<\\/td><td>\\r\\nCredit cards: Visa, Mastercard, Discover or American Express\\r\\n<\\/td><\\/tr>\\r\\n<\\/tbody>\\r\\n<\\/table>\",\"5\":\"https:\\/\\/prodpci.etimspayments.com\\/pbw\\/include\\/oakland\\/input.jsp\",\"3\":\"Pay your Parking Ticket\",\"4\":\"This page provides information on how to pay a parking ticket in the City of Oakland\"}}', '2015-12-04 20:19:03', '2015-12-04 20:19:03', '62cf062f-3404-41c7-abdf-4c3d4506f90e'),
 ('13', '6', '3', '1', 'en_us', '4', '', '{\"typeId\":\"3\",\"authorId\":\"1\",\"title\":\"Pay a Parking Ticket\",\"slug\":\"pay-a-parking-ticket\",\"postDate\":1449259680,\"expiryDate\":null,\"enabled\":1,\"parentId\":\"5\",\"fields\":{\"1\":\"<h2 id=\\\"what-you-need-to-know\\\">What You Need to Know<\\/h2>\\r\\n\\r\\n<ul>\\r\\n  <li>You can pay online using Visa, MasterCard, Discover or American Express<\\/li>\\r\\n  <li>You have 21 days after the date the ticket was written to make a payment.<\\/li>\\r\\n<\\/ul>\\r\\n\\r\\n\\r\\n\\r\\n\\r\\n\\r\\n\\r\\n\\r\\n<h2 id=\\\"ways-to-pay\\\">Ways to Pay<\\/h2>\\r\\n\\r\\n\\r\\n\\r\\n\\r\\n\\r\\n\\r\\n\\r\\n\\r\\n\\r\\n<h3 id=\\\"in-person\\\">In Person<\\/h3>\\r\\n\\r\\n\\r\\n\\r\\n\\r\\n\\r\\n\\r\\n\\r\\n\\r\\n\\r\\n<p>You can pay your ticket at the Parking Citation Assistance Center.<\\/p>\\r\\n\\r\\n\\r\\n\\r\\n\\r\\n\\r\\n\\r\\n\\r\\n\\r\\n\\r\\n<table>\\r\\n<thead>\\r\\n<tr><th>Location<\\/th><th>Hours<\\/th><\\/tr>\\r\\n<\\/thead>\\r\\n<tbody>\\r\\n<tr><td style=\\\"background-color:white\\\">\\r\\nParking Citation Assistance Center\\r\\n250 Frank H. Ogawa Plaza, Suite 6300\\r\\nOakland, CA 94612\\r\\nPhone: (800) 500-6484\\r\\n<\\/td><td>\\r\\nMondays, Tuesdays, Thursdays and Fridays from 9 a.m. to 4:30 p.m.\\r\\nWednesdays from 9:30 a.m. to 4:30 p.m.\\r\\n<\\/td><\\/tr>\\r\\n<\\/tbody>\\r\\n<\\/table>\\r\\n\\r\\n\\r\\n\\r\\n\\r\\n\\r\\n\\r\\n\\r\\n\\r\\n\\r\\n<p><strong>Additional locations:<\\/strong><\\/p>\\r\\n\\r\\n\\r\\n\\r\\n\\r\\n\\r\\n\\r\\n\\r\\n\\r\\n\\r\\n<ul>\\r\\n  <li>Parking ticket payment kiosks at 250 Frank H. Ogawa Plaza, Monday through Friday from 8:30 a.m. to 5 p.m.<\\/li>\\r\\n  <li>Eastmont Police Substation, 2651 73rd Avenue, Monday through Saturday from 8:00 a.m. to 4 p.m.<\\/li>\\r\\n<\\/ul>\\r\\n\\r\\n\\r\\n\\r\\n\\r\\n\\r\\n\\r\\n\\r\\n\\r\\n\\r\\n<h3 id=\\\"by-mail\\\">By Mail<\\/h3>\\r\\n\\r\\n\\r\\n\\r\\n\\r\\n\\r\\n\\r\\n\\r\\n\\r\\n\\r\\n<p>Mail your parking ticket and the full payment to:<\\/p>\\r\\n\\r\\n\\r\\n\\r\\n\\r\\n\\r\\n\\r\\n\\r\\n\\r\\n\\r\\n<p>Parking Citation Assistance Center<\\/p>\\r\\n\\r\\n\\r\\n\\r\\n\\r\\n\\r\\n\\r\\n\\r\\n\\r\\n\\r\\n<p>250 Frank H. Ogawa Plaza, Suite 6300<\\/p>\\r\\n\\r\\n\\r\\n\\r\\n\\r\\n\\r\\n\\r\\n\\r\\n\\r\\n\\r\\n<p>Oakland, CA 94612<\\/p>\\r\\n\\r\\n\\r\\n\\r\\n<p><br><\\/p>\\r\\n\\r\\n\\r\\n\\r\\n\\r\\n\\r\\n\\r\\n\\r\\n\\r\\n\\r\\n<h3 id=\\\"by-phone\\\">By Phone<\\/h3>\\r\\n\\r\\n\\r\\n\\r\\n\\r\\n\\r\\n\\r\\n\\r\\n\\r\\n\\r\\n<table>\\r\\n<thead>\\r\\n<tr><th>Location<\\/th><th>Methods of Payment<\\/th><\\/tr>\\r\\n<\\/thead>\\r\\n<tbody>\\r\\n<tr><td style=\\\"background-color:white\\\">\\r\\nParking Citation Assistance Center\\r\\nPhone: (800) 500-6484\\r\\n<\\/td><td>\\r\\nCredit cards: Visa, Mastercard, Discover or American Express\\r\\n<\\/td><\\/tr>\\r\\n<\\/tbody>\\r\\n<\\/table>\",\"5\":\"https:\\/\\/prodpci.etimspayments.com\\/pbw\\/include\\/oakland\\/input.jsp\",\"3\":\"Pay your Parking Ticket\",\"4\":\"This page provides information on how to pay a parking ticket in the City of Oakland\"}}', '2015-12-04 20:19:10', '2015-12-04 20:19:10', '973677e3-4a3a-4960-a5d8-8e254b913b76'),
 ('14', '5', '3', '1', 'en_us', '2', '', '{\"typeId\":\"4\",\"authorId\":\"1\",\"title\":\"Parking\",\"slug\":\"parking\",\"postDate\":1449259680,\"expiryDate\":null,\"enabled\":1,\"parentId\":\"\",\"fields\":[]}', '2015-12-04 20:26:06', '2015-12-04 20:26:06', '0f3756cb-49a8-418a-8583-8b0c25967762'),
 ('15', '5', '3', '1', 'en_us', '3', '', '{\"typeId\":\"4\",\"authorId\":\"1\",\"title\":\"Parking\",\"slug\":\"parking\",\"postDate\":1449259680,\"expiryDate\":null,\"enabled\":1,\"parentId\":\"\",\"fields\":{\"4\":\"Including parking permits and paying parking citations\"}}', '2015-12-04 21:34:11', '2015-12-04 21:34:11', '013ad01e-24e3-4c5b-b3a3-c71dc5a7a2c1'),
 ('16', '6', '3', '1', 'en_us', '5', '', '{\"typeId\":\"3\",\"authorId\":\"1\",\"title\":\"Pay a Parking Ticket\",\"slug\":\"pay-a-parking-ticket\",\"postDate\":1449259680,\"expiryDate\":null,\"enabled\":1,\"parentId\":\"5\",\"fields\":{\"1\":\"<h2 id=\\\"what-you-need-to-know\\\">What You Need to Know<\\/h2>\\r\\n\\r\\n<ul>\\r\\n  <li>You can pay online using Visa, MasterCard, Discover or American Express<\\/li>\\r\\n  <li>You have 21 days after the date the ticket was written to make a payment.<\\/li>\\r\\n<\\/ul>\\r\\n\\r\\n\\r\\n\\r\\n\\r\\n\\r\\n\\r\\n\\r\\n\\r\\n\\r\\n<h2 id=\\\"ways-to-pay\\\">Ways to Pay<\\/h2>\\r\\n\\r\\n\\r\\n\\r\\n\\r\\n\\r\\n\\r\\n\\r\\n\\r\\n\\r\\n\\r\\n\\r\\n<h3 id=\\\"in-person\\\">In Person<\\/h3>\\r\\n\\r\\n\\r\\n\\r\\n\\r\\n\\r\\n\\r\\n\\r\\n\\r\\n\\r\\n\\r\\n\\r\\n<p>You can pay your ticket at the Parking Citation Assistance Center.<\\/p>\\r\\n\\r\\n\\r\\n\\r\\n\\r\\n\\r\\n\\r\\n\\r\\n\\r\\n\\r\\n\\r\\n\\r\\n<table>\\r\\n<thead>\\r\\n<tr><th>Location<\\/th><th>Hours<\\/th><\\/tr>\\r\\n<\\/thead>\\r\\n<tbody>\\r\\n<tr><td style=\\\"background-color:white\\\">\\r\\nParking Citation Assistance Center\\r\\n250 Frank H. Ogawa Plaza, Suite 6300\\r\\nOakland, CA 94612\\r\\nPhone: (800) 500-6484\\r\\n<\\/td><td>\\r\\nMondays, Tuesdays, Thursdays and Fridays from 9 a.m. to 4:30 p.m.\\r\\nWednesdays from 9:30 a.m. to 4:30 p.m.\\r\\n<\\/td><\\/tr>\\r\\n<\\/tbody>\\r\\n<\\/table>\\r\\n\\r\\n\\r\\n\\r\\n\\r\\n\\r\\n\\r\\n\\r\\n\\r\\n\\r\\n\\r\\n\\r\\n<p><strong>Additional locations:<\\/strong><\\/p>\\r\\n\\r\\n\\r\\n\\r\\n\\r\\n\\r\\n\\r\\n\\r\\n\\r\\n\\r\\n\\r\\n\\r\\n<ul>\\r\\n  <li>Parking ticket payment kiosks at 250 Frank H. Ogawa Plaza, Monday through Friday from 8:30 a.m. to 5 p.m.<\\/li>\\r\\n  <li>Eastmont Police Substation, 2651 73rd Avenue, Monday through Saturday from 8:00 a.m. to 4 p.m.<\\/li>\\r\\n<\\/ul>\\r\\n\\r\\n\\r\\n\\r\\n\\r\\n\\r\\n\\r\\n\\r\\n\\r\\n\\r\\n\\r\\n\\r\\n<h3 id=\\\"by-mail\\\">By Mail<\\/h3>\\r\\n\\r\\n\\r\\n\\r\\n\\r\\n\\r\\n\\r\\n\\r\\n\\r\\n\\r\\n\\r\\n\\r\\n<p>Mail your parking ticket and the full payment to:<\\/p>\\r\\n\\r\\n\\r\\n\\r\\n\\r\\n\\r\\n\\r\\n\\r\\n\\r\\n\\r\\n\\r\\n\\r\\n<p>Parking Citation Assistance Center<\\/p>\\r\\n\\r\\n\\r\\n\\r\\n\\r\\n\\r\\n\\r\\n\\r\\n\\r\\n\\r\\n\\r\\n\\r\\n<p>250 Frank H. Ogawa Plaza, Suite 6300<\\/p>\\r\\n\\r\\n\\r\\n\\r\\n\\r\\n\\r\\n\\r\\n\\r\\n\\r\\n\\r\\n\\r\\n\\r\\n<p>Oakland, CA 94612<\\/p>\\r\\n\\r\\n\\r\\n\\r\\n\\r\\n\\r\\n<p><br><\\/p>\\r\\n\\r\\n\\r\\n\\r\\n\\r\\n\\r\\n\\r\\n\\r\\n\\r\\n\\r\\n\\r\\n\\r\\n<h3 id=\\\"by-phone\\\">By Phone<\\/h3>\\r\\n\\r\\n\\r\\n\\r\\n\\r\\n\\r\\n\\r\\n\\r\\n\\r\\n\\r\\n\\r\\n\\r\\n<table>\\r\\n<thead>\\r\\n<tr><th>Location<\\/th><th>Methods of Payment<\\/th><\\/tr>\\r\\n<\\/thead>\\r\\n<tbody>\\r\\n<tr><td style=\\\"background-color:white\\\">\\r\\nParking Citation Assistance Center\\r\\nPhone: (800) 500-6484\\r\\n<\\/td><td>\\r\\nCredit cards: Visa, Mastercard, Discover or American Express\\r\\n<\\/td><\\/tr>\\r\\n<\\/tbody>\\r\\n<\\/table>\",\"5\":\"https:\\/\\/prodpci.etimspayments.com\\/pbw\\/include\\/oakland\\/input.jsp\",\"3\":\"Pay your Parking Ticket Online\",\"4\":\"This page provides information on how to pay a parking ticket in the City of Oakland\"}}', '2015-12-04 22:53:13', '2015-12-04 22:53:13', 'bff54630-038a-4d97-a94a-229bcc5b5234'),
 ('17', '6', '3', '1', 'en_us', '6', '', '{\"typeId\":\"3\",\"authorId\":\"1\",\"title\":\"Pay a Parking Ticket\",\"slug\":\"pay-a-parking-ticket\",\"postDate\":1449259680,\"expiryDate\":null,\"enabled\":1,\"parentId\":\"5\",\"fields\":{\"1\":\"<h2 id=\\\"what-you-need-to-know\\\">What You Need to Know<\\/h2>\\r\\n\\r\\n<ul>\\r\\n  <li>You can pay online using Visa, MasterCard, Discover or American Express<\\/li>\\r\\n  <li>You have 21 days after the date the ticket was written to make a payment.<\\/li>\\r\\n<\\/ul>\\r\\n\\r\\n\\r\\n\\r\\n\\r\\n\\r\\n\\r\\n\\r\\n\\r\\n\\r\\n\\r\\n\\r\\n<h2 id=\\\"ways-to-pay\\\">Ways to Pay<\\/h2>\\r\\n\\r\\n\\r\\n\\r\\n\\r\\n\\r\\n\\r\\n\\r\\n\\r\\n\\r\\n\\r\\n\\r\\n\\r\\n\\r\\n<h3 id=\\\"in-person\\\">In Person<\\/h3>\\r\\n\\r\\n\\r\\n\\r\\n\\r\\n\\r\\n\\r\\n\\r\\n\\r\\n\\r\\n\\r\\n\\r\\n\\r\\n\\r\\n<p>You can pay your ticket at the Parking Citation Assistance Center.<\\/p>\\r\\n\\r\\n\\r\\n\\r\\n\\r\\n\\r\\n\\r\\n\\r\\n\\r\\n\\r\\n\\r\\n\\r\\n\\r\\n\\r\\n<table>\\r\\n<thead>\\r\\n<tr><th>Location<\\/th><th>Hours<\\/th><\\/tr>\\r\\n<\\/thead>\\r\\n<tbody>\\r\\n<tr><td style=\\\"background-color:white\\\">\\r\\nParking Citation Assistance Center\\r\\n250 Frank H. Ogawa Plaza, Suite 6300\\r\\nOakland, CA 94612\\r\\nPhone: (800) 500-6484\\r\\n<\\/td><td>\\r\\nMondays, Tuesdays, Thursdays and Fridays from 9 a.m. to 4:30 p.m.\\r\\nWednesdays from 9:30 a.m. to 4:30 p.m.\\r\\n<\\/td><\\/tr>\\r\\n<\\/tbody>\\r\\n<\\/table>\\r\\n\\r\\n\\r\\n\\r\\n\\r\\n\\r\\n\\r\\n\\r\\n\\r\\n\\r\\n\\r\\n\\r\\n\\r\\n\\r\\n<p><strong>Additional locations:<\\/strong><\\/p>\\r\\n\\r\\n\\r\\n\\r\\n\\r\\n\\r\\n\\r\\n\\r\\n\\r\\n\\r\\n\\r\\n\\r\\n\\r\\n\\r\\n<ul>\\r\\n  <li>Parking ticket payment kiosks at 250 Frank H. Ogawa Plaza, Monday through Friday from 8:30 a.m. to 5 p.m.<\\/li>\\r\\n  <li>Eastmont Police Substation, 2651 73rd Avenue, Monday through Saturday from 8:00 a.m. to 4 p.m.<\\/li>\\r\\n<\\/ul>\\r\\n\\r\\n\\r\\n\\r\\n\\r\\n\\r\\n\\r\\n\\r\\n\\r\\n\\r\\n\\r\\n\\r\\n\\r\\n\\r\\n<h3 id=\\\"by-mail\\\">By Mail<\\/h3>\\r\\n\\r\\n\\r\\n\\r\\n\\r\\n\\r\\n\\r\\n\\r\\n\\r\\n\\r\\n\\r\\n\\r\\n\\r\\n\\r\\n<p>Mail your parking ticket and the full payment to:<\\/p>\\r\\n\\r\\n\\r\\n\\r\\n\\r\\n\\r\\n\\r\\n\\r\\n\\r\\n\\r\\n\\r\\n\\r\\n\\r\\n\\r\\n<p>Parking Citation Assistance Center<\\/p>\\r\\n\\r\\n\\r\\n\\r\\n\\r\\n\\r\\n\\r\\n\\r\\n\\r\\n\\r\\n\\r\\n\\r\\n\\r\\n\\r\\n<p>250 Frank H. Ogawa Plaza, Suite 6300<\\/p>\\r\\n\\r\\n\\r\\n\\r\\n\\r\\n\\r\\n\\r\\n\\r\\n\\r\\n\\r\\n\\r\\n\\r\\n\\r\\n\\r\\n<p>Oakland, CA 94612<\\/p>\\r\\n\\r\\n\\r\\n\\r\\n\\r\\n\\r\\n\\r\\n\\r\\n<p><br><\\/p>\\r\\n\\r\\n\\r\\n\\r\\n\\r\\n\\r\\n\\r\\n\\r\\n\\r\\n\\r\\n\\r\\n\\r\\n\\r\\n\\r\\n<h3 id=\\\"by-phone\\\">By Phone<\\/h3>\\r\\n\\r\\n\\r\\n\\r\\n\\r\\n\\r\\n\\r\\n\\r\\n\\r\\n\\r\\n\\r\\n\\r\\n\\r\\n\\r\\n<table>\\r\\n<thead>\\r\\n<tr><th>Location<\\/th><th>Methods of Payment<\\/th><\\/tr>\\r\\n<\\/thead>\\r\\n<tbody>\\r\\n<tr><td style=\\\"background-color:white\\\">\\r\\nParking Citation Assistance Center\\r\\nPhone: (800) 500-6484\\r\\n<\\/td><td>\\r\\nCredit cards: Visa, Mastercard, Discover or American Express\\r\\n<\\/td><\\/tr>\\r\\n<\\/tbody>\\r\\n<\\/table>\",\"5\":\"https:\\/\\/prodpci.etimspayments.com\\/pbw\\/include\\/oakland\\/input.jsp\",\"3\":\"Pay your ticket online\",\"4\":\"This page provides information on how to pay a parking ticket in the City of Oakland\"}}', '2015-12-04 22:55:25', '2015-12-04 22:55:25', 'c2175907-6a09-4e56-9bd3-90c58757105e'),
 ('18', '6', '3', '1', 'en_us', '7', '', '{\"typeId\":\"3\",\"authorId\":\"1\",\"title\":\"Pay a Parking Ticket\",\"slug\":\"pay-a-parking-ticket\",\"postDate\":1449259680,\"expiryDate\":null,\"enabled\":1,\"parentId\":\"5\",\"fields\":{\"1\":{\"new1\":{\"type\":\"mainBody\",\"enabled\":\"1\",\"fields\":{\"text\":\"\"}},\"new2\":{\"type\":\"table\",\"enabled\":\"1\",\"fields\":{\"table\":[{\"col1\":\"\"}]}}},\"5\":\"https:\\/\\/prodpci.etimspayments.com\\/pbw\\/include\\/oakland\\/input.jsp\",\"3\":\"Pay your ticket online\",\"4\":\"This page provides information on how to pay a parking ticket in the City of Oakland\"}}', '2015-12-04 23:22:29', '2015-12-04 23:22:29', '6080dc91-062f-4eb2-b75d-b146e4464179'),
 ('19', '6', '3', '1', 'en_us', '8', '', '{\"typeId\":\"3\",\"authorId\":\"1\",\"title\":\"Pay a Parking Ticket\",\"slug\":\"pay-a-parking-ticket\",\"postDate\":1449259680,\"expiryDate\":null,\"enabled\":1,\"parentId\":\"5\",\"fields\":{\"1\":{\"7\":{\"type\":\"text\",\"enabled\":\"1\",\"fields\":{\"text\":\"<h2>What You Need to Know<\\/h2>\\r\\n\\r\\n<p>You can pay online using Visa, MasterCard, Discover or American Express<br>You have 21 days after the date the ticket was written to make a payment.<br>Ways to Pay<\\/p>\\r\\n\\r\\n<h2>In Person<\\/h2>\\r\\n\\r\\n<p>You can pay your ticket at the Parking Citation Assistance Center<\\/p>\"}},\"8\":{\"type\":\"table\",\"enabled\":\"1\",\"fields\":{\"table\":[{\"col1\":\"Location\"},{\"col1\":\"Parking Citation Assistance Center 250 Frank H. Ogawa Plaza, Suite 6300 Oakland, CA 94612 Phone: (800) 500-6484\"}]}}},\"5\":\"https:\\/\\/prodpci.etimspayments.com\\/pbw\\/include\\/oakland\\/input.jsp\",\"3\":\"Pay your ticket online\",\"4\":\"This page provides information on how to pay a parking ticket in the City of Oakland\"}}', '2015-12-04 23:27:11', '2015-12-04 23:27:11', 'cda50ac3-df0e-4f94-9d6f-08f1ce29fb60'),
 ('20', '6', '3', '1', 'en_us', '9', '', '{\"typeId\":\"3\",\"authorId\":\"1\",\"title\":\"Pay a Parking Ticket\",\"slug\":\"pay-a-parking-ticket\",\"postDate\":1449259680,\"expiryDate\":null,\"enabled\":1,\"parentId\":\"5\",\"fields\":{\"1\":{\"7\":{\"type\":\"text\",\"enabled\":\"1\",\"fields\":{\"text\":\"<h2>What You Need to Know<\\/h2>\\r\\n\\r\\n<p>You can pay online using Visa, MasterCard, Discover or American Express<br>You have 21 days after the date the ticket was written to make a payment.<br>Ways to Pay<\\/p>\\r\\n\\r\\n\\r\\n\\r\\n<h2>In Person<\\/h2>\\r\\n\\r\\n\\r\\n\\r\\n<p>You can pay your ticket at the Parking Citation Assistance Center<\\/p>\"}},\"8\":{\"type\":\"table\",\"enabled\":\"1\",\"fields\":{\"table\":[{\"col1\":\"Location\"},{\"col1\":\"Parking Citation Assistance Center 250 Frank H. Ogawa Plaza, Suite 6300 Oakland, CA 94612 Phone: (800) 500-6484\"}]}}},\"5\":\"https:\\/\\/prodpci.etimspayments.com\\/pbw\\/include\\/oakland\\/input.jsp\",\"3\":\"Pay your ticket online\",\"4\":\"This page provides information on how to pay a parking ticket in the City of Oakland\"}}', '2015-12-04 23:28:57', '2015-12-04 23:28:57', 'cd5fa6fd-58d8-4ef1-a1f0-b48b1ef939cf'),
 ('21', '6', '3', '1', 'en_us', '10', '', '{\"typeId\":\"3\",\"authorId\":\"1\",\"title\":\"Pay a Parking Ticket\",\"slug\":\"pay-a-parking-ticket\",\"postDate\":1449259680,\"expiryDate\":null,\"enabled\":1,\"parentId\":\"5\",\"fields\":{\"1\":{\"7\":{\"type\":\"text\",\"enabled\":\"1\",\"fields\":{\"text\":\"<h2>What You Need to Know<\\/h2>\\r\\n\\r\\n<ul><li>You can pay online using Visa, MasterCard, Discover or American Express<\\/li><li>You have 21 days after the date the ticket was written to make a payment.<\\/li><\\/ul><h2>Ways to Pay<\\/h2>\\r\\n\\r\\n\\r\\n\\r\\n\\r\\n\\r\\n<h3>In Person<\\/h3>\\r\\n\\r\\n\\r\\n\\r\\n\\r\\n\\r\\n<p>You can pay your ticket at the Parking Citation Assistance Center<\\/p>\"}},\"8\":{\"type\":\"table\",\"enabled\":\"1\",\"fields\":{\"table\":\"{\\\"columns\\\":{\\\"col1\\\":{\\\"heading\\\":\\\"Location\\\",\\\"width\\\":\\\"\\\",\\\"align\\\":\\\"left\\\"},\\\"col2\\\":{\\\"heading\\\":\\\"Hours\\\",\\\"width\\\":\\\"\\\",\\\"align\\\":\\\"left\\\"}},\\\"rows\\\":{\\\"row1\\\":{\\\"col1\\\":\\\"Parking Citation Assistance Center 250 Frank H. Ogawa Plaza, Suite 6300 Oakland, CA 94612 Phone: (800) 500-6484\\\",\\\"col2\\\":\\\"Mondays, Tuesdays, Thursdays and Fridays from 9 a.m. to 4:30 p.m. Wednesdays from 9:30 a.m. to 4:30 p.m.\\\"}}}\",\"columns\":{\"col1\":{\"heading\":\"Location\",\"width\":\"\",\"align\":\"left\"},\"col2\":{\"heading\":\"Hours\",\"width\":\"\",\"align\":\"left\"}},\"rows\":{\"row1\":{\"col1\":\"Parking Citation Assistance Center 250 Frank H. Ogawa Plaza, Suite 6300 Oakland, CA 94612 Phone: (800) 500-6484\",\"col2\":\"Mondays, Tuesdays, Thursdays and Fridays from 9 a.m. to 4:30 p.m. Wednesdays from 9:30 a.m. to 4:30 p.m.\"}}}},\"new1\":{\"type\":\"text\",\"enabled\":\"1\",\"fields\":{\"text\":\"<h4>Additional locations:<\\/h4><p><br>Parking ticket payment kiosks at 250 Frank H. Ogawa Plaza, Monday through Friday from 8:30 a.m. to 5 p.m.<br>Eastmont Police Substation, 2651 73rd Avenue, Monday through Saturday from 8:00 a.m. to 4 p.m.<\\/p><h3><br>By Mail<\\/h3>\\r\\n\\r\\n<p>Mail your parking ticket and the full payment to:<\\/p><p><br>Parking Citation Assistance Center<br>250 Frank H. Ogawa Plaza, Suite 6300<br>Oakland, CA 94612<\\/p><h3><br>By Phone<\\/h3>\"}},\"new2\":{\"type\":\"table\",\"enabled\":\"1\",\"fields\":{\"table\":\"{\\\"columns\\\":{\\\"col1\\\":{\\\"heading\\\":\\\"Location\\\",\\\"width\\\":\\\"\\\",\\\"align\\\":\\\"left\\\"},\\\"col2\\\":{\\\"heading\\\":\\\"Methods of Payment\\\",\\\"width\\\":\\\"\\\",\\\"align\\\":\\\"left\\\"}},\\\"rows\\\":{\\\"row1\\\":{\\\"col1\\\":\\\"Parking Citation Assistance Center Phone: (800) 500-6484\\\",\\\"col2\\\":\\\"Credit cards: Visa, Mastercard, Discover or American Express\\\"}}}\",\"columns\":{\"col1\":{\"heading\":\"Location\",\"width\":\"\",\"align\":\"left\"},\"col2\":{\"heading\":\"Methods of Payment\",\"width\":\"\",\"align\":\"left\"}},\"rows\":{\"row1\":{\"col1\":\"Parking Citation Assistance Center Phone: (800) 500-6484\",\"col2\":\"Credit cards: Visa, Mastercard, Discover or American Express\"}}}}},\"5\":\"https:\\/\\/prodpci.etimspayments.com\\/pbw\\/include\\/oakland\\/input.jsp\",\"3\":\"Pay your ticket online\",\"4\":\"This page provides information on how to pay a parking ticket in the City of Oakland\"}}', '2015-12-04 23:37:15', '2015-12-04 23:37:15', 'd4d54b1a-8d4f-4dad-856e-3c2968524249'),
 ('22', '6', '3', '1', 'en_us', '11', '', '{\"typeId\":\"3\",\"authorId\":\"1\",\"title\":\"Pay a Parking Ticket\",\"slug\":\"pay-a-parking-ticket\",\"postDate\":1449259680,\"expiryDate\":null,\"enabled\":1,\"parentId\":\"5\",\"fields\":{\"1\":{\"7\":{\"type\":\"text\",\"enabled\":\"1\",\"fields\":{\"text\":\"<h2>What You Need to Know<\\/h2>\\r\\n\\r\\n<ul><li>You can pay online using Visa, MasterCard, Discover or American Express<\\/li><li>You have 21 days after the date the ticket was written to make a payment.<\\/li><\\/ul>\\r\\n\\r\\n\\r\\n\\r\\n\\r\\n\\r\\n<h2>Ways to Pay<\\/h2>\\r\\n\\r\\n\\r\\n\\r\\n\\r\\n\\r\\n\\r\\n\\r\\n\\r\\n\\r\\n\\r\\n\\r\\n<h3>In Person<\\/h3>\\r\\n\\r\\n\\r\\n\\r\\n\\r\\n\\r\\n\\r\\n\\r\\n\\r\\n\\r\\n\\r\\n\\r\\n<p>You can pay your ticket at the Parking Citation Assistance Center<\\/p>\"}},\"8\":{\"type\":\"table\",\"enabled\":\"1\",\"fields\":{\"table\":\"{\\\"columns\\\":{\\\"col0\\\":{\\\"heading\\\":\\\"Location\\\",\\\"width\\\":\\\"\\\",\\\"align\\\":\\\"left\\\"},\\\"col1\\\":{\\\"heading\\\":\\\"Hours\\\",\\\"width\\\":\\\"\\\",\\\"align\\\":\\\"left\\\"}},\\\"rows\\\":{\\\"row0\\\":{\\\"col0\\\":\\\"Parking Citation Assistance Center 250 Frank H. Ogawa Plaza, Suite 6300 Oakland, CA 94612 Phone: (800) 500-6484\\\",\\\"col1\\\":\\\"Mondays, Tuesdays, Thursdays and Fridays from 9 a.m. to 4:30 p.m. Wednesdays from 9:30 a.m. to 4:30 p.m.\\\"}}}\",\"columns\":{\"col0\":{\"heading\":\"Location\",\"width\":\"\",\"align\":\"left\"},\"col1\":{\"heading\":\"Hours\",\"width\":\"\",\"align\":\"left\"}},\"rows\":{\"row0\":{\"col0\":\"Parking Citation Assistance Center 250 Frank H. Ogawa Plaza, Suite 6300 Oakland, CA 94612 Phone: (800) 500-6484\",\"col1\":\"Mondays, Tuesdays, Thursdays and Fridays from 9 a.m. to 4:30 p.m. Wednesdays from 9:30 a.m. to 4:30 p.m.\"}}}},\"9\":{\"type\":\"text\",\"enabled\":\"1\",\"fields\":{\"text\":\"<h4>Additional locations:<\\/h4>\\r\\n\\r\\n<p>Parking ticket payment kiosks at 250 Frank H. Ogawa Plaza, Monday through Friday from 8:30 a.m. to 5 p.m.<br>Eastmont Police Substation, 2651 73rd Avenue, Monday through Saturday from 8:00 a.m. to 4 p.m.<\\/p>\\r\\n\\r\\n\\r\\n\\r\\n<h3><br>By Mail<\\/h3>\\r\\n\\r\\n\\r\\n\\r\\n\\r\\n\\r\\n<p>Mail your parking ticket and the full payment to:<\\/p>\\r\\n\\r\\n<p>Parking Citation Assistance Center<br>250 Frank H. Ogawa Plaza, Suite 6300<br>Oakland, CA 94612<\\/p>\\r\\n\\r\\n\\r\\n\\r\\n\\r\\n\\r\\n<h3><br>By Phone<\\/h3>\"}},\"10\":{\"type\":\"table\",\"enabled\":\"1\",\"fields\":{\"table\":\"{\\\"columns\\\":{\\\"col0\\\":{\\\"heading\\\":\\\"Location\\\",\\\"width\\\":\\\"\\\",\\\"align\\\":\\\"left\\\"},\\\"col1\\\":{\\\"heading\\\":\\\"Methods of Payment\\\",\\\"width\\\":\\\"\\\",\\\"align\\\":\\\"left\\\"}},\\\"rows\\\":{\\\"row0\\\":{\\\"col0\\\":\\\"Parking Citation Assistance Center Phone: (800) 500-6484\\\",\\\"col1\\\":\\\"Credit cards: Visa, Mastercard, Discover or American Express\\\"}}}\",\"columns\":{\"col0\":{\"heading\":\"Location\",\"width\":\"\",\"align\":\"left\"},\"col1\":{\"heading\":\"Methods of Payment\",\"width\":\"\",\"align\":\"left\"}},\"rows\":{\"row0\":{\"col0\":\"Parking Citation Assistance Center Phone: (800) 500-6484\",\"col1\":\"Credit cards: Visa, Mastercard, Discover or American Express\"}}}}},\"5\":\"https:\\/\\/prodpci.etimspayments.com\\/pbw\\/include\\/oakland\\/input.jsp\",\"3\":\"Pay your ticket online\",\"4\":\"This page provides information on how to pay a parking ticket in the City of Oakland\"}}', '2015-12-04 23:42:58', '2015-12-04 23:42:58', 'da960021-eca2-49a7-a119-8c2847f4fe38'),
 ('23', '6', '3', '1', 'en_us', '12', '', '{\"typeId\":\"3\",\"authorId\":\"1\",\"title\":\"Pay a Parking Ticket\",\"slug\":\"pay-a-parking-ticket\",\"postDate\":1449259680,\"expiryDate\":null,\"enabled\":1,\"parentId\":\"5\",\"fields\":{\"1\":{\"7\":{\"type\":\"text\",\"enabled\":\"1\",\"fields\":{\"text\":\"<h2>What You Need to Know<\\/h2>\\r\\n\\r\\n<ul><li>You can pay online using Visa, MasterCard, Discover or American Express<\\/li><li>You have 21 days after the date the ticket was written to make a payment.<\\/li><\\/ul>\\r\\n\\r\\n\\r\\n\\r\\n\\r\\n\\r\\n\\r\\n\\r\\n\\r\\n\\r\\n\\r\\n\\r\\n\\r\\n\\r\\n\\r\\n\\r\\n<h2>Ways to Pay<\\/h2>\\r\\n\\r\\n\\r\\n\\r\\n\\r\\n\\r\\n\\r\\n\\r\\n\\r\\n\\r\\n\\r\\n\\r\\n\\r\\n\\r\\n\\r\\n\\r\\n\\r\\n\\r\\n\\r\\n\\r\\n\\r\\n\\r\\n<h3>In Person<\\/h3>\\r\\n\\r\\n\\r\\n\\r\\n\\r\\n\\r\\n\\r\\n\\r\\n\\r\\n\\r\\n\\r\\n\\r\\n\\r\\n\\r\\n\\r\\n\\r\\n\\r\\n\\r\\n\\r\\n\\r\\n\\r\\n\\r\\n<p>You can pay your ticket at the Parking Citation Assistance Center<\\/p>\"}},\"8\":{\"type\":\"table\",\"enabled\":\"1\",\"fields\":{\"table\":\"{\\\"columns\\\":{\\\"col0\\\":{\\\"heading\\\":\\\"Location\\\",\\\"width\\\":\\\"\\\",\\\"align\\\":\\\"left\\\"},\\\"col1\\\":{\\\"heading\\\":\\\"Hours\\\",\\\"width\\\":\\\"\\\",\\\"align\\\":\\\"left\\\"}},\\\"rows\\\":{\\\"row0\\\":{\\\"col0\\\":\\\"Parking Citation Assistance Center 250 Frank H. Ogawa Plaza, Suite 6300 Oakland, CA 94612 Phone: (800) 500-6484\\\",\\\"col1\\\":\\\"Mondays, Tuesdays, Thursdays and Fridays from 9 a.m. to 4:30 p.m. Wednesdays from 9:30 a.m. to 4:30 p.m.\\\"}}}\",\"columns\":{\"col0\":{\"heading\":\"Location\",\"width\":\"\",\"align\":\"left\"},\"col1\":{\"heading\":\"Hours\",\"width\":\"\",\"align\":\"left\"}},\"rows\":{\"row0\":{\"col0\":\"Parking Citation Assistance Center 250 Frank H. Ogawa Plaza, Suite 6300 Oakland, CA 94612 Phone: (800) 500-6484\",\"col1\":\"Mondays, Tuesdays, Thursdays and Fridays from 9 a.m. to 4:30 p.m. Wednesdays from 9:30 a.m. to 4:30 p.m.\"}}}},\"9\":{\"type\":\"text\",\"enabled\":\"1\",\"fields\":{\"text\":\"<h4><\\/h4>\\r\\n\\r\\n<h4>Additional locations:<\\/h4>\\r\\n\\r\\n\\r\\n\\r\\n<p>Parking ticket payment kiosks at 250 Frank H. Ogawa Plaza, Monday through Friday from 8:30 a.m. to 5 p.m.<br>Eastmont Police Substation, 2651 73rd Avenue, Monday through Saturday from 8:00 a.m. to 4 p.m.<\\/p>\\r\\n\\r\\n\\r\\n\\r\\n\\r\\n\\r\\n\\r\\n\\r\\n\\r\\n\\r\\n\\r\\n\\r\\n\\r\\n\\r\\n<h3><br>By Mail<\\/h3>\\r\\n\\r\\n\\r\\n\\r\\n\\r\\n\\r\\n\\r\\n\\r\\n\\r\\n\\r\\n\\r\\n\\r\\n\\r\\n\\r\\n\\r\\n\\r\\n<p>Mail your parking ticket and the full payment to:<\\/p>\\r\\n\\r\\n\\r\\n\\r\\n\\r\\n\\r\\n\\r\\n\\r\\n\\r\\n\\r\\n\\r\\n\\r\\n<p>Parking Citation Assistance Center<br>250 Frank H. Ogawa Plaza, Suite 6300<br>Oakland, CA 94612<\\/p>\\r\\n\\r\\n\\r\\n\\r\\n\\r\\n\\r\\n\\r\\n\\r\\n\\r\\n\\r\\n\\r\\n\\r\\n\\r\\n\\r\\n\\r\\n\\r\\n<h3><br>By Phone<\\/h3>\"}},\"10\":{\"type\":\"table\",\"enabled\":\"1\",\"fields\":{\"table\":\"{\\\"columns\\\":{\\\"col0\\\":{\\\"heading\\\":\\\"Location\\\",\\\"width\\\":\\\"\\\",\\\"align\\\":\\\"left\\\"},\\\"col1\\\":{\\\"heading\\\":\\\"Methods of Payment\\\",\\\"width\\\":\\\"\\\",\\\"align\\\":\\\"left\\\"}},\\\"rows\\\":{\\\"row0\\\":{\\\"col0\\\":\\\"Parking Citation Assistance Center Phone: (800) 500-6484\\\",\\\"col1\\\":\\\"Credit cards: Visa, Mastercard, Discover or American Express\\\"}}}\",\"columns\":{\"col0\":{\"heading\":\"Location\",\"width\":\"\",\"align\":\"left\"},\"col1\":{\"heading\":\"Methods of Payment\",\"width\":\"\",\"align\":\"left\"}},\"rows\":{\"row0\":{\"col0\":\"Parking Citation Assistance Center Phone: (800) 500-6484\",\"col1\":\"Credit cards: Visa, Mastercard, Discover or American Express\"}}}}},\"5\":\"https:\\/\\/prodpci.etimspayments.com\\/pbw\\/include\\/oakland\\/input.jsp\",\"3\":\"Pay your ticket online\",\"4\":\"This page provides information on how to pay a parking ticket in the City of Oakland\"}}', '2015-12-04 23:48:13', '2015-12-04 23:48:13', '68d4bf55-cafe-40e1-894e-835ae865d4ff'),
 ('24', '6', '3', '1', 'en_us', '13', '', '{\"typeId\":\"3\",\"authorId\":\"1\",\"title\":\"Pay a Parking Ticket\",\"slug\":\"pay-a-parking-ticket\",\"postDate\":1449259680,\"expiryDate\":null,\"enabled\":1,\"parentId\":\"5\",\"fields\":{\"1\":\"<h2 id=\\\"what-you-need-to-know\\\">What You Need to Know<\\/h2>\\r\\n\\r\\n<ul>\\r\\n  <li>You can pay online using Visa, MasterCard, Discover or American Express<\\/li>\\r\\n  <li>You have 21 days after the date the ticket was written to make a payment.<\\/li>\\r\\n<\\/ul>\\r\\n\\r\\n\\r\\n\\r\\n\\r\\n\\r\\n<h2 id=\\\"ways-to-pay\\\">Ways to Pay<\\/h2>\\r\\n\\r\\n\\r\\n\\r\\n\\r\\n\\r\\n\\r\\n\\r\\n<h3 id=\\\"in-person\\\">In Person<\\/h3>\\r\\n\\r\\n\\r\\n\\r\\n\\r\\n\\r\\n\\r\\n\\r\\n<p>You can pay your ticket at the Parking Citation Assistance Center.<\\/p>\\r\\n\\r\\n\\r\\n\\r\\n\\r\\n\\r\\n\\r\\n\\r\\n<table>\\r\\n<thead>\\r\\n<tr><th>Location<\\/th><th>Hours<\\/th><\\/tr>\\r\\n<\\/thead>\\r\\n<tbody>\\r\\n<tr><td style=\\\"background-color:white\\\">\\r\\nParking Citation Assistance Center\\r\\n250 Frank H. Ogawa Plaza, Suite 6300\\r\\nOakland, CA 94612\\r\\nPhone: (800) 500-6484\\r\\n<\\/td><td>\\r\\nMondays, Tuesdays, Thursdays and Fridays from 9 a.m. to 4:30 p.m.\\r\\nWednesdays from 9:30 a.m. to 4:30 p.m.\\r\\n<\\/td><\\/tr>\\r\\n<\\/tbody>\\r\\n<\\/table>\\r\\n\\r\\n\\r\\n\\r\\n\\r\\n\\r\\n\\r\\n\\r\\n<p><strong>Additional locations:<\\/strong><\\/p>\\r\\n\\r\\n\\r\\n\\r\\n\\r\\n\\r\\n\\r\\n\\r\\n<ul>\\r\\n  <li>Parking ticket payment kiosks at 250 Frank H. Ogawa Plaza, Monday through Friday from 8:30 a.m. to 5 p.m.<\\/li>\\r\\n  <li>Eastmont Police Substation, 2651 73rd Avenue, Monday through Saturday from 8:00 a.m. to 4 p.m.<\\/li>\\r\\n<\\/ul>\\r\\n\\r\\n\\r\\n\\r\\n\\r\\n\\r\\n\\r\\n\\r\\n<h3 id=\\\"by-mail\\\">By Mail<\\/h3>\\r\\n\\r\\n\\r\\n\\r\\n\\r\\n\\r\\n\\r\\n\\r\\n<p>Mail your parking ticket and the full payment to:<\\/p>\\r\\n\\r\\n\\r\\n\\r\\n\\r\\n\\r\\n\\r\\n\\r\\n<p>Parking Citation Assistance Center<\\/p>\\r\\n\\r\\n\\r\\n\\r\\n\\r\\n\\r\\n\\r\\n\\r\\n<p>250 Frank H. Ogawa Plaza, Suite 6300<\\/p>\\r\\n\\r\\n\\r\\n\\r\\n\\r\\n\\r\\n\\r\\n\\r\\n<p>Oakland, CA 94612<\\/p>\\r\\n\\r\\n\\r\\n\\r\\n\\r\\n\\r\\n\\r\\n\\r\\n<h3 id=\\\"by-phone\\\">By Phone<\\/h3>\\r\\n\\r\\n\\r\\n\\r\\n\\r\\n\\r\\n\\r\\n\\r\\n<table>\\r\\n<thead>\\r\\n<tr><th>Location<\\/th><th>Methods of Payment<\\/th><\\/tr>\\r\\n<\\/thead>\\r\\n<tbody>\\r\\n<tr><td style=\\\"background-color:white\\\">\\r\\nParking Citation Assistance Center\\r\\nPhone: (800) 500-6484\\r\\n<\\/td><td>\\r\\nCredit cards: Visa, Mastercard, Discover or American Express\\r\\n<\\/td><\\/tr>\\r\\n<\\/tbody>\\r\\n<\\/table>\",\"5\":\"https:\\/\\/prodpci.etimspayments.com\\/pbw\\/include\\/oakland\\/input.jsp\",\"3\":\"Pay your ticket online\",\"4\":\"This page provides information on how to pay a parking ticket in the City of Oakland\"}}', '2015-12-05 00:33:38', '2015-12-05 00:33:38', 'b9f8eac0-a841-4271-bc84-40e4f4752413'),
 ('25', '6', '3', '1', 'en_us', '14', '', '{\"typeId\":\"3\",\"authorId\":\"1\",\"title\":\"Pay a Parking Ticket\",\"slug\":\"pay-a-parking-ticket\",\"postDate\":1449259680,\"expiryDate\":null,\"enabled\":1,\"parentId\":\"5\",\"fields\":{\"1\":\"<h2 id=\\\"what-you-need-to-know\\\">What You Need to Know<\\/h2>\\r\\n\\r\\n<ul>\\r\\n  <li>You can pay online using Visa, MasterCard, Discover or American Express<\\/li>\\r\\n  <li>You have 21 days after the date the ticket was written to make a payment.<\\/li>\\r\\n<\\/ul>\\r\\n\\r\\n\\r\\n\\r\\n\\r\\n\\r\\n\\r\\n\\r\\n\\r\\n\\r\\n\\r\\n\\r\\n<h2 id=\\\"ways-to-pay\\\">Ways to Pay<\\/h2>\\r\\n\\r\\n\\r\\n\\r\\n\\r\\n\\r\\n\\r\\n\\r\\n\\r\\n\\r\\n\\r\\n\\r\\n\\r\\n\\r\\n<h3 id=\\\"in-person\\\">In Person<\\/h3>\\r\\n\\r\\n\\r\\n\\r\\n\\r\\n\\r\\n\\r\\n\\r\\n\\r\\n\\r\\n\\r\\n\\r\\n\\r\\n\\r\\n<p>You can pay your ticket at the Parking Citation Assistance Center.<\\/p>\\r\\n\\r\\n\\r\\n\\r\\n\\r\\n\\r\\n\\r\\n\\r\\n\\r\\n\\r\\n\\r\\n\\r\\n\\r\\n\\r\\n<table>\\r\\n<thead>\\r\\n<tr><th>Location<\\/th><th>Hours<\\/th><\\/tr>\\r\\n<\\/thead>\\r\\n<tbody>\\r\\n<tr><td style=\\\"background-color:white\\\">\\r\\nParking Citation Assistance Center\\r\\n250 Frank H. Ogawa Plaza, Suite 6300\\r\\nOakland, CA 94612\\r\\nPhone: (800) 500-6484\\r\\n<\\/td><td>\\r\\nMondays, Tuesdays, Thursdays and Fridays from 9 a.m. to 4:30 p.m.\\r\\nWednesdays from 9:30 a.m. to 4:30 p.m.\\r\\n<\\/td><\\/tr>\\r\\n<\\/tbody>\\r\\n<\\/table>\\r\\n\\r\\n\\r\\n\\r\\n\\r\\n\\r\\n\\r\\n\\r\\n\\r\\n\\r\\n\\r\\n\\r\\n\\r\\n\\r\\n<p><strong>Additional locations:<\\/strong><\\/p>\\r\\n\\r\\n\\r\\n\\r\\n\\r\\n\\r\\n\\r\\n\\r\\n\\r\\n\\r\\n\\r\\n\\r\\n\\r\\n\\r\\n<ul>\\r\\n  <li>Parking ticket payment kiosks at 250 Frank H. Ogawa Plaza, Monday through Friday from 8:30 a.m. to 5 p.m.<\\/li>\\r\\n  <li>Eastmont Police Substation, 2651 73rd Avenue, Monday through Saturday from 8:00 a.m. to 4 p.m.<\\/li>\\r\\n<\\/ul>\\r\\n\\r\\n\\r\\n\\r\\n\\r\\n\\r\\n\\r\\n\\r\\n\\r\\n\\r\\n\\r\\n\\r\\n\\r\\n\\r\\n<h3 id=\\\"by-mail\\\">By Mail<\\/h3>\\r\\n\\r\\n\\r\\n\\r\\n\\r\\n\\r\\n\\r\\n\\r\\n\\r\\n\\r\\n\\r\\n\\r\\n\\r\\n\\r\\n<p>Mail your parking ticket and the full payment to:<\\/p>\\r\\n\\r\\n\\r\\n\\r\\n\\r\\n\\r\\n\\r\\n\\r\\n\\r\\n\\r\\n\\r\\n\\r\\n\\r\\n\\r\\n<p>Parking Citation Assistance Center<\\/p>\\r\\n\\r\\n\\r\\n\\r\\n\\r\\n\\r\\n\\r\\n\\r\\n\\r\\n\\r\\n\\r\\n\\r\\n\\r\\n\\r\\n<p>250 Frank H. Ogawa Plaza, Suite 6300<\\/p>\\r\\n\\r\\n\\r\\n\\r\\n\\r\\n\\r\\n\\r\\n\\r\\n\\r\\n\\r\\n\\r\\n\\r\\n\\r\\n\\r\\n<p>Oakland, CA 94612<\\/p>\\r\\n\\r\\n\\r\\n\\r\\n\\r\\n\\r\\n\\r\\n\\r\\n\\r\\n\\r\\n\\r\\n\\r\\n\\r\\n\\r\\n<h3 id=\\\"by-phone\\\">By Phone<\\/h3>\\r\\n\\r\\n\\r\\n\\r\\n\\r\\n\\r\\n\\r\\n\\r\\n\\r\\n\\r\\n\\r\\n\\r\\n\\r\\n\\r\\n<table>\\r\\n<thead>\\r\\n<tr><th>Location<\\/th><th>Methods of Payment<\\/th><\\/tr>\\r\\n<\\/thead>\\r\\n<tbody>\\r\\n<tr><td style=\\\"background-color:white\\\">\\r\\nParking Citation Assistance Center\\r\\nPhone: (800) 500-6484\\r\\n<\\/td><td>\\r\\nCredit cards: Visa, Mastercard, Discover or American Express\\r\\n<\\/td><\\/tr>\\r\\n<\\/tbody>\\r\\n<\\/table>\",\"5\":\"https:\\/\\/prodpci.etimspayments.com\\/pbw\\/include\\/oakland\\/input.jsp\",\"3\":\"Pay your ticket online\",\"4\":\"This page provides information on how to pay a parking ticket in the City of Oakland\"}}', '2015-12-05 00:40:55', '2015-12-05 00:40:55', '8272f282-55aa-4fa8-89eb-e19b204badff'),
 ('26', '11', '2', '1', 'en_us', '1', '', '{\"typeId\":null,\"authorId\":\"1\",\"title\":\"Free Parking on Plaid Friday & Saturdays until New Year\'s\",\"slug\":\"free-parking-on-plaid-friday-saturdays-until-new-years\",\"postDate\":1449775614,\"expiryDate\":null,\"enabled\":1,\"parentId\":null,\"fields\":{\"1\":\"<p>As part of the Shop Oakland Grown for the Holidays campaign, the City of Oakland will offer&nbsp;free parking every Saturday until New Year\'s Day plus Plaid Friday (November 27).&nbsp;The free parking applies to on-street meters (both individual meters and multi-space kiosks), four City-owned parking lots and four City-owned parking garages. Posted time limits&nbsp;at meters&nbsp;still apply.<\\/p>\",\"2\":\"\"}}', '2015-12-10 19:26:54', '2015-12-10 19:26:54', 'accd9455-2cf8-4165-a099-5f1b4f3f659e'),
 ('27', '12', '2', '1', 'en_us', '1', '', '{\"typeId\":null,\"authorId\":\"1\",\"title\":\"Oakland\\u2019s Minimum Wage Goes Up January 1, Deadline for noticing requirement is December 15\",\"slug\":\"oaklands-minimum-wage-goes-up-january-1-deadline-for-noticing-requirement-is-december-15\",\"postDate\":1449776225,\"expiryDate\":null,\"enabled\":1,\"parentId\":null,\"fields\":{\"1\":\"<p>Oakland\\u2019s Measure FF, a voter-enacted ballot measure passed in November 2014, provides annual increases to Oakland\\u2019s Minimum Wage based on the local Consumer Price Index (CPI). Effective January 1, 2016, the rate rises 30\\u00a2, from $12.25 to $12.55. The law requires that employers inform employees of the increase by December 15, 2015.<\\/p>\",\"2\":\"\"}}', '2015-12-10 19:37:05', '2015-12-10 19:37:05', '061ab6bd-a834-4421-9319-86f824065bc5'),
 ('28', '11', '2', '1', 'en_us', '2', '', '{\"typeId\":\"2\",\"authorId\":\"1\",\"title\":\"Free Parking on Plaid Friday & Saturdays until New Year\'s\",\"slug\":\"free-parking-on-plaid-friday-saturdays-until-new-years\",\"postDate\":1449775560,\"expiryDate\":null,\"enabled\":1,\"parentId\":null,\"fields\":{\"1\":\"<p>As part of the Shop Oakland Grown for the Holidays campaign, the City of Oakland will offer&nbsp;free parking every Saturday until New Year\'s Day plus Plaid Friday (November 27).&nbsp;The free parking applies to on-street meters (both individual meters and multi-space kiosks), four City-owned parking lots and four City-owned parking garages. Posted time limits&nbsp;at meters&nbsp;still apply.<\\/p>\",\"8\":{\"date\":\"12\\/9\\/2015\"},\"2\":\"\"}}', '2015-12-10 19:38:21', '2015-12-10 19:38:21', 'be4c5ee9-07c0-477c-ac14-94ffd440e818'),
 ('29', '12', '2', '1', 'en_us', '2', '', '{\"typeId\":\"2\",\"authorId\":\"1\",\"title\":\"Oakland\\u2019s Minimum Wage Goes Up January 1, Deadline for noticing requirement is December 15\",\"slug\":\"oaklands-minimum-wage-goes-up-january-1-deadline-for-noticing-requirement-is-december-15\",\"postDate\":1449776220,\"expiryDate\":null,\"enabled\":1,\"parentId\":null,\"fields\":{\"1\":\"<p>Oakland\\u2019s Measure FF, a voter-enacted ballot measure passed in November 2014, provides annual increases to Oakland\\u2019s Minimum Wage based on the local Consumer Price Index (CPI). Effective January 1, 2016, the rate rises 30\\u00a2, from $12.25 to $12.55. The law requires that employers inform employees of the increase by December 15, 2015.<\\/p>\",\"8\":{\"date\":\"12\\/9\\/2015\"},\"2\":\"\"}}', '2015-12-10 19:38:26', '2015-12-10 19:38:26', '469a8644-936c-42b0-a40a-c85f2cbbd62b'),
 ('30', '13', '4', '1', 'en_us', '1', '', '{\"typeId\":null,\"authorId\":\"1\",\"title\":\"Parking\",\"slug\":\"parking\",\"postDate\":1449777167,\"expiryDate\":null,\"enabled\":1,\"parentId\":null,\"fields\":{\"10\":\"Service to the public is our sole reason for existence. Oakland Public Works plans, builds and maintains Oakland\\u2019s physical and environmental infrastructure for the residents, businesses and visitors of the city, making it a sustainable and desirable place to live, work, invest and visit.\",\"12\":\"<p><strong>Brooke A. Levin<\\/strong><br>Director of Oakland Public Works<\\/p>\",\"13\":\"\",\"11\":[\"5\"],\"9\":\"Service to the public is our sole reason for existence.\"}}', '2015-12-10 19:52:47', '2015-12-10 19:52:47', '668c4616-2a4c-4087-b85a-49fd1377b24d'),
 ('31', '13', '4', '1', 'en_us', '2', '', '{\"typeId\":\"5\",\"authorId\":\"1\",\"title\":\"Public Works\",\"slug\":\"parking\",\"postDate\":1449777120,\"expiryDate\":null,\"enabled\":1,\"parentId\":null,\"fields\":{\"10\":\"Service to the public is our sole reason for existence. Oakland Public Works plans, builds and maintains Oakland\\u2019s physical and environmental infrastructure for the residents, businesses and visitors of the city, making it a sustainable and desirable place to live, work, invest and visit.\",\"12\":\"<p><strong>Brooke A. Levin<\\/strong><br>Director of Oakland Public Works<\\/p>\",\"13\":\"\",\"11\":[\"5\"],\"9\":\"Service to the public is our sole reason for existence.\"}}', '2015-12-10 19:54:39', '2015-12-10 19:54:39', '834ac640-5a83-4796-b561-801ff77fd0f5'),
 ('32', '13', '4', '1', 'en_us', '3', '', '{\"typeId\":\"5\",\"authorId\":\"1\",\"title\":\"Public Works\",\"slug\":\"public-works\",\"postDate\":1449777120,\"expiryDate\":null,\"enabled\":1,\"parentId\":null,\"fields\":{\"10\":\"Service to the public is our sole reason for existence. Oakland Public Works plans, builds and maintains Oakland\\u2019s physical and environmental infrastructure for the residents, businesses and visitors of the city, making it a sustainable and desirable place to live, work, invest and visit.\",\"12\":\"<p><strong>Brooke A. Levin<\\/strong><br>Director of Oakland Public Works<\\/p>\",\"13\":\"\",\"11\":[\"5\"],\"9\":\"Service to the public is our sole reason for existence.\"}}', '2015-12-10 19:54:47', '2015-12-10 19:54:47', '7ae5f15e-e1ea-4f1f-b912-769aa04f5f5f'),
 ('33', '2', '1', '1', 'en_us', '7', '', '{\"typeId\":null,\"authorId\":null,\"title\":\"Home\",\"slug\":\"homepage\",\"postDate\":1449188566,\"expiryDate\":null,\"enabled\":1,\"parentId\":null,\"fields\":{\"1\":\"<p>The best place to find information and services from the City of Oakland.<\\/p>\"}}', '2015-12-10 20:04:28', '2015-12-10 20:04:28', 'b2d3e76c-be77-43cd-92ec-4b8758472108'),
 ('34', '11', '2', '1', 'en_us', '3', '', '{\"typeId\":\"2\",\"authorId\":\"1\",\"title\":\"Free Parking on Plaid Friday & Saturdays until New Year\'s\",\"slug\":\"free-parking-on-plaid-friday-saturdays-until-new-years\",\"postDate\":1449775560,\"expiryDate\":null,\"enabled\":1,\"parentId\":null,\"fields\":{\"1\":\"<p>As part of the Shop Oakland Grown for the Holidays campaign, the City of Oakland will offer&nbsp;free parking every Saturday until New Year\'s Day plus Plaid Friday (November 27).&nbsp;The free parking applies to on-street meters (both individual meters and multi-space kiosks), four City-owned parking lots and four City-owned parking garages. Posted time limits&nbsp;at meters&nbsp;still apply.<\\/p>\",\"14\":[\"13\"],\"8\":{\"date\":\"12\\/9\\/2015\"},\"2\":\"\"}}', '2015-12-10 22:50:31', '2015-12-10 22:50:31', 'd3377224-e5a1-4d8c-8a77-528b81d09031'),
 ('35', '12', '2', '1', 'en_us', '3', '', '{\"typeId\":\"2\",\"authorId\":\"1\",\"title\":\"Oakland\\u2019s Minimum Wage Goes Up January 1, Deadline for noticing requirement is December 15\",\"slug\":\"oaklands-minimum-wage-goes-up-january-1-deadline-for-noticing-requirement-is-december-15\",\"postDate\":1449776220,\"expiryDate\":null,\"enabled\":1,\"parentId\":null,\"fields\":{\"1\":\"<p>Oakland\\u2019s Measure FF, a voter-enacted ballot measure passed in November 2014, provides annual increases to Oakland\\u2019s Minimum Wage based on the local Consumer Price Index (CPI). Effective January 1, 2016, the rate rises 30\\u00a2, from $12.25 to $12.55. The law requires that employers inform employees of the increase by December 15, 2015.<\\/p>\",\"14\":[\"13\"],\"8\":{\"date\":\"12\\/9\\/2015\"},\"2\":\"\"}}', '2015-12-10 22:52:59', '2015-12-10 22:52:59', 'b691984c-0013-4ba5-b79b-cfe27b9fa06b'),
 ('36', '11', '2', '1', 'en_us', '4', '', '{\"typeId\":\"2\",\"authorId\":\"1\",\"title\":\"Free Parking on Plaid Friday & Saturdays until New Year\'s\",\"slug\":\"free-parking-on-plaid-friday-saturdays-until-new-years\",\"postDate\":1449775560,\"expiryDate\":null,\"enabled\":1,\"parentId\":null,\"fields\":{\"1\":\"<p>As part of the Shop Oakland Grown for the Holidays campaign, the City of Oakland will offer&nbsp;free parking every Saturday until New Year\'s Day plus Plaid Friday (November 27).&nbsp;The free parking applies to on-street meters (both individual meters and multi-space kiosks), four City-owned parking lots and four City-owned parking garages. Posted time limits&nbsp;at meters&nbsp;still apply.<\\/p>\",\"14\":[\"13\"],\"8\":{\"date\":\"12\\/9\\/2015\"},\"9\":\"As part of the Shop Oakland Grown for the Holidays campaign, the City of Oakland will offer free parking every Saturday until New Year\'s Day plus Plaid Friday (November 27). The free parking applies to on-street meters (both individual meters and multi-space kiosks), four City-owned parking lots and four City-owned parking garages. Posted time limits at meters still apply.\",\"2\":\"\"}}', '2015-12-10 22:58:01', '2015-12-10 22:58:01', '841da547-fb3d-49f0-873d-abcc4dc7ef3a'),
 ('37', '12', '2', '1', 'en_us', '4', '', '{\"typeId\":\"2\",\"authorId\":\"1\",\"title\":\"Oakland\\u2019s Minimum Wage Goes Up January 1, Deadline for noticing requirement is December 15\",\"slug\":\"oaklands-minimum-wage-goes-up-january-1-deadline-for-noticing-requirement-is-december-15\",\"postDate\":1449776220,\"expiryDate\":null,\"enabled\":1,\"parentId\":null,\"fields\":{\"1\":\"<p>Oakland\\u2019s Measure FF, a voter-enacted ballot measure passed in November 2014, provides annual increases to Oakland\\u2019s Minimum Wage based on the local Consumer Price Index (CPI). Effective January 1, 2016, the rate rises 30\\u00a2, from $12.25 to $12.55. The law requires that employers inform employees of the increase by December 15, 2015.<\\/p>\",\"14\":[\"13\"],\"8\":{\"date\":\"12\\/9\\/2015\"},\"9\":\"Oakland\\u2019s Measure FF, a voter-enacted ballot measure passed in November 2014, provides annual increases to Oakland\\u2019s Minimum Wage based on the local Consumer Price Index (CPI). Effective January 1, 2016, the rate rises 30\\u00a2, from $12.25 to $12.55. The law requires that employers inform employees of the increase by December 15, 2015.\",\"2\":\"\"}}', '2015-12-10 22:58:16', '2015-12-10 22:58:16', 'f0808321-b6eb-4208-aca4-1f73f1f1d7c0'),
 ('38', '15', '4', '1', 'en_us', '1', '', '{\"typeId\":null,\"authorId\":\"1\",\"title\":\"Planning and Zoning\",\"slug\":\"planning-and-zoning\",\"postDate\":1449790082,\"expiryDate\":null,\"enabled\":1,\"parentId\":null,\"fields\":{\"10\":\"\",\"12\":\"\",\"13\":\"\",\"11\":\"\",\"9\":\"\"}}', '2015-12-10 23:28:02', '2015-12-10 23:28:02', '4e91a072-9225-4cf2-84a7-a40083bbe125'),
 ('39', '16', '4', '1', 'en_us', '1', '', '{\"typeId\":null,\"authorId\":\"1\",\"title\":\"Human Resources\",\"slug\":\"human-resources\",\"postDate\":1449790093,\"expiryDate\":null,\"enabled\":1,\"parentId\":null,\"fields\":{\"10\":\"\",\"12\":\"\",\"13\":\"\",\"11\":\"\",\"9\":\"\"}}', '2015-12-10 23:28:13', '2015-12-10 23:28:13', '467df017-0249-4e38-ab0a-da529557113b'),
 ('40', '17', '4', '1', 'en_us', '1', '', '{\"typeId\":null,\"authorId\":\"1\",\"title\":\"Police Department\",\"slug\":\"police-department\",\"postDate\":1449790287,\"expiryDate\":null,\"enabled\":1,\"parentId\":null,\"fields\":{\"10\":\"\",\"12\":\"\",\"13\":\"\",\"11\":\"\",\"9\":\"\"}}', '2015-12-10 23:31:27', '2015-12-10 23:31:27', '4e240161-8aef-4f10-8f73-c3d6c9401e70'),
 ('41', '18', '4', '1', 'en_us', '1', '', '{\"typeId\":null,\"authorId\":\"1\",\"title\":\"Housing\",\"slug\":\"housing\",\"postDate\":1449790292,\"expiryDate\":null,\"enabled\":1,\"parentId\":null,\"fields\":{\"10\":\"\",\"12\":\"\",\"13\":\"\",\"11\":\"\",\"9\":\"\"}}', '2015-12-10 23:31:32', '2015-12-10 23:31:32', 'eba1b05b-2ddf-4bec-9a20-6d525d5ad1c2'),
 ('42', '19', '4', '1', 'en_us', '1', '', '{\"typeId\":null,\"authorId\":\"1\",\"title\":\"Mayor\'s Office\",\"slug\":\"mayors-office\",\"postDate\":1449791507,\"expiryDate\":null,\"enabled\":1,\"parentId\":null,\"fields\":{\"10\":\"\",\"12\":\"\",\"13\":\"\",\"11\":\"\",\"9\":\"\"}}', '2015-12-10 23:51:48', '2015-12-10 23:51:48', '27ef9a5d-b984-450e-8caf-2d6b6e7ddb0d'),
 ('43', '19', '4', '1', 'en_us', '2', '', '{\"typeId\":\"5\",\"authorId\":\"1\",\"title\":\"Mayor\'s Office\",\"slug\":\"mayors-office\",\"postDate\":1449791460,\"expiryDate\":null,\"enabled\":1,\"parentId\":null,\"fields\":{\"10\":\"\",\"12\":\"<p><strong>Mayor Libby Schaaf<\\/strong><br>Oakland City Council<\\/p><p>She is an American Public Works Association Leadership Fellow with more than 30 years of public and private sector experience, including the past 22 years with the City of Oakland.<br><\\/p>\",\"13\":\"\",\"11\":\"\",\"9\":\"\"}}', '2015-12-10 23:52:40', '2015-12-10 23:52:40', 'e4cbea95-b8cb-45cd-80d1-86321ea18af2'),
 ('44', '2', '1', '1', 'en_us', '8', '', '{\"typeId\":null,\"authorId\":null,\"title\":\"Home\",\"slug\":\"homepage\",\"postDate\":1449188566,\"expiryDate\":null,\"enabled\":1,\"parentId\":null,\"fields\":{\"1\":\"<p>The best place to find information and services from the City of Oakland.<\\/p>\",\"15\":\"Welcome to the City of Oakland, California\"}}', '2015-12-10 23:59:38', '2015-12-10 23:59:38', 'd77ea9e8-4522-420e-9eb2-98ffe2837296'),
 ('45', '2', '1', '1', 'en_us', '9', '', '{\"typeId\":null,\"authorId\":null,\"title\":\"Home\",\"slug\":\"homepage\",\"postDate\":1449188566,\"expiryDate\":null,\"enabled\":1,\"parentId\":null,\"fields\":{\"1\":\"<p>The best place to find information and services from the City of Oakland.<\\/p>\",\"15\":\"Welcome to Oakland, California\"}}', '2015-12-10 23:59:56', '2015-12-10 23:59:56', '7e932211-3974-4a2b-abf5-f2f89606736a'),
 ('52', '2', '1', '1', 'en_us', '10', '', '{\"typeId\":null,\"authorId\":null,\"title\":\"Home\",\"slug\":\"homepage\",\"postDate\":1449188566,\"expiryDate\":null,\"enabled\":1,\"parentId\":null,\"fields\":{\"1\":\"<p>The best place to find information and services from the City of Oakland.<\\/p>\",\"16\":[\"32\"],\"15\":\"Welcome to Oakland, California\"}}', '2015-12-11 23:44:14', '2015-12-11 23:44:14', 'b68a97a0-399c-49d9-a76e-b8b0d0f55edc'),
 ('62', '6', '3', '1', 'en_us', '15', '', '{\"typeId\":\"3\",\"authorId\":\"1\",\"title\":\"Pay a Parking Ticket\",\"slug\":\"pay-a-parking-ticket\",\"postDate\":1449259680,\"expiryDate\":null,\"enabled\":1,\"parentId\":\"5\",\"fields\":{\"1\":\"<h2 id=\\\"what-you-need-to-know\\\">What You Need to Know<\\/h2>\\r\\n\\r\\n<ul>\\r\\n  <li>You can pay online using Visa, MasterCard, Discover or American Express<\\/li>\\r\\n  <li>You have 21 days after the date the ticket was written to make a payment.<\\/li>\\r\\n<\\/ul>\\r\\n\\r\\n\\r\\n\\r\\n\\r\\n\\r\\n\\r\\n\\r\\n\\r\\n\\r\\n\\r\\n\\r\\n\\r\\n\\r\\n<h2 id=\\\"ways-to-pay\\\">Ways to Pay<\\/h2>\\r\\n\\r\\n\\r\\n\\r\\n\\r\\n\\r\\n\\r\\n\\r\\n\\r\\n\\r\\n\\r\\n\\r\\n\\r\\n\\r\\n\\r\\n\\r\\n<h3 id=\\\"in-person\\\">In Person<\\/h3>\\r\\n\\r\\n\\r\\n\\r\\n\\r\\n\\r\\n\\r\\n\\r\\n\\r\\n\\r\\n\\r\\n\\r\\n\\r\\n\\r\\n\\r\\n\\r\\n<p>You can pay your ticket at the Parking Citation Assistance Center.<\\/p>\\r\\n\\r\\n\\r\\n\\r\\n\\r\\n\\r\\n\\r\\n\\r\\n\\r\\n\\r\\n\\r\\n\\r\\n\\r\\n\\r\\n\\r\\n\\r\\n<table>\\r\\n<thead>\\r\\n<tr><th>Location<\\/th><th>Hours<\\/th><\\/tr>\\r\\n<\\/thead>\\r\\n<tbody>\\r\\n<tr><td>\\r\\nParking Citation Assistance Center\\r\\n250 Frank H. Ogawa Plaza, Suite 6300\\r\\nOakland, CA 94612\\r\\nPhone: (800) 500-6484\\r\\n<\\/td><td>\\r\\nMondays, Tuesdays, Thursdays and Fridays from 9 a.m. to 4:30 p.m.\\r\\nWednesdays from 9:30 a.m. to 4:30 p.m.\\r\\n<\\/td><\\/tr>\\r\\n<\\/tbody>\\r\\n<\\/table>\\r\\n\\r\\n\\r\\n\\r\\n\\r\\n\\r\\n\\r\\n\\r\\n\\r\\n\\r\\n\\r\\n\\r\\n\\r\\n\\r\\n\\r\\n\\r\\n<p><strong>Additional locations:<\\/strong><\\/p>\\r\\n\\r\\n\\r\\n\\r\\n\\r\\n\\r\\n\\r\\n\\r\\n\\r\\n\\r\\n\\r\\n\\r\\n\\r\\n\\r\\n\\r\\n\\r\\n<ul>\\r\\n  <li>Parking ticket payment kiosks at 250 Frank H. Ogawa Plaza, Monday through Friday from 8:30 a.m. to 5 p.m.<\\/li>\\r\\n  <li>Eastmont Police Substation, 2651 73rd Avenue, Monday through Saturday from 8:00 a.m. to 4 p.m.<\\/li>\\r\\n<\\/ul>\\r\\n\\r\\n\\r\\n\\r\\n\\r\\n\\r\\n\\r\\n\\r\\n\\r\\n\\r\\n\\r\\n\\r\\n\\r\\n\\r\\n\\r\\n\\r\\n<h3 id=\\\"by-mail\\\">By Mail<\\/h3>\\r\\n\\r\\n\\r\\n\\r\\n\\r\\n\\r\\n\\r\\n\\r\\n\\r\\n\\r\\n\\r\\n\\r\\n\\r\\n\\r\\n\\r\\n\\r\\n<p>Mail your parking tickets&nbsp;and the full payment to:<\\/p>\\r\\n\\r\\n\\r\\n\\r\\n\\r\\n\\r\\n\\r\\n\\r\\n\\r\\n\\r\\n\\r\\n\\r\\n\\r\\n\\r\\n\\r\\n\\r\\n<p>Parking Citation Assistance Center<\\/p>\\r\\n\\r\\n\\r\\n\\r\\n\\r\\n\\r\\n\\r\\n\\r\\n\\r\\n\\r\\n\\r\\n\\r\\n\\r\\n\\r\\n\\r\\n\\r\\n<p>250 Frank H. Ogawa Plaza, Suite 6300<\\/p>\\r\\n\\r\\n\\r\\n\\r\\n\\r\\n\\r\\n\\r\\n\\r\\n\\r\\n\\r\\n\\r\\n\\r\\n\\r\\n\\r\\n\\r\\n\\r\\n<p>Oakland, CA 94612<\\/p>\\r\\n\\r\\n\\r\\n\\r\\n\\r\\n\\r\\n\\r\\n\\r\\n\\r\\n\\r\\n\\r\\n\\r\\n\\r\\n\\r\\n\\r\\n\\r\\n<h3 id=\\\"by-phone\\\">By Phone<\\/h3>\\r\\n\\r\\n\\r\\n\\r\\n\\r\\n\\r\\n\\r\\n\\r\\n\\r\\n\\r\\n\\r\\n\\r\\n\\r\\n\\r\\n\\r\\n\\r\\n<table>\\r\\n<thead>\\r\\n<tr><th>Location<\\/th><th>Methods of Payment<\\/th><\\/tr>\\r\\n<\\/thead>\\r\\n<tbody>\\r\\n<tr><td>\\r\\nParking Citation Assistance Center\\r\\nPhone: (800) 500-6484\\r\\n<\\/td><td>\\r\\nCredit cards: Visa, Mastercard, Discover or American Express\\r\\n<\\/td><\\/tr>\\r\\n<\\/tbody>\\r\\n<\\/table>\",\"5\":\"https:\\/\\/prodpci.etimspayments.com\\/pbw\\/include\\/oakland\\/input.jsp\",\"3\":\"Pay your ticket online\",\"4\":\"This page provides information on how to pay a parking ticket in the City of Oakland\"}}', '2015-12-16 22:01:22', '2015-12-16 22:01:22', 'ec76333d-b519-4bce-ba3f-5788946edf21'),
 ('72', '6', '3', '1', 'en_us', '16', '', '{\"typeId\":\"3\",\"authorId\":\"1\",\"title\":\"Pay a Parking Ticket\",\"slug\":\"pay-a-parking-ticket\",\"postDate\":1449259680,\"expiryDate\":null,\"enabled\":1,\"parentId\":\"5\",\"fields\":{\"1\":\"<h2 id=\\\"what-you-need-to-know\\\">What You Need to Know<\\/h2>\\r\\n\\r\\n<ul>\\r\\n  <li>You can pay online using Visa, MasterCard, Discover or American Express<\\/li>\\r\\n  <li>You have 21 days after the date the ticket was written to make a payment.<\\/li>\\r\\n<\\/ul>\\r\\n\\r\\n\\r\\n\\r\\n\\r\\n\\r\\n\\r\\n\\r\\n\\r\\n\\r\\n\\r\\n\\r\\n\\r\\n\\r\\n\\r\\n\\r\\n<h2 id=\\\"ways-to-pay\\\">Ways to Pay<\\/h2>\\r\\n\\r\\n\\r\\n\\r\\n\\r\\n\\r\\n\\r\\n\\r\\n\\r\\n\\r\\n\\r\\n\\r\\n\\r\\n\\r\\n\\r\\n\\r\\n\\r\\n\\r\\n<h3 id=\\\"in-person\\\">In Person<\\/h3>\\r\\n\\r\\n\\r\\n\\r\\n\\r\\n\\r\\n\\r\\n\\r\\n\\r\\n\\r\\n\\r\\n\\r\\n\\r\\n\\r\\n\\r\\n\\r\\n\\r\\n\\r\\n<p>You can pay your ticket at the Parking Citation Assistance Center.<\\/p>\\r\\n\\r\\n\\r\\n\\r\\n\\r\\n\\r\\n\\r\\n\\r\\n\\r\\n\\r\\n\\r\\n\\r\\n\\r\\n\\r\\n\\r\\n\\r\\n\\r\\n\\r\\n<table>\\r\\n<thead>\\r\\n<tr><th>Location<\\/th><th>Hours<\\/th><\\/tr>\\r\\n<\\/thead>\\r\\n<tbody>\\r\\n<tr><td>\\r\\nParking Citation Assistance Center\\r\\n250 Frank H. Ogawa Plaza, Suite 6300\\r\\nOakland, CA 94612\\r\\nPhone: (800) 500-6484\\r\\n<\\/td><td>\\r\\nMondays, Tuesdays, Thursdays and Fridays from 9 a.m. to 4:30 p.m.\\r\\nWednesdays from 9:30 a.m. to 4:30 p.m.\\r\\n<\\/td><\\/tr>\\r\\n<\\/tbody>\\r\\n<\\/table>\\r\\n\\r\\n\\r\\n\\r\\n\\r\\n\\r\\n\\r\\n\\r\\n\\r\\n\\r\\n\\r\\n\\r\\n\\r\\n\\r\\n\\r\\n\\r\\n\\r\\n\\r\\n<p><strong>Additional locations:<\\/strong><\\/p>\\r\\n\\r\\n\\r\\n\\r\\n\\r\\n\\r\\n\\r\\n\\r\\n\\r\\n\\r\\n\\r\\n\\r\\n\\r\\n\\r\\n\\r\\n\\r\\n\\r\\n\\r\\n<ul>\\r\\n  <li>Parking ticket payment kiosks at 250 Frank H. Ogawa Plaza, Monday through Friday from 8:30 a.m. to 5 p.m.<\\/li>\\r\\n  <li>Eastmont Police Substation, 2651 73rd Avenue, Monday through Saturday from 8:00 a.m. to 4 p.m.<\\/li>\\r\\n<\\/ul>\\r\\n\\r\\n\\r\\n\\r\\n\\r\\n\\r\\n\\r\\n\\r\\n\\r\\n\\r\\n\\r\\n\\r\\n\\r\\n\\r\\n\\r\\n\\r\\n\\r\\n\\r\\n<h3 id=\\\"by-mail\\\">By Mail<\\/h3>\\r\\n\\r\\n\\r\\n\\r\\n\\r\\n\\r\\n\\r\\n\\r\\n\\r\\n\\r\\n\\r\\n\\r\\n\\r\\n\\r\\n\\r\\n\\r\\n\\r\\n\\r\\n<p>Mail your parking ticket&nbsp;and the full payment to:<\\/p>\\r\\n\\r\\n\\r\\n\\r\\n\\r\\n\\r\\n\\r\\n\\r\\n\\r\\n\\r\\n\\r\\n\\r\\n\\r\\n\\r\\n\\r\\n\\r\\n\\r\\n\\r\\n<p>Parking Citation Assistance Center<\\/p>\\r\\n\\r\\n\\r\\n\\r\\n\\r\\n\\r\\n\\r\\n\\r\\n\\r\\n\\r\\n\\r\\n\\r\\n\\r\\n\\r\\n\\r\\n\\r\\n\\r\\n\\r\\n<p>250 Frank H. Ogawa Plaza, Suite 6300<\\/p>\\r\\n\\r\\n\\r\\n\\r\\n\\r\\n\\r\\n\\r\\n\\r\\n\\r\\n\\r\\n\\r\\n\\r\\n\\r\\n\\r\\n\\r\\n\\r\\n\\r\\n\\r\\n<p>Oakland, CA 94612<\\/p>\\r\\n\\r\\n\\r\\n\\r\\n\\r\\n\\r\\n\\r\\n\\r\\n\\r\\n\\r\\n\\r\\n\\r\\n\\r\\n\\r\\n\\r\\n\\r\\n\\r\\n\\r\\n<h3 id=\\\"by-phone\\\">By Phone<\\/h3>\\r\\n\\r\\n\\r\\n\\r\\n\\r\\n\\r\\n\\r\\n\\r\\n\\r\\n\\r\\n\\r\\n\\r\\n\\r\\n\\r\\n\\r\\n\\r\\n\\r\\n\\r\\n<table>\\r\\n<thead>\\r\\n<tr><th>Location<\\/th><th>Methods of Payment<\\/th><\\/tr>\\r\\n<\\/thead>\\r\\n<tbody>\\r\\n<tr><td>\\r\\nParking Citation Assistance Center\\r\\nPhone: (800) 500-6484\\r\\n<\\/td><td>\\r\\nCredit cards: Visa, Mastercard, Discover or American Express\\r\\n<\\/td><\\/tr>\\r\\n<\\/tbody>\\r\\n<\\/table>\",\"5\":\"https:\\/\\/prodpci.etimspayments.com\\/pbw\\/include\\/oakland\\/input.jsp\",\"3\":\"Pay your ticket online\",\"4\":\"This page provides information on how to pay a parking ticket in the City of Oakland\"}}', '2015-12-16 22:02:16', '2015-12-16 22:02:16', 'f45cb6b7-1c17-4c0b-b7dd-17bd9a4d3fbf'),
 ('82', '6', '3', '1', 'en_us', '17', '', '{\"typeId\":\"3\",\"authorId\":\"1\",\"title\":\"Pay a Parking Tickets\",\"slug\":\"pay-a-parking-ticket\",\"postDate\":1449259680,\"expiryDate\":null,\"enabled\":1,\"parentId\":\"5\",\"fields\":{\"1\":\"<h2 id=\\\"what-you-need-to-know\\\">What You Need to Know<\\/h2>\\r\\n\\r\\n<ul>\\r\\n  <li>You can pay online using Visa, MasterCard, Discover or American Express<\\/li>\\r\\n  <li>You have 21 days after the date the ticket was written to make a payment.<\\/li>\\r\\n<\\/ul>\\r\\n\\r\\n\\r\\n\\r\\n\\r\\n\\r\\n\\r\\n\\r\\n\\r\\n\\r\\n\\r\\n\\r\\n\\r\\n\\r\\n\\r\\n\\r\\n<h2 id=\\\"ways-to-pay\\\">Ways to Pay<\\/h2>\\r\\n\\r\\n\\r\\n\\r\\n\\r\\n\\r\\n\\r\\n\\r\\n\\r\\n\\r\\n\\r\\n\\r\\n\\r\\n\\r\\n\\r\\n\\r\\n\\r\\n\\r\\n<h3 id=\\\"in-person\\\">In Person<\\/h3>\\r\\n\\r\\n\\r\\n\\r\\n\\r\\n\\r\\n\\r\\n\\r\\n\\r\\n\\r\\n\\r\\n\\r\\n\\r\\n\\r\\n\\r\\n\\r\\n\\r\\n\\r\\n<p>You can pay your ticket at the Parking Citation Assistance Center.<\\/p>\\r\\n\\r\\n\\r\\n\\r\\n\\r\\n\\r\\n\\r\\n\\r\\n\\r\\n\\r\\n\\r\\n\\r\\n\\r\\n\\r\\n\\r\\n\\r\\n\\r\\n\\r\\n<table>\\r\\n<thead>\\r\\n<tr><th>Location<\\/th><th>Hours<\\/th><\\/tr>\\r\\n<\\/thead>\\r\\n<tbody>\\r\\n<tr><td>\\r\\nParking Citation Assistance Center\\r\\n250 Frank H. Ogawa Plaza, Suite 6300\\r\\nOakland, CA 94612\\r\\nPhone: (800) 500-6484\\r\\n<\\/td><td>\\r\\nMondays, Tuesdays, Thursdays and Fridays from 9 a.m. to 4:30 p.m.\\r\\nWednesdays from 9:30 a.m. to 4:30 p.m.\\r\\n<\\/td><\\/tr>\\r\\n<\\/tbody>\\r\\n<\\/table>\\r\\n\\r\\n\\r\\n\\r\\n\\r\\n\\r\\n\\r\\n\\r\\n\\r\\n\\r\\n\\r\\n\\r\\n\\r\\n\\r\\n\\r\\n\\r\\n\\r\\n\\r\\n<p><strong>Additional locations:<\\/strong><\\/p>\\r\\n\\r\\n\\r\\n\\r\\n\\r\\n\\r\\n\\r\\n\\r\\n\\r\\n\\r\\n\\r\\n\\r\\n\\r\\n\\r\\n\\r\\n\\r\\n\\r\\n\\r\\n<ul>\\r\\n  <li>Parking ticket payment kiosks at 250 Frank H. Ogawa Plaza, Monday through Friday from 8:30 a.m. to 5 p.m.<\\/li>\\r\\n  <li>Eastmont Police Substation, 2651 73rd Avenue, Monday through Saturday from 8:00 a.m. to 4 p.m.<\\/li>\\r\\n<\\/ul>\\r\\n\\r\\n\\r\\n\\r\\n\\r\\n\\r\\n\\r\\n\\r\\n\\r\\n\\r\\n\\r\\n\\r\\n\\r\\n\\r\\n\\r\\n\\r\\n\\r\\n\\r\\n<h3 id=\\\"by-mail\\\">By Mail<\\/h3>\\r\\n\\r\\n\\r\\n\\r\\n\\r\\n\\r\\n\\r\\n\\r\\n\\r\\n\\r\\n\\r\\n\\r\\n\\r\\n\\r\\n\\r\\n\\r\\n\\r\\n\\r\\n<p>Mail your parking tickets&nbsp;and the full payment to:<\\/p>\\r\\n\\r\\n\\r\\n\\r\\n\\r\\n\\r\\n\\r\\n\\r\\n\\r\\n\\r\\n\\r\\n\\r\\n\\r\\n\\r\\n\\r\\n\\r\\n\\r\\n\\r\\n<p>Parking Citation Assistance Center<\\/p>\\r\\n\\r\\n\\r\\n\\r\\n\\r\\n\\r\\n\\r\\n\\r\\n\\r\\n\\r\\n\\r\\n\\r\\n\\r\\n\\r\\n\\r\\n\\r\\n\\r\\n\\r\\n<p>250 Frank H. Ogawa Plaza, Suite 6300<\\/p>\\r\\n\\r\\n\\r\\n\\r\\n\\r\\n\\r\\n\\r\\n\\r\\n\\r\\n\\r\\n\\r\\n\\r\\n\\r\\n\\r\\n\\r\\n\\r\\n\\r\\n\\r\\n<p>Oakland, CA 94612<\\/p>\\r\\n\\r\\n\\r\\n\\r\\n\\r\\n\\r\\n\\r\\n\\r\\n\\r\\n\\r\\n\\r\\n\\r\\n\\r\\n\\r\\n\\r\\n\\r\\n\\r\\n\\r\\n<h3 id=\\\"by-phone\\\">By Phone<\\/h3>\\r\\n\\r\\n\\r\\n\\r\\n\\r\\n\\r\\n\\r\\n\\r\\n\\r\\n\\r\\n\\r\\n\\r\\n\\r\\n\\r\\n\\r\\n\\r\\n\\r\\n\\r\\n<table>\\r\\n<thead>\\r\\n<tr><th>Location<\\/th><th>Methods of Payment<\\/th><\\/tr>\\r\\n<\\/thead>\\r\\n<tbody>\\r\\n<tr><td>\\r\\nParking Citation Assistance Center\\r\\nPhone: (800) 500-6484\\r\\n<\\/td><td>\\r\\nCredit cards: Visa, Mastercard, Discover or American Express\\r\\n<\\/td><\\/tr>\\r\\n<\\/tbody>\\r\\n<\\/table>\",\"5\":\"https:\\/\\/prodpci.etimspayments.com\\/pbw\\/include\\/oakland\\/input.jsp\",\"3\":\"Pay your ticket online\",\"4\":\"This page provides information on how to pay a parking ticket in the City of Oakland\"}}', '2015-12-16 22:02:27', '2015-12-16 22:02:27', 'e6d89223-53bd-473f-a1f7-92fdb7ebd10a'),
 ('92', '6', '3', '1', 'en_us', '18', '', '{\"typeId\":\"3\",\"authorId\":\"1\",\"title\":\"Pay a Parking Ticket\",\"slug\":\"pay-a-parking-ticket\",\"postDate\":1449259680,\"expiryDate\":null,\"enabled\":1,\"parentId\":\"5\",\"fields\":{\"1\":\"<h2 id=\\\"what-you-need-to-know\\\">What You Need to Know<\\/h2>\\r\\n\\r\\n<ul>\\r\\n  <li>You can pay online using Visa, MasterCard, Discover or American Express<\\/li>\\r\\n  <li>You have 21 days after the date the ticket was written to make a payment.<\\/li>\\r\\n<\\/ul>\\r\\n\\r\\n\\r\\n\\r\\n\\r\\n\\r\\n\\r\\n\\r\\n\\r\\n\\r\\n\\r\\n\\r\\n\\r\\n\\r\\n\\r\\n\\r\\n\\r\\n\\r\\n<h2 id=\\\"ways-to-pay\\\">Ways to Pay<\\/h2>\\r\\n\\r\\n\\r\\n\\r\\n\\r\\n\\r\\n\\r\\n\\r\\n\\r\\n\\r\\n\\r\\n\\r\\n\\r\\n\\r\\n\\r\\n\\r\\n\\r\\n\\r\\n\\r\\n\\r\\n<h3 id=\\\"in-person\\\">In Person<\\/h3>\\r\\n\\r\\n\\r\\n\\r\\n\\r\\n\\r\\n\\r\\n\\r\\n\\r\\n\\r\\n\\r\\n\\r\\n\\r\\n\\r\\n\\r\\n\\r\\n\\r\\n\\r\\n\\r\\n\\r\\n<p>You can pay your ticket at the Parking Citation Assistance Center.<\\/p>\\r\\n\\r\\n\\r\\n\\r\\n\\r\\n\\r\\n\\r\\n\\r\\n\\r\\n\\r\\n\\r\\n\\r\\n\\r\\n\\r\\n\\r\\n\\r\\n\\r\\n\\r\\n\\r\\n\\r\\n<table>\\r\\n<thead>\\r\\n<tr><th>Location<\\/th><th>Hours<\\/th><\\/tr>\\r\\n<\\/thead>\\r\\n<tbody>\\r\\n<tr><td>\\r\\nParking Citation Assistance Center\\r\\n250 Frank H. Ogawa Plaza, Suite 6300\\r\\nOakland, CA 94612\\r\\nPhone: (800) 500-6484\\r\\n<\\/td><td>\\r\\nMondays, Tuesdays, Thursdays and Fridays from 9 a.m. to 4:30 p.m.\\r\\nWednesdays from 9:30 a.m. to 4:30 p.m.\\r\\n<\\/td><\\/tr>\\r\\n<\\/tbody>\\r\\n<\\/table>\\r\\n\\r\\n\\r\\n\\r\\n\\r\\n\\r\\n\\r\\n\\r\\n\\r\\n\\r\\n\\r\\n\\r\\n\\r\\n\\r\\n\\r\\n\\r\\n\\r\\n\\r\\n\\r\\n\\r\\n<p><strong>Additional locations:<\\/strong><\\/p>\\r\\n\\r\\n\\r\\n\\r\\n\\r\\n\\r\\n\\r\\n\\r\\n\\r\\n\\r\\n\\r\\n\\r\\n\\r\\n\\r\\n\\r\\n\\r\\n\\r\\n\\r\\n\\r\\n\\r\\n<ul>\\r\\n  <li>Parking ticket payment kiosks at 250 Frank H. Ogawa Plaza, Monday through Friday from 8:30 a.m. to 5 p.m.<\\/li>\\r\\n  <li>Eastmont Police Substation, 2651 73rd Avenue, Monday through Saturday from 8:00 a.m. to 4 p.m.<\\/li>\\r\\n<\\/ul>\\r\\n\\r\\n\\r\\n\\r\\n\\r\\n\\r\\n\\r\\n\\r\\n\\r\\n\\r\\n\\r\\n\\r\\n\\r\\n\\r\\n\\r\\n\\r\\n\\r\\n\\r\\n\\r\\n\\r\\n<h3 id=\\\"by-mail\\\">By Mail<\\/h3>\\r\\n\\r\\n\\r\\n\\r\\n\\r\\n\\r\\n\\r\\n\\r\\n\\r\\n\\r\\n\\r\\n\\r\\n\\r\\n\\r\\n\\r\\n\\r\\n\\r\\n\\r\\n\\r\\n\\r\\n<p>Mail your parking tickets&nbsp;and the full payment to:<\\/p>\\r\\n\\r\\n\\r\\n\\r\\n\\r\\n\\r\\n\\r\\n\\r\\n\\r\\n\\r\\n\\r\\n\\r\\n\\r\\n\\r\\n\\r\\n\\r\\n\\r\\n\\r\\n\\r\\n\\r\\n<p>Parking Citation Assistance Center<\\/p>\\r\\n\\r\\n\\r\\n\\r\\n\\r\\n\\r\\n\\r\\n\\r\\n\\r\\n\\r\\n\\r\\n\\r\\n\\r\\n\\r\\n\\r\\n\\r\\n\\r\\n\\r\\n\\r\\n\\r\\n<p>250 Frank H. Ogawa Plaza, Suite 6300<\\/p>\\r\\n\\r\\n\\r\\n\\r\\n\\r\\n\\r\\n\\r\\n\\r\\n\\r\\n\\r\\n\\r\\n\\r\\n\\r\\n\\r\\n\\r\\n\\r\\n\\r\\n\\r\\n\\r\\n\\r\\n<p>Oakland, CA 94612<\\/p>\\r\\n\\r\\n\\r\\n\\r\\n\\r\\n\\r\\n\\r\\n\\r\\n\\r\\n\\r\\n\\r\\n\\r\\n\\r\\n\\r\\n\\r\\n\\r\\n\\r\\n\\r\\n\\r\\n\\r\\n<h3 id=\\\"by-phone\\\">By Phone<\\/h3>\\r\\n\\r\\n\\r\\n\\r\\n\\r\\n\\r\\n\\r\\n\\r\\n\\r\\n\\r\\n\\r\\n\\r\\n\\r\\n\\r\\n\\r\\n\\r\\n\\r\\n\\r\\n\\r\\n\\r\\n<table>\\r\\n<thead>\\r\\n<tr><th>Location<\\/th><th>Methods of Payment<\\/th><\\/tr>\\r\\n<\\/thead>\\r\\n<tbody>\\r\\n<tr><td>\\r\\nParking Citation Assistance Center\\r\\nPhone: (800) 500-6484\\r\\n<\\/td><td>\\r\\nCredit cards: Visa, Mastercard, Discover or American Express\\r\\n<\\/td><\\/tr>\\r\\n<\\/tbody>\\r\\n<\\/table>\",\"5\":\"https:\\/\\/prodpci.etimspayments.com\\/pbw\\/include\\/oakland\\/input.jsp\",\"3\":\"Pay your ticket online\",\"4\":\"This page provides information on how to pay a parking ticket in the City of Oakland\"}}', '2015-12-16 22:02:55', '2015-12-16 22:02:55', 'fcd98d1d-eb31-425c-ba91-1ae69a84f227'),
 ('102', '6', '3', '1', 'en_us', '19', '', '{\"typeId\":\"3\",\"authorId\":\"1\",\"title\":\"Pay a Parking Ticket\",\"slug\":\"pay-a-parking-ticket\",\"postDate\":1449259680,\"expiryDate\":null,\"enabled\":1,\"parentId\":\"5\",\"fields\":{\"1\":\"<h2 id=\\\"what-you-need-to-know\\\">What You Need to Know<\\/h2>\\r\\n\\r\\n<ul>\\r\\n  <li>You can pay online using Visa, MasterCard, Discover or American Express<\\/li>\\r\\n  <li>You have 21 days after the date the ticket was written to make a payment.<\\/li>\\r\\n<\\/ul>\\r\\n\\r\\n\\r\\n\\r\\n\\r\\n\\r\\n\\r\\n\\r\\n\\r\\n\\r\\n\\r\\n\\r\\n\\r\\n\\r\\n\\r\\n\\r\\n\\r\\n\\r\\n\\r\\n\\r\\n<h2 id=\\\"ways-to-pay\\\">Ways to Pay<\\/h2>\\r\\n\\r\\n\\r\\n\\r\\n\\r\\n\\r\\n\\r\\n\\r\\n\\r\\n\\r\\n\\r\\n\\r\\n\\r\\n\\r\\n\\r\\n\\r\\n\\r\\n\\r\\n\\r\\n\\r\\n\\r\\n\\r\\n<h3 id=\\\"in-person\\\">In Person<\\/h3>\\r\\n\\r\\n\\r\\n\\r\\n\\r\\n\\r\\n\\r\\n\\r\\n\\r\\n\\r\\n\\r\\n\\r\\n\\r\\n\\r\\n\\r\\n\\r\\n\\r\\n\\r\\n\\r\\n\\r\\n\\r\\n\\r\\n<p>You can pay your ticket at the Parking Citation Assistance Center.<\\/p>\\r\\n\\r\\n\\r\\n\\r\\n\\r\\n\\r\\n\\r\\n\\r\\n\\r\\n\\r\\n\\r\\n\\r\\n\\r\\n\\r\\n\\r\\n\\r\\n\\r\\n\\r\\n\\r\\n\\r\\n\\r\\n\\r\\n<table>\\r\\n<thead>\\r\\n<tr><th>Location<\\/th><th>Hours<\\/th><\\/tr>\\r\\n<\\/thead>\\r\\n<tbody>\\r\\n<tr><td>\\r\\nParking Citation Assistance Center\\r\\n250 Frank H. Ogawa Plaza, Suite 6300\\r\\nOakland, CA 94612\\r\\nPhone: (800) 500-6484\\r\\n<\\/td><td>\\r\\nMondays, Tuesdays, Thursdays and Fridays from 9 a.m. to 4:30 p.m.\\r\\nWednesdays from 9:30 a.m. to 4:30 p.m.\\r\\n<\\/td><\\/tr>\\r\\n<\\/tbody>\\r\\n<\\/table>\\r\\n\\r\\n\\r\\n\\r\\n\\r\\n\\r\\n\\r\\n\\r\\n\\r\\n\\r\\n\\r\\n\\r\\n\\r\\n\\r\\n\\r\\n\\r\\n\\r\\n\\r\\n\\r\\n\\r\\n\\r\\n\\r\\n<p><strong>Additional locations:<\\/strong><\\/p>\\r\\n\\r\\n\\r\\n\\r\\n\\r\\n\\r\\n\\r\\n\\r\\n\\r\\n\\r\\n\\r\\n\\r\\n\\r\\n\\r\\n\\r\\n\\r\\n\\r\\n\\r\\n\\r\\n\\r\\n\\r\\n\\r\\n<ul>\\r\\n  <li>Parking ticket payment kiosks at 250 Frank H. Ogawa Plaza, Monday through Friday from 8:30 a.m. to 5 p.m.<\\/li>\\r\\n  <li>Eastmont Police Substation, 2651 73rd Avenue, Monday through Saturday from 8:00 a.m. to 4 p.m.<\\/li>\\r\\n<\\/ul>\\r\\n\\r\\n\\r\\n\\r\\n\\r\\n\\r\\n\\r\\n\\r\\n\\r\\n\\r\\n\\r\\n\\r\\n\\r\\n\\r\\n\\r\\n\\r\\n\\r\\n\\r\\n\\r\\n\\r\\n\\r\\n\\r\\n<h3 id=\\\"by-mail\\\">By Mail<\\/h3>\\r\\n\\r\\n\\r\\n\\r\\n\\r\\n\\r\\n\\r\\n\\r\\n\\r\\n\\r\\n\\r\\n\\r\\n\\r\\n\\r\\n\\r\\n\\r\\n\\r\\n\\r\\n\\r\\n\\r\\n\\r\\n\\r\\n<p>Mail your parking ticket&nbsp;and the full payment to:<\\/p>\\r\\n\\r\\n\\r\\n\\r\\n\\r\\n\\r\\n\\r\\n\\r\\n\\r\\n\\r\\n\\r\\n\\r\\n\\r\\n\\r\\n\\r\\n\\r\\n\\r\\n\\r\\n\\r\\n\\r\\n\\r\\n\\r\\n<p>Parking Citation Assistance Center<\\/p>\\r\\n\\r\\n\\r\\n\\r\\n\\r\\n\\r\\n\\r\\n\\r\\n\\r\\n\\r\\n\\r\\n\\r\\n\\r\\n\\r\\n\\r\\n\\r\\n\\r\\n\\r\\n\\r\\n\\r\\n\\r\\n\\r\\n<p>250 Frank H. Ogawa Plaza, Suite 6300<\\/p>\\r\\n\\r\\n\\r\\n\\r\\n\\r\\n\\r\\n\\r\\n\\r\\n\\r\\n\\r\\n\\r\\n\\r\\n\\r\\n\\r\\n\\r\\n\\r\\n\\r\\n\\r\\n\\r\\n\\r\\n\\r\\n\\r\\n<p>Oakland, CA 94612<\\/p>\\r\\n\\r\\n\\r\\n\\r\\n\\r\\n\\r\\n\\r\\n\\r\\n\\r\\n\\r\\n\\r\\n\\r\\n\\r\\n\\r\\n\\r\\n\\r\\n\\r\\n\\r\\n\\r\\n\\r\\n\\r\\n\\r\\n<h3 id=\\\"by-phone\\\">By Phone<\\/h3>\\r\\n\\r\\n\\r\\n\\r\\n\\r\\n\\r\\n\\r\\n\\r\\n\\r\\n\\r\\n\\r\\n\\r\\n\\r\\n\\r\\n\\r\\n\\r\\n\\r\\n\\r\\n\\r\\n\\r\\n\\r\\n\\r\\n<table>\\r\\n<thead>\\r\\n<tr><th>Location<\\/th><th>Methods of Payment<\\/th><\\/tr>\\r\\n<\\/thead>\\r\\n<tbody>\\r\\n<tr><td>\\r\\nParking Citation Assistance Center\\r\\nPhone: (800) 500-6484\\r\\n<\\/td><td>\\r\\nCredit cards: Visa, Mastercard, Discover or American Express\\r\\n<\\/td><\\/tr>\\r\\n<\\/tbody>\\r\\n<\\/table>\",\"5\":\"https:\\/\\/prodpci.etimspayments.com\\/pbw\\/include\\/oakland\\/input.jsp\",\"3\":\"Pay your ticket online\",\"4\":\"This page provides information on how to pay a parking ticket in the City of Oakland\"}}', '2015-12-16 22:03:07', '2015-12-16 22:03:07', '00b7249c-4e5f-47f1-830f-3dccd6862ed6'),
 ('112', '6', '3', '1', 'en_us', '20', '', '{\"typeId\":\"3\",\"authorId\":\"1\",\"title\":\"Pay a Parking Ticket\",\"slug\":\"pay-a-parking-ticket\",\"postDate\":1449259680,\"expiryDate\":null,\"enabled\":1,\"parentId\":\"5\",\"fields\":{\"1\":\"<h2 id=\\\"what-you-need-to-know\\\">What You Need to Know<\\/h2>\\r\\n\\r\\n<ul>\\r\\n  <li>You can pay online using Visa, MasterCard, Discover or American Express<\\/li>\\r\\n  <li>You have 21 days after the date the ticket was written to make a payment.<\\/li>\\r\\n<\\/ul>\\r\\n\\r\\n\\r\\n\\r\\n\\r\\n\\r\\n\\r\\n\\r\\n\\r\\n\\r\\n\\r\\n\\r\\n\\r\\n\\r\\n\\r\\n\\r\\n\\r\\n\\r\\n\\r\\n\\r\\n\\r\\n\\r\\n<h2 id=\\\"ways-to-pay\\\">Ways to Pay<\\/h2>\\r\\n\\r\\n\\r\\n\\r\\n\\r\\n\\r\\n\\r\\n\\r\\n\\r\\n\\r\\n\\r\\n\\r\\n\\r\\n\\r\\n\\r\\n\\r\\n\\r\\n\\r\\n\\r\\n\\r\\n\\r\\n\\r\\n\\r\\n\\r\\n<h3 id=\\\"in-person\\\">In Person<\\/h3>\\r\\n\\r\\n\\r\\n\\r\\n\\r\\n\\r\\n\\r\\n\\r\\n\\r\\n\\r\\n\\r\\n\\r\\n\\r\\n\\r\\n\\r\\n\\r\\n\\r\\n\\r\\n\\r\\n\\r\\n\\r\\n\\r\\n\\r\\n\\r\\n<p>You can pay your ticket at the Parking Citation Assistance Center.<\\/p>\\r\\n\\r\\n\\r\\n\\r\\n\\r\\n\\r\\n\\r\\n\\r\\n\\r\\n\\r\\n\\r\\n\\r\\n\\r\\n\\r\\n\\r\\n\\r\\n\\r\\n\\r\\n\\r\\n\\r\\n\\r\\n\\r\\n\\r\\n\\r\\n<table>\\r\\n<thead>\\r\\n<tr><th>Location<\\/th><th>Hours<\\/th><\\/tr>\\r\\n<\\/thead>\\r\\n<tbody>\\r\\n<tr><td>\\r\\nParking Citation Assistance Center\\r\\n250 Frank H. Ogawa Plaza, Suite 6300\\r\\nOakland, CA 94612\\r\\nPhone: (800) 500-6484\\r\\n<\\/td><td>\\r\\nMondays, Tuesdays, Thursdays and Fridays from 9 a.m. to 4:30 p.m.\\r\\nWednesdays from 9:30 a.m. to 4:30 p.m.\\r\\n<\\/td><\\/tr>\\r\\n<\\/tbody>\\r\\n<\\/table>\\r\\n\\r\\n\\r\\n\\r\\n\\r\\n\\r\\n\\r\\n\\r\\n\\r\\n\\r\\n\\r\\n\\r\\n\\r\\n\\r\\n\\r\\n\\r\\n\\r\\n\\r\\n\\r\\n\\r\\n\\r\\n\\r\\n\\r\\n\\r\\n<p><strong>Additional locations:<\\/strong><\\/p>\\r\\n\\r\\n\\r\\n\\r\\n\\r\\n\\r\\n\\r\\n\\r\\n\\r\\n\\r\\n\\r\\n\\r\\n\\r\\n\\r\\n\\r\\n\\r\\n\\r\\n\\r\\n\\r\\n\\r\\n\\r\\n\\r\\n\\r\\n\\r\\n<ul>\\r\\n  <li>Parking ticket payment kiosks at 250 Frank H. Ogawa Plaza, Monday through Friday from 8:30 a.m. to 5 p.m.<\\/li>\\r\\n  <li>Eastmont Police Substation, 2651 73rd Avenue, Monday through Saturday from 8:00 a.m. to 4 p.m.<\\/li>\\r\\n<\\/ul>\\r\\n\\r\\n\\r\\n\\r\\n\\r\\n\\r\\n\\r\\n\\r\\n\\r\\n\\r\\n\\r\\n\\r\\n\\r\\n\\r\\n\\r\\n\\r\\n\\r\\n\\r\\n\\r\\n\\r\\n\\r\\n\\r\\n\\r\\n\\r\\n<h3 id=\\\"by-mail\\\">By Mail<\\/h3>\\r\\n\\r\\n\\r\\n\\r\\n\\r\\n\\r\\n\\r\\n\\r\\n\\r\\n\\r\\n\\r\\n\\r\\n\\r\\n\\r\\n\\r\\n\\r\\n\\r\\n\\r\\n\\r\\n\\r\\n\\r\\n\\r\\n\\r\\n\\r\\n<p>Mail your parking ticket&nbsp;and the full payment to:<\\/p>\\r\\n\\r\\n\\r\\n\\r\\n\\r\\n\\r\\n\\r\\n\\r\\n\\r\\n\\r\\n\\r\\n\\r\\n\\r\\n\\r\\n\\r\\n\\r\\n\\r\\n\\r\\n\\r\\n\\r\\n\\r\\n\\r\\n\\r\\n\\r\\n<p>Parking Citation Assistance Center<\\/p>\\r\\n\\r\\n\\r\\n\\r\\n\\r\\n\\r\\n\\r\\n\\r\\n\\r\\n\\r\\n\\r\\n\\r\\n\\r\\n\\r\\n\\r\\n\\r\\n\\r\\n\\r\\n\\r\\n\\r\\n\\r\\n\\r\\n\\r\\n\\r\\n<p>250 Frank H. Ogawa Plaza, Suite 6300<\\/p>\\r\\n\\r\\n\\r\\n\\r\\n\\r\\n\\r\\n\\r\\n\\r\\n\\r\\n\\r\\n\\r\\n\\r\\n\\r\\n\\r\\n\\r\\n\\r\\n\\r\\n\\r\\n\\r\\n\\r\\n\\r\\n\\r\\n\\r\\n\\r\\n<p>Oakland, CA 94612<\\/p>\\r\\n\\r\\n\\r\\n\\r\\n\\r\\n\\r\\n\\r\\n\\r\\n\\r\\n\\r\\n\\r\\n\\r\\n\\r\\n\\r\\n\\r\\n\\r\\n\\r\\n\\r\\n\\r\\n\\r\\n\\r\\n\\r\\n\\r\\n\\r\\n<h3 id=\\\"by-phone\\\">By Phone<\\/h3>\\r\\n\\r\\n\\r\\n\\r\\n\\r\\n\\r\\n\\r\\n\\r\\n\\r\\n\\r\\n\\r\\n\\r\\n\\r\\n\\r\\n\\r\\n\\r\\n\\r\\n\\r\\n\\r\\n\\r\\n\\r\\n\\r\\n\\r\\n\\r\\n<table>\\r\\n<thead>\\r\\n<tr><th>Location<\\/th><th>Methods of Payment<\\/th><\\/tr>\\r\\n<\\/thead>\\r\\n<tbody>\\r\\n<tr><td>\\r\\nParking Citation Assistance Center\\r\\nPhone: (800) 500-6484\\r\\n<\\/td><td>\\r\\nCredit cards: Visa, Mastercard, Discover or American Express\\r\\n<\\/td><\\/tr>\\r\\n<\\/tbody>\\r\\n<\\/table>\",\"5\":\"https:\\/\\/prodpci.etimspayments.com\\/pbw\\/include\\/oakland\\/input.jsp\",\"3\":\"Pay your ticket online\",\"4\":\"This page provides information on how to pay a parking ticket in the City of Oakland\",\"32\":[\"pinned\"]}}', '2015-12-16 22:11:01', '2015-12-16 22:11:01', '9c06a154-2558-400c-a37e-8ce042e5fe1b'),
 ('132', '52', '3', '1', 'en_us', '1', '', '{\"typeId\":\"4\",\"authorId\":\"1\",\"title\":\"Apply for Parking Permits\",\"slug\":\"apply-for-parking-permits\",\"postDate\":1450474679,\"expiryDate\":null,\"enabled\":1,\"parentId\":\"\",\"fields\":{\"4\":\"Apply for residential, disabled or other temporary permits\"}}', '2015-12-18 21:37:59', '2015-12-18 21:37:59', 'dfa9e3af-cf4a-4a31-8f3d-0049edde90b4'),
 ('142', '62', '3', '1', 'en_us', '1', '', '{\"typeId\":\"3\",\"authorId\":\"1\",\"title\":\"Apply for a Disabled Parking \\\"Blue Zone\\\"\",\"slug\":\"apply-for-a-disabled-parking-blue-zone\",\"postDate\":1450474810,\"expiryDate\":null,\"enabled\":1,\"parentId\":\"52\",\"fields\":{\"1\":\"<h3>Disabled Parking Zone \\u201cBlue Zone\\u201d Program<\\/h3>\\r\\n\\r\\n<p>A \\u201cblue zone\\u201d provides on-street parking for people with disabilities. The \\u201cblue zone\\u201d has a painted blue curb with a posted sign.<\\/p><p>Residents and businesses can request \\u201cblue zones\\u201d from the Disabled Parking Zone program.<br>The City does not install \\u201cblue zones\\u201d for paratransit drop-off and pick-up.<\\/p><h4>Download the application form to request a \\u201cblue zone.\\u201d<\\/h4><p><br><a href=\\\"http:\\/\\/www2.oaklandnet.com\\/oakca1\\/groups\\/pwa\\/documents\\/form\\/oak051831.pdf\\\">Residential Blue Zone Application Form<\\/a><br><a href=\\\"http:\\/\\/www2.oaklandnet.com\\/oakca1\\/groups\\/pwa\\/documents\\/form\\/oak051832.pdf\\\">Non-Residential Blue Zone Application Form<\\/a><\\/p><p><a href=\\\"http:\\/\\/www2.oaklandnet.com\\/oakca1\\/groups\\/pwa\\/documents\\/form\\/oak051832.pdf\\\"><\\/a><br>To learn more, please read the Policy summaries below.<\\/p><p><br><a href=\\\"http:\\/\\/www2.oaklandnet.com\\/oakca1\\/groups\\/pwa\\/documents\\/policy\\/oak051830.pdf\\\">Residential Blue Zone Policy Summary<br><\\/a><a href=\\\"http:\\/\\/www2.oaklandnet.com\\/oakca1\\/groups\\/pwa\\/documents\\/policy\\/oak051829.pdf\\\">Non-Residential Blue Zone Policy Summary<\\/a><\\/p>\",\"5\":\"\",\"3\":\"\",\"4\":\"\",\"32\":\"\"}}', '2015-12-18 21:40:10', '2015-12-18 21:40:10', 'c0f833fc-a328-40e6-9acd-6c9bf6dc38df'),
 ('152', '72', '3', '1', 'en_us', '1', '', '{\"typeId\":\"3\",\"authorId\":\"1\",\"title\":\"Apply for a Parking Obstruction Permit\",\"slug\":\"apply-for-a-parking-obstruction-permit\",\"postDate\":1450475884,\"expiryDate\":null,\"enabled\":1,\"parentId\":\"52\",\"fields\":{\"1\":\"<p>An Obstruction Permit allows you to park the pod, portable storage unit or moving truck in one site for a limited amount of time.<\\/p>\\r\\n\\r\\n<h3 id=\\\"how-the-obstruction-permit-works\\\">How the Obstruction Permit Works<\\/h3>\\r\\n\\r\\n\\r\\n\\r\\n\\r\\n\\r\\n<ul>\\r\\n  <li>The Obstruction Permit tells nearby property owners that they can not park in the permitted site for a limited amount of time.<\\/li>\\r\\n  <li>You may only block the street or right of way that you are moving from or to.<\\/li>\\r\\n  <li>You need to post the NO PARKING sign(s) that you receive with the Obstruction Permit at least 72 hours (3 days) before parking the portable storage unit or moving truck.<\\/li>\\r\\n<\\/ul>\\r\\n\\r\\n\\r\\n\\r\\n\\r\\n\\r\\n<h3 id=\\\"how-to-apply-for-an-obstruction-permit\\\">How to Apply for an Obstruction Permit<\\/h3>\\r\\n\\r\\n\\r\\n\\r\\n\\r\\n\\r\\n<p>You can only apply for an Obstruction Permit in person at the Permit Center. To avoid long line, visit the Permit Center early in the day before the busiest time from 11 a.m. to 4 p.m.<\\/p>\\r\\n\\r\\n\\r\\n\\r\\n\\r\\n\\r\\n<ol>\\r\\n  <li>Please bring the following information.<\\/li>\\r\\n  <li>Site address.<\\/li>\\r\\n  <li>Dates required.<\\/li>\\r\\n  <li>Number of parking spaces required. One parking space is 25 feet long.<\\/li>\\r\\n  <li>Meter numbers if you are blocking parking meters<\\/li>\\r\\n  <li>Contact phone number for the company or person applying.<\\/li>\\r\\n  <li>If related to work requiring permit, please reference permit application number.<\\/li>\\r\\n  <li>Traffic control plan (only required if you need to block traffic)<\\/li>\\r\\n  <li>Refer to the Traffic Engineering website(http:\\/\\/www2.oaklandnet.com\\/Government\\/o\\/PWA\\/o\\/EC\\/o\\/TS\\/OAK026469).<\\/li>\\r\\n  <li>Visit the Permit Center<\\/li>\\r\\n  <li>Once you arrive at the Permit Center\\u2019s Information Counter, ask for an Obstruction Permit.<\\/li>\\r\\n  <li>When your number is called, proceed to the indicated counter.<\\/li>\\r\\n  <li>Provide the required information<\\/li>\\r\\n  <li>Pay the permit fee<\\/li>\\r\\n  <li>The Permit Center accepts cash, checks payable to the City of Oakland and most major credit cards.<\\/li>\\r\\n<\\/ol>\\r\\n\\r\\n\\r\\n\\r\\n\\r\\n\\r\\n<h3 id=\\\"where-to-apply-for-an-obstruction-permit\\\">Where to Apply for an Obstruction Permit<\\/h3>\\r\\n\\r\\n\\r\\n\\r\\n\\r\\n\\r\\n<table>\\r\\n<thead>\\r\\n<tr><th>Location<\\/th><th>Hours<\\/th><\\/tr>\\r\\n<\\/thead>\\r\\n<tbody>\\r\\n<tr><td style=\\\"background-color:white\\\">\\r\\n\\r\\nPermit Center\\r\\n\\r\\n250 Frank H. Ogawa Plaza, 2nd Floor\\r\\n\\r\\nOakland, CA 94612\\r\\n\\r\\n<\\/td><td>\\r\\n\\r\\nMondays, Tuesdays, Thursdays and Fridays from 8 a.m. to 4 p.m.\\r\\nWednesdays from 9:30 a.m. to 4 p.m.*\\r\\n*last Wednesday of each month from 10 a.m. to 4 p.m.\\r\\n\\r\\n<\\/td><\\/tr>\\r\\n<\\/tbody>\\r\\n<\\/table>\\r\\n\\r\\n\\r\\n\\r\\n\\r\\n\\r\\n<h3 id=\\\"cost-of-the-obstruction-permit\\\">Cost of the Obstruction Permit<\\/h3>\\r\\n\\r\\n\\r\\n\\r\\n\\r\\n\\r\\n<p>The cost of an Obstruction Permit varies. The cost depends on the period of time for the permit, the number of parking spaces required and the type of parking spaces blocked. \\r\\nFor more information, please call the Permit Center at (510) 238-3443.<\\/p>\",\"5\":\"\",\"3\":\"\",\"4\":\"\\u200bDo you need to block parking spaces or traffic? If your portable storage unit or moving truck will block parking on a public street or right of way, you will need an Obstruction Permit.\",\"32\":\"\"}}', '2015-12-18 21:58:04', '2015-12-18 21:58:04', '4658ef81-fafc-4b78-9753-e63f4cb4502a'),
 ('172', '92', '3', '1', 'en_us', '1', '', '{\"typeId\":\"3\",\"authorId\":\"1\",\"title\":\"Apply for a Residential Parking Permit\",\"slug\":\"apply-for-a-residential-parking-permit\",\"postDate\":1450476240,\"expiryDate\":null,\"enabled\":1,\"parentId\":\"\",\"fields\":{\"1\":\"<p>You can apply for a parking permit through the Residential Parking Permit (RPP) program. This permit will allow you park your vehicle in certain neighborhoods in Oakland. You need to register your vehicle to an eligible address to receive the permit.<\\/p>\\r\\n\\r\\n<h3 id=\\\"what-you-need-to-know-before-applying\\\">What You Need to Know Before Applying<\\/h3>\\r\\n\\r\\n\\r\\n\\r\\n\\r\\n\\r\\n\\r\\n\\r\\n<ol>\\r\\n  <li>To see if your address is eligible, go to__<strong>__<\\/strong><strong>__<\\/strong>_____<\\/li>\\r\\n  <li>Update your address for your vehicle\\u2019s registration and driver\\u2019s license with the DMV.<\\/li>\\r\\n  <li>Click here to update your address with the DMV online. (http:\\/\\/dmv.ca.gov\\/online\\/onlinesvcs.htm)<\\/li>\\r\\n  <li>After updating your address, print the confirmation.<\\/li>\\r\\n  <li>Submit this confirmation with your application.<\\/li>\\r\\n  <li>Clear all unpaid parking tickets from the City of Oakland.<\\/li>\\r\\n  <li>For help, call the Parking Citation Assistance Center at (800) 500-6484.<\\/li>\\r\\n  <li>Click here to pay parking tickets online.<\\/li>\\r\\n  <li>To pay by phone, call the Parking Citation Assistance Center at (800) 500-6484.<\\/li>\\r\\n<\\/ol>\\r\\n\\r\\n\\r\\n\\r\\n\\r\\n\\r\\n\\r\\n\\r\\n<h3 id=\\\"how-to-apply-for-a-residential-parking-permit\\\">How to Apply for a Residential Parking Permit<\\/h3>\\r\\n\\r\\n\\r\\n\\r\\n\\r\\n\\r\\n\\r\\n\\r\\n<p>You need to submit an application, four supporting documents and the correct fee to apply. The address on your application must match the address on each supporting document.<\\/p>\\r\\n\\r\\n\\r\\n\\r\\n\\r\\n\\r\\n\\r\\n\\r\\n<p><strong>Application Process<\\/strong><\\/p>\\r\\n\\r\\n\\r\\n\\r\\n\\r\\n\\r\\n\\r\\n\\r\\n<ul>\\r\\n  <li>Click here to download the residential parking permit application.(http:\\/\\/www2.oaklandnet.com\\/oakca1\\/groups\\/fma\\/documents\\/form\\/oak046014.pdf)<\\/li>\\r\\n  <li>Complete the application.<\\/li>\\r\\n  <li>Include four supporting documents.<\\/li>\\r\\n  <li>Current vehicle registration<\\/li>\\r\\n  <li>Current California driver\\u2019s license<\\/li>\\r\\n  <li>Utility bill from the last 30 days. Choose one from the list below.<\\/li>\\r\\n  <li>Gas bill<\\/li>\\r\\n  <li>Electric bill<\\/li>\\r\\n  <li>Water bill<\\/li>\\r\\n  <li>Garbage bill<\\/li>\\r\\n  <li>Proof of your current address. Choose one from the list below.<\\/li>\\r\\n  <li>Rental agreement<\\/li>\\r\\n  <li>Lease<\\/li>\\r\\n  <li>Mortgage statement<\\/li>\\r\\n  <li>Property tax bill<\\/li>\\r\\n  <li>Deed<\\/li>\\r\\n  <li>Click here to find your permit fee for your address online (<strong>__<\\/strong><strong>__<\\/strong><em>__<\\/em>)<\\/li>\\r\\n  <li>For more information you can call the Parking Citation Assistance Center at (800) 500-6484.<\\/li>\\r\\n  <li>Methods of payment<\\/li>\\r\\n  <\\/ul>\\r\\n\\r\\n<p><br><\\/p>\\r\\n\\r\\n\\r\\n\\r\\n\\r\\n\\r\\n\\r\\n\\r\\n<p>You can submit your application, four supporting documents and payment in person or mail them to the Parking Citation Assistance Center:<\\/p>\\r\\n\\r\\n\\r\\n\\r\\n\\r\\n\\r\\n\\r\\n\\r\\n<table>\\r\\n<thead>\\r\\n<tr><th>Location<\\/th><th>Hours<\\/th><\\/tr>\\r\\n<\\/thead>\\r\\n<tbody>\\r\\n<tr><td style=\\\"background-color:white\\\">\\r\\nParking Citation Assistance Center\\r\\n250 Frank H. Ogawa Plaza, Suite 6300\\r\\nOakland, CA 94612\\r\\nPhone: (800) 500-6484\\r\\n<\\/td><td>\\r\\nMondays, Tuesdays, Thursdays and Fridays from 9 a.m. to 4:30 p.m.\\r\\nWednesdays from 9:30 a.m. to 4:30 p.m.\\r\\n<\\/td><\\/tr>\\r\\n<\\/tbody>\\r\\n<\\/table>\",\"5\":\"http:\\/\\/www2.oaklandnet.com\\/Parking\\/OAK046014\",\"3\":\"Download the permit applicatio\",\"4\":\"You can apply for a parking permit through the Residential Parking Permit (RPP) program. This permit will allow you park your vehicle in certain neighborhoods in Oakland. You need to register your vehicle to an eligible address to receive the permit.\",\"32\":\"\"}}', '2015-12-18 22:05:31', '2015-12-18 22:05:31', 'f6ba81c5-370b-4a86-9d75-a04ef5483be7'),
 ('192', '112', '3', '1', 'en_us', '1', '', '{\"typeId\":\"3\",\"authorId\":\"1\",\"title\":\"Renew Your Residential Parking Permit\",\"slug\":\"renew-your-residential-parking-permit\",\"postDate\":1450476990,\"expiryDate\":null,\"enabled\":1,\"parentId\":\"52\",\"fields\":{\"1\":\"<p>You can renew your permit online if you received a letter that says you are eligible for online renewal.<\\/p>\\r\\n\\r\\n<h3 id=\\\"in-person-or-by-mail\\\">In Person or by Mail<\\/h3>\\r\\n\\r\\n\\r\\n\\r\\n\\r\\n\\r\\n<table>\\r\\n<thead>\\r\\n<tr><th>Location<\\/th><th>Hours<\\/th><\\/tr>\\r\\n<\\/thead>\\r\\n<tbody>\\r\\n<tr><td style=\\\"background-color:white\\\">\\r\\nParking Citation Assistance Center\\r\\n\\r\\nAttn: Residential Parking Permits\\r\\n\\r\\n250 Frank H. Ogawa Plaza, Suite 6300\\r\\n\\r\\nOakland, CA 94612\\r\\n<\\/td><td>\\r\\n- Mondays, Tuesdays, Thursdays, Fridays from 9 a.m. to 4:30 p.m.\\r\\n- Wednesdays from 9:30 a.m. to 4:30 p.m.\\r\\n<\\/td><\\/tr>\\r\\n<\\/tbody>\\r\\n<\\/table>\",\"5\":\"https:\\/\\/pci.etimspayments.com\\/pbw\\/include\\/oakland\\/rppinput.jsp\",\"3\":\"Renew your permit online\",\"4\":\"\",\"32\":\"\"}}', '2015-12-18 22:16:31', '2015-12-18 22:16:31', 'c02c2f8f-d6c1-4762-a9e1-84ab08dd7f97'),
 ('202', '122', '3', '1', 'en_us', '1', '', '{\"typeId\":\"4\",\"authorId\":\"1\",\"title\":\"Pay a Ticket and Other Parking Citation Problems\",\"slug\":\"pay-a-ticket-and-other-parking-citation-problems\",\"postDate\":1450478543,\"expiryDate\":null,\"enabled\":1,\"parentId\":\"5\",\"fields\":{\"4\":\"What to do if you receive a citation, want to pay it and other info about illegally parked vehicles.\"}}', '2015-12-18 22:42:23', '2015-12-18 22:42:23', '24a0c616-fa6a-4f3e-ab7c-40daabbb7467'),
 ('212', '132', '3', '1', 'en_us', '1', '', '{\"typeId\":\"3\",\"authorId\":\"1\",\"title\":\"Contest a Parking Ticket\",\"slug\":\"contest-a-parking-ticket\",\"postDate\":1450478580,\"expiryDate\":null,\"enabled\":1,\"parentId\":\"\",\"fields\":{\"1\":\"<h2>What You Need to Know<\\/h2>\\r\\n\\r\\n<ul>\\r\\n  <li>Please wait 48 hours from the time of issuance to ensure your citation is entered into the online system.<\\/li>\\r\\n  <li>It may take handwritten tickets up to two weeks to be entered into the online system.<\\/li>\\r\\n  <li>You must contest your ticket within 21 days of the date of issuance.<\\/li>\\r\\n  <li>You\\u2019ll need to upload up to three documents that provide evidence to support your written testimony.<\\/li>\\r\\n<\\/ul>\\r\\n\\r\\n\\r\\n\\r\\n\\r\\n\\r\\n<h2 id=\\\"ways-to-contest-a-ticket\\\">Ways to Contest a Ticket<\\/h2>\\r\\n\\r\\n\\r\\n\\r\\n\\r\\n\\r\\n<p><a href=\\\"\\\">Download and complete the <\\/a><a href=\\\"http:\\/\\/www2.oaklandnet.com\\/oakca1\\/groups\\/cityadministrator\\/documents\\/form\\/oak041670.pdf\\\">Contest Form<\\/a> or write a letter of explanation for contesting your citation.\\r\\nPlease include your name, address, telephone number, current mailing address and parking ticket citation number.<\\/p>\\r\\n\\r\\n\\r\\n\\r\\n\\r\\n\\r\\n<p>Keep a copy of your ticket for your records.\\r\\nReturn your Contest Form or letter, along with the original parking ticket and additional documents:<\\/p>\\r\\n\\r\\n\\r\\n\\r\\n\\r\\n\\r\\n<p><strong>In person or by mail to:<\\/strong><\\/p>\\r\\n\\r\\n\\r\\n\\r\\n\\r\\n\\r\\n<p>Parking Citation Assistance Center<\\/p>\\r\\n\\r\\n\\r\\n\\r\\n\\r\\n\\r\\n<p>250 Frank H. Ogawa Plaza, Suite 6300<\\/p>\\r\\n\\r\\n\\r\\n\\r\\n\\r\\n\\r\\n<p>Oakland, CA 94612<\\/p>\\r\\n\\r\\n\\r\\n\\r\\n\\r\\n\\r\\n<p><strong>By fax:<\\/strong> (510) 986-2699<\\/p>\\r\\n\\r\\n\\r\\n\\r\\n\\r\\n\\r\\n<p>Emails are not acceptable for contesting a parking ticket.<\\/p>\\r\\n\\r\\n\\r\\n\\r\\n\\r\\n\\r\\n<h3 id=\\\"what-happens-next\\\">What Happens Next<\\/h3>\\r\\n\\r\\n\\r\\n\\r\\n\\r\\n\\r\\n<ol>\\r\\n  <li>The Parking Citation Assistance Center investigates your ticket.<\\/li>\\r\\n  <li>You will be notified of the decision by mail.<\\/li>\\r\\n  <li>If the ticket is upheld, you will have 21 days to pay your ticket or request an Administrative Hearing.<\\/li>\\r\\n  <li>Please refer to the Administrative Hearing section for details on requesting a hearing.<\\/li>\\r\\n<\\/ol>\",\"5\":\"https:\\/\\/wmq.etimspayments.com\\/pbw\\/include\\/oakland\\/dispute_request.jsp.\",\"3\":\"Contest your parking ticket online\",\"4\":\"\"}}', '2015-12-18 22:46:27', '2015-12-18 22:46:27', '6ea85d96-63ac-4bf4-b706-6f14251dac70'),
 ('222', '142', '3', '1', 'en_us', '1', '', '{\"typeId\":\"4\",\"authorId\":\"1\",\"title\":\"Jobs Info\",\"slug\":\"jobs-info\",\"postDate\":1450479852,\"expiryDate\":null,\"enabled\":1,\"parentId\":\"\",\"fields\":{\"4\":\"Information about getting a job with Oakland\"}}', '2015-12-18 23:04:13', '2015-12-18 23:04:13', 'f53cc6a9-d5b9-4e2f-8fa3-1ccfccdae43f'),
 ('232', '152', '3', '1', 'en_us', '1', '', '{\"typeId\":\"3\",\"authorId\":\"1\",\"title\":\"Create Your Own Parking Citation Alert\",\"slug\":\"create-your-own-parking-citation-alert\",\"postDate\":1450480082,\"expiryDate\":null,\"enabled\":1,\"parentId\":\"\",\"fields\":{\"1\":\"<p>Parking citation alerts provide notifications to help manage your parking needs and avoid unnecessary penalties. When you create an account, it will alert you so you receive notifications about:<\\/p>\\r\\n\\r\\n<ul>\\r\\n  <li>\\r\\n    <p>When a new citation is issued to your vehicle<\\/p>\\r\\n  <\\/li>\\r\\n  <li>\\r\\n    <p>Before a penalty are applied<\\/p>\\r\\n  <\\/li>\\r\\n  <li>\\r\\n    <p>After a mail-in payment is applied<\\/p>\\r\\n  <\\/li>\\r\\n  <li>\\r\\n    <p>About upcoming hearings<\\/p>\\r\\n  <\\/li>\\r\\n  <li>\\r\\n    <p>Before you become \\u201cBoot Eligible\\u201d<\\/p>\\r\\n  <\\/li>\\r\\n  <li>\\r\\n    <p>Upcoming Resident Parking Permit Renewal<\\/p>\\r\\n  <\\/li>\\r\\n  <li>\\r\\n    <p>City of Oakland Parking announcements<\\/p><\\/li><\\/ul>\",\"5\":\"https:\\/\\/wmq1.etimspayments.com\\/pbw\\/include\\/vpportal\\/oakland\\/login_page.jsp\",\"3\":\"Sign up for alerts\",\"4\":\"\"}}', '2015-12-18 23:08:02', '2015-12-18 23:08:02', '742fd8ce-19af-4701-8db6-f4bb8ba94623'),
 ('242', '162', '3', '1', 'en_us', '1', '', '{\"typeId\":\"4\",\"authorId\":\"1\",\"title\":\"Apply for Jobs\",\"slug\":\"apply-for-jobs\",\"postDate\":1450480179,\"expiryDate\":null,\"enabled\":1,\"parentId\":\"142\",\"fields\":{\"4\":\"The process of applying for a job with the City, requirements, job listings and applications.\"}}', '2015-12-18 23:09:39', '2015-12-18 23:09:39', 'c1597746-51aa-4958-9c47-f3c8c414ff52'),
 ('252', '152', '3', '1', 'en_us', '2', '', '{\"typeId\":\"3\",\"authorId\":\"1\",\"title\":\"Create Your Own Parking Citation Alert\",\"slug\":\"create-your-own-parking-citation-alert\",\"postDate\":1450480080,\"expiryDate\":null,\"enabled\":1,\"parentId\":\"122\",\"fields\":{\"1\":\"<p>Parking citation alerts provide notifications to help manage your parking needs and avoid unnecessary penalties. When you create an account, it will alert you so you receive notifications about:<\\/p>\\r\\n\\r\\n<ul>\\r\\n  <li>\\r\\n    <p>When a new citation is issued to your vehicle<\\/p>\\r\\n  <\\/li>\\r\\n  <li>\\r\\n    <p>Before a penalty are applied<\\/p>\\r\\n  <\\/li>\\r\\n  <li>\\r\\n    <p>After a mail-in payment is applied<\\/p>\\r\\n  <\\/li>\\r\\n  <li>\\r\\n    <p>About upcoming hearings<\\/p>\\r\\n  <\\/li>\\r\\n  <li>\\r\\n    <p>Before you become \\u201cBoot Eligible\\u201d<\\/p>\\r\\n  <\\/li>\\r\\n  <li>\\r\\n    <p>Upcoming Resident Parking Permit Renewal<\\/p>\\r\\n  <\\/li>\\r\\n  <li>\\r\\n    <p>City of Oakland Parking announcements<\\/p><\\/li><\\/ul>\",\"5\":\"https:\\/\\/wmq1.etimspayments.com\\/pbw\\/include\\/vpportal\\/oakland\\/login_page.jsp\",\"3\":\"Sign up for alerts\",\"4\":\"\"}}', '2015-12-18 23:09:42', '2015-12-18 23:09:42', 'ec1b82c9-3d5d-40ad-ac1d-4907a98d3677'),
 ('262', '142', '3', '1', 'en_us', '2', '', '{\"typeId\":\"4\",\"authorId\":\"1\",\"title\":\"Jobs\",\"slug\":\"jobs-info\",\"postDate\":1450479840,\"expiryDate\":null,\"enabled\":1,\"parentId\":\"\",\"fields\":{\"4\":\"Finding jobs and employment services in Oakland.\"}}', '2015-12-18 23:10:57', '2015-12-18 23:10:57', '1408b525-5b0a-4795-9ef2-f738f3000516'),
 ('282', '182', '3', '1', 'en_us', '1', '', '{\"typeId\":\"3\",\"authorId\":\"1\",\"title\":\"Request an Administrative Hearing\",\"slug\":\"request-an-administrative-hearing\",\"postDate\":1450480595,\"expiryDate\":null,\"enabled\":1,\"parentId\":\"122\",\"fields\":{\"1\":\"<p>If you contested a parking ticket and you are not satisfied with the decision, you can request an Administrative Hearing.<\\/p>\\r\\n\\r\\n<h3 id=\\\"what-you-need-to-know\\\">What You Need to Know<\\/h3>\\r\\n\\r\\n\\r\\n\\r\\n<ul>\\r\\n  <li>Once you receive the decision from contesting your ticket, you have 21 days to schedule a hearing.<\\/li>\\r\\n  <li>You can request a hearing either in person or or by mail.<\\/li>\\r\\n  <li>You must pay a deposit equal to the amount of the fine before scheduling a hearing.<\\/li>\\r\\n<\\/ul>\\r\\n\\r\\n\\r\\n\\r\\n\\r\\n\\r\\n<h3 id=\\\"request-a-hearing\\\">Request a Hearing<\\/h3>\\r\\n\\r\\n\\r\\n\\r\\n\\r\\n\\r\\n<p><strong>Make your request in person or by mail to:<\\/strong><\\/p>\\r\\n\\r\\n\\r\\n\\r\\n\\r\\n\\r\\n<p>Parking Citation Assistance Center \\u2013 Hearing Dept.<\\/p>\\r\\n\\r\\n\\r\\n\\r\\n\\r\\n\\r\\n<p>250 Frank H. Ogawa Plaza, Suite 6300<\\/p>\\r\\n\\r\\n\\r\\n\\r\\n\\r\\n\\r\\n<p>Oakland, CA 94612<\\/p>\\r\\n\\r\\n\\r\\n\\r\\n\\r\\n\\r\\n<ol>\\r\\n  <li>Pay the deposit. If you cannot afford the deposit, you can request a hearing deposit fee waiver by phone or by mail.<\\/li>\\r\\n<\\/ol>\\r\\n\\r\\n\\r\\n\\r\\n\\r\\n\\r\\n<p><strong>By Mail:<\\/strong> Click here to download the Hearing Deposit Waiver Form(http:\\/\\/www2.oaklandnet.com\\/oakca1\\/groups\\/ceda\\/documents\\/marketingmaterial\\/oak044809.pdf).<\\/p>\\r\\n\\r\\n\\r\\n\\r\\n\\r\\n\\r\\n<p>Mail to the Administrative Hearing Dept., 250 Frank H. Ogawa Plaza, Suite 6300, Oakland, CA 94612.<\\/p>\\r\\n\\r\\n\\r\\n\\r\\n\\r\\n\\r\\n<p><strong>By Phone:<\\/strong> Call the Parking Citation Assistance Center at (800) 500-6484.<\\/p>\\r\\n\\r\\n\\r\\n\\r\\n\\r\\n\\r\\n<h3 id=\\\"what-happens-next\\\">What Happens Next<\\/h3>\\r\\n\\r\\n\\r\\n\\r\\n\\r\\n\\r\\n<ol>\\r\\n  <li>You will receive a notice by mail with the date and time of the hearing.<\\/li>\\r\\n  <li>All hearings are held Monday through Friday between 9 a.m. and 4 p.m.<\\/li>\\r\\n  <li>The hearing will be held at:<\\/li>\\r\\n<\\/ol>\\r\\n\\r\\n\\r\\n\\r\\n\\r\\n\\r\\n<p>Eastmont Mall Police Substation<\\/p>\\r\\n\\r\\n\\r\\n\\r\\n\\r\\n\\r\\n<p>2651 73rd Avenue, Upper Level<\\/p>\\r\\n\\r\\n\\r\\n\\r\\n\\r\\n\\r\\n<p>Oakland, CA<\\/p>\\r\\n\\r\\n\\r\\n\\r\\n\\r\\n\\r\\n<p>If you cannot attend your scheduled hearing, you have two options:<\\/p>\\r\\n\\r\\n\\r\\n\\r\\n\\r\\n\\r\\n<h3 id=\\\"rescheduling-a-hearing\\\">Rescheduling a Hearing<\\/h3>\\r\\n\\r\\n\\r\\n\\r\\n\\r\\n\\r\\n<p>You have two options if you cannot attend the scheduled hearing:<\\/p>\\r\\n\\r\\n\\r\\n\\r\\n\\r\\n\\r\\n<p><strong>Reschedule the hearing<\\/strong><\\/p>\\r\\n\\r\\n\\r\\n\\r\\n\\r\\n\\r\\n<p>Call the Hearing Department at (510) 238-4484 at least five calendar days before the scheduled hearing.<\\/p>\\r\\n\\r\\n\\r\\n\\r\\n\\r\\n\\r\\n<p><strong>Request a hearing by mail<\\/strong><\\/p>\\r\\n\\r\\n\\r\\n\\r\\n\\r\\n\\r\\n<p>Send a letter detailing your dispute and include all the required documentation.<\\/p>\",\"5\":\"\",\"3\":\"\",\"4\":\"\"}}', '2015-12-18 23:16:35', '2015-12-18 23:16:35', 'cd4f4cd0-dcfb-4176-8548-87b5817b7ffd'),
 ('292', '192', '3', '1', 'en_us', '1', '', '{\"typeId\":\"4\",\"authorId\":\"1\",\"title\":\"Pay & Benefits\",\"slug\":\"pay-benefits\",\"postDate\":1450481166,\"expiryDate\":null,\"enabled\":1,\"parentId\":\"142\",\"fields\":{\"4\":\"Salary information, benefits and compensation for City employees\"}}', '2015-12-18 23:26:06', '2015-12-18 23:26:06', '1364f238-1395-43c2-a5cc-e043fd3df1f6'),
 ('302', '162', '3', '1', 'en_us', '2', '', '{\"typeId\":\"4\",\"authorId\":\"1\",\"title\":\"Apply for Jobs\",\"slug\":\"apply-for-jobs\",\"postDate\":1450480140,\"expiryDate\":null,\"enabled\":1,\"parentId\":\"142\",\"fields\":{\"4\":\"The process of applying for a job with the City, requirements, job listings and applications\"}}', '2015-12-18 23:26:17', '2015-12-18 23:26:17', '7ea492b9-ea07-4dcb-bddf-7dd2882559e4'),
 ('312', '192', '3', '1', 'en_us', '2', '', '{\"typeId\":\"4\",\"authorId\":\"1\",\"title\":\"Benefits & Perks\",\"slug\":\"pay-benefits\",\"postDate\":1450481160,\"expiryDate\":null,\"enabled\":1,\"parentId\":\"142\",\"fields\":{\"4\":\"Salary information, benefits and compensation for City employees\"}}', '2015-12-18 23:29:23', '2015-12-18 23:29:23', '043d9671-ee4a-4e8b-9c97-a5acc5ed25f6'),
 ('322', '202', '3', '1', 'en_us', '1', '', '{\"typeId\":\"4\",\"authorId\":\"1\",\"title\":\"Application Process & Support\",\"slug\":\"application-process-support\",\"postDate\":1450481433,\"expiryDate\":null,\"enabled\":1,\"parentId\":\"142\",\"fields\":{\"4\":\"\"}}', '2015-12-18 23:30:33', '2015-12-18 23:30:33', 'e07ac856-b77e-4c7e-8a5b-2c93247bd6ba'),
 ('332', '212', '3', '1', 'en_us', '1', '', '{\"typeId\":\"3\",\"authorId\":\"1\",\"title\":\"Apply Online for Current Job Openings\",\"slug\":\"apply-online-for-current-job-openings\",\"postDate\":1450482530,\"expiryDate\":null,\"enabled\":1,\"parentId\":\"\",\"fields\":{\"1\":\"<p>Thank you for your interest in working for the City of Oakland!<\\/p>\\r\\n\\r\\n\\r\\n\\r\\n\\r\\n\\r\\n<ul><li>For current City of Oakland or Port of Oakland employees, click here to view openings.<\\/li><li>For&nbsp;Port of Oakland jobs, click here to see available openings.<\\/li><\\/ul><p><span><\\/span><\\/p>\\r\\n\\r\\n\\r\\n\\r\\n\\r\\n\\r\\n<h3 id=\\\"how-to-get-started-first-time-applicants\\\">How to Get Started: First-Time Applicants<\\/h3>\\r\\n\\r\\n\\r\\n\\r\\n\\r\\n\\r\\n<ul>\\r\\n  <li>Search for jobs that fit your skills and interests.<\\/li>\\r\\n  <li>You can save your search by setting a job alert through&nbsp;&nbsp;in a Job Interest Card.<\\/li>\\r\\n  <li>This will send you emails when new jobs open that fit your search criteria.<\\/li>\\r\\n  <li>Click the \\u201cApply\\u201d link of a job you are interested in.<\\/li>\\r\\n  <li>Create an account.<\\/li>\\r\\n  <li>Select a username and password.<\\/li>\\r\\n  <li>Click the \\u201cBuild Job Application\\u201d link to start your application.<\\/li>\\r\\n  <li>Save your application as you complete sections.<\\/li>\\r\\n  <li>The NeoGov system will save your information every 15 minutes.<\\/li>\\r\\n  <li>You can save and use your application to apply for other job openings.<\\/li>\\r\\n<\\/ul>\\r\\n\\r\\n\\r\\n\\r\\n\\r\\n\\r\\n<p><em>Online applications are stored on a secure site. Only authorized employees and hiring authorities have access to the information submitted.<\\/em><\\/p>\\r\\n\\r\\n\\r\\n\\r\\n\\r\\n\\r\\n<h3 id=\\\"tips-for-completing-your-application\\\">Tips for Completing Your Application<\\/h3>\\r\\n\\r\\n\\r\\n\\r\\n\\r\\n\\r\\n<ul>\\r\\n  <li>Review the supplemental questions, if any are included.<\\/li>\\r\\n  <li>You may want to complete supplemental questions outside of the NeoGov system.<\\/li>\\r\\n  <li>Other recommendations include:<\\/li>\\r\\n  <li>Gather information about your education and work experience.<\\/li>\\r\\n  <li>Provide specific information in your answers such as dates, locations, data, and references.<\\/li>\\r\\n  <li>Write responses in a word processing program such as Microsoft Word.<\\/li>\\r\\n  <li>Copy and paste these responses into the NeoGov system.<\\/li>\\r\\n  <li>Complete and submit your application before the closing date for consideration.<\\/li>\\r\\n<\\/ul>\",\"5\":\"See all current job openings\",\"3\":\"Apply Online for Current Job Openings\",\"4\":\"\"}}', '2015-12-18 23:48:51', '2015-12-18 23:48:51', '846dfb94-b52e-4ad8-909a-79b5fe74e4a3'),
 ('342', '222', '3', '1', 'en_us', '1', '', '{\"typeId\":\"3\",\"authorId\":\"1\",\"title\":\"What To Do If Your Car Is Booted\",\"slug\":\"what-to-do-if-your-car-is-booted\",\"postDate\":1450482570,\"expiryDate\":null,\"enabled\":1,\"parentId\":\"122\",\"fields\":{\"1\":\"<aside>\\r\\n**Do not attempt to drive your vehicle because severe damage may occur.** \\r\\n<\\/aside>\\r\\n\\r\\n<p>The parking boot program targets the most serious parking violators who have <strong>five (5) or more unpaid parking tickets<\\/strong>.<\\/p>\\r\\n\\r\\n\\r\\n\\r\\n\\r\\n\\r\\n<h3 id=\\\"what-to-know\\\">What to Know<\\/h3>\\r\\n\\r\\n\\r\\n\\r\\n<ul>\\r\\n  <li>A sticker will be displayed on a window of your vehicle showing that your vehicle has been booted.<\\/li>\\r\\n  <li>This sticker will include instructions in English, Chinese and Spanish.<\\/li>\\r\\n  <li>Call the telephone number for the Help Center at (800) 500-6484 anytime for more information.<\\/li>\\r\\n  <li>Phone assistance is available in multiple languages.<\\/li>\\r\\n<\\/ul>\\r\\n\\r\\n\\r\\n\\r\\n\\r\\n\\r\\n<h3 id=\\\"how-to-remove-the-boot-from-your-vehicle\\\">How to Remove the Boot from Your Vehicle<\\/h3>\\r\\n\\r\\n\\r\\n\\r\\n\\r\\n\\r\\n<p>Pay the fines for the unpaid tickets. You can make payments by phone or in person. In most cases, you can drive your vehicle in about five minutes. Payment plan options are available. Please call the Help Center at (800) 500-6484 for more information.<\\/p>\\r\\n\\r\\n\\r\\n\\r\\n\\r\\n\\r\\n<aside>By Phone: Call the Help Center at (800) 500-6484.<\\/aside>\\r\\n\\r\\n\\r\\n\\r\\n\\r\\n\\r\\n<ol>\\r\\n  <li>Pay the fines with a credit\\/debit card or e-check.<\\/li>\\r\\n  <li>The operator will provide a six-digit code.<\\/li>\\r\\n  <li>This six-digit code will allow removal of the boot without damage to your vehicle.<\\/li>\\r\\n  <li>Call the Help Center at (800) 500-6484 if you need assistance with boot removal steps.<\\/li>\\r\\n  <li>Return the boot to the location provided by the Help Center.<\\/li>\\r\\n<\\/ol>\\r\\n\\r\\n\\r\\n\\r\\n\\r\\n\\r\\n<aside>In Person: Go to the Parking Citation Assistance Center, 250 Frank H. Ogawa Plaza, 6th Floor.<\\/aside>\\r\\n\\r\\n\\r\\n\\r\\n<ol>\\r\\n  <li>Pay the fines in cash.<\\/li>\\r\\n  <li>You will receive a six-digit code.<\\/li>\\r\\n  <li>This six-digit code will allow removal of the boot without damage to your vehicle.<\\/li>\\r\\n  <li>Call the Help Center if you need assistance with boot removal steps.<\\/li>\\r\\n  <li>Return the boot to the location provided by the Parking Assistance Center.<\\/li>\\r\\n<\\/ol>\\r\\n\\r\\n\\r\\n\\r\\n\\r\\n\\r\\n<table>\\r\\n<thead>\\r\\n<tr><th>Location<\\/th><th>Hours<\\/th><\\/tr>\\r\\n<\\/thead>\\r\\n<tbody>\\r\\n<tr><td style=\\\"background-color:white\\\">\\r\\nParking Citation Assistance Center\\r\\n250 Frank H. Ogawa Plaza, Suite 6300\\r\\nOakland, CA 94612\\r\\nPhone: (800) 500-6484\\r\\n<\\/td><td>\\r\\nMondays, Tuesdays, Thursdays and Fridays from 9 a.m. to 4:30 p.m.\\r\\nWednesdays from 9:30 a.m. to 4:30 p.m.\\r\\n<\\/td><\\/tr>\\r\\n<\\/tbody>\\r\\n<\\/table>\",\"5\":\"\",\"3\":\"\",\"4\":\"\"}}', '2015-12-18 23:49:30', '2015-12-18 23:49:30', '108a4eb8-40d8-4a7d-84a9-a46c1d94baec'),
 ('352', '232', '3', '1', 'en_us', '1', '', '{\"typeId\":\"3\",\"authorId\":\"1\",\"title\":\"What To Do If Your Car Is Towed\",\"slug\":\"what-to-do-if-your-car-is-towed\",\"postDate\":1450482615,\"expiryDate\":null,\"enabled\":1,\"parentId\":\"\",\"fields\":{\"1\":\"<p>If you believe your vehicle has been towed, please call A&B Vehicle Processing at (510) 635-3211 or visit <a href=\\\"http:\\/\\/www.abimpound.com.\\/towed.html\\\">http:\\/\\/www.abimpound.com.\\/towed.html<\\/a> to confirm.<\\/p>\\r\\n\\r\\n<h3 id=\\\"what-to-know\\\">What to Know<\\/h3>\\r\\n\\r\\n\\r\\n\\r\\n\\r\\n\\r\\n<p>A vehicle can be towed in Oakland for any of the following reasons:<\\/p>\\r\\n\\r\\n\\r\\n\\r\\n\\r\\n\\r\\n<ul>\\r\\n  <li>A boot is placed on the vehicle, and payment for the boot fee and parking tickets have not been received<\\/li>\\r\\n  <li>A vehicle registration (plate tag) has been expired for more than six (6) months<\\/li>\\r\\n  <li>A vehicle has more than $2,500 in unpaid parking tickets<\\/li>\\r\\n  <li>A vehicle has five (5) or more unpaid tickets in the State of California<\\/li>\\r\\n<\\/ul>\\r\\n\\r\\n\\r\\n\\r\\n\\r\\n\\r\\n<h3 id=\\\"how-to-get-your-vehicle-released\\\">How to Get Your Vehicle Released<\\/h3>\\r\\n\\r\\n\\r\\n\\r\\n\\r\\n\\r\\n<ol>\\r\\n  <li>Pay all of your unpaid parking tickets in Oakland. Payment plans are not available for towed vehicles.<\\/li>\\r\\n  <li>Visit or call the Parking Citation Assistance Center to make payments.<\\/li>\\r\\n  <li>Pay fees for towing and storage directly to the tow company.<\\/li>\\r\\n  <li>You may need to pay unpaid tickets from all other cities in California to have your vehicle released.<\\/li>\\r\\n<\\/ol>\\r\\n\\r\\n\\r\\n\\r\\n\\r\\n\\r\\n<h3 id=\\\"for-more-information\\\">For More Information<\\/h3>\\r\\n\\r\\n\\r\\n\\r\\n<table>\\r\\n<thead>\\r\\n<tr><th>Location<\\/th><th>Hours<\\/th><\\/tr>\\r\\n<\\/thead>\\r\\n<tbody>\\r\\n<tr><td style=\\\"background-color:white\\\">\\r\\nParking Citation Assistance Center\\r\\n\\r\\n250 Frank H. Ogawa Plaza, Suite 6300\\r\\n\\r\\nOakland, CA 94612\\r\\n\\r\\nPhone: (800) 500-6484\\r\\n<\\/td><td>\\r\\nMondays, Tuesdays, Thursdays and Fridays from 9 a.m. to 4:30 p.m.\\r\\nWednesdays from 9:30 a.m. to 4:30 p.m.\\r\\n<\\/td><\\/tr>\\r\\n<\\/tbody>\\r\\n<\\/table>\\r\\n\\r\\n\\r\\n\\r\\n\\r\\n\\r\\n<p>Only the registered owner of the towed vehicle can contest one or more of the unpaid tickets.<\\/p>\\r\\n\\r\\n\\r\\n\\r\\n\\r\\n\\r\\n<p>Please visit the Parking Citation Assistance Center at 250 Frank H. Ogawa Plaza, Suite 6300 or call the Center at (510) 238-4484.<\\/p>\",\"5\":\"\",\"3\":\"\",\"4\":\"\"}}', '2015-12-18 23:50:16', '2015-12-18 23:50:16', '6a6c431a-4c26-4c5e-b794-2d6d8917e963'),
 ('382', '252', '3', '1', 'en_us', '1', '', '{\"typeId\":\"4\",\"authorId\":\"1\",\"title\":\"Find Parking\",\"slug\":\"find-parking\",\"postDate\":1450482917,\"expiryDate\":null,\"enabled\":1,\"parentId\":\"5\",\"fields\":{\"4\":\"When, where and how to legally park\"}}', '2015-12-18 23:55:17', '2015-12-18 23:55:17', 'bd519fb2-d44e-4903-8de4-8df34d68bcf4'),
 ('392', '262', '3', '1', 'en_us', '1', '', '{\"typeId\":\"3\",\"authorId\":\"1\",\"title\":\"Understanding Curb Colors\",\"slug\":\"understanding-curb-colors\",\"postDate\":1450482980,\"expiryDate\":null,\"enabled\":1,\"parentId\":\"252\",\"fields\":{\"1\":\"<aside>\\r\\nPlease look for posted signs and curb colors when you park.\\r\\n\\r\\nFaded curb colors are still enforced.<\\/aside>\\r\\n\\r\\n<table>\\r\\n<thead>\\r\\n<tr><th>Curb Color<\\/th><th>Meaning<\\/th><\\/tr>\\r\\n<\\/thead>\\r\\n<tbody>\\r\\n<tr><td><strong>Red<\\/strong><\\/td><td>No stopping, standing or parking at any time<\\/td><\\/tr>\\r\\n<tr><td><strong>Yellow<\\/strong><\\/td><td>For loading and unloading of passengers and materials between 7 a.m. and 6 p.m. The loading or unloading of passengers should not exceed 3 minutes and the loading or unloading of materials from a vehicle with commercial plates should not exceed 30 minutes. \\r\\n\\r\\nThis parking restriction does not apply on Sundays and parking holidays.<\\/td><\\/tr>\\r\\n<tr><td><strong>White<\\/strong><\\/td><td>For loading and unloading of passengers which should not exceed three minutes. Most white curb restrictions apply from 7 a.m. to 6 p.m. except:\\r\\n<ul>\\r\\n<li>Parking on a white curb in front of a hotel or hospital is restricted at all times.<\\/li>\\r\\n<li>Parking in front of a theater, hall or other place of public assembly shall apply at all times except when the theater or hall is closed, and then a vehicle may park in the white zone for no longer than one hour.<\\/li>\\r\\n<\\/ul><\\/td><\\/tr>\\r\\n<tr><td><strong>Green<\\/strong><\\/td><td>No standing or parking for longer than 12 minutes at any time between 8 a.m and 6 p.m., excluding Sundays and parking holidays.<\\/td><\\/tr>\\r\\n<tr><td><strong>Blue<\\/strong><\\/td><td>For parking by physically handicapped person whose vehicles display either a valid placard or license plate for the disabled.<\\/td><\\/tr>\\r\\n<\\/tbody>\\r\\n<\\/table>\\r\\n\\r\\n\\r\\n\\r\\n\\r\\n\\r\\n<p><strong>Please note - faded curb colors are still enforced.<\\/strong> You can report a curb that needs repainting by reporting it to:<\\/p>\\r\\n\\r\\n\\r\\n\\r\\n\\r\\n\\r\\n<p><strong>Public Works Call Center<\\/strong><\\/p>\\r\\n\\r\\n\\r\\n\\r\\n\\r\\n\\r\\n<p>Phone: (510) 615-5566<\\/p>\\r\\n\\r\\n\\r\\n\\r\\n\\r\\n\\r\\n<p>Email: <a href=\\\"mailto:\\/\\/opwcallcenter@oaklandnet.com\\\">opwcallcenter@oaklandnet.com<\\/a><\\/p>\\r\\n\\r\\n\\r\\n\\r\\n\\r\\n\\r\\n<p>Online: <a href=\\\"http:\\/\\/gismaps.oaklandnet.com\\/srwebsite\\/ServiceType.aspx\\\">Report a Problem<\\/a><\\/p>\\r\\n\\r\\n\\r\\n\\r\\n\\r\\n\\r\\n<p>Mobile App: <a href=\\\"http:\\/\\/en.seeclickfix.com\\/oakland\\\">SeeClickFix<\\/a><\\/p>\\r\\n\\r\\n\\r\\n\\r\\n\\r\\n\\r\\n<p>For additional assistance with parking limitations for each curb color, please contact the Parking Citation Assistance Center at (800) 500-6484.<\\/p>\",\"5\":\"\",\"3\":\"\",\"4\":\"\"}}', '2015-12-18 23:56:20', '2015-12-18 23:56:20', 'bcdd58db-6110-487c-9955-ca02bed93452'),
 ('402', '272', '3', '1', 'en_us', '1', '', '{\"typeId\":\"3\",\"authorId\":\"1\",\"title\":\"Find a City Owned Parking Garage\",\"slug\":\"find-a-city-owned-parking-garage\",\"postDate\":1450483064,\"expiryDate\":null,\"enabled\":1,\"parentId\":\"252\",\"fields\":{\"1\":\"<p>To find a City-owned garage or lot, check out the Oakland Parking Map below.<\\/p>\\r\\n\\r\\n<p>Please contact the parking operator if you have questions about a specific garage.<\\/p>\\r\\n\\r\\n\\r\\n\\r\\n\\r\\n\\r\\n<p>You can find contact information on the map below by clicking on the \\u201cP\\u201d linked to the garage.<\\/p>\\r\\n\\r\\n\\r\\n\\r\\n\\r\\n\\r\\n<p>A limited number of monthly parking permits are available at some metered outdoor lots. If you have questions about these permits, please call (510) 238-6154.<\\/p>\\r\\n\\r\\n\\r\\n\\r\\n\\r\\n\\r\\n<iframe src=\\\"https:\\/\\/www.google.com\\/maps\\/d\\/embed?mid=zl4zo8vL6AEs.k8zY7kXNO4-A&hl=en\\\" width=\\\"640\\\" height=\\\"480\\\"><\\/iframe>\",\"5\":\"\",\"3\":\"\",\"4\":\"\"}}', '2015-12-18 23:57:45', '2015-12-18 23:57:45', 'e20ed67a-109a-4e9d-a5b6-779121799947'),
 ('412', '282', '3', '1', 'en_us', '1', '', '{\"typeId\":\"3\",\"authorId\":\"1\",\"title\":\"Parking Hours and Rates\",\"slug\":\"parking-hours-and-rates\",\"postDate\":1450483159,\"expiryDate\":null,\"enabled\":1,\"parentId\":\"\",\"fields\":{\"1\":\"<aside>\\r\\nPlease look for posted signs and curb colors when you park.\\r\\n<\\/aside>\\r\\n\\r\\n<p>Meter hours in Oakland, CA are Monday through Saturday from 8 a.m. to 6 p.m.<\\/p>\\r\\n\\r\\n\\r\\n\\r\\n\\r\\n\\r\\n<p>It costs $2 per hour to park at a parking meter.<\\/p>\\r\\n\\r\\n\\r\\n\\r\\n\\r\\n\\r\\n<p>Parking is free on the following holidays:<\\/p>\\r\\n\\r\\n\\r\\n\\r\\n\\r\\n\\r\\n<ul>\\r\\n  <li>New Year\\u2019s Day - January 1<\\/li>\\r\\n  <li>Martin Luther King, Jr. Birthday - Third Monday of January<\\/li>\\r\\n  <li>President\\u2019s Day - Third Monday of February<\\/li>\\r\\n  <li>Memorial Day - Last Monday of May<\\/li>\\r\\n  <li>Independence Day - July 4<\\/li>\\r\\n  <li>Labor Day - First Monday of September<\\/li>\\r\\n  <li>Thanksgiving Day - Fourth Thursday of November<\\/li>\\r\\n  <li>Christmas Day - December 25<\\/li>\\r\\n<\\/ul>\\r\\n\\r\\n\\r\\n\\r\\n\\r\\n\\r\\n<p>If any of these holidays falls upon a Sunday, the following Monday is a holiday.<\\/p>\",\"5\":\"\",\"3\":\"\",\"4\":\"\"}}', '2015-12-18 23:59:19', '2015-12-18 23:59:19', 'be227d99-6452-40c5-b8b2-a12e770aade1'),
 ('422', '292', '3', '1', 'en_us', '1', '', '{\"typeId\":\"3\",\"authorId\":\"1\",\"title\":\"Street Sweeping Restrictions\",\"slug\":\"street-sweeping-restrictions\",\"postDate\":1450483222,\"expiryDate\":null,\"enabled\":1,\"parentId\":\"252\",\"fields\":{\"1\":\"<p>Please look for street sweeping signs and curb colors when you park.The City cleans major roads and commercial areas at night. Residential areas are swept during the day.<\\/p><p>You can see when street sweeping is scheduled for your block on official signage. These signs list restricted times for parks. Please move your vehicle accordingly.<\\/p><p>[insert picture of a parking sign as an example] [insert map that city is working on that shows what time street sweeping is on each street]<\\/p>\",\"5\":\"\",\"3\":\"\",\"4\":\"\"}}', '2015-12-19 00:00:22', '2015-12-19 00:00:22', '89584893-228b-4af9-abaa-e05bbfa2d8ec'),
 ('432', '302', '3', '1', 'en_us', '1', '', '{\"typeId\":\"3\",\"authorId\":\"1\",\"title\":\"Disabled Person Parking\",\"slug\":\"disabled-person-parking\",\"postDate\":1450483461,\"expiryDate\":null,\"enabled\":1,\"parentId\":\"252\",\"fields\":{\"1\":\"<h2 id=\\\"disabled-person-parking-privileges\\\">Disabled Person Parking Privileges<\\/h2>\\r\\n\\r\\n<p>People with disabilities and Disabled Veterans with a valid license plate or placard issued by the California DMV may park in the following areas:<\\/p>\\r\\n\\r\\n\\r\\n\\r\\n<ul>\\r\\n  <li>\\r\\n    <p>In parking spaces with the International Symbol of Access (wheelchair symbol).<\\/p>\\r\\n  <\\/li>\\r\\n  <li>\\r\\n    <p>Next to a blue curb authorized for persons with disabilities parking.<\\/p>\\r\\n  <\\/li>\\r\\n  <li>Next to a green curb (green curbs indicate limited time parking) for as long as you wish. There is no time limit with a DP placard, DP license plates or DV license plates.<\\/li>\\r\\n  <li>In an on-street metered parking space at no charge for as long as you wish. There is no time limit with a DP placard, DP license plates or DV license plates.<\\/li>\\r\\n  <li>In an area that indicates it requires a resident or merchant permit for as long as you wish. There is no time limit with a DP placard, DP license plates or DV license plates.<\\/li>\\r\\n<\\/ul>\\r\\n\\r\\n\\r\\n\\r\\n\\r\\n\\r\\n<h2 id=\\\"disabled-person-parking-limitations\\\">Disabled Person Parking Limitations<\\/h2>\\r\\n\\r\\n\\r\\n\\r\\n\\r\\n\\r\\n<p>You may <strong>not park<\\/strong>:<\\/p>\\r\\n\\r\\n\\r\\n\\r\\n\\r\\n\\r\\n<ul>\\r\\n  <li>\\r\\n    <p>In spaces marked with a crosshatched pattern next to a parking space with the International Symbol of Access (wheelchair symbol). These spaces are for wheelchair and wheelchair lift access.<\\/p>\\r\\n  <\\/li>\\r\\n  <li>Next to red curbs, which indicate no stopping, standing or parking.<\\/li>\\r\\n  <li>\\r\\n    <p>Next to yellow curbs, which are for commercial vehicles to load and unload passengers or freight.<\\/p>\\r\\n  <\\/li>\\r\\n  <li>Next to white curbs, which are for loading and unloading passengers or depositing mail in an adjacent mailbox.<\\/li>\\r\\n<\\/ul>\\r\\n\\r\\n\\r\\n\\r\\n\\r\\n\\r\\n<ul><\\/ul>\\r\\n\\r\\n\\r\\n\\r\\n\\r\\n\\r\\n<table>\\r\\n<thead>\\r\\n<tr><th>Parking Areas<\\/th><th>Meaning<\\/th><\\/tr>\\r\\n<\\/thead>\\r\\n<tbody>\\r\\n<tr><td style=\\\"background-color:blue\\\"><strong>Handicapped symbol<\\/strong><\\/td><td>You can park in spaces with the International Symbol of Access<\\/td><\\/tr>\\r\\n<tr><td style=\\\"background-color:blue\\\"><strong>Blue<\\/strong><\\/td><td>This parking is reserved for persons with disabilities.<\\/td><\\/tr>\\r\\n<tr><td style=\\\"background-color:green\\\"><strong>Green<\\/strong><\\/td><td>You can park here as long as you want with a valid placard or license plate for the disabled.<\\/td><\\/tr>\\r\\n<tr><td style=\\\"background-color:white\\\"><strong>Parking Meter<\\/strong><\\/td><td>\\r\\nYou can park here as long as you want with a valid placard or license plate for the disabled. <\\/td><\\/tr>\\r\\n<tr><td style=\\\"background-color:white\\\"><strong>Resident and Merchant Permit Parking<\\/strong><\\/td><td>\\r\\nYou can park here as long as you want with a valid placard or license plate for the disabled. <\\/td><\\/tr>\\r\\n<\\/tbody>\\r\\n<\\/table>\\r\\n\\r\\n\\r\\n\\r\\n\\r\\n\\r\\n<h2 id=\\\"disabled-person-parking-limitations-1\\\">Disabled Person Parking Limitations<\\/h2>\\r\\n\\r\\n\\r\\n\\r\\n\\r\\n\\r\\n<p>People with disabilities and Disabled Veterans with a valid license plate or placard issued by the California DMV may not park in the following areas:<\\/p>\\r\\n\\r\\n\\r\\n\\r\\n\\r\\n\\r\\n<table>\\r\\n<thead>\\r\\n<tr><th>Parking Areas<\\/th><th>Meaning<\\/th><\\/tr>\\r\\n<\\/thead>\\r\\n<tbody>\\r\\n<tr><td style=\\\"background-color:white\\\"><strong>Crosshatched or Striped Areas<\\/strong><\\/td><td>\\r\\nYou can not park in spaces with a striped or crosshatched pattern.\\r\\n<\\/td><\\/tr>\\r\\n<tr><td style=\\\"background-color:red\\\"><strong>Red<\\/strong><\\/td><td>\\r\\nYou can not stop, idle or park your car.\\r\\n<\\/td><\\/tr>\\r\\n<tr><td style=\\\"background-color:yellow\\\"><strong>Yellow<\\/strong><\\/td><td>These areas are reserved for commercial vehicles.<\\/td><\\/tr>\\r\\n<tr><td style=\\\"background-color:white\\\"><strong>White<\\/strong><\\/td><td>These areas are reserved for picking up and dropping off passengers.\\r\\n<\\/td><\\/tr>\\r\\n<\\/tbody>\\r\\n<\\/table>\",\"5\":\"\",\"3\":\"\",\"4\":\"\"}}', '2015-12-19 00:04:21', '2015-12-19 00:04:21', '052d419c-53d5-4957-8112-7a0e97bd7dda'),
 ('442', '312', '3', '1', 'en_us', '1', '', '{\"typeId\":\"3\",\"authorId\":\"1\",\"title\":\"Apply for Disabled Persons Parking Placards and Plates\",\"slug\":\"apply-for-disabled-persons-parking-placards-and-plates\",\"postDate\":1450483575,\"expiryDate\":null,\"enabled\":1,\"parentId\":\"52\",\"fields\":{\"1\":\"<p>You may qualify for a Disabled Person placard or license plates if you have one or more of the conditions below.<\\/p>\\r\\n\\r\\n<ul>\\r\\n  <li>Inability to use one or more lower limbs, or both hands<\\/li>\\r\\n  <li>Diagnosed disease that impairs or interferes with mobility<\\/li>\\r\\n  <li>Severe disability that leaves you unable to move without an assistive device<\\/li>\\r\\n  <li>Documented problems with your eyesight such as lower-vision or partial-sightedness<\\/li>\\r\\n  <li>The City of Oakland does not issue Disabled Person placards or license plates.<\\/li>\\r\\n<\\/ul>\\r\\n\\r\\n\\r\\n\\r\\n\\r\\n\\r\\n<p>Apply with the California Department of Motor Vehicles at http:\\/\\/www.dmv.ca.gov\\/pubs%2Fbrochures\\/fast_facts\\/ffvr07.htm.<\\/p>\\r\\n\\r\\n\\r\\n\\r\\n\\r\\n\\r\\n<h3 id=\\\"illegal-use-of-disabled-parking\\\">Illegal Use of Disabled Parking<\\/h3>\\r\\n\\r\\n\\r\\n\\r\\n\\r\\n\\r\\n<p>Only the disabled driver issued the placard or plates can use the parking placard or plates.<\\/p>\\r\\n\\r\\n\\r\\n\\r\\n\\r\\n\\r\\n<p>A driver that does any of the actions below can receive tickets and fines.<\\/p>\\r\\n\\r\\n\\r\\n\\r\\n\\r\\n\\r\\n<ul>\\r\\n  <li>Lend your Disabled Person placard to someone else<\\/li>\\r\\n  <li>Use someone else\\u2019s Disabled Person placard<\\/li>\\r\\n  <li>Have or display a fake Disabled Person placard or license plates<\\/li>\\r\\n<\\/ul>\\r\\n\\r\\n\\r\\n\\r\\n\\r\\n\\r\\n<p>Report illegal use of Disabled Person placards and plates. Please call Parking Enforcement at (510) 238-3099.<\\/p>\",\"5\":\"\",\"3\":\"\",\"4\":\"\"}}', '2015-12-19 00:06:16', '2015-12-19 00:06:16', '9f511865-4b84-4a6c-8cfe-2a0ecb82c0ed'),
 ('462', '312', '3', '1', 'en_us', '2', '', '{\"typeId\":\"3\",\"authorId\":\"1\",\"title\":\"Apply for Disabled Persons Parking Placards and Plates\",\"slug\":\"apply-for-disabled-persons-parking-placards-and-plates\",\"postDate\":1450483560,\"expiryDate\":null,\"enabled\":1,\"parentId\":\"52\",\"fields\":{\"1\":\"<p>You may qualify for a Disabled Person placard or license plates if you have one or more of the conditions below.<\\/p>\\r\\n\\r\\n<ul>\\r\\n  <li>Inability to use one or more lower limbs, or both hands<\\/li>\\r\\n  <li>Diagnosed disease that impairs or interferes with mobility<\\/li>\\r\\n  <li>Severe disability that leaves you unable to move without an assistive device<\\/li>\\r\\n  <li>Documented problems with your eyesight such as lower-vision or partial-sightedness<\\/li>\\r\\n  <li>The City of Oakland does not issue Disabled Person placards or license plates<\\/li><\\/ul>\\r\\n\\r\\n\\r\\n\\r\\n\\r\\n\\r\\n\\r\\n\\r\\n<h3 id=\\\"illegal-use-of-disabled-parking\\\">Illegal Use of Disabled Parking<\\/h3>\\r\\n\\r\\n\\r\\n\\r\\n\\r\\n\\r\\n\\r\\n\\r\\n<p>Only the disabled driver issued the placard or plates can use the parking placard or plates.<\\/p>\\r\\n\\r\\n\\r\\n\\r\\n\\r\\n\\r\\n\\r\\n\\r\\n<p>A driver that does any of the actions below can receive tickets and fines.<\\/p>\\r\\n\\r\\n\\r\\n\\r\\n\\r\\n\\r\\n\\r\\n\\r\\n<ul>\\r\\n  <li>Lend your Disabled Person placard to someone else<\\/li>\\r\\n  <li>Use someone else\\u2019s Disabled Person placard<\\/li>\\r\\n  <li>Have or display a fake Disabled Person placard or license plates<\\/li>\\r\\n<\\/ul>\\r\\n\\r\\n\\r\\n\\r\\n\\r\\n\\r\\n\\r\\n\\r\\n<p>Report illegal use of Disabled Person placards and plates. Please call Parking Enforcement at (510) 238-3099.<\\/p>\",\"5\":\"http:\\/\\/www.dmv.ca.gov\\/pubs%2Fbrochures\\/fast_facts\\/ffvr07.htm\",\"3\":\"Apply with the California Department of Motor Vehicles\",\"4\":\"\"}}', '2015-12-19 00:07:38', '2015-12-19 00:07:38', '0745c93e-aefe-40ad-910a-97e9ed89b5d0'),
 ('472', '312', '3', '1', 'en_us', '3', '', '{\"typeId\":\"3\",\"authorId\":\"1\",\"title\":\"Apply for Disabled Persons Parking Placards and Plates\",\"slug\":\"apply-for-disabled-persons-parking-placards-and-plates\",\"postDate\":1450483560,\"expiryDate\":null,\"enabled\":1,\"parentId\":\"52\",\"fields\":{\"1\":\"<p>You may qualify for a Disabled Person placard or license plates if you have one or more of the conditions below.<\\/p>\\r\\n\\r\\n<ul>\\r\\n  <li>Inability to use one or more lower limbs, or both hands<\\/li>\\r\\n  <li>Diagnosed disease that impairs or interferes with mobility<\\/li>\\r\\n  <li>Severe disability that leaves you unable to move without an assistive device<\\/li>\\r\\n  <li>Documented problems with your eyesight such as lower-vision or partial-sightedness<\\/li>\\r\\n  <li>The City of Oakland does not issue Disabled Person placards or license plates<\\/li><\\/ul>\\r\\n\\r\\n\\r\\n\\r\\n\\r\\n\\r\\n\\r\\n\\r\\n\\r\\n\\r\\n<h3 id=\\\"illegal-use-of-disabled-parking\\\">Illegal Use of Disabled Parking<\\/h3>\\r\\n\\r\\n\\r\\n\\r\\n\\r\\n\\r\\n\\r\\n\\r\\n\\r\\n\\r\\n<p>Only the disabled driver issued the placard or plates can use the parking placard or plates.<\\/p>\\r\\n\\r\\n\\r\\n\\r\\n\\r\\n\\r\\n\\r\\n\\r\\n\\r\\n\\r\\n<p>A driver that does any of the actions below can receive tickets and fines.<\\/p>\\r\\n\\r\\n\\r\\n\\r\\n\\r\\n\\r\\n\\r\\n\\r\\n\\r\\n\\r\\n<ul>\\r\\n  <li>Lend your Disabled Person placard to someone else<\\/li>\\r\\n  <li>Use someone else\\u2019s Disabled Person placard<\\/li>\\r\\n  <li>Have or display a fake Disabled Person placard or license plates<\\/li>\\r\\n<\\/ul>\\r\\n\\r\\n\\r\\n\\r\\n\\r\\n\\r\\n\\r\\n\\r\\n\\r\\n\\r\\n<p>Report illegal use of Disabled Person placards and plates. Please call Parking Enforcement at (510) 238-3099.<\\/p>\",\"5\":\"http:\\/\\/www.dmv.ca.gov\\/pubs%2Fbrochures\\/fast_facts\\/ffvr07.htm\",\"3\":\"Apply with the California DMV\",\"4\":\"\"}}', '2015-12-19 00:08:19', '2015-12-19 00:08:19', 'cf5285ab-bbb8-4f40-ad6a-c16f95c92bf0'),
 ('482', '212', '3', '1', 'en_us', '2', '', '{\"typeId\":\"3\",\"authorId\":\"1\",\"title\":\"Apply Online for Current Job Openings\",\"slug\":\"apply-online-for-current-job-openings\",\"postDate\":1450482480,\"expiryDate\":null,\"enabled\":1,\"parentId\":\"162\",\"fields\":{\"1\":\"<p>Thank you for your interest in working for the City of Oakland!<\\/p>\\r\\n\\r\\n\\r\\n\\r\\n\\r\\n\\r\\n<ul><li>For current City of Oakland or Port of Oakland employees, click here to view openings.<\\/li><li>For&nbsp;Port of Oakland jobs, click here to see available openings.<\\/li><\\/ul>\\r\\n\\r\\n\\r\\n\\r\\n\\r\\n\\r\\n\\r\\n\\r\\n<h3 id=\\\"how-to-get-started-first-time-applicants\\\">How to Get Started: First-Time Applicants<\\/h3>\\r\\n\\r\\n\\r\\n\\r\\n\\r\\n\\r\\n\\r\\n\\r\\n<ul>\\r\\n  <li>Search for jobs that fit your skills and interests.<\\/li>\\r\\n  <li>Save your search by setting up a job alert in a Job Interest Card.<\\/li>\\r\\n  <li>This will send you emails when new jobs open that fit your search criteria.<\\/li>\\r\\n  <li>Click the \\u201cApply\\u201d link of a job you are interested in.<\\/li>\\r\\n  <li>Create an account.<\\/li>\\r\\n  <li>Select a username and password.<\\/li>\\r\\n  <li>Click the \\u201cBuild Job Application\\u201d link to start your application.<\\/li>\\r\\n  <li>Save your application as you complete sections.<\\/li>\\r\\n  <li>The NeoGov system will save your information every 15 minutes.<\\/li>\\r\\n  <li>You can save and use your application to apply for other job openings.<\\/li>\\r\\n<\\/ul>\\r\\n\\r\\n\\r\\n\\r\\n\\r\\n\\r\\n\\r\\n\\r\\n<p><em>Online applications are stored on a secure site. Only authorized employees and hiring authorities have access to the information submitted.<\\/em><\\/p>\\r\\n\\r\\n\\r\\n\\r\\n\\r\\n\\r\\n\\r\\n\\r\\n<h3 id=\\\"tips-for-completing-your-application\\\">Tips for Completing Your Application<\\/h3>\\r\\n\\r\\n\\r\\n\\r\\n\\r\\n\\r\\n\\r\\n\\r\\n<ul>\\r\\n  <li>Review the supplemental questions, if any are included.<\\/li>\\r\\n  <li>You may want to complete supplemental questions outside of the NeoGov system.<\\/li>\\r\\n  <li>Other recommendations include:<\\/li>\\r\\n  <li>Gather information about your education and work experience.<\\/li>\\r\\n  <li>Provide specific information in your answers such as dates, locations, data, and references.<\\/li>\\r\\n  <li>Write responses in a word processing program such as Microsoft Word.<\\/li>\\r\\n  <li>Copy and paste these responses into the NeoGov system.<\\/li>\\r\\n  <li>Complete and submit your application before the closing date for consideration.<\\/li>\\r\\n<\\/ul>\",\"5\":\"See all current job openings\",\"3\":\"Apply Online for Current Job Openings\",\"4\":\"\"}}', '2015-12-19 00:13:18', '2015-12-19 00:13:18', '989ac9d4-673f-42ee-94ec-a39b971ca60f'),
 ('492', '252', '3', '1', 'en_us', '2', '', '{\"typeId\":\"4\",\"authorId\":\"1\",\"title\":\"Additional Parking Information\",\"slug\":\"find-parking\",\"postDate\":1450482900,\"expiryDate\":null,\"enabled\":1,\"parentId\":\"5\",\"fields\":{\"4\":\"When, where and how to legally park\"}}', '2015-12-19 00:14:49', '2015-12-19 00:14:49', '6b42f618-183e-44dc-b3cb-b1ba81f4db56'),
 ('512', '6', '3', '1', 'en_us', '21', '', '{\"typeId\":\"3\",\"authorId\":\"1\",\"title\":\"Pay a Parking Ticket\",\"slug\":\"pay-a-parking-ticket\",\"postDate\":1449259680,\"expiryDate\":null,\"enabled\":1,\"parentId\":\"122\",\"fields\":{\"1\":\"<h2 id=\\\"what-you-need-to-know\\\">What You Need to Know<\\/h2>\\r\\n\\r\\n<ul>\\r\\n  <li>You can pay online using Visa, MasterCard, Discover or American Express<\\/li>\\r\\n  <li>You have 21 days after the date the ticket was written to make a payment.<\\/li>\\r\\n<\\/ul>\\r\\n\\r\\n\\r\\n\\r\\n\\r\\n\\r\\n\\r\\n\\r\\n\\r\\n\\r\\n\\r\\n\\r\\n\\r\\n\\r\\n\\r\\n\\r\\n\\r\\n\\r\\n\\r\\n\\r\\n\\r\\n\\r\\n\\r\\n\\r\\n<h2 id=\\\"ways-to-pay\\\">Ways to Pay<\\/h2>\\r\\n\\r\\n\\r\\n\\r\\n\\r\\n\\r\\n\\r\\n\\r\\n\\r\\n\\r\\n\\r\\n\\r\\n\\r\\n\\r\\n\\r\\n\\r\\n\\r\\n\\r\\n\\r\\n\\r\\n\\r\\n\\r\\n\\r\\n\\r\\n\\r\\n\\r\\n<h3 id=\\\"in-person\\\">In Person<\\/h3>\\r\\n\\r\\n\\r\\n\\r\\n\\r\\n\\r\\n\\r\\n\\r\\n\\r\\n\\r\\n\\r\\n\\r\\n\\r\\n\\r\\n\\r\\n\\r\\n\\r\\n\\r\\n\\r\\n\\r\\n\\r\\n\\r\\n\\r\\n\\r\\n\\r\\n\\r\\n<p>You can pay your ticket at the Parking Citation Assistance Center.<\\/p>\\r\\n\\r\\n\\r\\n\\r\\n\\r\\n\\r\\n\\r\\n\\r\\n\\r\\n\\r\\n\\r\\n\\r\\n\\r\\n\\r\\n\\r\\n\\r\\n\\r\\n\\r\\n\\r\\n\\r\\n\\r\\n\\r\\n\\r\\n\\r\\n\\r\\n\\r\\n<table>\\r\\n<thead>\\r\\n<tr><th>Location<\\/th><th>Hours<\\/th><\\/tr>\\r\\n<\\/thead>\\r\\n<tbody>\\r\\n<tr><td>\\r\\nParking Citation Assistance Center\\r\\n250 Frank H. Ogawa Plaza, Suite 6300\\r\\nOakland, CA 94612\\r\\nPhone: (800) 500-6484\\r\\n<\\/td><td>\\r\\nMondays, Tuesdays, Thursdays and Fridays from 9 a.m. to 4:30 p.m.\\r\\nWednesdays from 9:30 a.m. to 4:30 p.m.\\r\\n<\\/td><\\/tr>\\r\\n<\\/tbody>\\r\\n<\\/table>\\r\\n\\r\\n\\r\\n\\r\\n\\r\\n\\r\\n\\r\\n\\r\\n\\r\\n\\r\\n\\r\\n\\r\\n\\r\\n\\r\\n\\r\\n\\r\\n\\r\\n\\r\\n\\r\\n\\r\\n\\r\\n\\r\\n\\r\\n\\r\\n\\r\\n\\r\\n<p><strong>Additional locations:<\\/strong><\\/p>\\r\\n\\r\\n\\r\\n\\r\\n\\r\\n\\r\\n\\r\\n\\r\\n\\r\\n\\r\\n\\r\\n\\r\\n\\r\\n\\r\\n\\r\\n\\r\\n\\r\\n\\r\\n\\r\\n\\r\\n\\r\\n\\r\\n\\r\\n\\r\\n\\r\\n\\r\\n<ul>\\r\\n  <li>Parking ticket payment kiosks at 250 Frank H. Ogawa Plaza, Monday through Friday from 8:30 a.m. to 5 p.m.<\\/li>\\r\\n  <li>Eastmont Police Substation, 2651 73rd Avenue, Monday through Saturday from 8:00 a.m. to 4 p.m.<\\/li>\\r\\n<\\/ul>\\r\\n\\r\\n\\r\\n\\r\\n\\r\\n\\r\\n\\r\\n\\r\\n\\r\\n\\r\\n\\r\\n\\r\\n\\r\\n\\r\\n\\r\\n\\r\\n\\r\\n\\r\\n\\r\\n\\r\\n\\r\\n\\r\\n\\r\\n\\r\\n\\r\\n\\r\\n<h3 id=\\\"by-mail\\\">By Mail<\\/h3>\\r\\n\\r\\n\\r\\n\\r\\n\\r\\n\\r\\n\\r\\n\\r\\n\\r\\n\\r\\n\\r\\n\\r\\n\\r\\n\\r\\n\\r\\n\\r\\n\\r\\n\\r\\n\\r\\n\\r\\n\\r\\n\\r\\n\\r\\n\\r\\n\\r\\n\\r\\n<p>Mail your parking ticket&nbsp;and the full payment to:<\\/p>\\r\\n\\r\\n\\r\\n\\r\\n\\r\\n\\r\\n\\r\\n\\r\\n\\r\\n\\r\\n\\r\\n\\r\\n\\r\\n\\r\\n\\r\\n\\r\\n\\r\\n\\r\\n\\r\\n\\r\\n\\r\\n\\r\\n\\r\\n\\r\\n\\r\\n\\r\\n<p>Parking Citation Assistance Center<\\/p>\\r\\n\\r\\n\\r\\n\\r\\n\\r\\n\\r\\n\\r\\n\\r\\n\\r\\n\\r\\n\\r\\n\\r\\n\\r\\n\\r\\n\\r\\n\\r\\n\\r\\n\\r\\n\\r\\n\\r\\n\\r\\n\\r\\n\\r\\n\\r\\n\\r\\n\\r\\n<p>250 Frank H. Ogawa Plaza, Suite 6300<\\/p>\\r\\n\\r\\n\\r\\n\\r\\n\\r\\n\\r\\n\\r\\n\\r\\n\\r\\n\\r\\n\\r\\n\\r\\n\\r\\n\\r\\n\\r\\n\\r\\n\\r\\n\\r\\n\\r\\n\\r\\n\\r\\n\\r\\n\\r\\n\\r\\n\\r\\n\\r\\n<p>Oakland, CA 94612<\\/p>\\r\\n\\r\\n\\r\\n\\r\\n\\r\\n\\r\\n\\r\\n\\r\\n\\r\\n\\r\\n\\r\\n\\r\\n\\r\\n\\r\\n\\r\\n\\r\\n\\r\\n\\r\\n\\r\\n\\r\\n\\r\\n\\r\\n\\r\\n\\r\\n\\r\\n\\r\\n<h3 id=\\\"by-phone\\\">By Phone<\\/h3>\\r\\n\\r\\n\\r\\n\\r\\n\\r\\n\\r\\n\\r\\n\\r\\n\\r\\n\\r\\n\\r\\n\\r\\n\\r\\n\\r\\n\\r\\n\\r\\n\\r\\n\\r\\n\\r\\n\\r\\n\\r\\n\\r\\n\\r\\n\\r\\n\\r\\n\\r\\n<table>\\r\\n<thead>\\r\\n<tr><th>Location<\\/th><th>Methods of Payment<\\/th><\\/tr>\\r\\n<\\/thead>\\r\\n<tbody>\\r\\n<tr><td>\\r\\nParking Citation Assistance Center\\r\\nPhone: (800) 500-6484\\r\\n<\\/td><td>\\r\\nCredit cards: Visa, Mastercard, Discover or American Express\\r\\n<\\/td><\\/tr>\\r\\n<\\/tbody>\\r\\n<\\/table>\",\"5\":\"https:\\/\\/prodpci.etimspayments.com\\/pbw\\/include\\/oakland\\/input.jsp\",\"3\":\"Pay your ticket online\",\"4\":\"This page provides information on how to pay a parking ticket in the City of Oakland\"}}', '2015-12-19 00:17:11', '2015-12-19 00:17:11', '274fa2e2-ccb6-4fb4-b264-9d29a0c1c3fe'),
 ('522', '6', '3', '1', 'en_us', '22', '', '{\"typeId\":\"3\",\"authorId\":\"1\",\"title\":\"Pay a Parking Ticket\",\"slug\":\"pay-a-parking-ticket\",\"postDate\":1449259680,\"expiryDate\":null,\"enabled\":1,\"parentId\":\"122\",\"fields\":{\"1\":\"<h2 id=\\\"what-you-need-to-know\\\">What You Need to Know<\\/h2>\\r\\n\\r\\n<ul>\\r\\n  <li>You can pay online using Visa, MasterCard, Discover or American Express<\\/li>\\r\\n  <li>You have 21 days after the date the ticket was written to make a payment.<\\/li>\\r\\n<\\/ul>\\r\\n\\r\\n\\r\\n\\r\\n\\r\\n\\r\\n\\r\\n\\r\\n\\r\\n\\r\\n\\r\\n\\r\\n\\r\\n\\r\\n<h2 id=\\\"ways-to-pay\\\">Ways to Pay<\\/h2>\\r\\n\\r\\n\\r\\n\\r\\n\\r\\n\\r\\n\\r\\n\\r\\n\\r\\n\\r\\n\\r\\n\\r\\n\\r\\n\\r\\n\\r\\n\\r\\n\\r\\n\\r\\n<h3 id=\\\"in-person\\\">In Person<\\/h3>\\r\\n\\r\\n\\r\\n\\r\\n\\r\\n\\r\\n\\r\\n\\r\\n\\r\\n\\r\\n\\r\\n\\r\\n\\r\\n\\r\\n\\r\\n\\r\\n\\r\\n\\r\\n<p>You can pay your ticket at the Parking Citation Assistance Center.<\\/p>\\r\\n\\r\\n\\r\\n\\r\\n\\r\\n\\r\\n\\r\\n\\r\\n\\r\\n\\r\\n\\r\\n\\r\\n\\r\\n\\r\\n\\r\\n\\r\\n\\r\\n\\r\\n<table>\\r\\n<thead>\\r\\n<tr><th>Location<\\/th><th>Hours<\\/th><\\/tr>\\r\\n<\\/thead>\\r\\n<tbody>\\r\\n<tr><td>\\r\\nParking Citation Assistance Center\\r\\n250 Frank H. Ogawa Plaza, Suite 6300\\r\\nOakland, CA 94612\\r\\nPhone: (800) 500-6484\\r\\n<\\/td><td>\\r\\nMondays, Tuesdays, Thursdays and Fridays from 9 a.m. to 4:30 p.m.\\r\\nWednesdays from 9:30 a.m. to 4:30 p.m.\\r\\n<\\/td><\\/tr>\\r\\n<\\/tbody>\\r\\n<\\/table>\\r\\n\\r\\n\\r\\n\\r\\n\\r\\n\\r\\n\\r\\n\\r\\n\\r\\n\\r\\n\\r\\n\\r\\n\\r\\n\\r\\n\\r\\n\\r\\n\\r\\n\\r\\n<p><strong>Additional locations:<\\/strong><\\/p>\\r\\n\\r\\n\\r\\n\\r\\n\\r\\n\\r\\n\\r\\n\\r\\n\\r\\n\\r\\n\\r\\n\\r\\n\\r\\n\\r\\n\\r\\n\\r\\n\\r\\n\\r\\n<ul>\\r\\n  <li>Parking ticket payment kiosks at 250 Frank H. Ogawa Plaza, Monday through Friday from 8:30 a.m. to 5 p.m.<\\/li>\\r\\n  <li>Eastmont Police Substation, 2651 73rd Avenue, Monday through Saturday from 8:00 a.m. to 4 p.m.<\\/li>\\r\\n<\\/ul>\\r\\n\\r\\n\\r\\n\\r\\n\\r\\n\\r\\n\\r\\n\\r\\n\\r\\n\\r\\n\\r\\n\\r\\n\\r\\n\\r\\n\\r\\n\\r\\n\\r\\n\\r\\n<h3 id=\\\"by-mail\\\">By Mail<\\/h3>\\r\\n\\r\\n\\r\\n\\r\\n\\r\\n\\r\\n\\r\\n\\r\\n\\r\\n\\r\\n\\r\\n\\r\\n\\r\\n\\r\\n\\r\\n\\r\\n\\r\\n\\r\\n<p>Mail your parking ticket&nbsp;and the full payment to:<\\/p>\\r\\n\\r\\n\\r\\n\\r\\n\\r\\n\\r\\n\\r\\n\\r\\n\\r\\n\\r\\n\\r\\n\\r\\n\\r\\n\\r\\n\\r\\n\\r\\n\\r\\n\\r\\n<p>Parking Citation Assistance Center<\\/p>\\r\\n\\r\\n\\r\\n\\r\\n\\r\\n\\r\\n\\r\\n\\r\\n\\r\\n\\r\\n\\r\\n\\r\\n\\r\\n\\r\\n\\r\\n\\r\\n\\r\\n\\r\\n<p>250 Frank H. Ogawa Plaza, Suite 6300<\\/p>\\r\\n\\r\\n\\r\\n\\r\\n\\r\\n\\r\\n\\r\\n\\r\\n\\r\\n\\r\\n\\r\\n\\r\\n\\r\\n\\r\\n\\r\\n\\r\\n\\r\\n\\r\\n<p>Oakland, CA 94612<\\/p>\\r\\n\\r\\n\\r\\n\\r\\n\\r\\n\\r\\n\\r\\n\\r\\n\\r\\n\\r\\n\\r\\n\\r\\n\\r\\n\\r\\n\\r\\n\\r\\n\\r\\n\\r\\n<h3 id=\\\"by-phone\\\">By Phone<\\/h3>\\r\\n\\r\\n\\r\\n\\r\\n\\r\\n\\r\\n\\r\\n\\r\\n\\r\\n\\r\\n\\r\\n\\r\\n\\r\\n\\r\\n\\r\\n\\r\\n\\r\\n\\r\\n<table>\\r\\n<thead>\\r\\n<tr><th>Location<\\/th><th>Methods of Payment<\\/th><\\/tr>\\r\\n<\\/thead>\\r\\n<tbody>\\r\\n<tr><td>\\r\\nParking Citation Assistance Center\\r\\nPhone: (800) 500-6484\\r\\n<\\/td><td>\\r\\nCredit cards: Visa, Mastercard, Discover or American Express\\r\\n<\\/td><\\/tr>\\r\\n<\\/tbody>\\r\\n<\\/table>\\r\\n\\r\\n\\r\\n\\r\\n\\r\\n\\r\\n<p>Parking fines depend on the type of parking violation. \\r\\nBelow are some common violations, including their legal reference and the fine.<\\/p>\\r\\n\\r\\n\\r\\n\\r\\n<h3>Additional References<\\/h3>\\r\\n\\r\\n\\r\\n\\r\\n\\r\\n\\r\\n\\r\\n\\r\\n<ul><li><a href=\\\"http:\\/\\/www2.oaklandnet.com\\/oakca1\\/groups\\/ceda\\/documents\\/marketingmaterial\\/oak044797.pdf\\\">Click here to see a complete roster of parking violation fines from the OMC and California Vehicle Code<\\/a><\\/li><li><a href=\\\"http:\\/\\/library.municode.com\\/index.aspx?clientId=16308&stateId=5&stateName=California\\\">Visit here to see Oakland Municipal Code about parking violations<\\/a><\\/li><li><a href=\\\"http:\\/\\/www.leginfo.ca.gov\\/cgi-bin\\/calawquery?codesection=veh\\\">Visit here to see California Vehicle Code<\\/a><\\/li><li>Call the Parking Citation Assistance Center at (800) 500-6484.<\\/li><\\/ul>\\r\\n\\r\\n\\r\\n\\r\\n\\r\\n\\r\\n\\r\\n\\r\\n<table>\\r\\n<thead>\\r\\n<tr><th>Common violations<\\/th><th>Fine<\\/th><th>\\r\\nOakland Municipal Code reference<\\/th><th>Legal definition<\\/th><\\/tr>\\r\\n<\\/thead>\\r\\n<tbody>\\r\\n<tr><td>\\r\\nYour meter time ran out\\r\\n<\\/td><td>\\r\\n$58\\r\\n<\\/td><td>\\r\\n10.36.050\\r\\n<\\/td>\\r\\n<td>Expired meter<\\/td>\\r\\n<\\/tr><tr><td>\\r\\nYour parking receipt was not visible in your vehicle\\r\\n<\\/td><td>\\r\\n$58\\r\\n<\\/td><td>\\r\\n10.36.030B\\r\\n<\\/td>\\r\\n<td>\\r\\nFailure to display parking receipt\\r\\n<\\/td>\\r\\n<\\/tr><tr><td>\\r\\nYou parked in a no parking zone<\\/td><td>\\r\\n$83\\r\\n<\\/td><td>\\r\\n10.40.020A1\\r\\n<\\/td>\\r\\n<td>\\r\\nParking in a red zone\\r\\n<\\/td>\\r\\n<\\/tr><tr><td>\\r\\nYou parked in an area reserved for buses<\\/td><td>\\r\\n$265\\r\\n<\\/td><td>\\r\\n10.40.090E\\r\\n<\\/td>\\r\\n<td>\\r\\nParking in a bus zone\\r\\n<\\/td>\\r\\n<\\/tr><tr><td>\\r\\nYou double parked your vehicle<\\/td><td>\\r\\n$41\\r\\n<\\/td><td>\\r\\n10.08.150\\r\\n<\\/td>\\r\\n<td>\\r\\nImpeding a lane of traffic\\r\\n<\\/td>\\r\\n<\\/tr><tr><td>\\r\\nYou didn\\u2019t turn your wheels correctly to park on a hill\\r\\n<\\/td><td>\\r\\n$45\\r\\n<\\/td><td>\\r\\n10.16.090\\r\\n<\\/td>\\r\\n<td>\\r\\nFailure to cramp wheels on grade\\r\\n<\\/td>\\r\\n<\\/tr><tr><td>\\r\\nYou parked in the wrong direction on a one-way street\\r\\n<\\/td><td>\\r\\n$48\\r\\n<\\/td><td>\\r\\n10.28.040\\r\\n<\\/td>\\r\\n<td>\\r\\nParking in the wrong direction on a one-way street\\r\\n<\\/td>\\r\\n<\\/tr><tr><td>\\r\\nYou parked in the wrong direction on a two-way street\\r\\n<\\/td><td>\\r\\n$63\\r\\n<\\/td><td>\\r\\n10.28.040B\\r\\n<\\/td>\\r\\n<td>\\r\\nParking in the wrong direction on a two-way street\\r\\n<\\/td>\\r\\n<\\/tr><tr><td>\\r\\nYou parked in an area with permit parking without the correct permit\\r\\n<\\/td><td>\\r\\n$83\\r\\n<\\/td><td>\\r\\n10.44.120A\\r\\n<\\/td>\\r\\n<td>\\r\\nParking in a Residential Parking Permit Zone\\r\\n<\\/td><\\/tr><\\/tbody><\\/table>\",\"5\":\"https:\\/\\/prodpci.etimspayments.com\\/pbw\\/include\\/oakland\\/input.jsp\",\"3\":\"Pay your ticket online\",\"4\":\"This page provides information on how to pay a parking ticket in the City of Oakland\"}}', '2015-12-19 00:17:34', '2015-12-19 00:17:34', '98c6fe59-653a-4d1e-8084-0dddfb3dbd60'),
 ('532', '6', '3', '1', 'en_us', '23', '', '{\"typeId\":\"3\",\"authorId\":\"1\",\"title\":\"Pay a Parking Ticket\",\"slug\":\"pay-a-parking-ticket\",\"postDate\":1449259680,\"expiryDate\":null,\"enabled\":1,\"parentId\":\"122\",\"fields\":{\"1\":\"<h2 id=\\\"what-you-need-to-know\\\">What You Need to Know<\\/h2>\\r\\n\\r\\n<ul>\\r\\n  <li>You can pay online using Visa, MasterCard, Discover or American Express<\\/li>\\r\\n  <li>You have 21 days after the date the ticket was written to make a payment.<\\/li>\\r\\n<\\/ul>\\r\\n\\r\\n\\r\\n\\r\\n\\r\\n\\r\\n\\r\\n\\r\\n\\r\\n\\r\\n<h2 id=\\\"ways-to-pay\\\">Additional&nbsp;Ways to Pay<\\/h2><p><br><\\/p><h3>By Phone<\\/h3>\\r\\n\\r\\n<p><strong>Parking Citation Assistance Center<\\/strong><br>Phone: (800) 500-6484<br>Please have your&nbsp;credit card on hand&nbsp;(Visa, Mastercard, Discover or American Express)<\\/p><p><br><\\/p><h3 id=\\\"in-person\\\">In Person<\\/h3>\\r\\n\\r\\n\\r\\n\\r\\n<p><strong>Parking Citation Assistance Center<\\/strong><br>250 Frank H. Ogawa Plaza, Suite 6300<br>Oakland, CA 94612<br><\\/p><p>Phone: (800) 500-6484<br>Mondays, Tuesdays, Thursdays and Fridays from 9 a.m. to 4:30 p.m.<br>Wednesdays from 9:30 a.m. to 4:30 p.m.<\\/p>\\r\\n\\r\\n<p><strong>Parking ticket payment kiosks<\\/strong><br>250 Frank H. Ogawa Plaza<br>Monday through Friday from 8:30 a.m. to 5 p.m.<\\/p><p><br><strong>Eastmont Police Substation<\\/strong><br>2651 73rd Avenue<br>Monday through Saturday from 8:00 a.m. to 4 p.m.<\\/p><p><br><\\/p>\\r\\n\\r\\n\\r\\n\\r\\n\\r\\n\\r\\n\\r\\n\\r\\n\\r\\n\\r\\n\\r\\n\\r\\n\\r\\n\\r\\n<h3 id=\\\"by-mail\\\">By Mail<\\/h3>\\r\\n\\r\\n\\r\\n\\r\\n\\r\\n\\r\\n\\r\\n\\r\\n\\r\\n\\r\\n\\r\\n\\r\\n\\r\\n\\r\\n<p>Mail your parking ticket&nbsp;and the full payment to:<\\/p>\\r\\n\\r\\n\\r\\n\\r\\n\\r\\n\\r\\n\\r\\n\\r\\n\\r\\n\\r\\n\\r\\n\\r\\n\\r\\n\\r\\n<p>Parking Citation Assistance Center<br>250 Frank H. Ogawa Plaza, Suite 6300<br>Oakland, CA 94612<\\/p><p><br><\\/p>\\r\\n\\r\\n\\r\\n\\r\\n\\r\\n\\r\\n\\r\\n\\r\\n\\r\\n\\r\\n\\r\\n\\r\\n\\r\\n\\r\\n<h2>Common Violations<\\/h2><p>Parking fines depend on the type of parking violation. \\r\\nBelow are some common violations, including their legal reference and the fine.<\\/p>\\r\\n\\r\\n\\r\\n\\r\\n\\r\\n\\r\\n\\r\\n\\r\\n<table>\\r\\n<thead>\\r\\n<tr><th>Common violations<\\/th><th>Fine<\\/th><th>\\r\\nOakland Municipal Code reference<\\/th><th>Legal definition<\\/th><\\/tr>\\r\\n<\\/thead>\\r\\n<tbody>\\r\\n<tr><td>\\r\\nYour meter time ran out\\r\\n<\\/td><td>\\r\\n$58\\r\\n<\\/td><td>\\r\\n10.36.050\\r\\n<\\/td>\\r\\n<td>Expired meter<\\/td>\\r\\n<\\/tr><tr><td>\\r\\nYour parking receipt was not visible in your vehicle\\r\\n<\\/td><td>\\r\\n$58\\r\\n<\\/td><td>\\r\\n10.36.030B\\r\\n<\\/td>\\r\\n<td>\\r\\nFailure to display parking receipt\\r\\n<\\/td>\\r\\n<\\/tr><tr><td>\\r\\nYou parked in a no parking zone<\\/td><td>\\r\\n$83\\r\\n<\\/td><td>\\r\\n10.40.020A1\\r\\n<\\/td>\\r\\n<td>\\r\\nParking in a red zone\\r\\n<\\/td>\\r\\n<\\/tr><tr><td>\\r\\nYou parked in an area reserved for buses<\\/td><td>\\r\\n$265\\r\\n<\\/td><td>\\r\\n10.40.090E\\r\\n<\\/td>\\r\\n<td>\\r\\nParking in a bus zone\\r\\n<\\/td>\\r\\n<\\/tr><tr><td>\\r\\nYou double parked your vehicle<\\/td><td>\\r\\n$41\\r\\n<\\/td><td>\\r\\n10.08.150\\r\\n<\\/td>\\r\\n<td>\\r\\nImpeding a lane of traffic\\r\\n<\\/td>\\r\\n<\\/tr><tr><td>\\r\\nYou didn\\u2019t turn your wheels correctly to park on a hill\\r\\n<\\/td><td>\\r\\n$45\\r\\n<\\/td><td>\\r\\n10.16.090\\r\\n<\\/td>\\r\\n<td>\\r\\nFailure to cramp wheels on grade\\r\\n<\\/td>\\r\\n<\\/tr><tr><td>\\r\\nYou parked in the wrong direction on a one-way street\\r\\n<\\/td><td>\\r\\n$48\\r\\n<\\/td><td>\\r\\n10.28.040\\r\\n<\\/td>\\r\\n<td>\\r\\nParking in the wrong direction on a one-way street\\r\\n<\\/td>\\r\\n<\\/tr><tr><td>\\r\\nYou parked in the wrong direction on a two-way street\\r\\n<\\/td><td>\\r\\n$63\\r\\n<\\/td><td>\\r\\n10.28.040B\\r\\n<\\/td>\\r\\n<td>\\r\\nParking in the wrong direction on a two-way street\\r\\n<\\/td>\\r\\n<\\/tr><tr><td>\\r\\nYou parked in an area with permit parking without the correct permit\\r\\n<\\/td><td>\\r\\n$83\\r\\n<\\/td><td>\\r\\n10.44.120A\\r\\n<\\/td>\\r\\n<td>\\r\\nParking in a Residential Parking Permit Zone\\r\\n<\\/td><\\/tr><\\/tbody><\\/table><p><br><\\/p><h2>Additional References<\\/h2>\\r\\n\\r\\n<ul><li><a href=\\\"http:\\/\\/www2.oaklandnet.com\\/oakca1\\/groups\\/ceda\\/documents\\/marketingmaterial\\/oak044797.pdf\\\">Click here to see a complete roster of parking violation fines from the OMC and California Vehicle Code<\\/a><\\/li><li><a href=\\\"http:\\/\\/library.municode.com\\/index.aspx?clientId=16308&stateId=5&stateName=California\\\">Visit here to see Oakland Municipal Code about parking violations<\\/a><\\/li><li><a href=\\\"http:\\/\\/www.leginfo.ca.gov\\/cgi-bin\\/calawquery?codesection=veh\\\">Visit here to see California Vehicle Code<\\/a><\\/li><li>Call the Parking Citation Assistance Center at (800) 500-6484.<\\/li><\\/ul>\",\"5\":\"https:\\/\\/prodpci.etimspayments.com\\/pbw\\/include\\/oakland\\/input.jsp\",\"3\":\"Pay your ticket online\",\"4\":\"This page provides information on how to pay a parking ticket in the City of Oakland\"}}', '2015-12-19 00:24:04', '2015-12-19 00:24:04', '854b4243-0e5f-4a7e-901f-e94963b817bb'),
 ('542', '6', '3', '1', 'en_us', '24', '', '{\"typeId\":\"3\",\"authorId\":\"1\",\"title\":\"Pay a Parking Ticket\",\"slug\":\"pay-a-parking-ticket\",\"postDate\":1449259680,\"expiryDate\":null,\"enabled\":1,\"parentId\":\"122\",\"fields\":{\"1\":\"<h2 id=\\\"what-you-need-to-know\\\">What You Need to Know<\\/h2>\\r\\n\\r\\n<ul>\\r\\n  <li>You can pay online using Visa, MasterCard, Discover or American Express<\\/li>\\r\\n  <li>You have 21 days after the date the ticket was written to make a payment.<\\/li>\\r\\n<\\/ul>\\r\\n\\r\\n\\r\\n\\r\\n\\r\\n\\r\\n\\r\\n\\r\\n\\r\\n\\r\\n\\r\\n\\r\\n<h2 id=\\\"ways-to-pay\\\">Additional&nbsp;Ways to Pay<\\/h2>\\r\\n\\r\\n<p><br><\\/p>\\r\\n\\r\\n<h3>By Phone<\\/h3>\\r\\n\\r\\n\\r\\n\\r\\n<p><strong>Parking Citation Assistance Center<\\/strong><br>Phone: (800) 500-6484<br>Please have your&nbsp;credit card on hand&nbsp;(Visa, Mastercard, Discover or American Express)<\\/p>\\r\\n\\r\\n<p><br><\\/p>\\r\\n\\r\\n<h3 id=\\\"in-person\\\">In Person<\\/h3>\\r\\n\\r\\n\\r\\n\\r\\n\\r\\n\\r\\n<p><strong>Parking Citation Assistance Center<\\/strong><br>250 Frank H. Ogawa Plaza, Suite 6300<br>Oakland, CA 94612<br><\\/p>\\r\\n\\r\\n<p>Phone: (800) 500-6484<br>Mondays, Tuesdays, Thursdays and Fridays from 9 a.m. to 4:30 p.m.<br>Wednesdays from 9:30 a.m. to 4:30 p.m.<\\/p>\\r\\n\\r\\n\\r\\n\\r\\n<p><strong>Parking ticket payment kiosks<\\/strong><br>250 Frank H. Ogawa Plaza<br>Monday through Friday from 8:30 a.m. to 5 p.m.<\\/p>\\r\\n\\r\\n<p><br><strong>Eastmont Police Substation<\\/strong><br>2651 73rd Avenue<br>Monday through Saturday from 8:00 a.m. to 4 p.m.<\\/p>\\r\\n\\r\\n<p><br><\\/p>\\r\\n\\r\\n\\r\\n\\r\\n\\r\\n\\r\\n\\r\\n\\r\\n\\r\\n\\r\\n\\r\\n\\r\\n\\r\\n\\r\\n\\r\\n\\r\\n<h3 id=\\\"by-mail\\\">By Mail<\\/h3>\\r\\n\\r\\n\\r\\n\\r\\n\\r\\n\\r\\n\\r\\n\\r\\n\\r\\n\\r\\n\\r\\n\\r\\n\\r\\n\\r\\n\\r\\n\\r\\n<p>Mail your parking ticket&nbsp;and the full payment to:<\\/p>\\r\\n\\r\\n\\r\\n\\r\\n\\r\\n\\r\\n\\r\\n\\r\\n\\r\\n\\r\\n\\r\\n\\r\\n\\r\\n\\r\\n\\r\\n\\r\\n<p>Parking Citation Assistance Center<br>250 Frank H. Ogawa Plaza, Suite 6300<br>Oakland, CA 94612<\\/p>\\r\\n\\r\\n<p><br><\\/p>\\r\\n\\r\\n\\r\\n\\r\\n\\r\\n\\r\\n\\r\\n\\r\\n\\r\\n\\r\\n\\r\\n\\r\\n\\r\\n\\r\\n\\r\\n\\r\\n<h2>Common Violations<\\/h2>\\r\\n\\r\\n<p>Parking fines depend on the type of parking violation. \\r\\nBelow are some common violations, including their legal reference and the fine.<\\/p>\\r\\n\\r\\n\\r\\n\\r\\n\\r\\n\\r\\n\\r\\n\\r\\n\\r\\n\\r\\n<table>\\r\\n<thead>\\r\\n<tr><th>Common violations<\\/th><th>Fine<\\/th><th>\\r\\nOakland Municipal Code reference<\\/th><th>Legal definition<\\/th><\\/tr>\\r\\n<\\/thead>\\r\\n<tbody>\\r\\n<tr><td>\\r\\nYour meter time ran out\\r\\n<\\/td><td>\\r\\n$58\\r\\n<\\/td><td>\\r\\n10.36.050\\r\\n<\\/td>\\r\\n<td>Expired meter<\\/td>\\r\\n<\\/tr><tr><td>\\r\\nYour parking receipt was not visible in your vehicle\\r\\n<\\/td><td>\\r\\n$58\\r\\n<\\/td><td>\\r\\n10.36.030B\\r\\n<\\/td>\\r\\n<td>\\r\\nFailure to display parking receipt\\r\\n<\\/td>\\r\\n<\\/tr><tr><td>\\r\\nYou parked in a no parking zone<\\/td><td>\\r\\n$83\\r\\n<\\/td><td>\\r\\n10.40.020A1\\r\\n<\\/td>\\r\\n<td>\\r\\nParking in a red zone\\r\\n<\\/td>\\r\\n<\\/tr><tr><td>\\r\\nYou parked in an area reserved for buses<\\/td><td>\\r\\n$265\\r\\n<\\/td><td>\\r\\n10.40.090E\\r\\n<\\/td>\\r\\n<td>\\r\\nParking in a bus zone\\r\\n<\\/td>\\r\\n<\\/tr><tr><td>\\r\\nYou double parked your vehicle<\\/td><td>\\r\\n$41\\r\\n<\\/td><td>\\r\\n10.08.150\\r\\n<\\/td>\\r\\n<td>\\r\\nImpeding a lane of traffic\\r\\n<\\/td>\\r\\n<\\/tr><tr><td>\\r\\nYou didn\\u2019t turn your wheels correctly to park on a hill\\r\\n<\\/td><td>\\r\\n$45\\r\\n<\\/td><td>\\r\\n10.16.090\\r\\n<\\/td>\\r\\n<td>\\r\\nFailure to cramp wheels on grade\\r\\n<\\/td>\\r\\n<\\/tr><tr><td>\\r\\nYou parked in the wrong direction on a one-way street\\r\\n<\\/td><td>\\r\\n$48\\r\\n<\\/td><td>\\r\\n10.28.040\\r\\n<\\/td>\\r\\n<td>\\r\\nParking in the wrong direction on a one-way street\\r\\n<\\/td>\\r\\n<\\/tr><tr><td>\\r\\nYou parked in the wrong direction on a two-way street\\r\\n<\\/td><td>\\r\\n$63\\r\\n<\\/td><td>\\r\\n10.28.040B\\r\\n<\\/td>\\r\\n<td>\\r\\nParking in the wrong direction on a two-way street\\r\\n<\\/td>\\r\\n<\\/tr><tr><td>\\r\\nYou parked in an area with permit parking without the correct permit\\r\\n<\\/td><td>\\r\\n$83\\r\\n<\\/td><td>\\r\\n10.44.120A\\r\\n<\\/td>\\r\\n<td>\\r\\nParking in a Residential Parking Permit Zone\\r\\n<\\/td><\\/tr><\\/tbody><\\/table>\\r\\n\\r\\n<p><br><\\/p>\\r\\n\\r\\n<h2>Additional References<\\/h2>\\r\\n\\r\\n\\r\\n\\r\\n<ul><li><a href=\\\"http:\\/\\/www2.oaklandnet.com\\/oakca1\\/groups\\/ceda\\/documents\\/marketingmaterial\\/oak044797.pdf\\\">Click here to see a complete roster of parking violation fines from the OMC and California Vehicle Code<\\/a><\\/li><li><a href=\\\"http:\\/\\/library.municode.com\\/index.aspx?clientId=16308&stateId=5&stateName=California\\\">Visit here to see Oakland Municipal Code about parking violations<\\/a><\\/li><li><a href=\\\"http:\\/\\/www.leginfo.ca.gov\\/cgi-bin\\/calawquery?codesection=veh\\\">Visit here to see California Vehicle Code<\\/a><\\/li><li>Call the Parking Citation Assistance Center at (800) 500-6484.<\\/li><\\/ul>\",\"5\":\"https:\\/\\/prodpci.etimspayments.com\\/pbw\\/include\\/oakland\\/input.jsp\",\"3\":\"Pay your ticket online\",\"4\":\"\"}}', '2015-12-19 00:24:25', '2015-12-19 00:24:25', '711ffb61-6c33-41d8-a38e-d805a4102a27'),
 ('552', '6', '3', '1', 'en_us', '25', '', '{\"typeId\":\"3\",\"authorId\":\"1\",\"title\":\"Pay a Parking Ticket\",\"slug\":\"pay-a-parking-ticket\",\"postDate\":1449259680,\"expiryDate\":null,\"enabled\":1,\"parentId\":\"122\",\"fields\":{\"1\":\"<h2 id=\\\"what-you-need-to-know\\\">What You Need to Know<\\/h2>\\r\\n\\r\\n<ul>\\r\\n  <li>You have 21 days after the date the ticket was written to make a payment.<\\/li><li>You can pay online using Visa, MasterCard, Discover or American Express<\\/li>\\r\\n  <\\/ul><p><br><\\/p>\\r\\n\\r\\n\\r\\n\\r\\n\\r\\n\\r\\n\\r\\n\\r\\n\\r\\n\\r\\n\\r\\n\\r\\n\\r\\n\\r\\n<h2 id=\\\"ways-to-pay\\\">Additional&nbsp;Ways to Pay<\\/h2>\\r\\n\\r\\n\\r\\n\\r\\n<p><br><\\/p>\\r\\n\\r\\n\\r\\n\\r\\n<h3>By Phone<\\/h3>\\r\\n\\r\\n\\r\\n\\r\\n\\r\\n\\r\\n<p><strong>Parking Citation Assistance Center<\\/strong><br>Phone: (800) 500-6484<br>Please have your&nbsp;credit card on hand&nbsp;(Visa, Mastercard, Discover or American Express)<\\/p>\\r\\n\\r\\n\\r\\n\\r\\n<p><br><\\/p>\\r\\n\\r\\n\\r\\n\\r\\n<h3 id=\\\"in-person\\\">In Person<\\/h3>\\r\\n\\r\\n\\r\\n\\r\\n\\r\\n\\r\\n\\r\\n\\r\\n<p><strong>Parking Citation Assistance Center<\\/strong><br>250 Frank H. Ogawa Plaza, Suite 6300<br>Oakland, CA 94612<br><\\/p>\\r\\n\\r\\n\\r\\n\\r\\n<p>Phone: (800) 500-6484<br>Mondays, Tuesdays, Thursdays and Fridays from 9 a.m. to 4:30 p.m.<br>Wednesdays from 9:30 a.m. to 4:30 p.m.<\\/p>\\r\\n\\r\\n\\r\\n\\r\\n\\r\\n\\r\\n<p><strong>Parking ticket payment kiosks<\\/strong><br>250 Frank H. Ogawa Plaza<br>Monday through Friday from 8:30 a.m. to 5 p.m.<\\/p>\\r\\n\\r\\n\\r\\n\\r\\n<p><br><strong>Eastmont Police Substation<\\/strong><br>2651 73rd Avenue<br>Monday through Saturday from 8:00 a.m. to 4 p.m.<\\/p>\\r\\n\\r\\n\\r\\n\\r\\n<p><br><\\/p>\\r\\n\\r\\n\\r\\n\\r\\n\\r\\n\\r\\n\\r\\n\\r\\n\\r\\n\\r\\n\\r\\n\\r\\n\\r\\n\\r\\n\\r\\n\\r\\n\\r\\n\\r\\n<h3 id=\\\"by-mail\\\">By Mail<\\/h3>\\r\\n\\r\\n\\r\\n\\r\\n\\r\\n\\r\\n\\r\\n\\r\\n\\r\\n\\r\\n\\r\\n\\r\\n\\r\\n\\r\\n\\r\\n\\r\\n\\r\\n\\r\\n<p>Mail your parking ticket&nbsp;and the full payment to:<\\/p>\\r\\n\\r\\n\\r\\n\\r\\n\\r\\n\\r\\n\\r\\n\\r\\n\\r\\n\\r\\n\\r\\n\\r\\n\\r\\n\\r\\n\\r\\n\\r\\n\\r\\n\\r\\n<p>Parking Citation Assistance Center<br>250 Frank H. Ogawa Plaza, Suite 6300<br>Oakland, CA 94612<\\/p>\\r\\n\\r\\n\\r\\n\\r\\n<p><br><\\/p>\\r\\n\\r\\n\\r\\n\\r\\n\\r\\n\\r\\n\\r\\n\\r\\n\\r\\n\\r\\n\\r\\n\\r\\n\\r\\n\\r\\n\\r\\n\\r\\n\\r\\n\\r\\n<h2>Common Violations<\\/h2>\\r\\n\\r\\n\\r\\n\\r\\n<p>Parking fines depend on the type of parking violation. \\r\\nBelow are some common violations, including their legal reference and the fine.<\\/p>\\r\\n\\r\\n\\r\\n\\r\\n\\r\\n\\r\\n\\r\\n\\r\\n\\r\\n\\r\\n\\r\\n\\r\\n<table>\\r\\n<thead>\\r\\n<tr><th>Common violations<\\/th><th>Fine<\\/th><th>\\r\\nOakland Municipal Code reference<\\/th><th>Legal definition<\\/th><\\/tr>\\r\\n<\\/thead>\\r\\n<tbody>\\r\\n<tr><td>\\r\\nYour meter time ran out\\r\\n<\\/td><td>\\r\\n$58\\r\\n<\\/td><td>\\r\\n10.36.050\\r\\n<\\/td>\\r\\n<td>Expired meter<\\/td>\\r\\n<\\/tr><tr><td>\\r\\nYour parking receipt was not visible in your vehicle\\r\\n<\\/td><td>\\r\\n$58\\r\\n<\\/td><td>\\r\\n10.36.030B\\r\\n<\\/td>\\r\\n<td>\\r\\nFailure to display parking receipt\\r\\n<\\/td>\\r\\n<\\/tr><tr><td>\\r\\nYou parked in a no parking zone<\\/td><td>\\r\\n$83\\r\\n<\\/td><td>\\r\\n10.40.020A1\\r\\n<\\/td>\\r\\n<td>\\r\\nParking in a red zone\\r\\n<\\/td>\\r\\n<\\/tr><tr><td>\\r\\nYou parked in an area reserved for buses<\\/td><td>\\r\\n$265\\r\\n<\\/td><td>\\r\\n10.40.090E\\r\\n<\\/td>\\r\\n<td>\\r\\nParking in a bus zone\\r\\n<\\/td>\\r\\n<\\/tr><tr><td>\\r\\nYou double parked your vehicle<\\/td><td>\\r\\n$41\\r\\n<\\/td><td>\\r\\n10.08.150\\r\\n<\\/td>\\r\\n<td>\\r\\nImpeding a lane of traffic\\r\\n<\\/td>\\r\\n<\\/tr><tr><td>\\r\\nYou didn\\u2019t turn your wheels correctly to park on a hill\\r\\n<\\/td><td>\\r\\n$45\\r\\n<\\/td><td>\\r\\n10.16.090\\r\\n<\\/td>\\r\\n<td>\\r\\nFailure to cramp wheels on grade\\r\\n<\\/td>\\r\\n<\\/tr><tr><td>\\r\\nYou parked in the wrong direction on a one-way street\\r\\n<\\/td><td>\\r\\n$48\\r\\n<\\/td><td>\\r\\n10.28.040\\r\\n<\\/td>\\r\\n<td>\\r\\nParking in the wrong direction on a one-way street\\r\\n<\\/td>\\r\\n<\\/tr><tr><td>\\r\\nYou parked in the wrong direction on a two-way street\\r\\n<\\/td><td>\\r\\n$63\\r\\n<\\/td><td>\\r\\n10.28.040B\\r\\n<\\/td>\\r\\n<td>\\r\\nParking in the wrong direction on a two-way street\\r\\n<\\/td>\\r\\n<\\/tr><tr><td>\\r\\nYou parked in an area with permit parking without the correct permit\\r\\n<\\/td><td>\\r\\n$83\\r\\n<\\/td><td>\\r\\n10.44.120A\\r\\n<\\/td>\\r\\n<td>\\r\\nParking in a Residential Parking Permit Zone\\r\\n<\\/td><\\/tr><\\/tbody><\\/table>\\r\\n\\r\\n\\r\\n\\r\\n<p><br><\\/p>\\r\\n\\r\\n\\r\\n\\r\\n<h2>Additional References<\\/h2>\\r\\n\\r\\n\\r\\n\\r\\n\\r\\n\\r\\n<ul><li><a href=\\\"http:\\/\\/www2.oaklandnet.com\\/oakca1\\/groups\\/ceda\\/documents\\/marketingmaterial\\/oak044797.pdf\\\">Click here to see a complete roster of parking violation fines from the OMC and California Vehicle Code<\\/a><\\/li><li><a href=\\\"http:\\/\\/library.municode.com\\/index.aspx?clientId=16308&stateId=5&stateName=California\\\">Visit here to see Oakland Municipal Code about parking violations<\\/a><\\/li><li><a href=\\\"http:\\/\\/www.leginfo.ca.gov\\/cgi-bin\\/calawquery?codesection=veh\\\">Visit here to see California Vehicle Code<\\/a><\\/li><li>Call the Parking Citation Assistance Center at (800) 500-6484.<\\/li><\\/ul>\",\"5\":\"https:\\/\\/prodpci.etimspayments.com\\/pbw\\/include\\/oakland\\/input.jsp\",\"3\":\"Pay your ticket online\",\"4\":\"\"}}', '2015-12-19 00:25:14', '2015-12-19 00:25:14', '1607fd4b-f526-45de-86ef-3d29558751a9'),
 ('562', '6', '3', '1', 'en_us', '26', '', '{\"typeId\":\"3\",\"authorId\":\"1\",\"title\":\"Pay a Parking Ticket\",\"slug\":\"pay-a-parking-ticket\",\"postDate\":1449259680,\"expiryDate\":null,\"enabled\":1,\"parentId\":\"122\",\"fields\":{\"1\":\"<h2>Pay&nbsp;Online<\\/h2>\\r\\n\\r\\n<p>You have 21 days after the date the ticket was written to make a payment.<\\/p>\\r\\n\\r\\n\\r\\n\\r\\n<p>You can pay online using Visa, MasterCard, Discover or American Express<\\/p>\\r\\n\\r\\n\\r\\n\\r\\n<p><br><\\/p>\\r\\n\\r\\n\\r\\n\\r\\n\\r\\n\\r\\n\\r\\n\\r\\n\\r\\n\\r\\n\\r\\n\\r\\n<h2 id=\\\"ways-to-pay\\\">Pay by Phone<\\/h2>\\r\\n\\r\\n\\r\\n\\r\\n\\r\\n\\r\\n\\r\\n\\r\\n<p><strong>Parking Citation Assistance Center<\\/strong><br>Phone: (800) 500-6484<br>Please have your&nbsp;credit card on hand&nbsp;(Visa, Mastercard, Discover or American Express)<\\/p>\\r\\n\\r\\n\\r\\n\\r\\n\\r\\n\\r\\n\\r\\n\\r\\n<p><br><\\/p>\\r\\n\\r\\n\\r\\n\\r\\n\\r\\n\\r\\n\\r\\n\\r\\n<h2 id=\\\"in-person\\\">Pay in Person<\\/h2>\\r\\n\\r\\n\\r\\n\\r\\n\\r\\n\\r\\n\\r\\n\\r\\n\\r\\n\\r\\n<p><strong>Parking Citation Assistance Center<\\/strong><br>250 Frank H. Ogawa Plaza, Suite 6300<br>Oakland, CA 94612<br>Mondays, Tuesdays, Thursdays and Fridays from 9 a.m. to 4:30 p.m<br>Wednesdays from 9:30 a.m. to 4:30 p.m.<\\/p>\\r\\n\\r\\n\\r\\n\\r\\n\\r\\n\\r\\n\\r\\n\\r\\n<p><strong>Parking ticket payment kiosks<\\/strong><br>250 Frank H. Ogawa Plaza<br>Monday through Friday from 8:30 a.m. to 5 p.m.<\\/p><p><strong>Eastmont Police Substation<\\/strong><br>2651 73rd Avenue<br>Monday through Saturday from 8:00 a.m. to 4 p.m.<\\/p>\\r\\n\\r\\n\\r\\n\\r\\n\\r\\n\\r\\n\\r\\n\\r\\n<p><br><\\/p>\\r\\n\\r\\n\\r\\n\\r\\n\\r\\n\\r\\n\\r\\n\\r\\n\\r\\n\\r\\n\\r\\n\\r\\n\\r\\n\\r\\n<h2 id=\\\"by-mail\\\">Pay by Mail<\\/h2>\\r\\n\\r\\n\\r\\n\\r\\n\\r\\n\\r\\n\\r\\n\\r\\n\\r\\n\\r\\n\\r\\n\\r\\n\\r\\n\\r\\n<p>Mail your parking ticket&nbsp;and the full payment to:<\\/p>\\r\\n\\r\\n\\r\\n\\r\\n\\r\\n\\r\\n\\r\\n\\r\\n\\r\\n\\r\\n\\r\\n\\r\\n\\r\\n\\r\\n<p>Parking Citation Assistance Center<br>250 Frank H. Ogawa Plaza, Suite 6300<br>Oakland, CA 94612<\\/p>\\r\\n\\r\\n\\r\\n\\r\\n\\r\\n\\r\\n\\r\\n\\r\\n<p><br><\\/p>\\r\\n\\r\\n\\r\\n\\r\\n\\r\\n\\r\\n\\r\\n\\r\\n\\r\\n\\r\\n\\r\\n\\r\\n\\r\\n\\r\\n<h2>Common Violations<\\/h2>\\r\\n\\r\\n\\r\\n\\r\\n\\r\\n\\r\\n\\r\\n\\r\\n<p>Parking fines depend on the type of parking violation. \\r\\nBelow are some common violations, including their legal reference and the fine.<\\/p>\\r\\n\\r\\n\\r\\n\\r\\n\\r\\n\\r\\n\\r\\n\\r\\n\\r\\n\\r\\n\\r\\n\\r\\n<table>\\r\\n<thead>\\r\\n<tr><th>Common violations<\\/th><th>Fine<\\/th><th>\\r\\nOakland Municipal Code reference<\\/th><th>Legal definition<\\/th><\\/tr>\\r\\n<\\/thead>\\r\\n<tbody>\\r\\n<tr><td>\\r\\nYour meter time ran out\\r\\n<\\/td><td>\\r\\n$58\\r\\n<\\/td><td>\\r\\n10.36.050\\r\\n<\\/td>\\r\\n<td>Expired meter<\\/td>\\r\\n<\\/tr><tr><td>\\r\\nYour parking receipt was not visible in your vehicle\\r\\n<\\/td><td>\\r\\n$58\\r\\n<\\/td><td>\\r\\n10.36.030B\\r\\n<\\/td>\\r\\n<td>\\r\\nFailure to display parking receipt\\r\\n<\\/td>\\r\\n<\\/tr><tr><td>\\r\\nYou parked in a no parking zone<\\/td><td>\\r\\n$83\\r\\n<\\/td><td>\\r\\n10.40.020A1\\r\\n<\\/td>\\r\\n<td>\\r\\nParking in a red zone\\r\\n<\\/td>\\r\\n<\\/tr><tr><td>\\r\\nYou parked in an area reserved for buses<\\/td><td>\\r\\n$265\\r\\n<\\/td><td>\\r\\n10.40.090E\\r\\n<\\/td>\\r\\n<td>\\r\\nParking in a bus zone\\r\\n<\\/td>\\r\\n<\\/tr><tr><td>\\r\\nYou double parked your vehicle<\\/td><td>\\r\\n$41\\r\\n<\\/td><td>\\r\\n10.08.150\\r\\n<\\/td>\\r\\n<td>\\r\\nImpeding a lane of traffic\\r\\n<\\/td>\\r\\n<\\/tr><tr><td>\\r\\nYou didn\\u2019t turn your wheels correctly to park on a hill\\r\\n<\\/td><td>\\r\\n$45\\r\\n<\\/td><td>\\r\\n10.16.090\\r\\n<\\/td>\\r\\n<td>\\r\\nFailure to cramp wheels on grade\\r\\n<\\/td>\\r\\n<\\/tr><tr><td>\\r\\nYou parked in the wrong direction on a one-way street\\r\\n<\\/td><td>\\r\\n$48\\r\\n<\\/td><td>\\r\\n10.28.040\\r\\n<\\/td>\\r\\n<td>\\r\\nParking in the wrong direction on a one-way street\\r\\n<\\/td>\\r\\n<\\/tr><tr><td>\\r\\nYou parked in the wrong direction on a two-way street\\r\\n<\\/td><td>\\r\\n$63\\r\\n<\\/td><td>\\r\\n10.28.040B\\r\\n<\\/td>\\r\\n<td>\\r\\nParking in the wrong direction on a two-way street\\r\\n<\\/td>\\r\\n<\\/tr><tr><td>\\r\\nYou parked in an area with permit parking without the correct permit\\r\\n<\\/td><td>\\r\\n$83\\r\\n<\\/td><td>\\r\\n10.44.120A\\r\\n<\\/td>\\r\\n<td>\\r\\nParking in a Residential Parking Permit Zone\\r\\n<\\/td><\\/tr><\\/tbody><\\/table>\\r\\n\\r\\n\\r\\n\\r\\n\\r\\n\\r\\n\\r\\n\\r\\n<p><br><\\/p>\\r\\n\\r\\n\\r\\n\\r\\n\\r\\n\\r\\n\\r\\n\\r\\n<h2>Additional References<\\/h2>\\r\\n\\r\\n\\r\\n\\r\\n\\r\\n\\r\\n\\r\\n\\r\\n<ul><li><a href=\\\"http:\\/\\/www2.oaklandnet.com\\/oakca1\\/groups\\/ceda\\/documents\\/marketingmaterial\\/oak044797.pdf\\\">Click here to see a complete roster of parking violation fines from the OMC and California Vehicle Code<\\/a><\\/li><li><a href=\\\"http:\\/\\/library.municode.com\\/index.aspx?clientId=16308&stateId=5&stateName=California\\\">Visit here to see Oakland Municipal Code about parking violations<\\/a><\\/li><li><a href=\\\"http:\\/\\/www.leginfo.ca.gov\\/cgi-bin\\/calawquery?codesection=veh\\\">Visit here to see California Vehicle Code<\\/a><\\/li><li>Call the Parking Citation Assistance Center at (800) 500-6484.<\\/li><\\/ul>\",\"5\":\"https:\\/\\/prodpci.etimspayments.com\\/pbw\\/include\\/oakland\\/input.jsp\",\"3\":\"Pay your ticket online\",\"4\":\"\"}}', '2015-12-19 00:31:35', '2015-12-19 00:31:35', '77386ff3-df60-40ab-8798-779a8fa3b503'),
 ('582', '6', '3', '1', 'en_us', '27', '', '{\"typeId\":\"3\",\"authorId\":\"1\",\"title\":\"Pay a Parking Ticket\",\"slug\":\"pay-a-parking-ticket\",\"postDate\":1449259680,\"expiryDate\":null,\"enabled\":1,\"parentId\":\"122\",\"fields\":{\"1\":\"<h2><\\/h2>\\r\\n\\r\\n<p>You have 21 days after the date the ticket was written to make a payment.<\\/p><p><br><\\/p>\\r\\n\\r\\n\\r\\n\\r\\n\\r\\n\\r\\n\\r\\n\\r\\n\\r\\n\\r\\n<h2 id=\\\"ways-to-pay\\\">Pay by Phone<\\/h2>\\r\\n\\r\\n\\r\\n\\r\\n\\r\\n\\r\\n\\r\\n\\r\\n\\r\\n\\r\\n<p><strong>Parking Citation Assistance Center<\\/strong><br>Phone: (800) 500-6484<br>Please have your&nbsp;credit card on hand&nbsp;(Visa, Mastercard, Discover or American Express)<\\/p><p><br><\\/p>\\r\\n\\r\\n\\r\\n\\r\\n\\r\\n\\r\\n\\r\\n\\r\\n\\r\\n\\r\\n<h2>Pay by&nbsp;Mail or&nbsp;In Person<\\/h2>\\r\\n\\r\\n\\r\\n\\r\\n\\r\\n\\r\\n<p><strong>Parking Citation Assistance Center<\\/strong><br>250 Frank H. Ogawa Plaza, Suite 6300 Oakland, CA 94612<br>Mondays, Tuesdays, Thursdays and Fridays from 9 a.m. to 4:30 p.m.<br>Wednesdays from 9:30 a.m. to 4:30 p.m.<\\/p><p><br><\\/p>\\r\\n\\r\\n<h3>Additional In Person Locations<\\/h3>\\r\\n\\r\\n<p><strong>Parking ticket payment kiosks<\\/strong><br>250 Frank H. Ogawa Plaza<br>Monday through Friday from 8:30 a.m. to 5 p.m.<\\/p>\\r\\n\\r\\n\\r\\n\\r\\n\\r\\n\\r\\n\\r\\n\\r\\n<p><strong>Eastmont Police Substation<\\/strong><br>2651 73rd Avenue<br>Monday through Saturday from 8:00 a.m. to 4 p.m.<\\/p>\\r\\n\\r\\n\\r\\n\\r\\n\\r\\n\\r\\n\\r\\n\\r\\n\\r\\n\\r\\n<p><br><\\/p>\\r\\n\\r\\n\\r\\n\\r\\n\\r\\n\\r\\n\\r\\n\\r\\n\\r\\n\\r\\n<h2 id=\\\"by-mail\\\">Pay by Mail<\\/h2>\\r\\n\\r\\n\\r\\n\\r\\n\\r\\n\\r\\n\\r\\n\\r\\n\\r\\n\\r\\n<p>Mail your parking ticket&nbsp;and the full payment to:<\\/p>\\r\\n\\r\\n\\r\\n\\r\\n\\r\\n\\r\\n\\r\\n\\r\\n\\r\\n\\r\\n<p><strong>Parking Citation Assistance Center<\\/strong><br>250 Frank H. Ogawa Plaza, Suite 6300<br>Oakland, CA 94612<\\/p>\\r\\n\\r\\n\\r\\n\\r\\n\\r\\n\\r\\n\\r\\n\\r\\n\\r\\n\\r\\n<p><br><\\/p>\\r\\n\\r\\n\\r\\n\\r\\n\\r\\n\\r\\n\\r\\n\\r\\n\\r\\n\\r\\n<h2>Common Violations<\\/h2>\\r\\n\\r\\n\\r\\n\\r\\n\\r\\n\\r\\n\\r\\n\\r\\n\\r\\n\\r\\n<p>Parking fines depend on the type of parking violation. \\r\\nBelow are some common violations, including their legal reference and the fine.<\\/p>\\r\\n\\r\\n\\r\\n\\r\\n\\r\\n\\r\\n\\r\\n\\r\\n\\r\\n\\r\\n<table>\\r\\n<thead>\\r\\n<tr><th>Common violations<\\/th><th>Fine<\\/th><th>\\r\\nOakland Municipal Code reference<\\/th><th>Legal definition<\\/th><\\/tr>\\r\\n<\\/thead>\\r\\n<tbody>\\r\\n<tr><td>\\r\\nYour meter time ran out\\r\\n<\\/td><td>\\r\\n$58\\r\\n<\\/td><td>\\r\\n10.36.050\\r\\n<\\/td>\\r\\n<td>Expired meter<\\/td>\\r\\n<\\/tr><tr><td>\\r\\nYour parking receipt was not visible in your vehicle\\r\\n<\\/td><td>\\r\\n$58\\r\\n<\\/td><td>\\r\\n10.36.030B\\r\\n<\\/td>\\r\\n<td>\\r\\nFailure to display parking receipt\\r\\n<\\/td>\\r\\n<\\/tr><tr><td>\\r\\nYou parked in a no parking zone<\\/td><td>\\r\\n$83\\r\\n<\\/td><td>\\r\\n10.40.020A1\\r\\n<\\/td>\\r\\n<td>\\r\\nParking in a red zone\\r\\n<\\/td>\\r\\n<\\/tr><tr><td>\\r\\nYou parked in an area reserved for buses<\\/td><td>\\r\\n$265\\r\\n<\\/td><td>\\r\\n10.40.090E\\r\\n<\\/td>\\r\\n<td>\\r\\nParking in a bus zone\\r\\n<\\/td>\\r\\n<\\/tr><tr><td>\\r\\nYou double parked your vehicle<\\/td><td>\\r\\n$41\\r\\n<\\/td><td>\\r\\n10.08.150\\r\\n<\\/td>\\r\\n<td>\\r\\nImpeding a lane of traffic\\r\\n<\\/td>\\r\\n<\\/tr><tr><td>\\r\\nYou didn\\u2019t turn your wheels correctly to park on a hill\\r\\n<\\/td><td>\\r\\n$45\\r\\n<\\/td><td>\\r\\n10.16.090\\r\\n<\\/td>\\r\\n<td>\\r\\nFailure to cramp wheels on grade\\r\\n<\\/td>\\r\\n<\\/tr><tr><td>\\r\\nYou parked in the wrong direction on a one-way street\\r\\n<\\/td><td>\\r\\n$48\\r\\n<\\/td><td>\\r\\n10.28.040\\r\\n<\\/td>\\r\\n<td>\\r\\nParking in the wrong direction on a one-way street\\r\\n<\\/td>\\r\\n<\\/tr><tr><td>\\r\\nYou parked in the wrong direction on a two-way street\\r\\n<\\/td><td>\\r\\n$63\\r\\n<\\/td><td>\\r\\n10.28.040B\\r\\n<\\/td>\\r\\n<td>\\r\\nParking in the wrong direction on a two-way street\\r\\n<\\/td>\\r\\n<\\/tr><tr><td>\\r\\nYou parked in an area with permit parking without the correct permit\\r\\n<\\/td><td>\\r\\n$83\\r\\n<\\/td><td>\\r\\n10.44.120A\\r\\n<\\/td>\\r\\n<td>\\r\\nParking in a Residential Parking Permit Zone\\r\\n<\\/td><\\/tr><\\/tbody><\\/table>\\r\\n\\r\\n\\r\\n\\r\\n\\r\\n\\r\\n\\r\\n\\r\\n\\r\\n\\r\\n<h2>Refund Request Form<\\/h2>\\r\\n\\r\\n\\r\\n\\r\\n\\r\\n\\r\\n\\r\\n\\r\\n<p>If you feel you are due a refund for overpayment for a parking ticket associated with your license plate, please complete and return a Refund Request Form.\\r\\nClick here to download the Refund Request Form.\\r\\nProvide proof of payment as detailed on the form.\\r\\nPlease allow four to six weeks for processing.\\r\\nCompleted forms and proof of payment can be submitted by mail, in person or by fax.<\\/p>\\r\\n\\r\\n\\r\\n\\r\\n\\r\\n\\r\\n\\r\\n\\r\\n<h3 id=\\\"mailin-person\\\">Mail\\/In Person<\\/h3>\\r\\n\\r\\n\\r\\n\\r\\n\\r\\n\\r\\n\\r\\n\\r\\n<p>Parking Citation Assistance Center<br>250 Frank H. Ogawa Plaza, Suite 6300 Oakland, CA 94612<br>Mondays, Tuesdays, Thursdays and Fridays from 9 a.m. to 4:30 p.m.<br>Wednesdays from 9:30 a.m. to 4:30 p.m.<br><\\/p>\\r\\n\\r\\n\\r\\n\\r\\n\\r\\n\\r\\n\\r\\n\\r\\n\\r\\n\\r\\n<h2>Additional References<\\/h2>\\r\\n\\r\\n\\r\\n\\r\\n\\r\\n\\r\\n\\r\\n\\r\\n\\r\\n\\r\\n<ul><li><a href=\\\"http:\\/\\/www2.oaklandnet.com\\/oakca1\\/groups\\/ceda\\/documents\\/marketingmaterial\\/oak044797.pdf\\\">Click here to see a complete roster of parking violation fines from the OMC and California Vehicle Code<\\/a><\\/li><li><a href=\\\"http:\\/\\/library.municode.com\\/index.aspx?clientId=16308&stateId=5&stateName=California\\\">Visit here to see Oakland Municipal Code about parking violations<\\/a><\\/li><li><a href=\\\"http:\\/\\/www.leginfo.ca.gov\\/cgi-bin\\/calawquery?codesection=veh\\\">Visit here to see California Vehicle Code<\\/a><\\/li><li>Call the Parking Citation Assistance Center at (800) 500-6484.<\\/li><\\/ul>\",\"5\":\"https:\\/\\/prodpci.etimspayments.com\\/pbw\\/include\\/oakland\\/input.jsp\",\"3\":\"Pay your ticket online\",\"4\":\"\"}}', '2015-12-19 00:41:20', '2015-12-19 00:41:20', '7ef3a91b-db20-4965-8f52-0a3d21c34c57'),
 ('592', '322', '3', '1', 'en_us', '1', '', '{\"typeId\":\"4\",\"authorId\":\"1\",\"title\":\"What to do with Booted or Towed Cars\",\"slug\":\"what-to-do-with-booted-or-towed-cars\",\"postDate\":1450486158,\"expiryDate\":null,\"enabled\":1,\"parentId\":\"\",\"fields\":{\"4\":\"Find out what to do and who to contact when your car is booted or towed\"}}', '2015-12-19 00:49:18', '2015-12-19 00:49:18', '426f5d3c-f92d-4bf0-8221-0aa055c742a2'),
 ('602', '122', '3', '1', 'en_us', '2', '', '{\"typeId\":\"4\",\"authorId\":\"1\",\"title\":\"Pay and Content Parking Citations\",\"slug\":\"pay-a-ticket-and-other-parking-citation-problems\",\"postDate\":1450478520,\"expiryDate\":null,\"enabled\":1,\"parentId\":\"5\",\"fields\":{\"4\":\"What to do if you receive a citation, want to pay it and other info about illegally parked vehicles.\"}}', '2015-12-19 00:50:19', '2015-12-19 00:50:19', '7688b7b9-b9a3-4954-a10e-4a8537dc4102'),
 ('612', '122', '3', '1', 'en_us', '3', '', '{\"typeId\":\"4\",\"authorId\":\"1\",\"title\":\"Pay or Contest Parking Tickets\",\"slug\":\"pay-a-ticket-and-other-parking-citation-problems\",\"postDate\":1450478520,\"expiryDate\":null,\"enabled\":1,\"parentId\":\"5\",\"fields\":{\"4\":\"What to do if you receive a citation, want to pay it and other info about illegally parked vehicles.\"}}', '2015-12-19 00:50:38', '2015-12-19 00:50:38', 'd31d95c5-b1e5-4cc1-9180-967edddabfa0'),
 ('622', '152', '3', '1', 'en_us', '3', '', '{\"typeId\":\"3\",\"authorId\":\"1\",\"title\":\"Set up a Parking Citation Alert\",\"slug\":\"create-your-own-parking-citation-alert\",\"postDate\":1450480080,\"expiryDate\":null,\"enabled\":1,\"parentId\":\"122\",\"fields\":{\"1\":\"<p>Parking citation alerts provide notifications to help manage your parking needs and avoid unnecessary penalties. When you create an account, it will alert you so you receive notifications about:<\\/p>\\r\\n\\r\\n<ul>\\r\\n  <li>\\r\\n    <p>When a new citation is issued to your vehicle<\\/p>\\r\\n  <\\/li>\\r\\n  <li>\\r\\n    <p>Before a penalty are applied<\\/p>\\r\\n  <\\/li>\\r\\n  <li>\\r\\n    <p>After a mail-in payment is applied<\\/p>\\r\\n  <\\/li>\\r\\n  <li>\\r\\n    <p>About upcoming hearings<\\/p>\\r\\n  <\\/li>\\r\\n  <li>\\r\\n    <p>Before you become \\u201cBoot Eligible\\u201d<\\/p>\\r\\n  <\\/li>\\r\\n  <li>\\r\\n    <p>Upcoming Resident Parking Permit Renewal<\\/p>\\r\\n  <\\/li>\\r\\n  <li>\\r\\n    <p>City of Oakland Parking announcements<\\/p><\\/li><\\/ul>\",\"5\":\"https:\\/\\/wmq1.etimspayments.com\\/pbw\\/include\\/vpportal\\/oakland\\/login_page.jsp\",\"3\":\"Sign up for alerts\",\"4\":\"\"}}', '2015-12-19 00:54:53', '2015-12-19 00:54:53', '9cb01145-f076-4899-9050-5976064a717e'),
 ('632', '6', '3', '1', 'en_us', '28', '', '{\"typeId\":\"3\",\"authorId\":\"1\",\"title\":\"Pay a Parking Ticket\",\"slug\":\"pay-a-parking-ticket\",\"postDate\":1449259680,\"expiryDate\":null,\"enabled\":1,\"parentId\":\"122\",\"fields\":{\"1\":\"<p>You have 21 days after the date the ticket was written to make a payment.<\\/p>\\r\\n\\r\\n<p><br><\\/p>\\r\\n\\r\\n\\r\\n\\r\\n\\r\\n\\r\\n\\r\\n\\r\\n\\r\\n\\r\\n<h2 id=\\\"ways-to-pay\\\">Pay by Phone<\\/h2>\\r\\n\\r\\n\\r\\n\\r\\n\\r\\n\\r\\n\\r\\n\\r\\n\\r\\n\\r\\n\\r\\n\\r\\n<p><strong>Parking Citation Assistance Center<\\/strong><br>Phone: (800) 500-6484<br>Please have your&nbsp;credit card on hand&nbsp;(Visa, Mastercard, Discover or American Express)<\\/p>\\r\\n\\r\\n<p><br><\\/p>\\r\\n\\r\\n\\r\\n\\r\\n\\r\\n\\r\\n\\r\\n\\r\\n\\r\\n\\r\\n\\r\\n\\r\\n<h2>Pay by&nbsp;Mail or&nbsp;In Person<\\/h2>\\r\\n\\r\\n\\r\\n\\r\\n\\r\\n\\r\\n\\r\\n\\r\\n<p><strong>Parking Citation Assistance Center<\\/strong><br>250 Frank H. Ogawa Plaza, Suite 6300 Oakland, CA 94612<br>Mondays, Tuesdays, Thursdays and Fridays from 9 a.m. to 4:30 p.m.<br>Wednesdays from 9:30 a.m. to 4:30 p.m.<\\/p>\\r\\n\\r\\n<p><br><\\/p>\\r\\n\\r\\n\\r\\n\\r\\n<h3>Additional In Person Locations<\\/h3>\\r\\n\\r\\n\\r\\n\\r\\n<p><strong>Parking ticket payment kiosks<\\/strong><br>250 Frank H. Ogawa Plaza<br>Monday through Friday from 8:30 a.m. to 5 p.m.<\\/p>\\r\\n\\r\\n\\r\\n\\r\\n\\r\\n\\r\\n\\r\\n\\r\\n\\r\\n\\r\\n<p><strong>Eastmont Police Substation<\\/strong><br>2651 73rd Avenue<br>Monday through Saturday from 8:00 a.m. to 4 p.m.<\\/p>\\r\\n\\r\\n\\r\\n\\r\\n\\r\\n\\r\\n\\r\\n\\r\\n\\r\\n\\r\\n\\r\\n\\r\\n<p><br><\\/p>\\r\\n\\r\\n\\r\\n\\r\\n\\r\\n\\r\\n\\r\\n\\r\\n\\r\\n\\r\\n\\r\\n\\r\\n<h2 id=\\\"by-mail\\\">Pay by Mail<\\/h2>\\r\\n\\r\\n\\r\\n\\r\\n\\r\\n\\r\\n\\r\\n\\r\\n\\r\\n\\r\\n\\r\\n\\r\\n<p>Mail your parking ticket&nbsp;and the full payment to:<\\/p>\\r\\n\\r\\n\\r\\n\\r\\n\\r\\n\\r\\n\\r\\n\\r\\n\\r\\n\\r\\n\\r\\n\\r\\n<p><strong>Parking Citation Assistance Center<\\/strong><br>250 Frank H. Ogawa Plaza, Suite 6300<br>Oakland, CA 94612<\\/p>\\r\\n\\r\\n\\r\\n\\r\\n\\r\\n\\r\\n\\r\\n\\r\\n\\r\\n\\r\\n\\r\\n\\r\\n<p><br><\\/p>\\r\\n\\r\\n\\r\\n\\r\\n\\r\\n\\r\\n\\r\\n\\r\\n\\r\\n\\r\\n\\r\\n\\r\\n<h2>Common Violations<\\/h2>\\r\\n\\r\\n\\r\\n\\r\\n\\r\\n\\r\\n\\r\\n\\r\\n\\r\\n\\r\\n\\r\\n\\r\\n<p>Parking fines depend on the type of parking violation. \\r\\nBelow are some common violations, including their legal reference and the fine.<\\/p>\\r\\n\\r\\n\\r\\n\\r\\n\\r\\n\\r\\n\\r\\n\\r\\n\\r\\n\\r\\n\\r\\n\\r\\n<table>\\r\\n<thead>\\r\\n<tr><th>Common violations<\\/th><th>Fine<\\/th><th>\\r\\nOakland Municipal Code reference<\\/th><th>Legal definition<\\/th><\\/tr>\\r\\n<\\/thead>\\r\\n<tbody>\\r\\n<tr><td>\\r\\nYour meter time ran out\\r\\n<\\/td><td>\\r\\n$58\\r\\n<\\/td><td>\\r\\n10.36.050\\r\\n<\\/td>\\r\\n<td>Expired meter<\\/td>\\r\\n<\\/tr><tr><td>\\r\\nYour parking receipt was not visible in your vehicle\\r\\n<\\/td><td>\\r\\n$58\\r\\n<\\/td><td>\\r\\n10.36.030B\\r\\n<\\/td>\\r\\n<td>\\r\\nFailure to display parking receipt\\r\\n<\\/td>\\r\\n<\\/tr><tr><td>\\r\\nYou parked in a no parking zone<\\/td><td>\\r\\n$83\\r\\n<\\/td><td>\\r\\n10.40.020A1\\r\\n<\\/td>\\r\\n<td>\\r\\nParking in a red zone\\r\\n<\\/td>\\r\\n<\\/tr><tr><td>\\r\\nYou parked in an area reserved for buses<\\/td><td>\\r\\n$265\\r\\n<\\/td><td>\\r\\n10.40.090E\\r\\n<\\/td>\\r\\n<td>\\r\\nParking in a bus zone\\r\\n<\\/td>\\r\\n<\\/tr><tr><td>\\r\\nYou double parked your vehicle<\\/td><td>\\r\\n$41\\r\\n<\\/td><td>\\r\\n10.08.150\\r\\n<\\/td>\\r\\n<td>\\r\\nImpeding a lane of traffic\\r\\n<\\/td>\\r\\n<\\/tr><tr><td>\\r\\nYou didn\\u2019t turn your wheels correctly to park on a hill\\r\\n<\\/td><td>\\r\\n$45\\r\\n<\\/td><td>\\r\\n10.16.090\\r\\n<\\/td>\\r\\n<td>\\r\\nFailure to cramp wheels on grade\\r\\n<\\/td>\\r\\n<\\/tr><tr><td>\\r\\nYou parked in the wrong direction on a one-way street\\r\\n<\\/td><td>\\r\\n$48\\r\\n<\\/td><td>\\r\\n10.28.040\\r\\n<\\/td>\\r\\n<td>\\r\\nParking in the wrong direction on a one-way street\\r\\n<\\/td>\\r\\n<\\/tr><tr><td>\\r\\nYou parked in the wrong direction on a two-way street\\r\\n<\\/td><td>\\r\\n$63\\r\\n<\\/td><td>\\r\\n10.28.040B\\r\\n<\\/td>\\r\\n<td>\\r\\nParking in the wrong direction on a two-way street\\r\\n<\\/td>\\r\\n<\\/tr><tr><td>\\r\\nYou parked in an area with permit parking without the correct permit\\r\\n<\\/td><td>\\r\\n$83\\r\\n<\\/td><td>\\r\\n10.44.120A\\r\\n<\\/td>\\r\\n<td>\\r\\nParking in a Residential Parking Permit Zone\\r\\n<\\/td><\\/tr><\\/tbody><\\/table>\\r\\n\\r\\n\\r\\n\\r\\n\\r\\n\\r\\n\\r\\n\\r\\n\\r\\n\\r\\n\\r\\n\\r\\n<h2>Refund Request Form<\\/h2>\\r\\n\\r\\n\\r\\n\\r\\n\\r\\n\\r\\n\\r\\n\\r\\n\\r\\n\\r\\n<p>If you feel you are due a refund for overpayment for a parking ticket associated with your license plate, please complete and return a Refund Request Form.\\r\\nClick here to download the Refund Request Form.\\r\\nProvide proof of payment as detailed on the form.\\r\\nPlease allow four to six weeks for processing.\\r\\nCompleted forms and proof of payment can be submitted by mail, in person or by fax.<\\/p>\\r\\n\\r\\n\\r\\n\\r\\n\\r\\n\\r\\n\\r\\n\\r\\n\\r\\n\\r\\n<h3 id=\\\"mailin-person\\\">Mail\\/In Person<\\/h3>\\r\\n\\r\\n\\r\\n\\r\\n\\r\\n\\r\\n\\r\\n\\r\\n\\r\\n\\r\\n<p>Parking Citation Assistance Center<br>250 Frank H. Ogawa Plaza, Suite 6300 Oakland, CA 94612<br>Mondays, Tuesdays, Thursdays and Fridays from 9 a.m. to 4:30 p.m.<br>Wednesdays from 9:30 a.m. to 4:30 p.m.<br><\\/p>\\r\\n\\r\\n\\r\\n\\r\\n\\r\\n\\r\\n\\r\\n\\r\\n\\r\\n\\r\\n\\r\\n\\r\\n<h2>Additional References<\\/h2>\\r\\n\\r\\n\\r\\n\\r\\n\\r\\n\\r\\n\\r\\n\\r\\n\\r\\n\\r\\n\\r\\n\\r\\n<ul><li><a href=\\\"http:\\/\\/www2.oaklandnet.com\\/oakca1\\/groups\\/ceda\\/documents\\/marketingmaterial\\/oak044797.pdf\\\">Click here to see a complete roster of parking violation fines from the OMC and California Vehicle Code<\\/a><\\/li><li><a href=\\\"http:\\/\\/library.municode.com\\/index.aspx?clientId=16308&stateId=5&stateName=California\\\">Visit here to see Oakland Municipal Code about parking violations<\\/a><\\/li><li><a href=\\\"http:\\/\\/www.leginfo.ca.gov\\/cgi-bin\\/calawquery?codesection=veh\\\">Visit here to see California Vehicle Code<\\/a><\\/li><li>Call the Parking Citation Assistance Center at (800) 500-6484.<\\/li><\\/ul>\",\"5\":\"https:\\/\\/prodpci.etimspayments.com\\/pbw\\/include\\/oakland\\/input.jsp\",\"3\":\"Pay your ticket online\",\"4\":\"\"}}', '2015-12-19 00:58:52', '2015-12-19 00:58:52', '37555b4e-5b61-4eb3-9c17-478e4d4e0b34'),
 ('642', '332', '3', '1', 'en_us', '1', '', '{\"typeId\":\"3\",\"authorId\":\"1\",\"title\":\"Costs of Common Parking Violations\",\"slug\":\"costs-of-common-parking-violations\",\"postDate\":1450486821,\"expiryDate\":null,\"enabled\":1,\"parentId\":\"252\",\"fields\":{\"1\":\"<h2>Common Violations<\\/h2>\\r\\n\\r\\n\\r\\n\\r\\n\\r\\n\\r\\n<p>Parking fines depend on the type of parking violation. \\r\\nBelow are some common violations, including their legal reference and the fine.<\\/p>\\r\\n\\r\\n\\r\\n\\r\\n\\r\\n\\r\\n\\r\\n\\r\\n\\r\\n\\r\\n<table>\\r\\n<thead>\\r\\n<tr><th>Common violations<\\/th><th>Fine<\\/th><th>\\r\\nOakland Municipal Code reference<\\/th><th>Legal definition<\\/th><\\/tr>\\r\\n<\\/thead>\\r\\n<tbody>\\r\\n<tr><td>\\r\\nYour meter time ran out\\r\\n<\\/td><td>\\r\\n$58\\r\\n<\\/td><td>\\r\\n10.36.050\\r\\n<\\/td>\\r\\n<td>Expired meter<\\/td>\\r\\n<\\/tr><tr><td>\\r\\nYour parking receipt was not visible in your vehicle\\r\\n<\\/td><td>\\r\\n$58\\r\\n<\\/td><td>\\r\\n10.36.030B\\r\\n<\\/td>\\r\\n<td>\\r\\nFailure to display parking receipt\\r\\n<\\/td>\\r\\n<\\/tr><tr><td>\\r\\nYou parked in a no parking zone<\\/td><td>\\r\\n$83\\r\\n<\\/td><td>\\r\\n10.40.020A1\\r\\n<\\/td>\\r\\n<td>\\r\\nParking in a red zone\\r\\n<\\/td>\\r\\n<\\/tr><tr><td>\\r\\nYou parked in an area reserved for buses<\\/td><td>\\r\\n$265\\r\\n<\\/td><td>\\r\\n10.40.090E\\r\\n<\\/td>\\r\\n<td>\\r\\nParking in a bus zone\\r\\n<\\/td>\\r\\n<\\/tr><tr><td>\\r\\nYou double parked your vehicle<\\/td><td>\\r\\n$41\\r\\n<\\/td><td>\\r\\n10.08.150\\r\\n<\\/td>\\r\\n<td>\\r\\nImpeding a lane of traffic\\r\\n<\\/td>\\r\\n<\\/tr><tr><td>\\r\\nYou didn\\u2019t turn your wheels correctly to park on a hill\\r\\n<\\/td><td>\\r\\n$45\\r\\n<\\/td><td>\\r\\n10.16.090\\r\\n<\\/td>\\r\\n<td>\\r\\nFailure to cramp wheels on grade\\r\\n<\\/td>\\r\\n<\\/tr><tr><td>\\r\\nYou parked in the wrong direction on a one-way street\\r\\n<\\/td><td>\\r\\n$48\\r\\n<\\/td><td>\\r\\n10.28.040\\r\\n<\\/td>\\r\\n<td>\\r\\nParking in the wrong direction on a one-way street\\r\\n<\\/td>\\r\\n<\\/tr><tr><td>\\r\\nYou parked in the wrong direction on a two-way street\\r\\n<\\/td><td>\\r\\n$63\\r\\n<\\/td><td>\\r\\n10.28.040B\\r\\n<\\/td>\\r\\n<td>\\r\\nParking in the wrong direction on a two-way street\\r\\n<\\/td>\\r\\n<\\/tr><tr><td>\\r\\nYou parked in an area with permit parking without the correct permit\\r\\n<\\/td><td>\\r\\n$83\\r\\n<\\/td><td>\\r\\n10.44.120A\\r\\n<\\/td>\\r\\n<td>\\r\\nParking in a Residential Parking Permit Zone\\r\\n<\\/td><\\/tr><\\/tbody><\\/table>\",\"5\":\"\",\"3\":\"\",\"4\":\"\"}}', '2015-12-19 01:00:21', '2015-12-19 01:00:21', '757e37eb-5cb1-484a-850c-a163c4e431bf'),
 ('652', '6', '3', '1', 'en_us', '29', '', '{\"typeId\":\"3\",\"authorId\":\"1\",\"title\":\"Pay a Parking Ticket\",\"slug\":\"pay-a-parking-ticket\",\"postDate\":1449259680,\"expiryDate\":null,\"enabled\":1,\"parentId\":\"122\",\"fields\":{\"1\":\"<p>You have 21 days after the date the ticket was written to make a payment.<\\/p>\\r\\n\\r\\n<p><br><\\/p>\\r\\n\\r\\n\\r\\n\\r\\n\\r\\n\\r\\n\\r\\n\\r\\n\\r\\n\\r\\n\\r\\n\\r\\n<h2 id=\\\"ways-to-pay\\\">Pay by Phone<\\/h2>\\r\\n\\r\\n\\r\\n\\r\\n\\r\\n\\r\\n\\r\\n\\r\\n\\r\\n\\r\\n\\r\\n\\r\\n\\r\\n\\r\\n<p><strong>Parking Citation Assistance Center<\\/strong><br>Phone: (800) 500-6484<br>Please have your&nbsp;credit card on hand&nbsp;(Visa, Mastercard, Discover or American Express)<\\/p>\\r\\n\\r\\n\\r\\n\\r\\n<p><br><\\/p>\\r\\n\\r\\n\\r\\n\\r\\n\\r\\n\\r\\n\\r\\n\\r\\n\\r\\n\\r\\n\\r\\n\\r\\n\\r\\n\\r\\n<h2>Pay by&nbsp;Mail or&nbsp;In Person<\\/h2>\\r\\n\\r\\n\\r\\n\\r\\n\\r\\n\\r\\n\\r\\n\\r\\n\\r\\n\\r\\n<p><strong>Parking Citation Assistance Center<\\/strong><br>250 Frank H. Ogawa Plaza, Suite 6300 Oakland, CA 94612<br>Mondays, Tuesdays, Thursdays and Fridays from 9 a.m. to 4:30 p.m.<br>Wednesdays from 9:30 a.m. to 4:30 p.m.<\\/p>\\r\\n\\r\\n\\r\\n\\r\\n<p><br><\\/p>\\r\\n\\r\\n\\r\\n\\r\\n\\r\\n\\r\\n<h3>Additional In Person Locations<\\/h3>\\r\\n\\r\\n\\r\\n\\r\\n\\r\\n\\r\\n<p><strong>Parking ticket payment kiosks<\\/strong><br>250 Frank H. Ogawa Plaza<br>Monday through Friday from 8:30 a.m. to 5 p.m.<\\/p>\\r\\n\\r\\n\\r\\n\\r\\n\\r\\n\\r\\n\\r\\n\\r\\n\\r\\n\\r\\n\\r\\n\\r\\n<p><strong>Eastmont Police Substation<\\/strong><br>2651 73rd Avenue<br>Monday through Saturday from 8:00 a.m. to 4 p.m.<\\/p>\\r\\n\\r\\n\\r\\n\\r\\n\\r\\n\\r\\n\\r\\n\\r\\n\\r\\n\\r\\n\\r\\n\\r\\n\\r\\n\\r\\n<p><br><\\/p>\\r\\n\\r\\n\\r\\n\\r\\n\\r\\n\\r\\n\\r\\n\\r\\n\\r\\n\\r\\n\\r\\n\\r\\n\\r\\n\\r\\n<h2 id=\\\"by-mail\\\">Pay by Mail<\\/h2>\\r\\n\\r\\n\\r\\n\\r\\n\\r\\n\\r\\n\\r\\n\\r\\n\\r\\n\\r\\n\\r\\n\\r\\n\\r\\n\\r\\n<p>Mail your parking ticket&nbsp;and the full payment to:<\\/p>\\r\\n\\r\\n\\r\\n\\r\\n\\r\\n\\r\\n\\r\\n\\r\\n\\r\\n\\r\\n\\r\\n\\r\\n\\r\\n\\r\\n<p><strong>Parking Citation Assistance Center<\\/strong><br>250 Frank H. Ogawa Plaza, Suite 6300<br>Oakland, CA 94612<\\/p>\\r\\n\\r\\n\\r\\n\\r\\n\\r\\n\\r\\n\\r\\n\\r\\n\\r\\n\\r\\n\\r\\n\\r\\n\\r\\n\\r\\n<p><br><\\/p>\\r\\n\\r\\n\\r\\n\\r\\n\\r\\n\\r\\n\\r\\n\\r\\n\\r\\n\\r\\n\\r\\n\\r\\n\\r\\n\\r\\n<h2>Refund Request Form<\\/h2>\\r\\n\\r\\n\\r\\n\\r\\n\\r\\n\\r\\n\\r\\n\\r\\n\\r\\n\\r\\n\\r\\n\\r\\n<p>If you feel you are due a refund for overpayment for a parking ticket associated with your license plate, please complete and return a Refund Request Form.\\r\\nClick here to download the Refund Request Form.\\r\\nProvide proof of payment as detailed on the form.\\r\\nPlease allow four to six weeks for processing.\\r\\nCompleted forms and proof of payment can be submitted by mail, in person or by fax.<\\/p>\\r\\n\\r\\n\\r\\n\\r\\n\\r\\n\\r\\n\\r\\n\\r\\n\\r\\n\\r\\n\\r\\n\\r\\n<h3 id=\\\"mailin-person\\\">Mail\\/In Person<\\/h3>\\r\\n\\r\\n\\r\\n\\r\\n\\r\\n\\r\\n\\r\\n\\r\\n\\r\\n\\r\\n\\r\\n\\r\\n<p>Parking Citation Assistance Center<br>250 Frank H. Ogawa Plaza, Suite 6300 Oakland, CA 94612<br>Mondays, Tuesdays, Thursdays and Fridays from 9 a.m. to 4:30 p.m.<br>Wednesdays from 9:30 a.m. to 4:30 p.m.<br><\\/p><p><br><\\/p>\\r\\n\\r\\n\\r\\n\\r\\n\\r\\n\\r\\n\\r\\n\\r\\n\\r\\n\\r\\n\\r\\n\\r\\n\\r\\n\\r\\n<h2>Additional References<\\/h2>\\r\\n\\r\\n\\r\\n\\r\\n\\r\\n\\r\\n\\r\\n\\r\\n\\r\\n\\r\\n\\r\\n\\r\\n\\r\\n\\r\\n<ul><li><a href=\\\"https:\\/\\/oakland-beta.herokuapp.com\\/services\\/parking\\/find-parking\\/costs-of-common-parking-violations#entry:332\\\">Costs of Common Parking Violations<\\/a><\\/li><li><a href=\\\"http:\\/\\/www2.oaklandnet.com\\/oakca1\\/groups\\/ceda\\/documents\\/marketingmaterial\\/oak044797.pdf\\\">Complete roster of parking violation fines from the OMC and California Vehicle Code<\\/a><\\/li><li><a href=\\\"http:\\/\\/library.municode.com\\/index.aspx?clientId=16308&stateId=5&stateName=California\\\">Oakland Municipal Code about parking violations<\\/a><\\/li><li><a href=\\\"http:\\/\\/www.leginfo.ca.gov\\/cgi-bin\\/calawquery?codesection=veh\\\">California Vehicle Code<\\/a><\\/li><\\/ul>\",\"5\":\"https:\\/\\/prodpci.etimspayments.com\\/pbw\\/include\\/oakland\\/input.jsp\",\"3\":\"Pay your ticket online\",\"4\":\"\"}}', '2015-12-19 01:02:11', '2015-12-19 01:02:11', 'ce924278-dc20-4f71-a686-f4d2ef2a4bf1'),
 ('662', '132', '3', '1', 'en_us', '2', '', '{\"typeId\":\"3\",\"authorId\":\"1\",\"title\":\"Contest a Parking Ticket\",\"slug\":\"contest-a-parking-ticket\",\"postDate\":1450478580,\"expiryDate\":null,\"enabled\":1,\"parentId\":\"122\",\"fields\":{\"1\":\"<h2>What You Need to Know<\\/h2>\\r\\n\\r\\n<ul>\\r\\n  <li>Please wait 48 hours from the time of issuance to ensure your citation is entered into the online system.<\\/li>\\r\\n  <li>It may take handwritten tickets up to two weeks to be entered into the online system.<\\/li>\\r\\n  <li>You must contest your ticket within 21 days of the date of issuance.<\\/li>\\r\\n  <li>You\\u2019ll need to upload up to three documents that provide evidence to support your written testimony.<\\/li>\\r\\n<\\/ul>\\r\\n\\r\\n\\r\\n\\r\\n\\r\\n\\r\\n\\r\\n\\r\\n<h2 id=\\\"ways-to-contest-a-ticket\\\">Ways to Contest a Ticket<\\/h2>\\r\\n\\r\\n\\r\\n\\r\\n\\r\\n\\r\\n\\r\\n\\r\\n<p><a href=\\\"\\\">Download and complete the <\\/a><a href=\\\"http:\\/\\/www2.oaklandnet.com\\/oakca1\\/groups\\/cityadministrator\\/documents\\/form\\/oak041670.pdf\\\">Contest Form<\\/a> or write a letter of explanation for contesting your citation.\\r\\nPlease include your name, address, telephone number, current mailing address and parking ticket citation number.<\\/p>\\r\\n\\r\\n\\r\\n\\r\\n\\r\\n\\r\\n\\r\\n\\r\\n<p>Keep a copy of your ticket for your records.\\r\\nReturn your Contest Form or letter, along with the original parking ticket and additional documents:<\\/p>\\r\\n\\r\\n\\r\\n\\r\\n\\r\\n\\r\\n\\r\\n\\r\\n<p><strong>In person or by mail<\\/strong><\\/p>\\r\\n\\r\\n\\r\\n\\r\\n\\r\\n\\r\\n\\r\\n\\r\\n<p>Parking Citation Assistance Center<br>250 Frank H. Ogawa Plaza, Suite 6300<br>Oakland, CA 94612<\\/p>\\r\\n\\r\\n\\r\\n\\r\\n\\r\\n\\r\\n\\r\\n\\r\\n<p><strong>By fax<\\/strong><\\/p><p><strong><\\/strong>(510) 986-2699<\\/p>\\r\\n\\r\\n\\r\\n\\r\\n\\r\\n\\r\\n\\r\\n\\r\\n<p>Contesting a parking ticket by email is not possible at this time.<\\/p>\\r\\n\\r\\n\\r\\n\\r\\n\\r\\n\\r\\n\\r\\n\\r\\n<h3 id=\\\"what-happens-next\\\">What Happens Next<\\/h3>\\r\\n\\r\\n\\r\\n\\r\\n\\r\\n\\r\\n\\r\\n\\r\\n<ol>\\r\\n  <li>The Parking Citation Assistance Center investigates your ticket.<\\/li>\\r\\n  <li>You will be notified of the decision by mail.<\\/li>\\r\\n  <li>If the ticket is upheld, you will have 21 days to pay your ticket or request an Administrative Hearing.<\\/li>\\r\\n  <li>If you contested a parking ticket and you are not satisfied with the decision, you can <a href=\\\"https:\\/\\/oakland-beta.herokuapp.com\\/services\\/parking\\/find-parking\\/request-an-administrative-hearing#entry:182\\\">request an Administrative Hearing<\\/a>.<\\/li>\\r\\n<\\/ol>\",\"5\":\"https:\\/\\/wmq.etimspayments.com\\/pbw\\/include\\/oakland\\/dispute_request.jsp.\",\"3\":\"Contest your parking ticket online\",\"4\":\"\"}}', '2015-12-19 01:06:02', '2015-12-19 01:06:02', '5c873ba8-3377-4794-b28b-8e807ab530ee'),
 ('672', '2', '1', '1', 'en_us', '11', '', '{\"typeId\":null,\"authorId\":null,\"title\":\"Home\",\"slug\":\"homepage\",\"postDate\":1449188566,\"expiryDate\":null,\"enabled\":1,\"parentId\":null,\"fields\":{\"1\":\"<p>The best place to find official services and information&nbsp;from the City of Oakland.<\\/p>\",\"16\":[\"32\"],\"15\":\"Welcome to Oakland, California\"}}', '2015-12-19 01:10:16', '2015-12-19 01:10:16', '4aa93d2b-0ce2-4edf-af33-7e5672213e6c'),
 ('682', '142', '3', '1', 'en_us', '3', '', '{\"typeId\":\"22\",\"authorId\":\"1\",\"title\":\"Jobs\",\"slug\":\"jobs\",\"postDate\":1450479840,\"expiryDate\":null,\"enabled\":1,\"parentId\":\"\",\"fields\":[]}', '2016-01-04 23:32:31', '2016-01-04 23:32:31', 'f7643d50-7dd3-41fa-b6aa-04ad090dcf53'),
 ('692', '192', '3', '1', 'en_us', '3', '', '{\"typeId\":\"3\",\"authorId\":\"1\",\"title\":\"Benefits & Perks\",\"slug\":\"pay-benefits\",\"postDate\":1450481160,\"expiryDate\":null,\"enabled\":1,\"parentId\":\"142\",\"fields\":{\"1\":\"<h2>Health Care Coverage<\\/h2>\\r\\n\\r\\n\\r\\n\\r\\n<p>All employees are eligible for health care coverage for themselves and their eligible dependents. These plans may include health insurance (medical coverage), dental care, and vision care.<\\/p>\\r\\n\\r\\n<h3><br>What to Know<\\/h3>\\r\\n\\r\\n\\r\\n\\r\\n\\r\\n\\r\\n<ul><li>You are eligible to enroll on the date you are hired.<\\/li><li>Work with your department to enroll within 60 days.<p><br><\\/p>\\r\\n<ul><li>If you wait more than 60 days to enroll, you will face a penalty of a 90 day waiting period.<\\/li><\\/ul><\\/li><li>Your coverage starts on the first of the month after submission of your paperwork.<\\/li><li>You can change your plan during open enrollment during the fall.<\\/li><li>Any changes you make become effective in January of the following year.<\\/li><\\/ul>\\r\\n\\r\\n\\r\\n\\r\\n\\r\\n\\r\\n\\r\\n\\r\\n\\r\\n\\r\\n\\r\\n\\r\\n\\r\\n\\r\\n\\r\\n\\r\\n\\r\\n\\r\\n\\r\\n\\r\\n\\r\\n\\r\\n\\r\\n\\r\\n\\r\\n\\r\\n<h3>Medical Coverage<\\/h3>\\r\\n\\r\\n\\r\\n\\r\\n\\r\\n\\r\\n<p>You can choose a medical plan through CalPERS (California Public Employees Retirement Systems) Health Benefit Services.<br>The City pays the full monthly premium for some plans. For other plans, the employee pays premiums with after-tax dollars.<br>For more information on medical plans, visit the CalPERS website.<\\/p>\\r\\n\\r\\n<p><br><\\/p>\\r\\n\\r\\n<h2>Dental Plans<\\/h2>\\r\\n\\r\\n<p>All full time employees except fire and police can choose from two dental plans for themselves and their eligible dependents. The HMO dental plan includes no deductibles when visiting an authorized dentist. This plan is administered by DeltaCare.<br>The PPO plan covers a percentage of costs but gives members more flexibility. This plan is administered by Delta Dental. <br>Police and fire personnel have dental coverage through their respective unions.<\\/p>\\r\\n\\r\\n<h2>Vision Care<\\/h2>\\r\\n\\r\\n\\r\\n\\r\\n\\r\\n\\r\\n<p>All full time employees except fire and police have vision coverage for themselves and their eligible dependents. This plan is administered by Vision Service Plan.<br>Police and fire personnel do not have vision coverage.<\\/p>\\r\\n\\r\\n\\r\\n\\r\\n\\r\\n\\r\\n<h2>Dependents<\\/h2>\\r\\n\\r\\n\\r\\n\\r\\n\\r\\n\\r\\n<p>Your dependents may be eligible for the same health care coverage that you enroll in.<\\/p><br><p>Eligible dependents include:<\\/p>\\r\\n<ul><li>Spouse<\\/li><li>Domestic partner<\\/li><li>Financially dependent children\\r\\n<ul><li>Medical benefits: Children under age 26<\\/li><\\/ul><ul><li>Dental and vision benefits: Children under age 18 or students age 19 - 25<\\/li><\\/ul><\\/li><\\/ul>\\r\\n\\r\\n\\r\\n\\r\\n\\r\\n\\r\\n\\r\\n\\r\\n\\r\\n\\r\\n\\r\\n\\r\\n\\r\\n\\r\\n\\r\\n\\r\\n\\r\\n\\r\\n\\r\\n\\r\\n\\r\\n\\r\\n<p>You need to provide documentation to add your dependents to your health plan.<\\/p>\\r\\n\\r\\n\\r\\n\\r\\n\\r\\n\\r\\n<ul><li>Marriage certificate<\\/li><li>Certificate of domestic partnership<\\/li><li>Birth certificate<\\/li><li>Legal adoption or guardianship papers<\\/li><li>Affidavit for financially dependent children<\\/li><li>Proof of full-time enrollment in school<\\/li><\\/ul>\\r\\n\\r\\n\\r\\n\\r\\n\\r\\n\\r\\n\\r\\n\\r\\n\\r\\n\\r\\n\\r\\n\\r\\n\\r\\n\\r\\n\\r\\n\\r\\n\\r\\n\\r\\n\\r\\n\\r\\n\\r\\n\\r\\n<h2>Continuing Your Benefits<\\/h2>\\r\\n\\r\\n\\r\\n\\r\\n\\r\\n\\r\\n<p>Under COBRA, an employee and enrolled dependents may pay to continue medical, dental or vision coverage for a limited period of time if city-paid coverage ceases for reasons recognized under the law.<br>The cost for COBRA coverage equals the same premium the City pays monthly plus a 2% administrative fee.<\\/p>\\r\\n\\r\\n<h2>Retirement<\\/h2>\\r\\n\\r\\n\\r\\n\\r\\n\\r\\n\\r\\n<p>All employees of the City of Oakland have retirement benefits through the Public Employees\' Retirement System (CalPERS).<br>What happens to my CalPERS benefits if I leave the City?<\\/p>\\r\\n\\r\\n\\r\\n\\r\\n\\r\\n\\r\\n<p>You may be able to take your retirement benefits with you. If you leave the City to work for another employer that also participates in CalPERS, your retirement benefit will continue. If your new employer does not participate in CalPERS, the funds may be rolled over into a qualified Individual Retirement Account (IRA). <br>Current and former City employees interested in learning more about their retirement benefits may contact CalPERS directly at (888)225-7377 or visit the CalPERS website at www.calpers.ca.gov. They may also contact the City of Oakland\'s Retirement Office at (510)238-6479, weekdays from 8:30am - 5:00pm.<\\/p>\\r\\n\\r\\n<h3><br>Deferred Compensation<\\/h3>\\r\\n\\r\\n\\r\\n\\r\\n\\r\\n\\r\\n<p>The Deferred Compensation Plan is a voluntary retirement plan. You can increase your retirement savings and reduce your tax burden by contributing to this 457(b) plan.<br>You can contribute as little as $10 per pay period. The maximum contribution allowed is defined by Federal regulations for the calendar year. You can choose from several investment options. The City does not contribute to nor match employee contributions to this plan.<\\/p><h2>Life Insurance<\\/h2>\\r\\n\\r\\n\\r\\n\\r\\n\\r\\n\\r\\n<p>All full time employees including fire and police personnel have life insurance benefits. In the event of an employee\'s death, the beneficiary will receive an amount equal to the employee\'s current annual salary rounded up to the nearest $1,000. For example, if the annual salary is $35,500, the life insurance benefit would be $36,000.<br>If the death is the result of an accident, the beneficiary may receive an additional benefit equal to the life insurance amount.<br>The City pays the full premium cost for coverage. There is no employee contribution. Dependents are not eligible for this benefit.<\\/p><h2><br>Disability<\\/h2>\\r\\n\\r\\n\\r\\n\\r\\n\\r\\n\\r\\n<p>Most part-time and full-time employees excluding police and fire personnel who experience a non-work-related illness or injury can apply for State Disability Insurance (SDI). This insurance is provided through the State of California\'s Employment Development Department.<br>Employees who do not qualify for SDI are covered by a third party administrator for both short- and long-term disability. Benefits begin after a seven-day period and are determined by several eligibility factors.<\\/p><h2><br>Medical Waivers<\\/h2>\\r\\n\\r\\n\\r\\n\\r\\n\\r\\n\\r\\n<p>Upon proof of other medical coverage, employees may choose to waive or cancel medical benefits for themselves and eligible dependents and receive cash instead.<\\/p><h2><br>Flexible Spending Accounts<\\/h2>\\r\\n\\r\\n\\r\\n\\r\\n\\r\\n\\r\\n<p>The City of Oakland offers three flexible spending programs: Medical Care Assistance Program (MCAP), Dependent Care Assistance Program (DCAP), Transit Program. <br>You contribute to these programs to pay for qualifying expenses with pre-tax dollars. This reduces the amount of tax dollars you pay. The IRS regulates these programs. Please visit the third party administrator website for specific information about the plans at http:\\/\\/www.cbadministrators.com.<br>The Medical Care Assistance Program (MCAP) allows an employee to pay for medical, dental and vision care expenses with pre-tax dollars up to $2,500 each year. Estimate your annual out-of-pocket medical costs to decide how much to contribute. The City will withhold contributions from your paycheck every two weeks.<br>The Dependent Care Assistance Program (DCAP) allows an employee to pay for dependent care expenses with pre-tax dollars up to $5000 per household. Only necessary dependent care that allows you, or both you and your spouse together, to work is eligible. Estimate your annual dependent-care costs to decide how much to contribute. The City will withhold contributions from your paycheck every two weeks.<br>After you pay for eligible expenses, submit a claim to the third party administrator for reimbursement.<br>The Transit Program allows an employee to pay for mass transit and parking with pre-tax dollars. Estimate your monthly transportation costs to decide how much to contribute. You may have to pay an administrative fee for the program.<\\/p>\\r\\n\\r\\n\\r\\n\\r\\n\\r\\n\\r\\n<p>The third party administrator will mail you a monthly voucher or transit card. You may use vouchers or transit cards at locations that accept tickets and passes. For more information, visit CBA, the third party administrator\'s website at http:\\/\\/www.cbadministrators.com.<\\/p>\",\"5\":\"\",\"3\":\"\",\"4\":\"Salary information, benefits and compensation for City employees\"}}', '2016-01-04 23:49:56', '2016-01-04 23:49:56', 'f790d489-b6bc-4e67-a13c-e7c36f273e72'),
 ('702', '192', '3', '1', 'en_us', '4', '', '{\"typeId\":\"3\",\"authorId\":\"1\",\"title\":\"Benefits & Perks\",\"slug\":\"pay-benefits\",\"postDate\":1450481160,\"expiryDate\":null,\"enabled\":1,\"parentId\":\"142\",\"fields\":{\"1\":\"<h2>Health Care Coverage<\\/h2>\\r\\n\\r\\n\\r\\n\\r\\n<p>All employees are eligible for health care coverage for themselves and their eligible dependents. These plans may include health insurance (medical coverage), dental care, and vision care.<\\/p>\\r\\n\\r\\n\\r\\n\\r\\n<h3><br>What to Know<\\/h3>\\r\\n\\r\\n\\r\\n\\r\\n\\r\\n\\r\\n\\r\\n\\r\\n<ul><li>You are eligible to enroll on the date you are hired.<\\/li><li>Work with your department to enroll within 60 days.<p><br><\\/p>\\r\\n<ul><li>If you wait more than 60 days to enroll, you will face a penalty of a 90 day waiting period.<\\/li><\\/ul><\\/li><li>Your coverage starts on the first of the month after submission of your paperwork.<\\/li><li>You can change your plan during open enrollment during the fall.<\\/li><li>Any changes you make become effective in January of the following year.<\\/li><\\/ul>\\r\\n\\r\\n\\r\\n\\r\\n\\r\\n\\r\\n\\r\\n\\r\\n\\r\\n\\r\\n\\r\\n\\r\\n\\r\\n\\r\\n\\r\\n\\r\\n\\r\\n\\r\\n\\r\\n\\r\\n\\r\\n\\r\\n\\r\\n\\r\\n\\r\\n\\r\\n\\r\\n\\r\\n<h3>Medical Coverage<\\/h3>\\r\\n\\r\\n\\r\\n\\r\\n\\r\\n\\r\\n\\r\\n\\r\\n<p>You can choose a medical plan through CalPERS (California Public Employees Retirement Systems) Health Benefit Services.<br>The City pays the full monthly premium for some plans. For other plans, the employee pays premiums with after-tax dollars.<br>For more information on medical plans, visit the CalPERS website.<\\/p>\\r\\n\\r\\n\\r\\n\\r\\n<p><br><\\/p>\\r\\n\\r\\n\\r\\n\\r\\n<h2>Dental Plans<\\/h2>\\r\\n\\r\\n\\r\\n\\r\\n<p>All full time employees except fire and police can choose from two dental plans for themselves and their eligible dependents. The HMO dental plan includes no deductibles when visiting an authorized dentist. This plan is administered by DeltaCare.<br>The PPO plan covers a percentage of costs but gives members more flexibility. This plan is administered by Delta Dental. <br>Police and fire personnel have dental coverage through their respective unions.<\\/p>\\r\\n\\r\\n\\r\\n\\r\\n<h2>Vision Care<\\/h2>\\r\\n\\r\\n\\r\\n\\r\\n\\r\\n\\r\\n\\r\\n\\r\\n<p>All full time employees except fire and police have vision coverage for themselves and their eligible dependents. This plan is administered by Vision Service Plan.<br>Police and fire personnel do not have vision coverage.<\\/p>\\r\\n\\r\\n\\r\\n\\r\\n\\r\\n\\r\\n\\r\\n\\r\\n<h2>Dependents<\\/h2>\\r\\n\\r\\n\\r\\n\\r\\n\\r\\n\\r\\n\\r\\n\\r\\n<p>Your dependents may be eligible for the same health care coverage that you enroll in.<\\/p>\\r\\n<p>Eligible dependents include:<\\/p>\\r\\n\\r\\n<ul><li>Spouse<\\/li><li>Domestic partner<\\/li><li>Financially dependent children\\r\\n<ul><li>Medical benefits: Children under age 26<\\/li><\\/ul><ul><li>Dental and vision benefits: Children under age 18 or students age 19 - 25<\\/li><\\/ul><\\/li><\\/ul>\\r\\n\\r\\n\\r\\n\\r\\n\\r\\n\\r\\n\\r\\n\\r\\n\\r\\n\\r\\n\\r\\n\\r\\n\\r\\n\\r\\n\\r\\n\\r\\n\\r\\n\\r\\n\\r\\n\\r\\n\\r\\n\\r\\n\\r\\n\\r\\n<p>You need to provide documentation to add your dependents to your health plan.<\\/p>\\r\\n\\r\\n\\r\\n\\r\\n\\r\\n\\r\\n\\r\\n\\r\\n<ul><li>Marriage certificate<\\/li><li>Certificate of domestic partnership<\\/li><li>Birth certificate<\\/li><li>Legal adoption or guardianship papers<\\/li><li>Affidavit for financially dependent children<\\/li><li>Proof of full-time enrollment in school<\\/li><\\/ul>\\r\\n\\r\\n\\r\\n\\r\\n\\r\\n\\r\\n\\r\\n\\r\\n\\r\\n\\r\\n\\r\\n\\r\\n\\r\\n\\r\\n\\r\\n\\r\\n\\r\\n\\r\\n\\r\\n\\r\\n\\r\\n\\r\\n\\r\\n\\r\\n<h2>Continuing Your Benefits<\\/h2>\\r\\n\\r\\n\\r\\n\\r\\n\\r\\n\\r\\n\\r\\n\\r\\n<p>Under COBRA, an employee and enrolled dependents may pay to continue medical, dental or vision coverage for a limited period of time if city-paid coverage ceases for reasons recognized under the law.<br>The cost for COBRA coverage equals the same premium the City pays monthly plus a 2% administrative fee.<\\/p>\\r\\n\\r\\n\\r\\n\\r\\n<h2>Retirement<\\/h2>\\r\\n\\r\\n\\r\\n\\r\\n\\r\\n\\r\\n\\r\\n\\r\\n<p>All employees of the City of Oakland have retirement benefits through the Public Employees\' Retirement System (CalPERS).<br>What happens to my CalPERS benefits if I leave the City?<\\/p>\\r\\n\\r\\n\\r\\n\\r\\n\\r\\n\\r\\n\\r\\n\\r\\n<p>You may be able to take your retirement benefits with you. If you leave the City to work for another employer that also participates in CalPERS, your retirement benefit will continue. If your new employer does not participate in CalPERS, the funds may be rolled over into a qualified Individual Retirement Account (IRA). <br>Current and former City employees interested in learning more about their retirement benefits may contact CalPERS directly at (888)225-7377 or visit the CalPERS website at www.calpers.ca.gov. They may also contact the City of Oakland\'s Retirement Office at (510)238-6479, weekdays from 8:30am - 5:00pm.<\\/p><h3>Deferred Compensation<\\/h3>\\r\\n\\r\\n\\r\\n\\r\\n\\r\\n\\r\\n\\r\\n\\r\\n<p>The Deferred Compensation Plan is a voluntary retirement plan. You can increase your retirement savings and reduce your tax burden by contributing to this 457(b) plan.<br>You can contribute as little as $10 per pay period. The maximum contribution allowed is defined by Federal regulations for the calendar year. You can choose from several investment options. The City does not contribute to nor match employee contributions to this plan.<\\/p>\\r\\n\\r\\n<h2>Life Insurance<\\/h2>\\r\\n\\r\\n\\r\\n\\r\\n\\r\\n\\r\\n\\r\\n\\r\\n<p>All full time employees including fire and police personnel have life insurance benefits. In the event of an employee\'s death, the beneficiary will receive an amount equal to the employee\'s current annual salary rounded up to the nearest $1,000. For example, if the annual salary is $35,500, the life insurance benefit would be $36,000.<br>If the death is the result of an accident, the beneficiary may receive an additional benefit equal to the life insurance amount.<br>The City pays the full premium cost for coverage. There is no employee contribution. Dependents are not eligible for this benefit.<\\/p>\\r\\n\\r\\n<h2><br>Disability<\\/h2>\\r\\n\\r\\n\\r\\n\\r\\n\\r\\n\\r\\n\\r\\n\\r\\n<p>Most part-time and full-time employees excluding police and fire personnel who experience a non-work-related illness or injury can apply for State Disability Insurance (SDI). This insurance is provided through the State of California\'s Employment Development Department.<br>Employees who do not qualify for SDI are covered by a third party administrator for both short- and long-term disability. Benefits begin after a seven-day period and are determined by several eligibility factors.<\\/p>\\r\\n\\r\\n<h2><br>Medical Waivers<\\/h2>\\r\\n\\r\\n\\r\\n\\r\\n\\r\\n\\r\\n\\r\\n\\r\\n<p>Upon proof of other medical coverage, employees may choose to waive or cancel medical benefits for themselves and eligible dependents and receive cash instead.<\\/p>\\r\\n\\r\\n<h2><br>Flexible Spending Accounts<\\/h2>\\r\\n\\r\\n\\r\\n\\r\\n\\r\\n\\r\\n\\r\\n\\r\\n<p>The City of Oakland offers three flexible spending programs: Medical Care Assistance Program (MCAP), Dependent Care Assistance Program (DCAP), Transit Program. <br>You contribute to these programs to pay for qualifying expenses with pre-tax dollars. This reduces the amount of tax dollars you pay. The IRS regulates these programs. Please visit the third party administrator website for specific information about the plans at http:\\/\\/www.cbadministrators.com.<br>The Medical Care Assistance Program (MCAP) allows an employee to pay for medical, dental and vision care expenses with pre-tax dollars up to $2,500 each year. Estimate your annual out-of-pocket medical costs to decide how much to contribute. The City will withhold contributions from your paycheck every two weeks.<br>The Dependent Care Assistance Program (DCAP) allows an employee to pay for dependent care expenses with pre-tax dollars up to $5000 per household. Only necessary dependent care that allows you, or both you and your spouse together, to work is eligible. Estimate your annual dependent-care costs to decide how much to contribute. The City will withhold contributions from your paycheck every two weeks.<br>After you pay for eligible expenses, submit a claim to the third party administrator for reimbursement.<br>The Transit Program allows an employee to pay for mass transit and parking with pre-tax dollars. Estimate your monthly transportation costs to decide how much to contribute. You may have to pay an administrative fee for the program.<\\/p>\\r\\n\\r\\n\\r\\n\\r\\n\\r\\n\\r\\n\\r\\n\\r\\n<p>The third party administrator will mail you a monthly voucher or transit card. You may use vouchers or transit cards at locations that accept tickets and passes. For more information, visit CBA, the third party administrator\'s website at http:\\/\\/www.cbadministrators.com.<\\/p>\",\"5\":\"\",\"3\":\"\",\"4\":\"Salary information, benefits and compensation for City employees\"}}', '2016-01-04 23:52:10', '2016-01-04 23:52:10', '9eb613f5-ef44-42ef-8b9c-e7ba72554621');

INSERT INTO `craft_entryversions` (`id`, `entryId`, `sectionId`, `creatorId`, `locale`, `num`, `notes`, `data`, `dateCreated`, `dateUpdated`, `uid`) VALUES
 ('712', '202', '3', '1', 'en_us', '2', '', '{\"typeId\":\"3\",\"authorId\":\"1\",\"title\":\"Application Process & Support\",\"slug\":\"application-process-support\",\"postDate\":1450481400,\"expiryDate\":null,\"enabled\":1,\"parentId\":\"142\",\"fields\":{\"1\":\"<p>Working for the City of Oakland comes with many benefits!<\\/p><ul><li>Job security<\\/li><li>Diverse workforce<\\/li><li>Benefits including health care coverage for you and your family<\\/li><\\/ul>\\r\\n\\r\\n\\r\\n\\r\\n\\r\\n\\r\\n<p>The City manages hiring differently than private companies. Most hiring is guided by the Civil Service Board. Click here to learn more about the Civil Service Board.<\\/p>\\r\\n\\r\\n<p>The information below is provided to guide you through the hiring process and answer frequently asked questions. These guidelines describe the AVERAGE process for hiring through the Civil Service Board. You may want to bookmark this page for reference.<\\/p>\\r\\n\\r\\n<p>Your individual experience may differ from this process. If you have questions, please contact_______________________<\\/p>\\r\\n\\r\\n<p>Stages of the hiring process<br><\\/p>\\r\\n\\r\\n<ol><li>Search for open positions<\\/li><li>Apply for a position<\\/li><li>Application review<\\/li><li>Civil service examination<\\/li><li>Placement on eligibility list<\\/li><li>Department interview<\\/li><li>Receipt of job offer<\\/li><\\/ol>\\r\\n\\r\\n\\r\\n\\r\\n\\r\\n\\r\\n\\r\\n\\r\\n\\r\\n\\r\\n\\r\\n\\r\\n<p>Read more below for details about each step in the process.<\\/p><h2><br>1. Search for open positions<\\/h2><p>\\r\\n\\r\\nThere are four ways that you can search for current job openings with the City of Oakland.<br><\\/p><ol><li>Search online at Apply Online for Current Job Openings.<\\/li><li>Visit City of Oakland offices to see posted job announcements.<\\/li><li>Visit one of our One-Stop Career Centers throughout the City of Oakland.<\\/li><li>Visit the City of Oakland Human Resources Department at 150 Frank H. Ogawa Plaza, 2nd Floor Suite 2352 from 8:30 am to 5:00 pm, Monday - Friday.<\\/li><\\/ol>\\r\\n\\r\\n\\r\\n\\r\\n\\r\\n\\r\\n\\r\\n\\r\\n<p>If you don\\u2019t see a job you want yet, you can set up an alert to learn when a future job is posted. Complete a job interest card to receive this alert. For the next 12 months, you will receive an email when a new position matches the category you choose. &nbsp;<\\/p><h2>2. Apply for a position<\\/h2>\\r\\n\\r\\n<p>To apply to a specific position, you must submit your application online at Apply Online for Current Job Openings by the closing date. The Human Resources Department will email you to confirm receiving the application.<\\/p>\\r\\n\\r\\n<p>If you do not have access to a computer or Internet access, you can use a computer at any location of the <a href=\\\"http:\\/\\/oaklandlibrary.org\\/using-library\\/locations-hours\\\">City of Oakland Public Library<\\/a>. You can also use a work station of the City of Oakland Department of Human Resources Management at 150 Frank H. Ogawa Plaza, 2nd Floor, Oakland, CA 94612 from 9 am to 5 pm.<\\/p>\\r\\n\\r\\n<p>Need help applying? Call NeoGov at (877) 204-4442 for technical questions. For all other questions, call (510) 238-3112, TTY 238-3254.<\\/p>\\r\\n\\r\\n<p><strong>Veterans:<\\/strong> You may be entitled to preference points which can help you get hired. To receive your points, you must have an honorable discharge. Submit Form DD214 with your application on or before the final filing date for the position. If you are a disabled veteran, submit proof of your disability from the Veteran\\u2019s Service with your application.<\\/p>\\r\\n\\r\\n<p><strong>People with Criminal Convictions:<\\/strong> You can still apply to a job with the City of Oakland. Each application will be given individual consideration, based on job-relatedness. All records of conviction(s) will be reviewed. This review may result in a request for additional information or termination if needed.<\\/p><h2>3. Application review<\\/h2>\\r\\n\\r\\n<p>Once your application is submitted, it will be reviewed in two stages.<\\/p><ol><li>Review of minimum qualifications: The Human Resources Department will check that your experiences fits the qualifications listed in the job posting. If your application satisfies the criteria, it will move to the next stage.<\\/li><li>Review of supplemental questions: Depending on the criteria of the job you applied to, you may be required to complete supplemental questions. You must complete these questions if the job announcement says that the questions are required. If these required questions are not answered, your application will not be considered. If the questions are optional, it is best to answer the questions as completely as possible. These responses may help your application move to the next stage of the hiring process.<\\/li><\\/ol>\\r\\n\\r\\n\\r\\n\\r\\n<h2>4. Civil service examination<\\/h2>\\r\\n\\r\\n<p>Examinations may include any combination of the following activities:<\\/p><ul><li>Application Reviews<\\/li><li>Review for Minimum Qualifications<\\/li><li>Supplemental Questionnaire<\\/li><li>Multiple Choice\\/True-False Written Test<\\/li><li>Problem Exercise\\/ Writing Sample Test<\\/li><li>Performance Test<\\/li><li>Oral Interview<\\/li><\\/ul>\\r\\n\\r\\n\\r\\n\\r\\n\\r\\n\\r\\n\\r\\n\\r\\n\\r\\n\\r\\n\\r\\n\\r\\n\\r\\n\\r\\n<p>The components of each examination are written in the job announcement for that examination.<\\/p>\\r\\n\\r\\n<p>The purpose of the examination is to further assess your knowledge and ability as well as your education, experience and other factors related to the job for which you applied. <\\/p>\\r\\n\\r\\nExam Preparation <br><ul><li>Refer to test booklets on general test taking available at Oakland Public Library and local bookstores. The City does not offer exam preparation materials.<\\/li><\\/ul>\\r\\n\\r\\nOral Interview Preparation<br><ul><li>Review the job description for the position to become familiar with the position duties.<\\/li><li>Be prepared to tell the interviewer about your education, work experience and qualifications as it relates to the position you have applied for<\\/li><\\/ul>\\r\\n\\r\\n\\r\\n\\r\\n<p><strong>Persons with disabilities:<\\/strong> Please contact the Human Resources Department if you need accommodations for the examination process. You will need to complete a form to share relevant information and what accommodation is required. &nbsp;Please attach a doctor\'s note.<\\/p><h2><br>5. Placement on eligibility list<\\/h2>\\r\\n\\r\\n<p>The eligibility list is a list of four people eligible for an open position in the hiring department. Candidates are listed in order based on their performance on the examination.<\\/p>\\r\\n\\r\\n<p><strong>To learn your score and rank on the eligibility list,<\\/strong> forward a self address stamped envelope to the Human Resource Department with your request.<\\/p>\\r\\n\\r\\n<p>Once you are on an eligibility list, you can be sent on a maximum of four (4) job interviews with the hiring department. You can choose to decline up to three (3) different interviews for a position. After the third decline, your name will be removed from the eligibility list. <\\/p>\\r\\n\\r\\n<p>If the hiring department does not select you, your name will stay on the eligibility list for up to two years for consideration for future positions in the hiring department.<\\/p><h2><br>6. Department interview<\\/h2>\\r\\n\\r\\n<h2>7. Receipt of job offer<\\/h2>\\r\\n\\r\\n\\r\\n\\r\\n<p>Congratulations on your new role at the City of Oakland!<\\/p>\\r\\n\\r\\n<h2>Frequently Asked Questions<\\/h2>\\r\\n\\r\\n<p> &nbsp;&nbsp;<br>12. How do I report a change of address?<br>Applicants can update their contact information at any time after logging into their NeoGov account. Current employees should fill out a <a href=\\\"http:\\/\\/www2.oaklandnet.com\\/Government\\/o\\/HumanResources\\/a\\/FAQ\\/OAK039854\\\">change of address form<\\/a> and submit it to the Department of Human Resources Management 150 Frank H. Ogawa Plaza, Suite 2352 Oakland CA, 94612.<br> <br>20. How do I obtain information about benefits for the job I am applying for?<br>Contact the Human Resource Department Benefits Unit at (510) 238-7295, TTY 238-3254 for Medical, Dental, Insurance, Employee Wellness and Deferred Compensation information.<\\/p>\",\"5\":\"\",\"3\":\"\",\"4\":\"\"}}', '2016-01-05 22:23:16', '2016-01-05 22:23:16', 'ed660b3b-936d-44ee-a27b-dbd7308620bd'),
 ('722', '192', '3', '1', 'en_us', '5', '', '{\"typeId\":\"3\",\"authorId\":\"1\",\"title\":\"Benefits & Perks\",\"slug\":\"pay-benefits\",\"postDate\":1450481160,\"expiryDate\":null,\"enabled\":1,\"parentId\":\"142\",\"fields\":{\"1\":\"<h2>Health Care Coverage<\\/h2>\\r\\n\\r\\n\\r\\n\\r\\n<p>All employees are eligible for health care coverage for themselves and their eligible dependents. These plans may include health insurance (medical coverage), dental care, and vision care.<\\/p><h2>Summary of Benefits<\\/h2><table><thead><tr><th><\\/th><th>Health<\\/th><th>Dental<\\/th><th>Vision Care<\\/th><th>Worker\'s&nbsp;Comp<\\/th><th>Disability Insurance<\\/th><th>Life Insurance<\\/th><th>Retirement<\\/th><th>Professional Development<\\/th><th>Unemployment Insurance<\\/th><\\/tr><\\/thead><tbody><tr><td>Full-time employee (Not include fire and police)<\\/td><td>x<\\/td><td>x<\\/td><td>x<\\/td><td>x<\\/td><td>x<\\/td><td>x<\\/td><td>x<\\/td><td>x<\\/td><td>x<\\/td><\\/tr><tr><td>Fire and&nbsp;Police (full-time)<\\/td><td>x<\\/td><td>x<\\/td><td><\\/td><td>x<\\/td><td><\\/td><td>x<\\/td><td>x<\\/td><td><\\/td><td>x<\\/td><\\/tr><tr><td>Part-time<\\/td><td>x<\\/td><td><\\/td><td><\\/td><td>x<\\/td><td>x<\\/td><td><\\/td><td>x<\\/td><td><\\/td><td>x<\\/td><\\/tr><tr><td>Part-time Senior Aides<\\/td><td>x<\\/td><td><\\/td><td><\\/td><td>x<\\/td><td><\\/td><td><\\/td><td>x<\\/td><td><\\/td><td><\\/td><\\/tr><\\/tbody><\\/table>\\r\\n\\r\\n\\r\\n\\r\\n\\r\\n\\r\\n<h3><br>What to Know<\\/h3>\\r\\n\\r\\n\\r\\n\\r\\n\\r\\n\\r\\n\\r\\n\\r\\n\\r\\n\\r\\n<ul><li>You are eligible to enroll on the date you are hired.<\\/li><li>Work with your department to enroll within 60 days.<p><br><\\/p>\\r\\n<ul><li>If you wait more than 60 days to enroll, you will face a penalty of a 90 day waiting period.<\\/li><\\/ul><\\/li><li>Your coverage starts on the first of the month after submission of your paperwork.<\\/li><li>You can change your plan during open enrollment during the fall.<\\/li><li>Any changes you make become effective in January of the following year.<\\/li><\\/ul>\\r\\n\\r\\n\\r\\n\\r\\n\\r\\n\\r\\n\\r\\n\\r\\n\\r\\n\\r\\n\\r\\n\\r\\n\\r\\n\\r\\n\\r\\n\\r\\n\\r\\n\\r\\n\\r\\n\\r\\n\\r\\n\\r\\n\\r\\n\\r\\n\\r\\n\\r\\n\\r\\n\\r\\n\\r\\n\\r\\n<h3>Medical Coverage<\\/h3>\\r\\n\\r\\n\\r\\n\\r\\n\\r\\n\\r\\n\\r\\n\\r\\n\\r\\n\\r\\n<p>You can choose a medical plan through CalPERS (California Public Employees Retirement Systems) Health Benefit Services.<br>The City pays the full monthly premium for some plans. For other plans, the employee pays premiums with after-tax dollars.<br>For more information on medical plans, visit the CalPERS website.<\\/p>\\r\\n\\r\\n\\r\\n\\r\\n\\r\\n\\r\\n<p><br><\\/p>\\r\\n\\r\\n\\r\\n\\r\\n\\r\\n\\r\\n<h2>Dental Plans<\\/h2>\\r\\n\\r\\n\\r\\n\\r\\n\\r\\n\\r\\n<p>All full time employees except fire and police can choose from two dental plans for themselves and their eligible dependents. The HMO dental plan includes no deductibles when visiting an authorized dentist. This plan is administered by DeltaCare.<br>The PPO plan covers a percentage of costs but gives members more flexibility. This plan is administered by Delta Dental. <br>Police and fire personnel have dental coverage through their respective unions.<\\/p>\\r\\n\\r\\n\\r\\n\\r\\n\\r\\n\\r\\n<h2>Vision Care<\\/h2>\\r\\n\\r\\n\\r\\n\\r\\n\\r\\n\\r\\n\\r\\n\\r\\n\\r\\n\\r\\n<p>All full time employees except fire and police have vision coverage for themselves and their eligible dependents. This plan is administered by Vision Service Plan.<br>Police and fire personnel do not have vision coverage.<\\/p>\\r\\n\\r\\n\\r\\n\\r\\n\\r\\n\\r\\n\\r\\n\\r\\n\\r\\n\\r\\n<h2>Dependents<\\/h2>\\r\\n\\r\\n\\r\\n\\r\\n\\r\\n\\r\\n\\r\\n\\r\\n\\r\\n\\r\\n<p>Your dependents may be eligible for the same health care coverage that you enroll in.<\\/p>\\r\\n\\r\\n<p>Eligible dependents include:<\\/p>\\r\\n\\r\\n\\r\\n\\r\\n<ul><li>Spouse<\\/li><li>Domestic partner<\\/li><li>Financially dependent children\\r\\n<ul><li>Medical benefits: Children under age 26<\\/li><\\/ul><ul><li>Dental and vision benefits: Children under age 18 or students age 19 - 25<\\/li><\\/ul><\\/li><\\/ul>\\r\\n\\r\\n\\r\\n\\r\\n\\r\\n\\r\\n\\r\\n\\r\\n\\r\\n\\r\\n\\r\\n\\r\\n\\r\\n\\r\\n\\r\\n\\r\\n\\r\\n\\r\\n\\r\\n\\r\\n\\r\\n\\r\\n\\r\\n\\r\\n\\r\\n\\r\\n<p>You need to provide documentation to add your dependents to your health plan.<\\/p>\\r\\n\\r\\n\\r\\n\\r\\n\\r\\n\\r\\n\\r\\n\\r\\n\\r\\n\\r\\n<ul><li>Marriage certificate<\\/li><li>Certificate of domestic partnership<\\/li><li>Birth certificate<\\/li><li>Legal adoption or guardianship papers<\\/li><li>Affidavit for financially dependent children<\\/li><li>Proof of full-time enrollment in school<\\/li><\\/ul>\\r\\n\\r\\n\\r\\n\\r\\n\\r\\n\\r\\n\\r\\n\\r\\n\\r\\n\\r\\n\\r\\n\\r\\n\\r\\n\\r\\n\\r\\n\\r\\n\\r\\n\\r\\n\\r\\n\\r\\n\\r\\n\\r\\n\\r\\n\\r\\n\\r\\n\\r\\n<h2>Continuing Your Benefits<\\/h2>\\r\\n\\r\\n\\r\\n\\r\\n\\r\\n\\r\\n\\r\\n\\r\\n\\r\\n\\r\\n<p>Under COBRA, an employee and enrolled dependents may pay to continue medical, dental or vision coverage for a limited period of time if city-paid coverage ceases for reasons recognized under the law.<br>The cost for COBRA coverage equals the same premium the City pays monthly plus a 2% administrative fee.<\\/p>\\r\\n\\r\\n\\r\\n\\r\\n\\r\\n\\r\\n<h2>Retirement<\\/h2>\\r\\n\\r\\n\\r\\n\\r\\n\\r\\n\\r\\n\\r\\n\\r\\n\\r\\n\\r\\n<p>All employees of the City of Oakland have retirement benefits through the Public Employees\' Retirement System (CalPERS).<br>What happens to my CalPERS benefits if I leave the City?<\\/p>\\r\\n\\r\\n\\r\\n\\r\\n\\r\\n\\r\\n\\r\\n\\r\\n\\r\\n\\r\\n<p>You may be able to take your retirement benefits with you. If you leave the City to work for another employer that also participates in CalPERS, your retirement benefit will continue. If your new employer does not participate in CalPERS, the funds may be rolled over into a qualified Individual Retirement Account (IRA). <br>Current and former City employees interested in learning more about their retirement benefits may contact CalPERS directly at (888)225-7377 or visit the CalPERS website at www.calpers.ca.gov. They may also contact the City of Oakland\'s Retirement Office at (510)238-6479, weekdays from 8:30am - 5:00pm.<\\/p>\\r\\n\\r\\n<h3>Deferred Compensation<\\/h3>\\r\\n\\r\\n\\r\\n\\r\\n\\r\\n\\r\\n\\r\\n\\r\\n\\r\\n\\r\\n<p>The Deferred Compensation Plan is a voluntary retirement plan. You can increase your retirement savings and reduce your tax burden by contributing to this 457(b) plan.<br>You can contribute as little as $10 per pay period. The maximum contribution allowed is defined by Federal regulations for the calendar year. You can choose from several investment options. The City does not contribute to nor match employee contributions to this plan.<\\/p>\\r\\n\\r\\n\\r\\n\\r\\n<h2>Life Insurance<\\/h2>\\r\\n\\r\\n\\r\\n\\r\\n\\r\\n\\r\\n\\r\\n\\r\\n\\r\\n\\r\\n<p>All full time employees including fire and police personnel have life insurance benefits. In the event of an employee\'s death, the beneficiary will receive an amount equal to the employee\'s current annual salary rounded up to the nearest $1,000. For example, if the annual salary is $35,500, the life insurance benefit would be $36,000.<br>If the death is the result of an accident, the beneficiary may receive an additional benefit equal to the life insurance amount.<br>The City pays the full premium cost for coverage. There is no employee contribution. Dependents are not eligible for this benefit.<\\/p>\\r\\n\\r\\n\\r\\n\\r\\n<h2><br>Disability<\\/h2>\\r\\n\\r\\n\\r\\n\\r\\n\\r\\n\\r\\n\\r\\n\\r\\n\\r\\n\\r\\n<p>Most part-time and full-time employees excluding police and fire personnel who experience a non-work-related illness or injury can apply for State Disability Insurance (SDI). This insurance is provided through the State of California\'s Employment Development Department.<br>Employees who do not qualify for SDI are covered by a third party administrator for both short- and long-term disability. Benefits begin after a seven-day period and are determined by several eligibility factors.<\\/p>\\r\\n\\r\\n\\r\\n\\r\\n<h2><br>Medical Waivers<\\/h2>\\r\\n\\r\\n\\r\\n\\r\\n\\r\\n\\r\\n\\r\\n\\r\\n\\r\\n\\r\\n<p>Upon proof of other medical coverage, employees may choose to waive or cancel medical benefits for themselves and eligible dependents and receive cash instead.<\\/p>\\r\\n\\r\\n\\r\\n\\r\\n<h2><br>Flexible Spending Accounts<\\/h2>\\r\\n\\r\\n\\r\\n\\r\\n\\r\\n\\r\\n\\r\\n\\r\\n\\r\\n\\r\\n<p>The City of Oakland offers three flexible spending programs: Medical Care Assistance Program (MCAP), Dependent Care Assistance Program (DCAP), Transit Program. <br>You contribute to these programs to pay for qualifying expenses with pre-tax dollars. This reduces the amount of tax dollars you pay. The IRS regulates these programs. Please visit the third party administrator website for specific information about the plans at http:\\/\\/www.cbadministrators.com.<br>The Medical Care Assistance Program (MCAP) allows an employee to pay for medical, dental and vision care expenses with pre-tax dollars up to $2,500 each year. Estimate your annual out-of-pocket medical costs to decide how much to contribute. The City will withhold contributions from your paycheck every two weeks.<br>The Dependent Care Assistance Program (DCAP) allows an employee to pay for dependent care expenses with pre-tax dollars up to $5000 per household. Only necessary dependent care that allows you, or both you and your spouse together, to work is eligible. Estimate your annual dependent-care costs to decide how much to contribute. The City will withhold contributions from your paycheck every two weeks.<br>After you pay for eligible expenses, submit a claim to the third party administrator for reimbursement.<br>The Transit Program allows an employee to pay for mass transit and parking with pre-tax dollars. Estimate your monthly transportation costs to decide how much to contribute. You may have to pay an administrative fee for the program.<\\/p>\\r\\n\\r\\n\\r\\n\\r\\n\\r\\n\\r\\n\\r\\n\\r\\n\\r\\n\\r\\n<p>The third party administrator will mail you a monthly voucher or transit card. You may use vouchers or transit cards at locations that accept tickets and passes. For more information, visit CBA, the third party administrator\'s website at http:\\/\\/www.cbadministrators.com.<\\/p>\",\"5\":\"\",\"3\":\"\",\"4\":\"Salary information, benefits and compensation for City employees\"}}', '2016-01-05 23:10:33', '2016-01-05 23:10:33', 'e1ad5c0d-9591-417d-b2bf-0dcfcf27e22d'),
 ('732', '192', '3', '1', 'en_us', '6', '', '{\"typeId\":\"3\",\"authorId\":\"1\",\"title\":\"Benefits & Perks\",\"slug\":\"pay-benefits\",\"postDate\":1450481160,\"expiryDate\":null,\"enabled\":1,\"parentId\":\"142\",\"fields\":{\"1\":\"<h2>Health Care Coverage<\\/h2>\\r\\n\\r\\n<p>All employees are eligible for health care coverage for themselves and their eligible dependents. These plans may include health insurance (medical coverage), dental care, and vision care.<\\/p>\\r\\n\\r\\n\\r\\n\\r\\n<h2>Summary of Benefits<\\/h2>\\r\\n\\r\\n\\r\\n\\r\\n\\r\\n\\r\\n<div class=\\\"table-wrap\\\">\\r\\n<table><thead><tr><th><\\/th><th>Health<\\/th><th>Dental<\\/th><th>Vision Care<\\/th><th>Worker\'s&nbsp;Comp<\\/th><th>Disability Insurance<\\/th><th>Life Insurance<\\/th><th>Retirement<\\/th><th>Professional Development<\\/th><th>Unemployment Insurance<\\/th><\\/tr><\\/thead><tbody><tr><td>Full-time employee (Not include fire and police)<\\/td><td>x<\\/td><td>x<\\/td><td>x<\\/td><td>x<\\/td><td>x<\\/td><td>x<\\/td><td>x<\\/td><td>x<\\/td><td>x<\\/td><\\/tr><tr><td>Fire and&nbsp;Police (full-time)<\\/td><td>x<\\/td><td>x<\\/td><td><\\/td><td>x<\\/td><td><\\/td><td>x<\\/td><td>x<\\/td><td><\\/td><td>x<\\/td><\\/tr><tr><td>Part-time<\\/td><td>x<\\/td><td><\\/td><td><\\/td><td>x<\\/td><td>x<\\/td><td><\\/td><td>x<\\/td><td><\\/td><td>x<\\/td><\\/tr><tr><td>Part-time Senior Aides<\\/td><td>x<\\/td><td><\\/td><td><\\/td><td>x<\\/td><td><\\/td><td><\\/td><td>x<\\/td><td><\\/td><td><\\/td><\\/tr><\\/tbody><\\/table>\\r\\n<\\/div>\\r\\n\\r\\n\\r\\n\\r\\n\\r\\n\\r\\n<h3><br>What to Know<\\/h3>\\r\\n\\r\\n\\r\\n\\r\\n\\r\\n\\r\\n\\r\\n\\r\\n\\r\\n\\r\\n<ul><li>You are eligible to enroll on the date you are hired.<\\/li><li>Work with your department to enroll within 60 days.<p><br><\\/p>\\r\\n<ul><li>If you wait more than 60 days to enroll, you will face a penalty of a 90 day waiting period.<\\/li><\\/ul><\\/li><li>Your coverage starts on the first of the month after submission of your paperwork.<\\/li><li>You can change your plan during open enrollment during the fall.<\\/li><li>Any changes you make become effective in January of the following year.<\\/li><\\/ul>\\r\\n\\r\\n\\r\\n\\r\\n\\r\\n\\r\\n\\r\\n\\r\\n\\r\\n\\r\\n\\r\\n\\r\\n\\r\\n\\r\\n\\r\\n\\r\\n\\r\\n\\r\\n\\r\\n\\r\\n<h3>Medical Coverage<\\/h3>\\r\\n\\r\\n\\r\\n\\r\\n\\r\\n\\r\\n\\r\\n\\r\\n\\r\\n\\r\\n<p>You can choose a medical plan through CalPERS (California Public Employees Retirement Systems) Health Benefit Services.<br>The City pays the full monthly premium for some plans. For other plans, the employee pays premiums with after-tax dollars.<br>For more information on medical plans, visit the CalPERS website.<\\/p>\\r\\n\\r\\n\\r\\n\\r\\n\\r\\n\\r\\n\\r\\n\\r\\n<p><br><\\/p>\\r\\n\\r\\n\\r\\n\\r\\n\\r\\n\\r\\n\\r\\n\\r\\n<h2>Dental Plans<\\/h2>\\r\\n\\r\\n\\r\\n\\r\\n\\r\\n\\r\\n\\r\\n\\r\\n<p>All full time employees except fire and police can choose from two dental plans for themselves and their eligible dependents. The HMO dental plan includes no deductibles when visiting an authorized dentist. This plan is administered by DeltaCare.<br>The PPO plan covers a percentage of costs but gives members more flexibility. This plan is administered by Delta Dental. <br>Police and fire personnel have dental coverage through their respective unions.<\\/p>\\r\\n\\r\\n\\r\\n\\r\\n\\r\\n\\r\\n\\r\\n\\r\\n<h2>Vision Care<\\/h2>\\r\\n\\r\\n\\r\\n\\r\\n\\r\\n\\r\\n\\r\\n\\r\\n\\r\\n\\r\\n<p>All full time employees except fire and police have vision coverage for themselves and their eligible dependents. This plan is administered by Vision Service Plan.<br>Police and fire personnel do not have vision coverage.<\\/p>\\r\\n\\r\\n\\r\\n\\r\\n\\r\\n\\r\\n\\r\\n\\r\\n\\r\\n\\r\\n<h2>Dependents<\\/h2>\\r\\n\\r\\n\\r\\n\\r\\n\\r\\n\\r\\n\\r\\n\\r\\n\\r\\n\\r\\n<p>Your dependents may be eligible for the same health care coverage that you enroll in.<\\/p>\\r\\n\\r\\n\\r\\n\\r\\n\\r\\n\\r\\n<p>Eligible dependents include:<\\/p>\\r\\n\\r\\n\\r\\n\\r\\n\\r\\n\\r\\n<ul><li>Spouse<\\/li><li>Domestic partner<\\/li><li>Financially dependent children\\r\\n<ul><li>Medical benefits: Children under age 26<\\/li><\\/ul><ul><li>Dental and vision benefits: Children under age 18 or students age 19 - 25<\\/li><\\/ul><\\/li><\\/ul>\\r\\n\\r\\n\\r\\n\\r\\n\\r\\n\\r\\n\\r\\n\\r\\n\\r\\n\\r\\n\\r\\n\\r\\n\\r\\n\\r\\n\\r\\n\\r\\n\\r\\n\\r\\n<p>You need to provide documentation to add your dependents to your health plan.<\\/p>\\r\\n\\r\\n\\r\\n\\r\\n\\r\\n\\r\\n\\r\\n\\r\\n\\r\\n\\r\\n<ul><li>Marriage certificate<\\/li><li>Certificate of domestic partnership<\\/li><li>Birth certificate<\\/li><li>Legal adoption or guardianship papers<\\/li><li>Affidavit for financially dependent children<\\/li><li>Proof of full-time enrollment in school<\\/li><\\/ul>\\r\\n\\r\\n\\r\\n\\r\\n\\r\\n\\r\\n\\r\\n\\r\\n\\r\\n\\r\\n\\r\\n\\r\\n\\r\\n\\r\\n\\r\\n\\r\\n\\r\\n\\r\\n<h2>Continuing Your Benefits<\\/h2>\\r\\n\\r\\n\\r\\n\\r\\n\\r\\n\\r\\n\\r\\n\\r\\n\\r\\n\\r\\n<p>Under COBRA, an employee and enrolled dependents may pay to continue medical, dental or vision coverage for a limited period of time if city-paid coverage ceases for reasons recognized under the law.<br>The cost for COBRA coverage equals the same premium the City pays monthly plus a 2% administrative fee.<\\/p>\\r\\n\\r\\n\\r\\n\\r\\n\\r\\n\\r\\n\\r\\n\\r\\n<h2>Retirement<\\/h2>\\r\\n\\r\\n\\r\\n\\r\\n\\r\\n\\r\\n\\r\\n\\r\\n\\r\\n\\r\\n<p>All employees of the City of Oakland have retirement benefits through the Public Employees\' Retirement System (CalPERS).<br>What happens to my CalPERS benefits if I leave the City?<\\/p>\\r\\n\\r\\n\\r\\n\\r\\n\\r\\n\\r\\n\\r\\n\\r\\n\\r\\n\\r\\n<p>You may be able to take your retirement benefits with you. If you leave the City to work for another employer that also participates in CalPERS, your retirement benefit will continue. If your new employer does not participate in CalPERS, the funds may be rolled over into a qualified Individual Retirement Account (IRA). <br>Current and former City employees interested in learning more about their retirement benefits may contact CalPERS directly at (888)225-7377 or visit the CalPERS website at www.calpers.ca.gov. They may also contact the City of Oakland\'s Retirement Office at (510)238-6479, weekdays from 8:30am - 5:00pm.<\\/p>\\r\\n\\r\\n\\r\\n\\r\\n\\r\\n\\r\\n<h3>Deferred Compensation<\\/h3>\\r\\n\\r\\n\\r\\n\\r\\n\\r\\n\\r\\n\\r\\n\\r\\n\\r\\n\\r\\n<p>The Deferred Compensation Plan is a voluntary retirement plan. You can increase your retirement savings and reduce your tax burden by contributing to this 457(b) plan.<br>You can contribute as little as $10 per pay period. The maximum contribution allowed is defined by Federal regulations for the calendar year. You can choose from several investment options. The City does not contribute to nor match employee contributions to this plan.<\\/p>\\r\\n\\r\\n\\r\\n\\r\\n\\r\\n\\r\\n<h2>Life Insurance<\\/h2>\\r\\n\\r\\n\\r\\n\\r\\n\\r\\n\\r\\n\\r\\n\\r\\n\\r\\n\\r\\n<p>All full time employees including fire and police personnel have life insurance benefits. In the event of an employee\'s death, the beneficiary will receive an amount equal to the employee\'s current annual salary rounded up to the nearest $1,000. For example, if the annual salary is $35,500, the life insurance benefit would be $36,000.<br>If the death is the result of an accident, the beneficiary may receive an additional benefit equal to the life insurance amount.<br>The City pays the full premium cost for coverage. There is no employee contribution. Dependents are not eligible for this benefit.<\\/p>\\r\\n\\r\\n\\r\\n\\r\\n\\r\\n\\r\\n<h2><br>Disability<\\/h2>\\r\\n\\r\\n\\r\\n\\r\\n\\r\\n\\r\\n\\r\\n\\r\\n\\r\\n\\r\\n<p>Most part-time and full-time employees excluding police and fire personnel who experience a non-work-related illness or injury can apply for State Disability Insurance (SDI). This insurance is provided through the State of California\'s Employment Development Department.<br>Employees who do not qualify for SDI are covered by a third party administrator for both short- and long-term disability. Benefits begin after a seven-day period and are determined by several eligibility factors.<\\/p>\\r\\n\\r\\n\\r\\n\\r\\n\\r\\n\\r\\n<h2><br>Medical Waivers<\\/h2>\\r\\n\\r\\n\\r\\n\\r\\n\\r\\n\\r\\n\\r\\n\\r\\n\\r\\n\\r\\n<p>Upon proof of other medical coverage, employees may choose to waive or cancel medical benefits for themselves and eligible dependents and receive cash instead.<\\/p>\\r\\n\\r\\n\\r\\n\\r\\n\\r\\n\\r\\n<h2><br>Flexible Spending Accounts<\\/h2>\\r\\n\\r\\n\\r\\n\\r\\n\\r\\n\\r\\n\\r\\n\\r\\n\\r\\n\\r\\n<p>The City of Oakland offers three flexible spending programs: Medical Care Assistance Program (MCAP), Dependent Care Assistance Program (DCAP), Transit Program. <br>You contribute to these programs to pay for qualifying expenses with pre-tax dollars. This reduces the amount of tax dollars you pay. The IRS regulates these programs. Please visit the third party administrator website for specific information about the plans at http:\\/\\/www.cbadministrators.com.<br>The Medical Care Assistance Program (MCAP) allows an employee to pay for medical, dental and vision care expenses with pre-tax dollars up to $2,500 each year. Estimate your annual out-of-pocket medical costs to decide how much to contribute. The City will withhold contributions from your paycheck every two weeks.<br>The Dependent Care Assistance Program (DCAP) allows an employee to pay for dependent care expenses with pre-tax dollars up to $5000 per household. Only necessary dependent care that allows you, or both you and your spouse together, to work is eligible. Estimate your annual dependent-care costs to decide how much to contribute. The City will withhold contributions from your paycheck every two weeks.<br>After you pay for eligible expenses, submit a claim to the third party administrator for reimbursement.<br>The Transit Program allows an employee to pay for mass transit and parking with pre-tax dollars. Estimate your monthly transportation costs to decide how much to contribute. You may have to pay an administrative fee for the program.<\\/p>\\r\\n\\r\\n\\r\\n\\r\\n\\r\\n\\r\\n\\r\\n\\r\\n\\r\\n\\r\\n<p>The third party administrator will mail you a monthly voucher or transit card. You may use vouchers or transit cards at locations that accept tickets and passes. For more information, visit CBA, the third party administrator\'s website at http:\\/\\/www.cbadministrators.com.<\\/p>\",\"5\":\"\",\"3\":\"\",\"4\":\"Salary information, benefits and compensation for City employees\"}}', '2016-01-05 23:32:03', '2016-01-05 23:32:03', 'b834e63f-c702-4b09-86cf-6af706330d0d');




DROP TABLE IF EXISTS `craft_fieldgroups`;


--
-- Schema for table `craft_fieldgroups`
--
CREATE TABLE `craft_fieldgroups` (
  `id` int(11) NOT NULL AUTO_INCREMENT,
  `name` varchar(255) COLLATE utf8_unicode_ci NOT NULL,
  `dateCreated` datetime NOT NULL,
  `dateUpdated` datetime NOT NULL,
  `uid` char(36) COLLATE utf8_unicode_ci NOT NULL DEFAULT '0',
  PRIMARY KEY (`id`),
  UNIQUE KEY `craft_fieldgroups_name_unq_idx` (`name`)
) ENGINE=InnoDB AUTO_INCREMENT=6 DEFAULT CHARSET=utf8 COLLATE=utf8_unicode_ci;

--
-- Data for table `craft_fieldgroups`
--

INSERT INTO `craft_fieldgroups` (`id`, `name`, `dateCreated`, `dateUpdated`, `uid`) VALUES
 ('1', 'Default', '2015-12-04 00:22:46', '2015-12-04 00:22:46', '19eef413-b2f2-4adf-a071-7bf7674a6c4e'),
 ('2', 'Article', '2015-12-04 20:17:51', '2015-12-04 20:28:05', '91c03d27-30bd-4436-8793-1c33eaccd11b'),
 ('3', 'Overview', '2015-12-04 20:27:46', '2015-12-04 20:27:55', '27188eb4-3ddb-4087-bd44-0a7e336d0479'),
 ('4', 'News', '2015-12-10 19:37:15', '2015-12-10 19:37:15', 'e52761ec-7257-41da-817d-ef5db7922d56'),
 ('5', 'Departments', '2015-12-10 19:40:51', '2015-12-10 19:40:51', '3d0842bb-0af7-453e-b29c-1bb55cb396a6');




DROP TABLE IF EXISTS `craft_fieldlayoutfields`;


--
-- Schema for table `craft_fieldlayoutfields`
--
CREATE TABLE `craft_fieldlayoutfields` (
  `id` int(11) NOT NULL AUTO_INCREMENT,
  `layoutId` int(11) NOT NULL,
  `tabId` int(11) NOT NULL,
  `fieldId` int(11) NOT NULL,
  `required` tinyint(1) unsigned NOT NULL DEFAULT '0',
  `sortOrder` tinyint(4) DEFAULT NULL,
  `dateCreated` datetime NOT NULL,
  `dateUpdated` datetime NOT NULL,
  `uid` char(36) COLLATE utf8_unicode_ci NOT NULL DEFAULT '0',
  PRIMARY KEY (`id`),
  UNIQUE KEY `craft_fieldlayoutfields_layoutId_fieldId_unq_idx` (`layoutId`,`fieldId`),
  KEY `craft_fieldlayoutfields_sortOrder_idx` (`sortOrder`),
  KEY `craft_fieldlayoutfields_tabId_fk` (`tabId`),
  KEY `craft_fieldlayoutfields_fieldId_fk` (`fieldId`)
) ENGINE=InnoDB AUTO_INCREMENT=143 DEFAULT CHARSET=utf8 COLLATE=utf8_unicode_ci;

--
-- Data for table `craft_fieldlayoutfields`
--

INSERT INTO `craft_fieldlayoutfields` (`id`, `layoutId`, `tabId`, `fieldId`, `required`, `sortOrder`, `dateCreated`, `dateUpdated`, `uid`) VALUES
 ('27', '16', '11', '4', '0', '1', '2015-12-04 21:33:02', '2015-12-04 21:33:02', 'c2d66a95-dea3-45dc-a186-3d847a51ecb1'),
 ('32', '21', '16', '6', '0', '1', '2015-12-04 23:34:48', '2015-12-04 23:34:48', 'a9854b50-5a1e-4d70-b976-0127f6af2059'),
 ('33', '22', '17', '7', '0', '1', '2015-12-04 23:34:48', '2015-12-04 23:34:48', 'a74234a1-3d26-48a5-9332-24bec533e311'),
 ('37', '25', '19', '9', '0', '1', '2015-12-10 19:47:56', '2015-12-10 19:47:56', '6f493265-8622-4726-8e84-4251f5556578'),
 ('38', '25', '19', '10', '0', '2', '2015-12-10 19:47:56', '2015-12-10 19:47:56', 'd1067923-fc6c-498b-b74d-b31a1a75cca6'),
 ('39', '25', '19', '12', '0', '3', '2015-12-10 19:47:56', '2015-12-10 19:47:56', 'fc968275-effa-4077-afe3-bc2549a7596f'),
 ('40', '25', '19', '13', '0', '4', '2015-12-10 19:47:56', '2015-12-10 19:47:56', 'd9ac3604-daaf-4821-ad61-4fb7a8b88aff'),
 ('41', '25', '19', '11', '0', '5', '2015-12-10 19:47:56', '2015-12-10 19:47:56', 'e31efa43-956c-4ba4-8d0e-7bb19fca263b'),
 ('48', '28', '22', '8', '0', '1', '2015-12-10 22:56:47', '2015-12-10 22:56:47', '9cead67a-f27a-49ed-a0f7-9aaa5074577a'),
 ('49', '28', '22', '14', '0', '2', '2015-12-10 22:56:47', '2015-12-10 22:56:47', '23557231-8b03-4a1f-86fb-d93a7acf5114'),
 ('50', '28', '22', '1', '1', '3', '2015-12-10 22:56:47', '2015-12-10 22:56:47', '27c71761-3a33-45ac-aa83-238137e4d695'),
 ('51', '28', '22', '2', '0', '4', '2015-12-10 22:56:47', '2015-12-10 22:56:47', 'e870526f-d455-4830-9688-959006396691'),
 ('52', '28', '22', '9', '0', '5', '2015-12-10 22:56:47', '2015-12-10 22:56:47', '5d1e4ff9-5f15-44ec-9ef3-717f30f889e8'),
 ('56', '34', '25', '15', '0', '1', '2015-12-11 01:03:13', '2015-12-11 01:03:13', '3e37f032-0169-4cbc-b0ac-30c332484c96'),
 ('57', '34', '25', '1', '1', '2', '2015-12-11 01:03:13', '2015-12-11 01:03:13', '9e4a0003-ab7a-4292-881c-c09b5723bdaa'),
 ('58', '34', '25', '16', '0', '3', '2015-12-11 01:03:13', '2015-12-11 01:03:13', '5b88c30e-fe82-4ea1-9ff6-a0b6bd36bd20'),
 ('112', '112', '42', '4', '0', '1', '2015-12-18 22:23:57', '2015-12-18 22:23:57', 'bb6d84c9-ad97-4b49-b5f1-c68dba104842'),
 ('122', '112', '42', '3', '0', '2', '2015-12-18 22:23:57', '2015-12-18 22:23:57', 'e4e041b6-8ce9-4534-b949-b4eea1951e0a'),
 ('132', '112', '42', '5', '0', '3', '2015-12-18 22:23:57', '2015-12-18 22:23:57', '25f89fe1-97e6-4107-a9fe-9bd02fb9eb77'),
 ('142', '112', '42', '1', '1', '4', '2015-12-18 22:23:57', '2015-12-18 22:23:57', 'b2f5478b-cb41-4467-99d5-51560dca2a11');




DROP TABLE IF EXISTS `craft_fieldlayouts`;


--
-- Schema for table `craft_fieldlayouts`
--
CREATE TABLE `craft_fieldlayouts` (
  `id` int(11) NOT NULL AUTO_INCREMENT,
  `type` varchar(150) COLLATE utf8_unicode_ci NOT NULL,
  `dateCreated` datetime NOT NULL,
  `dateUpdated` datetime NOT NULL,
  `uid` char(36) COLLATE utf8_unicode_ci NOT NULL DEFAULT '0',
  PRIMARY KEY (`id`),
  KEY `craft_fieldlayouts_type_idx` (`type`)
) ENGINE=InnoDB AUTO_INCREMENT=132 DEFAULT CHARSET=utf8 COLLATE=utf8_unicode_ci;

--
-- Data for table `craft_fieldlayouts`
--

INSERT INTO `craft_fieldlayouts` (`id`, `type`, `dateCreated`, `dateUpdated`, `uid`) VALUES
 ('1', 'Tag', '2015-12-04 00:22:46', '2015-12-04 00:22:46', '9ccf3911-e343-4f5a-9c23-a5b6a5d22b19'),
 ('16', 'Entry', '2015-12-04 21:33:02', '2015-12-04 21:33:02', 'd48e54a2-3e79-48e1-ad20-f7560d6a731d'),
 ('21', 'MatrixBlock', '2015-12-04 23:34:48', '2015-12-04 23:34:48', '897cb38d-033c-42a1-80c2-071f07cc61a3'),
 ('22', 'MatrixBlock', '2015-12-04 23:34:48', '2015-12-04 23:34:48', '5b324c76-90f5-4f59-95ab-edef55c129b4'),
 ('25', 'Entry', '2015-12-10 19:47:56', '2015-12-10 19:47:56', 'aa076c0f-ea45-4072-8c52-c1120f48c600'),
 ('28', 'Entry', '2015-12-10 22:56:47', '2015-12-10 22:56:47', '55f28d0d-bde8-4fe2-bed5-c14dff081a39'),
 ('34', 'Entry', '2015-12-11 01:03:13', '2015-12-11 01:03:13', '3239e32e-502d-46f1-8053-a910d50e790c'),
 ('72', 'Asset', '2015-12-11 23:43:43', '2015-12-11 23:43:43', 'db2b16ea-25cb-4a18-8a2f-09e936b72dff'),
 ('82', 'Asset', '2015-12-11 23:43:49', '2015-12-11 23:43:49', '122b19ae-f665-4265-85d0-85ac907b7d88'),
 ('102', 'Entry', '2015-12-17 20:36:22', '2015-12-17 20:36:22', '1d893d93-6b89-44b7-9008-72576892f179'),
 ('112', 'Entry', '2015-12-18 22:23:57', '2015-12-18 22:23:57', '0cd0c6fc-8503-48ec-8580-31f380366724'),
 ('122', 'Entry', '2016-01-04 23:32:12', '2016-01-04 23:32:12', '020926a8-2d2f-45eb-849e-ac3088b6d642');




DROP TABLE IF EXISTS `craft_fieldlayouttabs`;


--
-- Schema for table `craft_fieldlayouttabs`
--
CREATE TABLE `craft_fieldlayouttabs` (
  `id` int(11) NOT NULL AUTO_INCREMENT,
  `layoutId` int(11) NOT NULL,
  `name` varchar(255) COLLATE utf8_unicode_ci NOT NULL,
  `sortOrder` tinyint(4) DEFAULT NULL,
  `dateCreated` datetime NOT NULL,
  `dateUpdated` datetime NOT NULL,
  `uid` char(36) COLLATE utf8_unicode_ci NOT NULL DEFAULT '0',
  PRIMARY KEY (`id`),
  KEY `craft_fieldlayouttabs_sortOrder_idx` (`sortOrder`),
  KEY `craft_fieldlayouttabs_layoutId_fk` (`layoutId`)
) ENGINE=InnoDB AUTO_INCREMENT=43 DEFAULT CHARSET=utf8 COLLATE=utf8_unicode_ci;

--
-- Data for table `craft_fieldlayouttabs`
--

INSERT INTO `craft_fieldlayouttabs` (`id`, `layoutId`, `name`, `sortOrder`, `dateCreated`, `dateUpdated`, `uid`) VALUES
 ('11', '16', 'Content', '1', '2015-12-04 21:33:02', '2015-12-04 21:33:02', 'f145ce21-0b74-4b9a-801d-337956fa1549'),
 ('16', '21', 'Content', '1', '2015-12-04 23:34:48', '2015-12-04 23:34:48', '9dc7fb11-2fdd-44fa-a38c-ef16e750db59'),
 ('17', '22', 'Content', '1', '2015-12-04 23:34:48', '2015-12-04 23:34:48', '1c0e0b20-97e6-4e4b-99fb-336c032e57d6'),
 ('19', '25', 'Content', '1', '2015-12-10 19:47:56', '2015-12-10 19:47:56', 'e00681d5-7f4e-4f65-b063-7e43e87e335c'),
 ('22', '28', 'Content', '1', '2015-12-10 22:56:47', '2015-12-10 22:56:47', '8eba324f-038b-45ef-9a1a-e05e565c38a0'),
 ('25', '34', 'Content', '1', '2015-12-11 01:03:13', '2015-12-11 01:03:13', 'a896bd0c-ee77-42ee-86f6-5804790f6988'),
 ('42', '112', 'Article Content', '1', '2015-12-18 22:23:57', '2015-12-18 22:23:57', 'd5958c53-efb7-4a8e-9656-7b5b82878cd5');




DROP TABLE IF EXISTS `craft_fields`;


--
-- Schema for table `craft_fields`
--
CREATE TABLE `craft_fields` (
  `id` int(11) NOT NULL AUTO_INCREMENT,
  `groupId` int(11) DEFAULT NULL,
  `name` varchar(255) COLLATE utf8_unicode_ci NOT NULL,
  `handle` varchar(58) COLLATE utf8_unicode_ci NOT NULL,
  `context` varchar(255) COLLATE utf8_unicode_ci NOT NULL DEFAULT 'global',
  `instructions` text COLLATE utf8_unicode_ci,
  `translatable` tinyint(1) unsigned NOT NULL DEFAULT '0',
  `type` varchar(150) COLLATE utf8_unicode_ci NOT NULL,
  `settings` text COLLATE utf8_unicode_ci,
  `dateCreated` datetime NOT NULL,
  `dateUpdated` datetime NOT NULL,
  `uid` char(36) COLLATE utf8_unicode_ci NOT NULL DEFAULT '0',
  PRIMARY KEY (`id`),
  UNIQUE KEY `craft_fields_handle_context_unq_idx` (`handle`,`context`),
  KEY `craft_fields_context_idx` (`context`),
  KEY `craft_fields_groupId_fk` (`groupId`)
) ENGINE=InnoDB AUTO_INCREMENT=43 DEFAULT CHARSET=utf8 COLLATE=utf8_unicode_ci;

--
-- Data for table `craft_fields`
--

INSERT INTO `craft_fields` (`id`, `groupId`, `name`, `handle`, `context`, `instructions`, `translatable`, `type`, `settings`, `dateCreated`, `dateUpdated`, `uid`) VALUES
 ('1', '1', 'Body', 'body', 'global', '', '0', 'RichText', '{\"configFile\":\"Standard.json\",\"cleanupHtml\":\"1\",\"purifyHtml\":\"\",\"columnType\":\"text\"}', '2015-12-04 00:22:46', '2015-12-05 00:32:30', 'c051155c-fcc4-4245-bf28-3ae870a4948e'),
 ('2', '1', 'Tags', 'tags', 'global', NULL, '0', 'Tags', '{\"source\":\"taggroup:1\"}', '2015-12-04 00:22:46', '2015-12-04 00:22:46', 'dfb83312-76e0-426f-a654-fb66d18fb31e'),
 ('3', '2', 'Call to Action Title', 'CTATitle', 'global', '', '0', 'PlainText', '{\"placeholder\":\"Call to Action\",\"maxLength\":\"\",\"multiline\":\"\",\"initialRows\":\"4\"}', '2015-12-04 20:11:47', '2015-12-18 22:06:02', '2a11eb1a-ccc6-48cc-ad54-83aa9de0fe4e'),
 ('4', '2', 'Lead In', 'leadIn', 'global', 'This field should come at the beginning and should be used to describe the purpose of the page.', '0', 'PlainText', '{\"placeholder\":\"This page provides information on how to pay a parking ticket in the City of Oakland.\",\"maxLength\":\"\",\"multiline\":\"\",\"initialRows\":\"4\"}', '2015-12-04 20:14:11', '2015-12-04 20:28:16', '88f564bb-7273-4370-afa5-d147c24d9683'),
 ('5', '2', 'Call to Action Link', 'CTALink', 'global', '', '0', 'PlainText', '{\"placeholder\":\"\",\"maxLength\":\"\",\"multiline\":\"\",\"initialRows\":\"4\"}', '2015-12-04 20:18:23', '2015-12-04 22:52:27', '8cceac35-89ca-40dd-97e9-24273a23e2fd'),
 ('6', NULL, 'Text', 'text', 'matrixBlockType:1', '', '0', 'RichText', '{\"configFile\":\"\",\"cleanupHtml\":\"1\",\"purifyHtml\":\"\",\"columnType\":\"text\"}', '2015-12-04 23:21:46', '2015-12-04 23:34:48', '9fb5b418-485d-46e6-91cb-aaf7b6b03f89'),
 ('7', NULL, 'Table', 'table', 'matrixBlockType:2', '', '0', 'TableMaker', '{\"columnsLabel\":\"\",\"columnsInstructions\":\"\",\"columnsAddRowLabel\":\"\",\"rowsLabel\":\"\",\"rowsInstructions\":\"\",\"rowsAddRowLabel\":\"\"}', '2015-12-04 23:21:46', '2015-12-04 23:34:48', 'e17d12b6-c210-4e58-a45d-989a2fe4ccd8'),
 ('8', '4', 'Post Date', 'postDate', 'global', 'Date this article should be posted.', '0', 'Date', '{\"minuteIncrement\":\"30\",\"showDate\":1,\"showTime\":0}', '2015-12-10 19:37:47', '2015-12-10 19:37:47', '6982ab28-a5d0-4403-ab08-3b8d50288e89'),
 ('9', '1', 'Summary', 'summary', 'global', 'Provide a one sentence summary at for the department header', '0', 'PlainText', '{\"placeholder\":\"\",\"maxLength\":\"\",\"multiline\":\"\",\"initialRows\":\"4\"}', '2015-12-10 19:41:36', '2015-12-10 22:57:45', '97abb103-c320-44e8-99df-2ff3d714c122'),
 ('10', '5', 'About', 'about', 'global', 'Provide a longer description about the purpose of the department', '0', 'PlainText', '{\"placeholder\":\"\",\"maxLength\":\"\",\"multiline\":\"1\",\"initialRows\":\"4\"}', '2015-12-10 19:42:12', '2015-12-10 19:42:12', '57368ac2-231d-41dc-89ee-1692ed1523f7'),
 ('11', '5', 'Related Services', 'relatedServices', 'global', 'Pick the related services that should show up on this department\'s page', '0', 'Entries', '{\"sources\":[\"section:3\"],\"limit\":\"\",\"selectionLabel\":\"Select the city services that this department contirbutes to\"}', '2015-12-10 19:43:35', '2015-12-10 19:43:35', '721ba131-d9e7-4974-9fa9-067201adfa60'),
 ('12', '5', 'Department Head', 'departmentHead', 'global', 'Name on the first line, title on the second line', '0', 'RichText', '{\"configFile\":\"Simple.json\",\"cleanupHtml\":\"1\",\"purifyHtml\":\"\",\"columnType\":\"text\"}', '2015-12-10 19:45:52', '2015-12-10 19:46:25', '26668ad7-b9a1-49a6-8b90-6d4bae660de2'),
 ('13', '5', 'DepartmentStaff', 'departmentstaff', 'global', 'Additional team members you want to call out on the department page. Please limit to 5.', '0', 'RichText', '{\"configFile\":\"Simple.json\",\"cleanupHtml\":\"1\",\"purifyHtml\":\"\",\"columnType\":\"text\"}', '2015-12-10 19:47:19', '2015-12-10 19:47:19', '425da1e7-effb-4015-a37d-0ae404267d6f'),
 ('14', '4', 'Related Department', 'relatedDepartment', 'global', 'What department does this entry belong to?', '0', 'Entries', '{\"sources\":[\"section:4\"],\"limit\":\"1\",\"selectionLabel\":\"\"}', '2015-12-10 22:49:56', '2015-12-10 22:59:58', 'e2088ae9-0478-4e0c-9363-ed6c1fcf2009'),
 ('15', '2', 'welcome', 'welcome', 'global', 'Welcome message', '0', 'PlainText', '{\"placeholder\":\"\",\"maxLength\":\"180\",\"multiline\":\"\",\"initialRows\":\"4\"}', '2015-12-10 23:58:54', '2015-12-10 23:58:54', '8772df4c-8035-4a53-9652-20a7f584658c'),
 ('16', '1', 'Hero', 'hero', 'global', 'Image for the Homepage Background', '0', 'Assets', '{\"useSingleFolder\":\"1\",\"sources\":\"*\",\"defaultUploadLocationSource\":\"1\",\"defaultUploadLocationSubpath\":\"\",\"singleUploadLocationSource\":\"2\",\"singleUploadLocationSubpath\":\"\",\"restrictFiles\":\"1\",\"allowedKinds\":[\"image\"],\"limit\":\"1\",\"viewMode\":\"large\",\"selectionLabel\":\"Pick a hero image\"}', '2015-12-11 01:02:58', '2015-12-16 00:38:38', 'f9ed4d4f-2946-4cc4-9682-b9cd981753cf'),
 ('22', '2', 'Article Author', 'articleAuthor', 'global', '', '0', 'PlainText', '{\"placeholder\":\"\",\"maxLength\":\"\",\"multiline\":\"\",\"initialRows\":\"4\"}', '2015-12-14 22:05:19', '2015-12-14 22:05:19', '6e4d4ee9-2989-47aa-a938-29ad09147446'),
 ('32', '2', 'Pinned', 'pinned', 'global', 'Specify whether this article should be pinned to the top.', '0', 'Checkboxes', '{\"options\":[{\"label\":\"Pinned\",\"value\":\"pinned\",\"default\":\"\"}]}', '2015-12-16 22:04:55', '2015-12-16 22:04:55', '932df5b8-d08c-4765-8678-50ab39395b2b'),
 ('42', '2', 'Additional Resource', 'additionalResource', 'global', 'Check this box if this is additional or supplemental information that doesn\'t have an action associated with it.', '0', 'Checkboxes', '{\"options\":[{\"label\":\"Additional Resource\",\"value\":\"True\",\"default\":\"\"}]}', '2015-12-18 23:30:32', '2015-12-18 23:30:32', 'fda7aff2-1643-4699-94c5-524277e9d11e');




DROP TABLE IF EXISTS `craft_globalsets`;


--
-- Schema for table `craft_globalsets`
--
CREATE TABLE `craft_globalsets` (
  `id` int(11) NOT NULL,
  `name` varchar(255) COLLATE utf8_unicode_ci NOT NULL,
  `handle` varchar(255) COLLATE utf8_unicode_ci NOT NULL,
  `fieldLayoutId` int(10) DEFAULT NULL,
  `dateCreated` datetime NOT NULL,
  `dateUpdated` datetime NOT NULL,
  `uid` char(36) COLLATE utf8_unicode_ci NOT NULL DEFAULT '0',
  PRIMARY KEY (`id`),
  UNIQUE KEY `craft_globalsets_name_unq_idx` (`name`),
  UNIQUE KEY `craft_globalsets_handle_unq_idx` (`handle`),
  KEY `craft_globalsets_fieldLayoutId_fk` (`fieldLayoutId`)
) ENGINE=InnoDB DEFAULT CHARSET=utf8 COLLATE=utf8_unicode_ci;

DROP TABLE IF EXISTS `craft_info`;


--
-- Schema for table `craft_info`
--
CREATE TABLE `craft_info` (
  `id` int(11) NOT NULL AUTO_INCREMENT,
  `version` varchar(15) COLLATE utf8_unicode_ci NOT NULL,
  `build` int(11) unsigned NOT NULL,
  `schemaVersion` varchar(15) COLLATE utf8_unicode_ci NOT NULL,
  `releaseDate` datetime NOT NULL,
  `edition` tinyint(1) unsigned NOT NULL DEFAULT '0',
  `siteName` varchar(100) COLLATE utf8_unicode_ci NOT NULL,
  `siteUrl` varchar(255) COLLATE utf8_unicode_ci NOT NULL,
  `timezone` varchar(30) COLLATE utf8_unicode_ci DEFAULT NULL,
  `on` tinyint(1) unsigned NOT NULL DEFAULT '0',
  `maintenance` tinyint(1) unsigned NOT NULL DEFAULT '0',
  `track` varchar(40) COLLATE utf8_unicode_ci NOT NULL,
  `dateCreated` datetime NOT NULL,
  `dateUpdated` datetime NOT NULL,
  `uid` char(36) COLLATE utf8_unicode_ci NOT NULL DEFAULT '0',
  PRIMARY KEY (`id`)
) ENGINE=InnoDB AUTO_INCREMENT=2 DEFAULT CHARSET=utf8 COLLATE=utf8_unicode_ci;

--
-- Data for table `craft_info`
--

INSERT INTO `craft_info` (`id`, `version`, `build`, `schemaVersion`, `releaseDate`, `edition`, `siteName`, `siteUrl`, `timezone`, `on`, `maintenance`, `track`, `dateCreated`, `dateUpdated`, `uid`) VALUES
 ('1', '2.5', '2754', '2.5.11', '2015-12-08 20:56:45', '2', 'City of Oakland', 'http://localhost:8888/oakland-beta/public', 'UTC', '1', '1', 'stable', '2015-12-04 00:22:41', '2016-01-06 19:39:05', '26339760-ca76-4034-81c3-1fa154e30347');




DROP TABLE IF EXISTS `craft_locales`;


--
-- Schema for table `craft_locales`
--
CREATE TABLE `craft_locales` (
  `locale` char(12) COLLATE utf8_unicode_ci NOT NULL,
  `sortOrder` tinyint(4) DEFAULT NULL,
  `dateCreated` datetime NOT NULL,
  `dateUpdated` datetime NOT NULL,
  `uid` char(36) COLLATE utf8_unicode_ci NOT NULL DEFAULT '0',
  PRIMARY KEY (`locale`),
  KEY `craft_locales_sortOrder_idx` (`sortOrder`)
) ENGINE=InnoDB DEFAULT CHARSET=utf8 COLLATE=utf8_unicode_ci;

--
-- Data for table `craft_locales`
--

INSERT INTO `craft_locales` (`locale`, `sortOrder`, `dateCreated`, `dateUpdated`, `uid`) VALUES
 ('en_us', '1', '2015-12-04 00:22:41', '2015-12-04 00:22:41', '325fe542-7e19-4931-a527-91db77988707');




DROP TABLE IF EXISTS `craft_matrixblocks`;


--
-- Schema for table `craft_matrixblocks`
--
CREATE TABLE `craft_matrixblocks` (
  `id` int(11) NOT NULL,
  `ownerId` int(11) NOT NULL,
  `fieldId` int(11) NOT NULL,
  `typeId` int(11) DEFAULT NULL,
  `sortOrder` tinyint(4) DEFAULT NULL,
  `ownerLocale` char(12) COLLATE utf8_unicode_ci DEFAULT NULL,
  `dateCreated` datetime NOT NULL,
  `dateUpdated` datetime NOT NULL,
  `uid` char(36) COLLATE utf8_unicode_ci NOT NULL DEFAULT '0',
  PRIMARY KEY (`id`),
  KEY `craft_matrixblocks_ownerId_idx` (`ownerId`),
  KEY `craft_matrixblocks_fieldId_idx` (`fieldId`),
  KEY `craft_matrixblocks_typeId_idx` (`typeId`),
  KEY `craft_matrixblocks_sortOrder_idx` (`sortOrder`),
  KEY `craft_matrixblocks_ownerLocale_fk` (`ownerLocale`)
) ENGINE=InnoDB DEFAULT CHARSET=utf8 COLLATE=utf8_unicode_ci;

--
-- Data for table `craft_matrixblocks`
--

INSERT INTO `craft_matrixblocks` (`id`, `ownerId`, `fieldId`, `typeId`, `sortOrder`, `ownerLocale`, `dateCreated`, `dateUpdated`, `uid`) VALUES
 ('7', '6', '1', '1', '1', NULL, '2015-12-04 23:22:29', '2015-12-04 23:48:13', '8089960d-700f-4524-a84d-ad93d1de61f8'),
 ('8', '6', '1', '2', '2', NULL, '2015-12-04 23:22:29', '2015-12-04 23:48:13', 'aa9c583d-a580-493f-8f5e-30e522852208'),
 ('9', '6', '1', '1', '3', NULL, '2015-12-04 23:37:15', '2015-12-04 23:48:13', '9326d974-6d1f-4d1b-8d9d-7afcfeb45bb2'),
 ('10', '6', '1', '2', '4', NULL, '2015-12-04 23:37:15', '2015-12-04 23:48:13', 'f909e301-3158-426d-be21-50db2d960bed');




DROP TABLE IF EXISTS `craft_matrixblocktypes`;


--
-- Schema for table `craft_matrixblocktypes`
--
CREATE TABLE `craft_matrixblocktypes` (
  `id` int(11) NOT NULL AUTO_INCREMENT,
  `fieldId` int(11) NOT NULL,
  `fieldLayoutId` int(11) DEFAULT NULL,
  `name` varchar(255) COLLATE utf8_unicode_ci NOT NULL,
  `handle` varchar(255) COLLATE utf8_unicode_ci NOT NULL,
  `sortOrder` tinyint(4) DEFAULT NULL,
  `dateCreated` datetime NOT NULL,
  `dateUpdated` datetime NOT NULL,
  `uid` char(36) COLLATE utf8_unicode_ci NOT NULL DEFAULT '0',
  PRIMARY KEY (`id`),
  UNIQUE KEY `craft_matrixblocktypes_name_fieldId_unq_idx` (`name`,`fieldId`),
  UNIQUE KEY `craft_matrixblocktypes_handle_fieldId_unq_idx` (`handle`,`fieldId`),
  KEY `craft_matrixblocktypes_fieldId_fk` (`fieldId`),
  KEY `craft_matrixblocktypes_fieldLayoutId_fk` (`fieldLayoutId`)
) ENGINE=InnoDB AUTO_INCREMENT=3 DEFAULT CHARSET=utf8 COLLATE=utf8_unicode_ci;

--
-- Data for table `craft_matrixblocktypes`
--

INSERT INTO `craft_matrixblocktypes` (`id`, `fieldId`, `fieldLayoutId`, `name`, `handle`, `sortOrder`, `dateCreated`, `dateUpdated`, `uid`) VALUES
 ('1', '1', '21', 'Text', 'text', '1', '2015-12-04 23:21:46', '2015-12-04 23:34:48', '79b8eeda-8fb6-4d18-b924-53dce4fd6fa5'),
 ('2', '1', '22', 'Table', 'table', '2', '2015-12-04 23:21:46', '2015-12-04 23:34:48', '065443e4-f912-4b74-a37c-3125fbebc678');




DROP TABLE IF EXISTS `craft_matrixcontent_body`;


--
-- Schema for table `craft_matrixcontent_body`
--
CREATE TABLE `craft_matrixcontent_body` (
  `id` int(11) NOT NULL AUTO_INCREMENT,
  `elementId` int(11) NOT NULL,
  `locale` char(12) COLLATE utf8_unicode_ci NOT NULL,
  `field_text_text` text COLLATE utf8_unicode_ci,
  `field_table_table` text COLLATE utf8_unicode_ci,
  `dateCreated` datetime NOT NULL,
  `dateUpdated` datetime NOT NULL,
  `uid` char(36) COLLATE utf8_unicode_ci NOT NULL DEFAULT '0',
  PRIMARY KEY (`id`),
  UNIQUE KEY `craft_matrixcontent_body_elementId_locale_unq_idx` (`elementId`,`locale`),
  KEY `craft_matrixcontent_body_locale_fk` (`locale`)
) ENGINE=InnoDB AUTO_INCREMENT=5 DEFAULT CHARSET=utf8 COLLATE=utf8_unicode_ci;

--
-- Data for table `craft_matrixcontent_body`
--

INSERT INTO `craft_matrixcontent_body` (`id`, `elementId`, `locale`, `field_text_text`, `field_table_table`, `dateCreated`, `dateUpdated`, `uid`) VALUES
 ('1', '7', 'en_us', '<h2>What You Need to Know</h2>\r\n\r\n<ul><li>You can pay online using Visa, MasterCard, Discover or American Express</li><li>You have 21 days after the date the ticket was written to make a payment.</li></ul>\r\n\r\n\r\n\r\n\r\n\r\n\r\n\r\n\r\n\r\n\r\n\r\n\r\n\r\n\r\n\r\n<h2>Ways to Pay</h2>\r\n\r\n\r\n\r\n\r\n\r\n\r\n\r\n\r\n\r\n\r\n\r\n\r\n\r\n\r\n\r\n\r\n\r\n\r\n\r\n\r\n\r\n<h3>In Person</h3>\r\n\r\n\r\n\r\n\r\n\r\n\r\n\r\n\r\n\r\n\r\n\r\n\r\n\r\n\r\n\r\n\r\n\r\n\r\n\r\n\r\n\r\n<p>You can pay your ticket at the Parking Citation Assistance Center</p>', NULL, '2015-12-04 23:22:29', '2015-12-04 23:48:13', '78fbaeab-070d-4365-b3ca-fd022191afbe'),
 ('2', '8', 'en_us', NULL, '{\"columns\":[{\"heading\":\"Location\",\"width\":\"\",\"align\":\"left\"},{\"heading\":\"Hours\",\"width\":\"\",\"align\":\"left\"}],\"rows\":[[\"Parking Citation Assistance Center 250 Frank H. Ogawa Plaza, Suite 6300 Oakland, CA 94612 Phone: (800) 500-6484\",\"Mondays, Tuesdays, Thursdays and Fridays from 9 a.m. to 4:30 p.m. Wednesdays from 9:30 a.m. to 4:30 p.m.\"]]}', '2015-12-04 23:22:29', '2015-12-04 23:48:13', '35b7e695-9ed8-415c-b74e-d12767471a63'),
 ('3', '9', 'en_us', '\r\n\r\n<h4>Additional locations:</h4>\r\n\r\n\r\n\r\n<p>Parking ticket payment kiosks at 250 Frank H. Ogawa Plaza, Monday through Friday from 8:30 a.m. to 5 p.m.<br>Eastmont Police Substation, 2651 73rd Avenue, Monday through Saturday from 8:00 a.m. to 4 p.m.</p>\r\n\r\n\r\n\r\n\r\n\r\n\r\n\r\n\r\n\r\n\r\n\r\n\r\n\r\n<h3><br>By Mail</h3>\r\n\r\n\r\n\r\n\r\n\r\n\r\n\r\n\r\n\r\n\r\n\r\n\r\n\r\n\r\n\r\n<p>Mail your parking ticket and the full payment to:</p>\r\n\r\n\r\n\r\n\r\n\r\n\r\n\r\n\r\n\r\n\r\n\r\n<p>Parking Citation Assistance Center<br>250 Frank H. Ogawa Plaza, Suite 6300<br>Oakland, CA 94612</p>\r\n\r\n\r\n\r\n\r\n\r\n\r\n\r\n\r\n\r\n\r\n\r\n\r\n\r\n\r\n\r\n<h3><br>By Phone</h3>', NULL, '2015-12-04 23:37:15', '2015-12-04 23:48:13', '1696d13d-45d2-406e-a587-1a67394c86e9'),
 ('4', '10', 'en_us', NULL, '{\"columns\":[{\"heading\":\"Location\",\"width\":\"\",\"align\":\"left\"},{\"heading\":\"Methods of Payment\",\"width\":\"\",\"align\":\"left\"}],\"rows\":[[\"Parking Citation Assistance Center Phone: (800) 500-6484\",\"Credit cards: Visa, Mastercard, Discover or American Express\"]]}', '2015-12-04 23:37:15', '2015-12-04 23:48:13', 'e3fe91c5-b594-43e0-bf44-a9afe6376321');




DROP TABLE IF EXISTS `craft_migrations`;


--
-- Schema for table `craft_migrations`
--
CREATE TABLE `craft_migrations` (
  `id` int(11) NOT NULL AUTO_INCREMENT,
  `pluginId` int(11) DEFAULT NULL,
  `version` varchar(255) COLLATE utf8_unicode_ci NOT NULL,
  `applyTime` datetime NOT NULL,
  `dateCreated` datetime NOT NULL,
  `dateUpdated` datetime NOT NULL,
  `uid` char(36) COLLATE utf8_unicode_ci NOT NULL DEFAULT '0',
  PRIMARY KEY (`id`),
  UNIQUE KEY `craft_migrations_version_unq_idx` (`version`),
  KEY `craft_migrations_pluginId_fk` (`pluginId`)
) ENGINE=InnoDB AUTO_INCREMENT=27 DEFAULT CHARSET=utf8 COLLATE=utf8_unicode_ci;

--
-- Data for table `craft_migrations`
--

INSERT INTO `craft_migrations` (`id`, `pluginId`, `version`, `applyTime`, `dateCreated`, `dateUpdated`, `uid`) VALUES
 ('1', NULL, 'm000000_000000_base', '2015-12-04 00:22:41', '2015-12-04 00:22:41', '2015-12-04 00:22:41', '80997690-065f-41a3-b50b-5df6ce235a5f'),
 ('2', NULL, 'm140730_000001_add_filename_and_format_to_transformindex', '2015-12-04 00:22:41', '2015-12-04 00:22:41', '2015-12-04 00:22:41', '524313a9-e924-4c9c-bbdd-dda56ac57478'),
 ('3', NULL, 'm140815_000001_add_format_to_transforms', '2015-12-04 00:22:41', '2015-12-04 00:22:41', '2015-12-04 00:22:41', 'bfdbd636-5b8d-4e4f-a404-c32cbcc835d5'),
 ('4', NULL, 'm140822_000001_allow_more_than_128_items_per_field', '2015-12-04 00:22:41', '2015-12-04 00:22:41', '2015-12-04 00:22:41', 'e299e0d4-07c6-422f-b81d-5ea11381432c'),
 ('5', NULL, 'm140829_000001_single_title_formats', '2015-12-04 00:22:41', '2015-12-04 00:22:41', '2015-12-04 00:22:41', '2547315b-4183-43f1-9923-94c8fdc238af'),
 ('6', NULL, 'm140831_000001_extended_cache_keys', '2015-12-04 00:22:41', '2015-12-04 00:22:41', '2015-12-04 00:22:41', '6ae131c5-d19f-4219-af2a-9b95f9bf30e5'),
 ('7', NULL, 'm140922_000001_delete_orphaned_matrix_blocks', '2015-12-04 00:22:41', '2015-12-04 00:22:41', '2015-12-04 00:22:41', '30cbe2df-722c-4fd5-a433-a0125058c03f'),
 ('8', NULL, 'm141008_000001_elements_index_tune', '2015-12-04 00:22:41', '2015-12-04 00:22:41', '2015-12-04 00:22:41', '9049119f-c47d-439c-97a7-b1bde5ca610b'),
 ('9', NULL, 'm141009_000001_assets_source_handle', '2015-12-04 00:22:41', '2015-12-04 00:22:41', '2015-12-04 00:22:41', 'b989531a-721c-439b-8c22-8ba7ba0f0c58'),
 ('10', NULL, 'm141024_000001_field_layout_tabs', '2015-12-04 00:22:41', '2015-12-04 00:22:41', '2015-12-04 00:22:41', '557e85c3-8b56-41fe-8be8-ba2544687439'),
 ('11', NULL, 'm141030_000000_plugin_schema_versions', '2015-12-04 00:22:41', '2015-12-04 00:22:41', '2015-12-04 00:22:41', 'a218c349-b679-40e6-a301-e1f3c506ddfd'),
 ('12', NULL, 'm141030_000001_drop_structure_move_permission', '2015-12-04 00:22:41', '2015-12-04 00:22:41', '2015-12-04 00:22:41', '22a01aa4-98be-4408-976c-31a96f4b9b25'),
 ('13', NULL, 'm141103_000001_tag_titles', '2015-12-04 00:22:41', '2015-12-04 00:22:41', '2015-12-04 00:22:41', '5b5d5dca-157a-49f2-befd-007f2b167582'),
 ('14', NULL, 'm141109_000001_user_status_shuffle', '2015-12-04 00:22:41', '2015-12-04 00:22:41', '2015-12-04 00:22:41', '2f3dd146-6323-4911-9916-dee567d9deeb'),
 ('15', NULL, 'm141126_000001_user_week_start_day', '2015-12-04 00:22:41', '2015-12-04 00:22:41', '2015-12-04 00:22:41', '841e758a-a3ee-436e-adfb-077806fe7d45'),
 ('16', NULL, 'm150210_000001_adjust_user_photo_size', '2015-12-04 00:22:41', '2015-12-04 00:22:41', '2015-12-04 00:22:41', '2090fb38-1ebf-4403-aa65-7a3ecd170de5'),
 ('17', NULL, 'm150724_000001_adjust_quality_settings', '2015-12-04 00:22:41', '2015-12-04 00:22:41', '2015-12-04 00:22:41', 'b6d71d4c-f670-4295-a35a-eac7ba451df9'),
 ('18', NULL, 'm150827_000000_element_index_settings', '2015-12-04 00:22:41', '2015-12-04 00:22:41', '2015-12-04 00:22:41', '44a9e4bd-507c-4252-b5fe-05bb08560585'),
 ('19', NULL, 'm150918_000001_add_colspan_to_widgets', '2015-12-04 00:22:41', '2015-12-04 00:22:41', '2015-12-04 00:22:41', 'be09a844-585c-4651-af4d-4c8ff6b7266e'),
 ('20', NULL, 'm151007_000000_clear_asset_caches', '2015-12-04 00:22:41', '2015-12-04 00:22:41', '2015-12-04 00:22:41', '83195618-e7d6-455b-9335-93aa81c0f12b'),
 ('21', NULL, 'm151109_000000_text_url_formats', '2015-12-04 00:22:41', '2015-12-04 00:22:41', '2015-12-04 00:22:41', '17f74a87-d5f1-4bcd-9ce1-a181bfe7f033'),
 ('22', NULL, 'm151110_000000_move_logo', '2015-12-04 00:22:41', '2015-12-04 00:22:41', '2015-12-04 00:22:41', 'ed96e78d-0d72-4c44-a8e8-6a71c4f1a211'),
 ('23', NULL, 'm151117_000000_adjust_image_widthheight', '2015-12-04 00:22:41', '2015-12-04 00:22:41', '2015-12-04 00:22:41', 'c602c85d-0283-40c0-994d-604723779284'),
 ('24', NULL, 'm151127_000000_clear_license_key_status', '2015-12-04 00:22:41', '2015-12-04 00:22:41', '2015-12-04 00:22:41', '169ce2e0-eeff-4668-9dc2-83917536f663'),
 ('25', NULL, 'm151127_000000_plugin_license_keys', '2015-12-04 00:22:41', '2015-12-04 00:22:41', '2015-12-04 00:22:41', 'ee24b66b-5581-403e-91e9-14b0742736bd'),
 ('26', NULL, 'm151130_000000_update_pt_widget_feeds', '2015-12-04 00:22:41', '2015-12-04 00:22:41', '2015-12-04 00:22:41', 'f81c4fda-32b5-4b6d-8edc-2d4af5d7e61a');




DROP TABLE IF EXISTS `craft_plugins`;


--
-- Schema for table `craft_plugins`
--
CREATE TABLE `craft_plugins` (
  `id` int(11) NOT NULL AUTO_INCREMENT,
  `class` varchar(150) COLLATE utf8_unicode_ci NOT NULL,
  `version` varchar(15) COLLATE utf8_unicode_ci NOT NULL,
  `schemaVersion` varchar(15) COLLATE utf8_unicode_ci DEFAULT NULL,
  `licenseKey` char(24) COLLATE utf8_unicode_ci DEFAULT NULL,
  `licenseKeyStatus` enum('valid','invalid','mismatched','unknown') COLLATE utf8_unicode_ci NOT NULL DEFAULT 'unknown',
  `enabled` tinyint(1) unsigned NOT NULL DEFAULT '0',
  `settings` text COLLATE utf8_unicode_ci,
  `installDate` datetime NOT NULL,
  `dateCreated` datetime NOT NULL,
  `dateUpdated` datetime NOT NULL,
  `uid` char(36) COLLATE utf8_unicode_ci NOT NULL DEFAULT '0',
  PRIMARY KEY (`id`)
) ENGINE=InnoDB AUTO_INCREMENT=2 DEFAULT CHARSET=utf8 COLLATE=utf8_unicode_ci;

--
-- Data for table `craft_plugins`
--

INSERT INTO `craft_plugins` (`id`, `class`, `version`, `schemaVersion`, `licenseKey`, `licenseKeyStatus`, `enabled`, `settings`, `installDate`, `dateCreated`, `dateUpdated`, `uid`) VALUES
 ('1', 'TableMaker', '1.0', NULL, NULL, 'unknown', '1', NULL, '2015-12-04 23:34:31', '2015-12-04 23:34:31', '2016-01-06 19:38:56', 'aeed37f7-98a1-4f9c-8b97-87da49098350');




DROP TABLE IF EXISTS `craft_rackspaceaccess`;


--
-- Schema for table `craft_rackspaceaccess`
--
CREATE TABLE `craft_rackspaceaccess` (
  `id` int(11) NOT NULL AUTO_INCREMENT,
  `connectionKey` varchar(255) COLLATE utf8_unicode_ci NOT NULL,
  `token` varchar(255) COLLATE utf8_unicode_ci NOT NULL,
  `storageUrl` varchar(255) COLLATE utf8_unicode_ci NOT NULL,
  `cdnUrl` varchar(255) COLLATE utf8_unicode_ci NOT NULL,
  `dateCreated` datetime NOT NULL,
  `dateUpdated` datetime NOT NULL,
  `uid` char(36) COLLATE utf8_unicode_ci NOT NULL DEFAULT '0',
  PRIMARY KEY (`id`),
  UNIQUE KEY `craft_rackspaceaccess_connectionKey_unq_idx` (`connectionKey`)
) ENGINE=InnoDB DEFAULT CHARSET=utf8 COLLATE=utf8_unicode_ci;

DROP TABLE IF EXISTS `craft_relations`;


--
-- Schema for table `craft_relations`
--
CREATE TABLE `craft_relations` (
  `id` int(11) NOT NULL AUTO_INCREMENT,
  `fieldId` int(11) NOT NULL,
  `sourceId` int(11) NOT NULL,
  `sourceLocale` char(12) COLLATE utf8_unicode_ci DEFAULT NULL,
  `targetId` int(11) NOT NULL,
  `sortOrder` smallint(6) DEFAULT NULL,
  `dateCreated` datetime NOT NULL,
  `dateUpdated` datetime NOT NULL,
  `uid` char(36) COLLATE utf8_unicode_ci NOT NULL DEFAULT '0',
  PRIMARY KEY (`id`),
  UNIQUE KEY `craft_relations_fieldId_sourceId_sourceLocale_targetId_unq_idx` (`fieldId`,`sourceId`,`sourceLocale`,`targetId`),
  KEY `craft_relations_sourceId_fk` (`sourceId`),
  KEY `craft_relations_sourceLocale_fk` (`sourceLocale`),
  KEY `craft_relations_targetId_fk` (`targetId`)
) ENGINE=InnoDB AUTO_INCREMENT=23 DEFAULT CHARSET=utf8 COLLATE=utf8_unicode_ci;

--
-- Data for table `craft_relations`
--

INSERT INTO `craft_relations` (`id`, `fieldId`, `sourceId`, `sourceLocale`, `targetId`, `sortOrder`, `dateCreated`, `dateUpdated`, `uid`) VALUES
 ('3', '11', '13', NULL, '5', '1', '2015-12-10 19:54:47', '2015-12-10 19:54:47', '66217906-3fc9-4f1e-aed5-8acb35947aea'),
 ('6', '14', '11', NULL, '13', '1', '2015-12-10 22:58:01', '2015-12-10 22:58:01', '7a2de3b7-0191-42a9-8e6d-f6bf2a3c88df'),
 ('7', '14', '12', NULL, '13', '1', '2015-12-10 22:58:16', '2015-12-10 22:58:16', 'a9dc68aa-c3c9-418b-b17c-f8ca187768e7'),
 ('22', '16', '2', NULL, '32', '1', '2015-12-19 01:10:16', '2015-12-19 01:10:16', '68dcd183-e85e-4f8d-aadb-ca70d35f877e');




DROP TABLE IF EXISTS `craft_routes`;


--
-- Schema for table `craft_routes`
--
CREATE TABLE `craft_routes` (
  `id` int(11) NOT NULL AUTO_INCREMENT,
  `locale` char(12) COLLATE utf8_unicode_ci DEFAULT NULL,
  `urlParts` varchar(255) COLLATE utf8_unicode_ci NOT NULL,
  `urlPattern` varchar(255) COLLATE utf8_unicode_ci NOT NULL,
  `template` varchar(255) COLLATE utf8_unicode_ci NOT NULL,
  `sortOrder` tinyint(4) DEFAULT NULL,
  `dateCreated` datetime NOT NULL,
  `dateUpdated` datetime NOT NULL,
  `uid` char(36) COLLATE utf8_unicode_ci NOT NULL DEFAULT '0',
  PRIMARY KEY (`id`),
  UNIQUE KEY `craft_routes_urlPattern_unq_idx` (`urlPattern`),
  KEY `craft_routes_locale_idx` (`locale`)
) ENGINE=InnoDB DEFAULT CHARSET=utf8 COLLATE=utf8_unicode_ci;

DROP TABLE IF EXISTS `craft_searchindex`;


--
-- Schema for table `craft_searchindex`
--
CREATE TABLE `craft_searchindex` (
  `elementId` int(11) NOT NULL,
  `attribute` varchar(25) COLLATE utf8_unicode_ci NOT NULL,
  `fieldId` int(11) NOT NULL,
  `locale` char(12) COLLATE utf8_unicode_ci NOT NULL,
  `keywords` text COLLATE utf8_unicode_ci NOT NULL,
  PRIMARY KEY (`elementId`,`attribute`,`fieldId`,`locale`),
  FULLTEXT KEY `craft_searchindex_keywords_idx` (`keywords`)
) ENGINE=MyISAM DEFAULT CHARSET=utf8 COLLATE=utf8_unicode_ci;

--
-- Data for table `craft_searchindex`
--

INSERT INTO `craft_searchindex` (`elementId`, `attribute`, `fieldId`, `locale`, `keywords`) VALUES
 ('1', 'username', '0', 'en_us', ' norrishung '),
 ('1', 'firstname', '0', 'en_us', ''),
 ('1', 'lastname', '0', 'en_us', ''),
 ('1', 'fullname', '0', 'en_us', ''),
 ('1', 'email', '0', 'en_us', ' norris codeforamerica org '),
 ('1', 'slug', '0', 'en_us', ''),
 ('2', 'slug', '0', 'en_us', ' homepage '),
 ('2', 'title', '0', 'en_us', ' home '),
 ('2', 'field', '1', 'en_us', ' the best place to find official services and information from the city of oakland '),
 ('11', 'field', '14', 'en_us', ' public works '),
 ('12', 'field', '14', 'en_us', ' public works '),
 ('11', 'field', '9', 'en_us', ' as part of the shop oakland grown for the holidays campaign the city of oakland will offer free parking every saturday until new year s day plus plaid friday november 27 the free parking applies to on street meters both individual meters and multi space kiosks four city owned parking lots and four city owned parking garages posted time limits at meters still apply '),
 ('6', 'title', '0', 'en_us', ' pay a parking ticket '),
 ('6', 'field', '4', 'en_us', ''),
 ('6', 'field', '3', 'en_us', ' pay your ticket online '),
 ('6', 'field', '1', 'en_us', ' you have 21 days after the date the ticket was written to make a payment pay by phone parking citation assistance centerphone 800 500 6484please have your credit card on hand visa mastercard discover or american express pay by mail or in person parking citation assistance center250 frank h ogawa plaza suite 6300 oakland ca 94612mondays tuesdays thursdays and fridays from 9 a m to 4 30 p m wednesdays from 9 30 a m to 4 30 p m additional in person locations parking ticket payment kiosks250 frank h ogawa plazamonday through friday from 8 30 a m to 5 p m eastmont police substation2651 73rd avenuemonday through saturday from 8 00 a m to 4 p m pay by mail mail your parking ticket and the full payment to parking citation assistance center250 frank h ogawa plaza suite 6300oakland ca 94612 refund request form if you feel you are due a refund for overpayment for a parking ticket associated with your license plate please complete and return a refund request form click here to download the refund request form provide proof of payment as detailed on the form please allow four to six weeks for processing completed forms and proof of payment can be submitted by mail in person or by fax mail in person parking citation assistance center250 frank h ogawa plaza suite 6300 oakland ca 94612mondays tuesdays thursdays and fridays from 9 a m to 4 30 p m wednesdays from 9 30 a m to 4 30 p m additional references costs of common parking violationscomplete roster of parking violation fines from the omc and california vehicle codeoakland municipal code about parking violationscalifornia vehicle code '),
 ('6', 'slug', '0', 'en_us', ' pay a parking ticket '),
 ('5', 'title', '0', 'en_us', ' parking '),
 ('5', 'slug', '0', 'en_us', ' parking '),
 ('7', 'field', '6', 'en_us', ' what you need to know you can pay online using visa mastercard discover or american expressyou have 21 days after the date the ticket was written to make a payment ways to pay in person you can pay your ticket at the parking citation assistance center '),
 ('7', 'slug', '0', 'en_us', ''),
 ('8', 'field', '7', 'en_us', ' location left hours left parking citation assistance center 250 frank h ogawa plaza suite 6300 oakland ca 94612 phone 800 500 6484 mondays tuesdays thursdays and fridays from 9 a m to 4 30 p m wednesdays from 9 30 a m to 4 30 p m locationhours parking citation assistance center 250 frank h ogawa plaza suite 6300 oakland ca 94612 phone 800 500 6484mondays tuesdays thursdays and fridays from 9 a m to 4 30 p m wednesdays from 9 30 a m to 4 30 p m '),
 ('8', 'slug', '0', 'en_us', ''),
 ('6', 'field', '5', 'en_us', ' https prodpci etimspayments com pbw include oakland input jsp '),
 ('5', 'field', '4', 'en_us', ' including parking permits and paying parking citations '),
 ('11', 'field', '1', 'en_us', ' as part of the shop oakland grown for the holidays campaign the city of oakland will offer free parking every saturday until new year s day plus plaid friday november 27 the free parking applies to on street meters both individual meters and multi space kiosks four city owned parking lots and four city owned parking garages posted time limits at meters still apply '),
 ('9', 'field', '6', 'en_us', ' additional locations parking ticket payment kiosks at 250 frank h ogawa plaza monday through friday from 8 30 a m to 5 p m eastmont police substation 2651 73rd avenue monday through saturday from 8 00 a m to 4 p m by mail mail your parking ticket and the full payment to parking citation assistance center250 frank h ogawa plaza suite 6300oakland ca 94612 by phone '),
 ('9', 'slug', '0', 'en_us', ''),
 ('10', 'field', '7', 'en_us', ' location left methods of payment left parking citation assistance center phone 800 500 6484 credit cards visa mastercard discover or american express locationmethods of payment parking citation assistance center phone 800 500 6484credit cards visa mastercard discover or american express '),
 ('10', 'slug', '0', 'en_us', ''),
 ('11', 'field', '2', 'en_us', ''),
 ('11', 'slug', '0', 'en_us', ' free parking on plaid friday saturdays until new years '),
 ('11', 'title', '0', 'en_us', ' free parking on plaid friday saturdays until new year s '),
 ('12', 'field', '1', 'en_us', ' oakland s measure ff a voter enacted ballot measure passed in november 2014 provides annual increases to oakland s minimum wage based on the local consumer price index cpi effective january 1 2016 the rate rises 30 from $12 25 to $12 55 the law requires that employers inform employees of the increase by december 15 2015 '),
 ('12', 'field', '2', 'en_us', ''),
 ('12', 'slug', '0', 'en_us', ' oaklands minimum wage goes up january 1 deadline for noticing requirement is december 15 '),
 ('12', 'title', '0', 'en_us', ' oakland s minimum wage goes up january 1 deadline for noticing requirement is december 15 '),
 ('11', 'field', '8', 'en_us', ' 2015 12 09 '),
 ('12', 'field', '8', 'en_us', ' 2015 12 09 '),
 ('13', 'field', '9', 'en_us', ' service to the public is our sole reason for existence '),
 ('13', 'field', '10', 'en_us', ' service to the public is our sole reason for existence oakland public works plans builds and maintains oakland s physical and environmental infrastructure for the residents businesses and visitors of the city making it a sustainable and desirable place to live work invest and visit '),
 ('13', 'field', '12', 'en_us', ' brooke a levindirector of oakland public works '),
 ('13', 'field', '13', 'en_us', ''),
 ('13', 'field', '11', 'en_us', ' parking '),
 ('13', 'slug', '0', 'en_us', ' public works '),
 ('13', 'title', '0', 'en_us', ' public works '),
 ('12', 'field', '9', 'en_us', ' oakland s measure ff a voter enacted ballot measure passed in november 2014 provides annual increases to oakland s minimum wage based on the local consumer price index cpi effective january 1 2016 the rate rises 30 from $12 25 to $12 55 the law requires that employers inform employees of the increase by december 15 2015 '),
 ('15', 'field', '9', 'en_us', ''),
 ('15', 'field', '10', 'en_us', ''),
 ('15', 'field', '12', 'en_us', ''),
 ('15', 'field', '13', 'en_us', ''),
 ('15', 'field', '11', 'en_us', ''),
 ('15', 'slug', '0', 'en_us', ' planning and zoning '),
 ('15', 'title', '0', 'en_us', ' planning and zoning '),
 ('16', 'field', '9', 'en_us', ''),
 ('16', 'field', '10', 'en_us', ''),
 ('16', 'field', '12', 'en_us', ''),
 ('16', 'field', '13', 'en_us', ''),
 ('16', 'field', '11', 'en_us', ''),
 ('16', 'slug', '0', 'en_us', ' human resources '),
 ('16', 'title', '0', 'en_us', ' human resources '),
 ('17', 'field', '9', 'en_us', ''),
 ('17', 'field', '10', 'en_us', ''),
 ('17', 'field', '12', 'en_us', ''),
 ('17', 'field', '13', 'en_us', ''),
 ('17', 'field', '11', 'en_us', ''),
 ('17', 'slug', '0', 'en_us', ' police department '),
 ('17', 'title', '0', 'en_us', ' police department '),
 ('18', 'field', '9', 'en_us', ''),
 ('18', 'field', '10', 'en_us', ''),
 ('18', 'field', '12', 'en_us', ''),
 ('18', 'field', '13', 'en_us', ''),
 ('18', 'field', '11', 'en_us', ''),
 ('18', 'slug', '0', 'en_us', ' housing '),
 ('18', 'title', '0', 'en_us', ' housing '),
 ('19', 'field', '9', 'en_us', ''),
 ('19', 'field', '10', 'en_us', ''),
 ('19', 'field', '12', 'en_us', ' mayor libby schaafoakland city councilshe is an american public works association leadership fellow with more than 30 years of public and private sector experience including the past 22 years with the city of oakland '),
 ('19', 'field', '13', 'en_us', ''),
 ('19', 'field', '11', 'en_us', ''),
 ('19', 'slug', '0', 'en_us', ' mayors office '),
 ('19', 'title', '0', 'en_us', ' mayor s office '),
 ('2', 'field', '15', 'en_us', ' welcome to oakland california '),
 ('192', 'field', '5', 'en_us', ''),
 ('192', 'field', '3', 'en_us', ''),
 ('6', 'field', '32', 'en_us', ' pinned '),
 ('2', 'field', '16', 'en_us', ' oakland sculpture '),
 ('32', 'filename', '0', 'en_us', ' oakland_sculpture jpg '),
 ('32', 'extension', '0', 'en_us', ' jpg '),
 ('32', 'kind', '0', 'en_us', ' image '),
 ('32', 'slug', '0', 'en_us', ' oakland sculpture '),
 ('32', 'title', '0', 'en_us', ' oakland sculpture '),
 ('52', 'field', '4', 'en_us', ' apply for residential disabled or other temporary permits '),
 ('52', 'slug', '0', 'en_us', ' apply for parking permits '),
 ('52', 'title', '0', 'en_us', ' apply for parking permits '),
 ('62', 'field', '4', 'en_us', ''),
 ('62', 'field', '3', 'en_us', ''),
 ('62', 'field', '5', 'en_us', ''),
 ('62', 'field', '1', 'en_us', ' disabled parking zone blue zone program a blue zone provides on street parking for people with disabilities the blue zone has a painted blue curb with a posted sign residents and businesses can request blue zones from the disabled parking zone program the city does not install blue zones for paratransit drop off and pick up download the application form to request a blue zone residential blue zone application formnon residential blue zone application formto learn more please read the policy summaries below residential blue zone policy summarynon residential blue zone policy summary '),
 ('62', 'field', '32', 'en_us', '');

INSERT INTO `craft_searchindex` (`elementId`, `attribute`, `fieldId`, `locale`, `keywords`) VALUES
 ('62', 'slug', '0', 'en_us', ' apply for a disabled parking blue zone '),
 ('62', 'title', '0', 'en_us', ' apply for a disabled parking blue zone '),
 ('72', 'field', '4', 'en_us', ' ​do you need to block parking spaces or traffic if your portable storage unit or moving truck will block parking on a public street or right of way you will need an obstruction permit '),
 ('72', 'field', '3', 'en_us', ''),
 ('72', 'field', '5', 'en_us', ''),
 ('72', 'field', '1', 'en_us', ' an obstruction permit allows you to park the pod portable storage unit or moving truck in one site for a limited amount of time how the obstruction permit works the obstruction permit tells nearby property owners that they can not park in the permitted site for a limited amount of time you may only block the street or right of way that you are moving from or to you need to post the no parking sign s that you receive with the obstruction permit at least 72 hours 3 days before parking the portable storage unit or moving truck how to apply for an obstruction permit you can only apply for an obstruction permit in person at the permit center to avoid long line visit the permit center early in the day before the busiest time from 11 a m to 4 p m please bring the following information site address dates required number of parking spaces required one parking space is 25 feet long meter numbers if you are blocking parking meters contact phone number for the company or person applying if related to work requiring permit please reference permit application number traffic control plan only required if you need to block traffic refer to the traffic engineering website http www2 oaklandnet com government o pwa o ec o ts oak026469 visit the permit center once you arrive at the permit center s information counter ask for an obstruction permit when your number is called proceed to the indicated counter provide the required information pay the permit fee the permit center accepts cash checks payable to the city of oakland and most major credit cards where to apply for an obstruction permit locationhours permit center 250 frank h ogawa plaza 2nd floor oakland ca 94612 mondays tuesdays thursdays and fridays from 8 a m to 4 p m wednesdays from 9 30 a m to 4 p m last wednesday of each month from 10 a m to 4 p m cost of the obstruction permit the cost of an obstruction permit varies the cost depends on the period of time for the permit the number of parking spaces required and the type of parking spaces blocked for more information please call the permit center at 510 238 3443 '),
 ('72', 'field', '32', 'en_us', ''),
 ('72', 'slug', '0', 'en_us', ' apply for a parking obstruction permit '),
 ('72', 'title', '0', 'en_us', ' apply for a parking obstruction permit '),
 ('92', 'field', '3', 'en_us', ' download the permit applicatio '),
 ('92', 'field', '5', 'en_us', ' http www2 oaklandnet com parking oak046014 '),
 ('92', 'field', '1', 'en_us', ' you can apply for a parking permit through the residential parking permit rpp program this permit will allow you park your vehicle in certain neighborhoods in oakland you need to register your vehicle to an eligible address to receive the permit what you need to know before applying to see if your address is eligible go to___________ update your address for your vehicle s registration and driver s license with the dmv click here to update your address with the dmv online http dmv ca gov online onlinesvcs htm after updating your address print the confirmation submit this confirmation with your application clear all unpaid parking tickets from the city of oakland for help call the parking citation assistance center at 800 500 6484 click here to pay parking tickets online to pay by phone call the parking citation assistance center at 800 500 6484 how to apply for a residential parking permit you need to submit an application four supporting documents and the correct fee to apply the address on your application must match the address on each supporting document application process click here to download the residential parking permit application http www2 oaklandnet com oakca1 groups fma documents form oak046014 pdf complete the application include four supporting documents current vehicle registration current california driver s license utility bill from the last 30 days choose one from the list below gas bill electric bill water bill garbage bill proof of your current address choose one from the list below rental agreement lease mortgage statement property tax bill deed click here to find your permit fee for your address online ______ for more information you can call the parking citation assistance center at 800 500 6484 methods of payment you can submit your application four supporting documents and payment in person or mail them to the parking citation assistance center locationhours parking citation assistance center 250 frank h ogawa plaza suite 6300 oakland ca 94612 phone 800 500 6484 mondays tuesdays thursdays and fridays from 9 a m to 4 30 p m wednesdays from 9 30 a m to 4 30 p m '),
 ('92', 'field', '4', 'en_us', ' you can apply for a parking permit through the residential parking permit rpp program this permit will allow you park your vehicle in certain neighborhoods in oakland you need to register your vehicle to an eligible address to receive the permit '),
 ('92', 'field', '32', 'en_us', ''),
 ('92', 'slug', '0', 'en_us', ' apply for a residential parking permit '),
 ('92', 'title', '0', 'en_us', ' apply for a residential parking permit '),
 ('192', 'field', '1', 'en_us', ' health care coverage all employees are eligible for health care coverage for themselves and their eligible dependents these plans may include health insurance medical coverage dental care and vision care summary of benefits healthdentalvision careworker s compdisability insurancelife insuranceretirementprofessional developmentunemployment insurancefull time employee not include fire and police xxxxxxxxxfire and police full time xxxxxxpart timexxxxxpart time senior aidesxxx what to know you are eligible to enroll on the date you are hired work with your department to enroll within 60 days if you wait more than 60 days to enroll you will face a penalty of a 90 day waiting period your coverage starts on the first of the month after submission of your paperwork you can change your plan during open enrollment during the fall any changes you make become effective in january of the following year medical coverage you can choose a medical plan through calpers california public employees retirement systems health benefit services the city pays the full monthly premium for some plans for other plans the employee pays premiums with after tax dollars for more information on medical plans visit the calpers website dental plans all full time employees except fire and police can choose from two dental plans for themselves and their eligible dependents the hmo dental plan includes no deductibles when visiting an authorized dentist this plan is administered by deltacare the ppo plan covers a percentage of costs but gives members more flexibility this plan is administered by delta dental police and fire personnel have dental coverage through their respective unions vision care all full time employees except fire and police have vision coverage for themselves and their eligible dependents this plan is administered by vision service plan police and fire personnel do not have vision coverage dependents your dependents may be eligible for the same health care coverage that you enroll in eligible dependents include spousedomestic partnerfinancially dependent children medical benefits children under age 26dental and vision benefits children under age 18 or students age 19 25 you need to provide documentation to add your dependents to your health plan marriage certificatecertificate of domestic partnershipbirth certificatelegal adoption or guardianship papersaffidavit for financially dependent childrenproof of full time enrollment in school continuing your benefits under cobra an employee and enrolled dependents may pay to continue medical dental or vision coverage for a limited period of time if city paid coverage ceases for reasons recognized under the law the cost for cobra coverage equals the same premium the city pays monthly plus a 2% administrative fee retirement all employees of the city of oakland have retirement benefits through the public employees retirement system calpers what happens to my calpers benefits if i leave the city you may be able to take your retirement benefits with you if you leave the city to work for another employer that also participates in calpers your retirement benefit will continue if your new employer does not participate in calpers the funds may be rolled over into a qualified individual retirement account ira current and former city employees interested in learning more about their retirement benefits may contact calpers directly at 888 225 7377 or visit the calpers website at www calpers ca gov they may also contact the city of oakland s retirement office at 510 238 6479 weekdays from 8 30am 5 00pm deferred compensation the deferred compensation plan is a voluntary retirement plan you can increase your retirement savings and reduce your tax burden by contributing to this 457 b plan you can contribute as little as $10 per pay period the maximum contribution allowed is defined by federal regulations for the calendar year you can choose from several investment options the city does not contribute to nor match employee contributions to this plan life insurance all full time employees including fire and police personnel have life insurance benefits in the event of an employee s death the beneficiary will receive an amount equal to the employee s current annual salary rounded up to the nearest $1 000 for example if the annual salary is $35 500 the life insurance benefit would be $36 000 if the death is the result of an accident the beneficiary may receive an additional benefit equal to the life insurance amount the city pays the full premium cost for coverage there is no employee contribution dependents are not eligible for this benefit disability most part time and full time employees excluding police and fire personnel who experience a non work related illness or injury can apply for state disability insurance sdi this insurance is provided through the state of california s employment development department employees who do not qualify for sdi are covered by a third party administrator for both short and long term disability benefits begin after a seven day period and are determined by several eligibility factors medical waivers upon proof of other medical coverage employees may choose to waive or cancel medical benefits for themselves and eligible dependents and receive cash instead flexible spending accounts the city of oakland offers three flexible spending programs medical care assistance program mcap dependent care assistance program dcap transit program you contribute to these programs to pay for qualifying expenses with pre tax dollars this reduces the amount of tax dollars you pay the irs regulates these programs please visit the third party administrator website for specific information about the plans at http www cbadministrators com the medical care assistance program mcap allows an employee to pay for medical dental and vision care expenses with pre tax dollars up to $2 500 each year estimate your annual out of pocket medical costs to decide how much to contribute the city will withhold contributions from your paycheck every two weeks the dependent care assistance program dcap allows an employee to pay for dependent care expenses with pre tax dollars up to $5000 per household only necessary dependent care that allows you or both you and your spouse together to work is eligible estimate your annual dependent care costs to decide how much to contribute the city will withhold contributions from your paycheck every two weeks after you pay for eligible expenses submit a claim to the third party administrator for reimbursement the transit program allows an employee to pay for mass transit and parking with pre tax dollars estimate your monthly transportation costs to decide how much to contribute you may have to pay an administrative fee for the program the third party administrator will mail you a monthly voucher or transit card you may use vouchers or transit cards at locations that accept tickets and passes for more information visit cba the third party administrator s website at http www cbadministrators com '),
 ('322', 'field', '4', 'en_us', ' find out what to do and who to contact when your car is booted or towed '),
 ('322', 'slug', '0', 'en_us', ' what to do with booted or towed cars '),
 ('322', 'title', '0', 'en_us', ' what to do with booted or towed cars '),
 ('332', 'slug', '0', 'en_us', ' costs of common parking violations '),
 ('332', 'title', '0', 'en_us', ' costs of common parking violations '),
 ('112', 'field', '4', 'en_us', ''),
 ('112', 'field', '3', 'en_us', ' renew your permit online '),
 ('112', 'field', '5', 'en_us', ' https pci etimspayments com pbw include oakland rppinput jsp '),
 ('112', 'field', '1', 'en_us', ' you can renew your permit online if you received a letter that says you are eligible for online renewal in person or by mail locationhours parking citation assistance center attn residential parking permits 250 frank h ogawa plaza suite 6300 oakland ca 94612 mondays tuesdays thursdays fridays from 9 a m to 4 30 p m wednesdays from 9 30 a m to 4 30 p m '),
 ('112', 'field', '32', 'en_us', ''),
 ('112', 'slug', '0', 'en_us', ' renew your residential parking permit '),
 ('112', 'title', '0', 'en_us', ' renew your residential parking permit '),
 ('122', 'field', '4', 'en_us', ' what to do if you receive a citation want to pay it and other info about illegally parked vehicles '),
 ('122', 'slug', '0', 'en_us', ' pay a ticket and other parking citation problems '),
 ('122', 'title', '0', 'en_us', ' pay or contest parking tickets '),
 ('132', 'field', '4', 'en_us', ''),
 ('132', 'field', '3', 'en_us', ' contest your parking ticket online '),
 ('132', 'field', '5', 'en_us', ' https wmq etimspayments com pbw include oakland dispute_request jsp '),
 ('132', 'field', '1', 'en_us', ' what you need to know please wait 48 hours from the time of issuance to ensure your citation is entered into the online system it may take handwritten tickets up to two weeks to be entered into the online system you must contest your ticket within 21 days of the date of issuance you ll need to upload up to three documents that provide evidence to support your written testimony ways to contest a ticket download and complete the contest form or write a letter of explanation for contesting your citation please include your name address telephone number current mailing address and parking ticket citation number keep a copy of your ticket for your records return your contest form or letter along with the original parking ticket and additional documents in person or by mail parking citation assistance center250 frank h ogawa plaza suite 6300oakland ca 94612 by fax 510 986 2699 contesting a parking ticket by email is not possible at this time what happens next the parking citation assistance center investigates your ticket you will be notified of the decision by mail if the ticket is upheld you will have 21 days to pay your ticket or request an administrative hearing if you contested a parking ticket and you are not satisfied with the decision you can request an administrative hearing '),
 ('132', 'slug', '0', 'en_us', ' contest a parking ticket '),
 ('132', 'title', '0', 'en_us', ' contest a parking ticket '),
 ('142', 'field', '4', 'en_us', ' finding jobs and employment services in oakland '),
 ('142', 'slug', '0', 'en_us', ' jobs '),
 ('142', 'title', '0', 'en_us', ' jobs '),
 ('152', 'field', '4', 'en_us', ''),
 ('152', 'field', '3', 'en_us', ' sign up for alerts '),
 ('152', 'field', '5', 'en_us', ' https wmq1 etimspayments com pbw include vpportal oakland login_page jsp '),
 ('152', 'field', '1', 'en_us', ' parking citation alerts provide notifications to help manage your parking needs and avoid unnecessary penalties when you create an account it will alert you so you receive notifications about when a new citation is issued to your vehicle before a penalty are applied after a mail in payment is applied about upcoming hearings before you become boot eligible upcoming resident parking permit renewal city of oakland parking announcements '),
 ('152', 'slug', '0', 'en_us', ' create your own parking citation alert '),
 ('152', 'title', '0', 'en_us', ' set up a parking citation alert '),
 ('162', 'field', '4', 'en_us', ' the process of applying for a job with the city requirements job listings and applications '),
 ('162', 'slug', '0', 'en_us', ' apply for jobs '),
 ('162', 'title', '0', 'en_us', ' apply for jobs '),
 ('332', 'field', '5', 'en_us', ''),
 ('332', 'field', '1', 'en_us', ' common violations parking fines depend on the type of parking violation below are some common violations including their legal reference and the fine common violationsfine oakland municipal code referencelegal definition your meter time ran out $58 10 36 050 expired meter your parking receipt was not visible in your vehicle $58 10 36 030b failure to display parking receipt you parked in a no parking zone $83 10 40 020a1 parking in a red zone you parked in an area reserved for buses $265 10 40 090e parking in a bus zone you double parked your vehicle $41 10 08 150 impeding a lane of traffic you didn t turn your wheels correctly to park on a hill $45 10 16 090 failure to cramp wheels on grade you parked in the wrong direction on a one way street $48 10 28 040 parking in the wrong direction on a one way street you parked in the wrong direction on a two way street $63 10 28 040b parking in the wrong direction on a two way street you parked in an area with permit parking without the correct permit $83 10 44 120a parking in a residential parking permit zone '),
 ('332', 'field', '3', 'en_us', ''),
 ('332', 'field', '4', 'en_us', ''),
 ('182', 'field', '4', 'en_us', ''),
 ('182', 'field', '3', 'en_us', ''),
 ('182', 'field', '5', 'en_us', ''),
 ('182', 'field', '1', 'en_us', ' if you contested a parking ticket and you are not satisfied with the decision you can request an administrative hearing what you need to know once you receive the decision from contesting your ticket you have 21 days to schedule a hearing you can request a hearing either in person or or by mail you must pay a deposit equal to the amount of the fine before scheduling a hearing request a hearing make your request in person or by mail to parking citation assistance center hearing dept 250 frank h ogawa plaza suite 6300 oakland ca 94612 pay the deposit if you cannot afford the deposit you can request a hearing deposit fee waiver by phone or by mail by mail click here to download the hearing deposit waiver form http www2 oaklandnet com oakca1 groups ceda documents marketingmaterial oak044809 pdf mail to the administrative hearing dept 250 frank h ogawa plaza suite 6300 oakland ca 94612 by phone call the parking citation assistance center at 800 500 6484 what happens next you will receive a notice by mail with the date and time of the hearing all hearings are held monday through friday between 9 a m and 4 p m the hearing will be held at eastmont mall police substation 2651 73rd avenue upper level oakland ca if you cannot attend your scheduled hearing you have two options rescheduling a hearing you have two options if you cannot attend the scheduled hearing reschedule the hearing call the hearing department at 510 238 4484 at least five calendar days before the scheduled hearing request a hearing by mail send a letter detailing your dispute and include all the required documentation '),
 ('182', 'slug', '0', 'en_us', ' request an administrative hearing '),
 ('182', 'title', '0', 'en_us', ' request an administrative hearing '),
 ('192', 'field', '4', 'en_us', ' salary information benefits and compensation for city employees '),
 ('192', 'slug', '0', 'en_us', ' pay benefits '),
 ('192', 'title', '0', 'en_us', ' benefits perks '),
 ('202', 'field', '4', 'en_us', ''),
 ('202', 'slug', '0', 'en_us', ' application process support '),
 ('202', 'title', '0', 'en_us', ' application process support '),
 ('212', 'field', '4', 'en_us', ''),
 ('212', 'field', '3', 'en_us', ' apply online for current job openings '),
 ('212', 'field', '5', 'en_us', ' see all current job openings '),
 ('212', 'field', '1', 'en_us', ' thank you for your interest in working for the city of oakland for current city of oakland or port of oakland employees click here to view openings for port of oakland jobs click here to see available openings how to get started first time applicants search for jobs that fit your skills and interests save your search by setting up a job alert in a job interest card this will send you emails when new jobs open that fit your search criteria click the apply link of a job you are interested in create an account select a username and password click the build job application link to start your application save your application as you complete sections the neogov system will save your information every 15 minutes you can save and use your application to apply for other job openings online applications are stored on a secure site only authorized employees and hiring authorities have access to the information submitted tips for completing your application review the supplemental questions if any are included you may want to complete supplemental questions outside of the neogov system other recommendations include gather information about your education and work experience provide specific information in your answers such as dates locations data and references write responses in a word processing program such as microsoft word copy and paste these responses into the neogov system complete and submit your application before the closing date for consideration '),
 ('212', 'slug', '0', 'en_us', ' apply online for current job openings '),
 ('212', 'title', '0', 'en_us', ' apply online for current job openings '),
 ('222', 'field', '4', 'en_us', ''),
 ('222', 'field', '3', 'en_us', ''),
 ('222', 'field', '5', 'en_us', ''),
 ('222', 'field', '1', 'en_us', ' do not attempt to drive your vehicle because severe damage may occur the parking boot program targets the most serious parking violators who have five 5 or more unpaid parking tickets what to know a sticker will be displayed on a window of your vehicle showing that your vehicle has been booted this sticker will include instructions in english chinese and spanish call the telephone number for the help center at 800 500 6484 anytime for more information phone assistance is available in multiple languages how to remove the boot from your vehicle pay the fines for the unpaid tickets you can make payments by phone or in person in most cases you can drive your vehicle in about five minutes payment plan options are available please call the help center at 800 500 6484 for more information by phone call the help center at 800 500 6484 pay the fines with a credit debit card or e check the operator will provide a six digit code this six digit code will allow removal of the boot without damage to your vehicle call the help center at 800 500 6484 if you need assistance with boot removal steps return the boot to the location provided by the help center in person go to the parking citation assistance center 250 frank h ogawa plaza 6th floor pay the fines in cash you will receive a six digit code this six digit code will allow removal of the boot without damage to your vehicle call the help center if you need assistance with boot removal steps return the boot to the location provided by the parking assistance center locationhours parking citation assistance center 250 frank h ogawa plaza suite 6300 oakland ca 94612 phone 800 500 6484 mondays tuesdays thursdays and fridays from 9 a m to 4 30 p m wednesdays from 9 30 a m to 4 30 p m '),
 ('222', 'slug', '0', 'en_us', ' what to do if your car is booted '),
 ('222', 'title', '0', 'en_us', ' what to do if your car is booted '),
 ('232', 'field', '4', 'en_us', ''),
 ('232', 'field', '3', 'en_us', ''),
 ('232', 'field', '5', 'en_us', ''),
 ('232', 'field', '1', 'en_us', ' if you believe your vehicle has been towed please call a b vehicle processing at 510 635 3211 or visit http www abimpound com towed html to confirm what to know a vehicle can be towed in oakland for any of the following reasons a boot is placed on the vehicle and payment for the boot fee and parking tickets have not been received a vehicle registration plate tag has been expired for more than six 6 months a vehicle has more than $2 500 in unpaid parking tickets a vehicle has five 5 or more unpaid tickets in the state of california how to get your vehicle released pay all of your unpaid parking tickets in oakland payment plans are not available for towed vehicles visit or call the parking citation assistance center to make payments pay fees for towing and storage directly to the tow company you may need to pay unpaid tickets from all other cities in california to have your vehicle released for more information locationhours parking citation assistance center 250 frank h ogawa plaza suite 6300 oakland ca 94612 phone 800 500 6484 mondays tuesdays thursdays and fridays from 9 a m to 4 30 p m wednesdays from 9 30 a m to 4 30 p m only the registered owner of the towed vehicle can contest one or more of the unpaid tickets please visit the parking citation assistance center at 250 frank h ogawa plaza suite 6300 or call the center at 510 238 4484 '),
 ('232', 'slug', '0', 'en_us', ' what to do if your car is towed '),
 ('232', 'title', '0', 'en_us', ' what to do if your car is towed '),
 ('252', 'field', '4', 'en_us', ' when where and how to legally park '),
 ('252', 'slug', '0', 'en_us', ' find parking '),
 ('252', 'title', '0', 'en_us', ' additional parking information '),
 ('262', 'field', '4', 'en_us', ''),
 ('262', 'field', '3', 'en_us', ''),
 ('262', 'field', '5', 'en_us', ''),
 ('262', 'field', '1', 'en_us', ' please look for posted signs and curb colors when you park faded curb colors are still enforced curb colormeaning redno stopping standing or parking at any time yellowfor loading and unloading of passengers and materials between 7 a m and 6 p m the loading or unloading of passengers should not exceed 3 minutes and the loading or unloading of materials from a vehicle with commercial plates should not exceed 30 minutes this parking restriction does not apply on sundays and parking holidays whitefor loading and unloading of passengers which should not exceed three minutes most white curb restrictions apply from 7 a m to 6 p m except parking on a white curb in front of a hotel or hospital is restricted at all times parking in front of a theater hall or other place of public assembly shall apply at all times except when the theater or hall is closed and then a vehicle may park in the white zone for no longer than one hour greenno standing or parking for longer than 12 minutes at any time between 8 a m and 6 p m excluding sundays and parking holidays bluefor parking by physically handicapped person whose vehicles display either a valid placard or license plate for the disabled please note faded curb colors are still enforced you can report a curb that needs repainting by reporting it to public works call center phone 510 615 5566 email opwcallcenter oaklandnet com online report a problem mobile app seeclickfix for additional assistance with parking limitations for each curb color please contact the parking citation assistance center at 800 500 6484 '),
 ('262', 'slug', '0', 'en_us', ' understanding curb colors '),
 ('262', 'title', '0', 'en_us', ' understanding curb colors '),
 ('272', 'field', '4', 'en_us', ''),
 ('272', 'field', '3', 'en_us', ''),
 ('272', 'field', '5', 'en_us', ''),
 ('272', 'field', '1', 'en_us', ' to find a city owned garage or lot check out the oakland parking map below please contact the parking operator if you have questions about a specific garage you can find contact information on the map below by clicking on the p linked to the garage a limited number of monthly parking permits are available at some metered outdoor lots if you have questions about these permits please call 510 238 6154 '),
 ('272', 'slug', '0', 'en_us', ' find a city owned parking garage '),
 ('272', 'title', '0', 'en_us', ' find a city owned parking garage '),
 ('282', 'field', '4', 'en_us', '');

INSERT INTO `craft_searchindex` (`elementId`, `attribute`, `fieldId`, `locale`, `keywords`) VALUES
 ('282', 'field', '3', 'en_us', ''),
 ('282', 'field', '5', 'en_us', ''),
 ('282', 'field', '1', 'en_us', ' please look for posted signs and curb colors when you park meter hours in oakland ca are monday through saturday from 8 a m to 6 p m it costs $2 per hour to park at a parking meter parking is free on the following holidays new year s day january 1 martin luther king jr birthday third monday of january president s day third monday of february memorial day last monday of may independence day july 4 labor day first monday of september thanksgiving day fourth thursday of november christmas day december 25 if any of these holidays falls upon a sunday the following monday is a holiday '),
 ('282', 'slug', '0', 'en_us', ' parking hours and rates '),
 ('282', 'title', '0', 'en_us', ' parking hours and rates '),
 ('292', 'field', '4', 'en_us', ''),
 ('292', 'field', '3', 'en_us', ''),
 ('292', 'field', '5', 'en_us', ''),
 ('292', 'field', '1', 'en_us', ' please look for street sweeping signs and curb colors when you park the city cleans major roads and commercial areas at night residential areas are swept during the day you can see when street sweeping is scheduled for your block on official signage these signs list restricted times for parks please move your vehicle accordingly insert picture of a parking sign as an example insert map that city is working on that shows what time street sweeping is on each street '),
 ('292', 'slug', '0', 'en_us', ' street sweeping restrictions '),
 ('292', 'title', '0', 'en_us', ' street sweeping restrictions '),
 ('302', 'field', '4', 'en_us', ''),
 ('302', 'field', '3', 'en_us', ''),
 ('302', 'field', '5', 'en_us', ''),
 ('302', 'field', '1', 'en_us', ' disabled person parking privileges people with disabilities and disabled veterans with a valid license plate or placard issued by the california dmv may park in the following areas in parking spaces with the international symbol of access wheelchair symbol next to a blue curb authorized for persons with disabilities parking next to a green curb green curbs indicate limited time parking for as long as you wish there is no time limit with a dp placard dp license plates or dv license plates in an on street metered parking space at no charge for as long as you wish there is no time limit with a dp placard dp license plates or dv license plates in an area that indicates it requires a resident or merchant permit for as long as you wish there is no time limit with a dp placard dp license plates or dv license plates disabled person parking limitations you may not park in spaces marked with a crosshatched pattern next to a parking space with the international symbol of access wheelchair symbol these spaces are for wheelchair and wheelchair lift access next to red curbs which indicate no stopping standing or parking next to yellow curbs which are for commercial vehicles to load and unload passengers or freight next to white curbs which are for loading and unloading passengers or depositing mail in an adjacent mailbox parking areasmeaning handicapped symbolyou can park in spaces with the international symbol of access bluethis parking is reserved for persons with disabilities greenyou can park here as long as you want with a valid placard or license plate for the disabled parking meter you can park here as long as you want with a valid placard or license plate for the disabled resident and merchant permit parking you can park here as long as you want with a valid placard or license plate for the disabled disabled person parking limitations people with disabilities and disabled veterans with a valid license plate or placard issued by the california dmv may not park in the following areas parking areasmeaning crosshatched or striped areas you can not park in spaces with a striped or crosshatched pattern red you can not stop idle or park your car yellowthese areas are reserved for commercial vehicles whitethese areas are reserved for picking up and dropping off passengers '),
 ('302', 'slug', '0', 'en_us', ' disabled person parking '),
 ('302', 'title', '0', 'en_us', ' disabled person parking '),
 ('312', 'field', '4', 'en_us', ''),
 ('312', 'field', '3', 'en_us', ' apply with the california dmv '),
 ('312', 'field', '5', 'en_us', ' http www dmv ca gov pubs%2fbrochures fast_facts ffvr07 htm '),
 ('312', 'field', '1', 'en_us', ' you may qualify for a disabled person placard or license plates if you have one or more of the conditions below inability to use one or more lower limbs or both hands diagnosed disease that impairs or interferes with mobility severe disability that leaves you unable to move without an assistive device documented problems with your eyesight such as lower vision or partial sightedness the city of oakland does not issue disabled person placards or license plates illegal use of disabled parking only the disabled driver issued the placard or plates can use the parking placard or plates a driver that does any of the actions below can receive tickets and fines lend your disabled person placard to someone else use someone else s disabled person placard have or display a fake disabled person placard or license plates report illegal use of disabled person placards and plates please call parking enforcement at 510 238 3099 '),
 ('312', 'slug', '0', 'en_us', ' apply for disabled persons parking placards and plates '),
 ('312', 'title', '0', 'en_us', ' apply for disabled persons parking placards and plates '),
 ('202', 'field', '3', 'en_us', ''),
 ('202', 'field', '5', 'en_us', ''),
 ('202', 'field', '1', 'en_us', ' working for the city of oakland comes with many benefits job securitydiverse workforcebenefits including health care coverage for you and your family the city manages hiring differently than private companies most hiring is guided by the civil service board click here to learn more about the civil service board the information below is provided to guide you through the hiring process and answer frequently asked questions these guidelines describe the average process for hiring through the civil service board you may want to bookmark this page for reference your individual experience may differ from this process if you have questions please contact_______________________ stages of the hiring process search for open positionsapply for a positionapplication reviewcivil service examinationplacement on eligibility listdepartment interviewreceipt of job offer read more below for details about each step in the process 1 search for open positions there are four ways that you can search for current job openings with the city of oakland search online at apply online for current job openings visit city of oakland offices to see posted job announcements visit one of our one stop career centers throughout the city of oakland visit the city of oakland human resources department at 150 frank h ogawa plaza 2nd floor suite 2352 from 8 30 am to 5 00 pm monday friday if you don t see a job you want yet you can set up an alert to learn when a future job is posted complete a job interest card to receive this alert for the next 12 months you will receive an email when a new position matches the category you choose 2 apply for a position to apply to a specific position you must submit your application online at apply online for current job openings by the closing date the human resources department will email you to confirm receiving the application if you do not have access to a computer or internet access you can use a computer at any location of the city of oakland public library you can also use a work station of the city of oakland department of human resources management at 150 frank h ogawa plaza 2nd floor oakland ca 94612 from 9 am to 5 pm need help applying call neogov at 877 204 4442 for technical questions for all other questions call 510 238 3112 tty 238 3254 veterans you may be entitled to preference points which can help you get hired to receive your points you must have an honorable discharge submit form dd214 with your application on or before the final filing date for the position if you are a disabled veteran submit proof of your disability from the veteran s service with your application people with criminal convictions you can still apply to a job with the city of oakland each application will be given individual consideration based on job relatedness all records of conviction s will be reviewed this review may result in a request for additional information or termination if needed 3 application review once your application is submitted it will be reviewed in two stages review of minimum qualifications the human resources department will check that your experiences fits the qualifications listed in the job posting if your application satisfies the criteria it will move to the next stage review of supplemental questions depending on the criteria of the job you applied to you may be required to complete supplemental questions you must complete these questions if the job announcement says that the questions are required if these required questions are not answered your application will not be considered if the questions are optional it is best to answer the questions as completely as possible these responses may help your application move to the next stage of the hiring process 4 civil service examination examinations may include any combination of the following activities application reviewsreview for minimum qualificationssupplemental questionnairemultiple choice true false written testproblem exercise writing sample testperformance testoral interview the components of each examination are written in the job announcement for that examination the purpose of the examination is to further assess your knowledge and ability as well as your education experience and other factors related to the job for which you applied exam preparation refer to test booklets on general test taking available at oakland public library and local bookstores the city does not offer exam preparation materials oral interview preparationreview the job description for the position to become familiar with the position duties be prepared to tell the interviewer about your education work experience and qualifications as it relates to the position you have applied for persons with disabilities please contact the human resources department if you need accommodations for the examination process you will need to complete a form to share relevant information and what accommodation is required please attach a doctor s note 5 placement on eligibility list the eligibility list is a list of four people eligible for an open position in the hiring department candidates are listed in order based on their performance on the examination to learn your score and rank on the eligibility list forward a self address stamped envelope to the human resource department with your request once you are on an eligibility list you can be sent on a maximum of four 4 job interviews with the hiring department you can choose to decline up to three 3 different interviews for a position after the third decline your name will be removed from the eligibility list if the hiring department does not select you your name will stay on the eligibility list for up to two years for consideration for future positions in the hiring department 6 department interview 7 receipt of job offer congratulations on your new role at the city of oakland frequently asked questions 12 how do i report a change of address applicants can update their contact information at any time after logging into their neogov account current employees should fill out a change of address form and submit it to the department of human resources management 150 frank h ogawa plaza suite 2352 oakland ca 94612 20 how do i obtain information about benefits for the job i am applying for contact the human resource department benefits unit at 510 238 7295 tty 238 3254 for medical dental insurance employee wellness and deferred compensation information ');




DROP TABLE IF EXISTS `craft_sections`;


--
-- Schema for table `craft_sections`
--
CREATE TABLE `craft_sections` (
  `id` int(11) NOT NULL AUTO_INCREMENT,
  `structureId` int(11) DEFAULT NULL,
  `name` varchar(255) COLLATE utf8_unicode_ci NOT NULL,
  `handle` varchar(255) COLLATE utf8_unicode_ci NOT NULL,
  `type` enum('single','channel','structure') COLLATE utf8_unicode_ci NOT NULL DEFAULT 'channel',
  `hasUrls` tinyint(1) unsigned NOT NULL DEFAULT '1',
  `template` varchar(500) COLLATE utf8_unicode_ci DEFAULT NULL,
  `enableVersioning` tinyint(1) unsigned NOT NULL DEFAULT '0',
  `dateCreated` datetime NOT NULL,
  `dateUpdated` datetime NOT NULL,
  `uid` char(36) COLLATE utf8_unicode_ci NOT NULL DEFAULT '0',
  PRIMARY KEY (`id`),
  UNIQUE KEY `craft_sections_name_unq_idx` (`name`),
  UNIQUE KEY `craft_sections_handle_unq_idx` (`handle`),
  KEY `craft_sections_structureId_fk` (`structureId`)
) ENGINE=InnoDB AUTO_INCREMENT=13 DEFAULT CHARSET=utf8 COLLATE=utf8_unicode_ci;

--
-- Data for table `craft_sections`
--

INSERT INTO `craft_sections` (`id`, `structureId`, `name`, `handle`, `type`, `hasUrls`, `template`, `enableVersioning`, `dateCreated`, `dateUpdated`, `uid`) VALUES
 ('1', NULL, 'Homepage', 'homepage', 'single', '1', 'index', '1', '2015-12-04 00:22:46', '2015-12-04 00:22:46', '089857dc-c6a7-46ce-866b-66902e26ee03'),
 ('2', NULL, 'News', 'news', 'channel', '1', 'news/_entry', '1', '2015-12-04 00:22:47', '2015-12-04 00:22:47', 'f0cd970c-9b43-4bb5-83fb-2360848fb136'),
 ('3', '1', 'Services', 'services', 'structure', '1', 'services/_entry', '1', '2015-12-04 20:04:38', '2015-12-18 22:06:48', '68fd9a02-2aaf-4b7d-a25f-ff09152fa602'),
 ('4', '2', 'Departments', 'departments', 'structure', '1', 'departments/_entry', '1', '2015-12-10 19:40:23', '2015-12-10 19:40:37', '377ff9d0-db97-4c03-8283-0a57923befff');




DROP TABLE IF EXISTS `craft_sections_i18n`;


--
-- Schema for table `craft_sections_i18n`
--
CREATE TABLE `craft_sections_i18n` (
  `id` int(11) NOT NULL AUTO_INCREMENT,
  `sectionId` int(11) NOT NULL,
  `locale` char(12) COLLATE utf8_unicode_ci NOT NULL,
  `enabledByDefault` tinyint(1) unsigned NOT NULL DEFAULT '1',
  `urlFormat` text COLLATE utf8_unicode_ci,
  `nestedUrlFormat` text COLLATE utf8_unicode_ci,
  `dateCreated` datetime NOT NULL,
  `dateUpdated` datetime NOT NULL,
  `uid` char(36) COLLATE utf8_unicode_ci NOT NULL DEFAULT '0',
  PRIMARY KEY (`id`),
  UNIQUE KEY `craft_sections_i18n_sectionId_locale_unq_idx` (`sectionId`,`locale`),
  KEY `craft_sections_i18n_locale_fk` (`locale`)
) ENGINE=InnoDB AUTO_INCREMENT=13 DEFAULT CHARSET=utf8 COLLATE=utf8_unicode_ci;

--
-- Data for table `craft_sections_i18n`
--

INSERT INTO `craft_sections_i18n` (`id`, `sectionId`, `locale`, `enabledByDefault`, `urlFormat`, `nestedUrlFormat`, `dateCreated`, `dateUpdated`, `uid`) VALUES
 ('1', '1', 'en_us', '1', '__home__', NULL, '2015-12-04 00:22:46', '2015-12-04 00:22:46', '53157bc8-f180-42a0-ad86-2258b3487042'),
 ('2', '2', 'en_us', '1', 'news/{postDate.year}/{slug}', NULL, '2015-12-04 00:22:47', '2015-12-04 00:22:47', '40ff9e65-6e80-4135-a635-53dccb6996e7'),
 ('3', '3', 'en_us', '0', 'services/{slug}', '{parent.uri}/{slug}', '2015-12-04 20:04:38', '2015-12-04 20:04:38', 'e9d75e45-4f38-4a4d-854e-05ee71d2ff38'),
 ('4', '4', 'en_us', '0', 'departments/{slug}', NULL, '2015-12-10 19:40:23', '2015-12-10 19:40:37', 'ea874a4d-044e-4005-835f-eca7398a1eb5');




DROP TABLE IF EXISTS `craft_sessions`;


--
-- Schema for table `craft_sessions`
--
CREATE TABLE `craft_sessions` (
  `id` int(11) NOT NULL AUTO_INCREMENT,
  `userId` int(11) NOT NULL,
  `token` char(100) COLLATE utf8_unicode_ci NOT NULL,
  `dateCreated` datetime NOT NULL,
  `dateUpdated` datetime NOT NULL,
  `uid` char(36) COLLATE utf8_unicode_ci NOT NULL DEFAULT '0',
  PRIMARY KEY (`id`),
  KEY `craft_sessions_uid_idx` (`uid`),
  KEY `craft_sessions_token_idx` (`token`),
  KEY `craft_sessions_dateUpdated_idx` (`dateUpdated`),
  KEY `craft_sessions_userId_fk` (`userId`)
) ENGINE=InnoDB AUTO_INCREMENT=283 DEFAULT CHARSET=utf8 COLLATE=utf8_unicode_ci;

DROP TABLE IF EXISTS `craft_shunnedmessages`;


--
-- Schema for table `craft_shunnedmessages`
--
CREATE TABLE `craft_shunnedmessages` (
  `id` int(11) NOT NULL AUTO_INCREMENT,
  `userId` int(11) NOT NULL,
  `message` varchar(255) COLLATE utf8_unicode_ci NOT NULL,
  `expiryDate` datetime DEFAULT NULL,
  `dateCreated` datetime NOT NULL,
  `dateUpdated` datetime NOT NULL,
  `uid` char(36) COLLATE utf8_unicode_ci NOT NULL DEFAULT '0',
  PRIMARY KEY (`id`),
  UNIQUE KEY `craft_shunnedmessages_userId_message_unq_idx` (`userId`,`message`)
) ENGINE=InnoDB DEFAULT CHARSET=utf8 COLLATE=utf8_unicode_ci;

DROP TABLE IF EXISTS `craft_structureelements`;


--
-- Schema for table `craft_structureelements`
--
CREATE TABLE `craft_structureelements` (
  `id` int(11) NOT NULL AUTO_INCREMENT,
  `structureId` int(11) NOT NULL,
  `elementId` int(11) DEFAULT NULL,
  `root` int(11) unsigned DEFAULT NULL,
  `lft` int(11) unsigned NOT NULL,
  `rgt` int(11) unsigned NOT NULL,
  `level` smallint(6) unsigned NOT NULL,
  `dateCreated` datetime NOT NULL,
  `dateUpdated` datetime NOT NULL,
  `uid` char(36) COLLATE utf8_unicode_ci NOT NULL DEFAULT '0',
  PRIMARY KEY (`id`),
  UNIQUE KEY `craft_structureelements_structureId_elementId_unq_idx` (`structureId`,`elementId`),
  KEY `craft_structureelements_root_idx` (`root`),
  KEY `craft_structureelements_lft_idx` (`lft`),
  KEY `craft_structureelements_rgt_idx` (`rgt`),
  KEY `craft_structureelements_level_idx` (`level`),
  KEY `craft_structureelements_elementId_fk` (`elementId`)
) ENGINE=InnoDB AUTO_INCREMENT=293 DEFAULT CHARSET=utf8 COLLATE=utf8_unicode_ci;

--
-- Data for table `craft_structureelements`
--

INSERT INTO `craft_structureelements` (`id`, `structureId`, `elementId`, `root`, `lft`, `rgt`, `level`, `dateCreated`, `dateUpdated`, `uid`) VALUES
 ('1', '1', NULL, '1', '1', '56', '0', '2015-12-04 20:08:13', '2015-12-04 20:08:13', 'a0215de4-6fd6-4e46-b9b9-a094cc00ae7d'),
 ('2', '1', '5', '1', '2', '45', '1', '2015-12-04 20:08:13', '2015-12-04 20:08:13', 'd0b837fa-6980-4cc1-b5de-4b5b22433caa'),
 ('3', '1', '6', '1', '4', '5', '3', '2015-12-04 20:08:33', '2015-12-04 20:08:33', '4b056482-08f3-479d-a4f1-afd37e5309a2'),
 ('4', '2', NULL, '4', '1', '14', '0', '2015-12-10 19:52:47', '2015-12-10 19:52:47', 'cd2593cf-0d1e-42ed-9ba9-6531a80c8844'),
 ('5', '2', '13', '4', '4', '5', '1', '2015-12-10 19:52:47', '2015-12-10 19:52:47', '26425906-71cc-4e96-a542-036a98a41b59'),
 ('6', '2', '15', '4', '6', '7', '1', '2015-12-10 23:28:02', '2015-12-10 23:28:02', '55b30244-e714-4483-92ae-ab4acf0fd1ce'),
 ('7', '2', '16', '4', '2', '3', '1', '2015-12-10 23:28:13', '2015-12-10 23:28:13', '09d1cf53-d0d0-4d7c-b555-749dbec296ab'),
 ('8', '2', '17', '4', '8', '9', '1', '2015-12-10 23:31:27', '2015-12-10 23:31:27', '442e6fc3-4a84-40d0-bbdb-530607b78658'),
 ('9', '2', '18', '4', '10', '11', '1', '2015-12-10 23:31:32', '2015-12-10 23:31:32', 'b267a0f2-63d1-4a70-b186-3911d8fcf086'),
 ('10', '2', '19', '4', '12', '13', '1', '2015-12-10 23:51:48', '2015-12-10 23:51:48', 'de6f0499-79b3-4dc7-b50e-24222c8b15f1'),
 ('12', '1', '52', '1', '9', '20', '2', '2015-12-18 21:37:59', '2015-12-18 21:37:59', '3b467773-1967-462d-a125-53a5cce78178'),
 ('22', '1', '62', '1', '14', '15', '3', '2015-12-18 21:40:10', '2015-12-18 21:40:10', '2195e3a0-e738-4331-914f-5c07e2088aac'),
 ('32', '1', '72', '1', '18', '19', '3', '2015-12-18 21:58:04', '2015-12-18 21:58:04', 'b452c583-b004-446e-a295-16eb3fc1e640'),
 ('52', '1', '92', '1', '10', '11', '3', '2015-12-18 22:05:31', '2015-12-18 22:05:31', '6ca9fd0e-d43c-4231-a9ba-4c9f1ebde3cc'),
 ('72', '1', '112', '1', '12', '13', '3', '2015-12-18 22:16:30', '2015-12-18 22:16:30', '424221ee-111b-4ef5-bc44-7e0e92c1be57'),
 ('82', '1', '122', '1', '3', '8', '2', '2015-12-18 22:42:23', '2015-12-18 22:42:23', 'c6e409c2-c9df-43ad-9f3d-e75fe9eaf4fa'),
 ('92', '1', '132', '1', '6', '7', '3', '2015-12-18 22:46:27', '2015-12-18 22:46:27', 'ff583292-6d72-4ccc-a340-1fdc7cf08c6f'),
 ('102', '1', '142', '1', '46', '55', '1', '2015-12-18 23:04:13', '2015-12-18 23:04:13', '158a751e-4596-44ad-8b93-7676367f7290'),
 ('112', '1', '152', '1', '42', '43', '3', '2015-12-18 23:08:02', '2015-12-18 23:08:02', '850ad7f8-be65-41f5-9fc1-d8b5f15ed454'),
 ('122', '1', '162', '1', '47', '50', '2', '2015-12-18 23:09:39', '2015-12-18 23:09:39', 'd8167384-3374-4db8-b5c6-79b489370451'),
 ('142', '1', '182', '1', '38', '39', '3', '2015-12-18 23:16:35', '2015-12-18 23:16:35', 'e579a487-b375-4ee8-90b7-d105adc06716'),
 ('152', '1', '192', '1', '51', '52', '2', '2015-12-18 23:26:06', '2015-12-18 23:26:06', '55ee1b28-9fce-4138-8759-e7c4466eb84f'),
 ('162', '1', '202', '1', '53', '54', '2', '2015-12-18 23:30:33', '2015-12-18 23:30:33', 'c5441b81-0489-4e66-8a32-e55c01ae23f7'),
 ('172', '1', '212', '1', '48', '49', '3', '2015-12-18 23:48:50', '2015-12-18 23:48:50', '288b871e-d14b-4d6f-98bf-f058fee1f995'),
 ('182', '1', '222', '1', '22', '23', '3', '2015-12-18 23:49:30', '2015-12-18 23:49:30', '1e5348b7-9b68-486c-898d-eb004032201e'),
 ('192', '1', '232', '1', '24', '25', '3', '2015-12-18 23:50:16', '2015-12-18 23:50:16', '691b96cd-965c-4843-bf40-4af9bc8d30d2'),
 ('212', '1', '252', '1', '27', '44', '2', '2015-12-18 23:55:17', '2015-12-18 23:55:17', '9b375540-9307-4833-97f0-e589c804e44c'),
 ('222', '1', '262', '1', '28', '29', '3', '2015-12-18 23:56:20', '2015-12-18 23:56:20', 'e9275dd2-b0f8-44eb-b32c-6a8a2fc8b5ce'),
 ('232', '1', '272', '1', '34', '35', '3', '2015-12-18 23:57:45', '2015-12-18 23:57:45', '9c662185-67cf-44c8-a0e3-9d98168e842d'),
 ('242', '1', '282', '1', '30', '31', '3', '2015-12-18 23:59:19', '2015-12-18 23:59:19', '8ce5cbec-195a-488c-83c3-008e36991d72'),
 ('252', '1', '292', '1', '32', '33', '3', '2015-12-19 00:00:22', '2015-12-19 00:00:22', '5b7ffd17-30a3-4d52-b33a-5bc7273aa47e'),
 ('262', '1', '302', '1', '36', '37', '3', '2015-12-19 00:04:21', '2015-12-19 00:04:21', '5341330f-93a7-43bb-8918-5756e00a776a'),
 ('272', '1', '312', '1', '16', '17', '3', '2015-12-19 00:06:16', '2015-12-19 00:06:16', '04084b67-9ab4-412c-8147-9c7482b163df'),
 ('282', '1', '322', '1', '21', '26', '2', '2015-12-19 00:49:18', '2015-12-19 00:49:18', '028ffcbe-30fd-461b-b4e6-7d7e844b952b'),
 ('292', '1', '332', '1', '40', '41', '3', '2015-12-19 01:00:21', '2015-12-19 01:00:21', '203f5e04-961a-42e9-8a12-a69efe14422a');




DROP TABLE IF EXISTS `craft_structures`;


--
-- Schema for table `craft_structures`
--
CREATE TABLE `craft_structures` (
  `id` int(11) NOT NULL AUTO_INCREMENT,
  `maxLevels` smallint(6) unsigned DEFAULT NULL,
  `dateCreated` datetime NOT NULL,
  `dateUpdated` datetime NOT NULL,
  `uid` char(36) COLLATE utf8_unicode_ci NOT NULL DEFAULT '0',
  PRIMARY KEY (`id`)
) ENGINE=InnoDB AUTO_INCREMENT=3 DEFAULT CHARSET=utf8 COLLATE=utf8_unicode_ci;

--
-- Data for table `craft_structures`
--

INSERT INTO `craft_structures` (`id`, `maxLevels`, `dateCreated`, `dateUpdated`, `uid`) VALUES
 ('1', '3', '2015-12-04 20:04:38', '2015-12-18 22:06:48', '25fd9193-2521-478f-ab70-6149c83af7a6'),
 ('2', '1', '2015-12-10 19:40:23', '2015-12-10 19:40:37', '5523d54d-3d76-46cc-8d67-f4f1b505c52f');




DROP TABLE IF EXISTS `craft_systemsettings`;


--
-- Schema for table `craft_systemsettings`
--
CREATE TABLE `craft_systemsettings` (
  `id` int(11) NOT NULL AUTO_INCREMENT,
  `category` varchar(15) COLLATE utf8_unicode_ci NOT NULL,
  `settings` text COLLATE utf8_unicode_ci,
  `dateCreated` datetime NOT NULL,
  `dateUpdated` datetime NOT NULL,
  `uid` char(36) COLLATE utf8_unicode_ci NOT NULL DEFAULT '0',
  PRIMARY KEY (`id`),
  UNIQUE KEY `craft_systemsettings_category_unq_idx` (`category`)
) ENGINE=InnoDB AUTO_INCREMENT=2 DEFAULT CHARSET=utf8 COLLATE=utf8_unicode_ci;

--
-- Data for table `craft_systemsettings`
--

INSERT INTO `craft_systemsettings` (`id`, `category`, `settings`, `dateCreated`, `dateUpdated`, `uid`) VALUES
 ('1', 'email', '{\"protocol\":\"php\",\"emailAddress\":\"norris@codeforamerica.org\",\"senderName\":\"City of Oakland\"}', '2015-12-04 00:22:46', '2015-12-04 00:22:46', 'e4b10b6c-3bbe-4456-afc5-227423c1cf3d');




DROP TABLE IF EXISTS `craft_taggroups`;


--
-- Schema for table `craft_taggroups`
--
CREATE TABLE `craft_taggroups` (
  `id` int(11) NOT NULL AUTO_INCREMENT,
  `name` varchar(255) COLLATE utf8_unicode_ci NOT NULL,
  `handle` varchar(255) COLLATE utf8_unicode_ci NOT NULL,
  `fieldLayoutId` int(10) DEFAULT NULL,
  `dateCreated` datetime NOT NULL,
  `dateUpdated` datetime NOT NULL,
  `uid` char(36) COLLATE utf8_unicode_ci NOT NULL DEFAULT '0',
  PRIMARY KEY (`id`),
  UNIQUE KEY `craft_taggroups_name_unq_idx` (`name`),
  UNIQUE KEY `craft_taggroups_handle_unq_idx` (`handle`),
  KEY `craft_taggroups_fieldLayoutId_fk` (`fieldLayoutId`)
) ENGINE=InnoDB AUTO_INCREMENT=2 DEFAULT CHARSET=utf8 COLLATE=utf8_unicode_ci;

--
-- Data for table `craft_taggroups`
--

INSERT INTO `craft_taggroups` (`id`, `name`, `handle`, `fieldLayoutId`, `dateCreated`, `dateUpdated`, `uid`) VALUES
 ('1', 'Default', 'default', '1', '2015-12-04 00:22:46', '2015-12-04 00:22:46', 'aaba6805-99b1-4efa-bd06-bbfb8ccbb70f');




DROP TABLE IF EXISTS `craft_tags`;


--
-- Schema for table `craft_tags`
--
CREATE TABLE `craft_tags` (
  `id` int(11) NOT NULL,
  `groupId` int(11) NOT NULL,
  `dateCreated` datetime NOT NULL,
  `dateUpdated` datetime NOT NULL,
  `uid` char(36) COLLATE utf8_unicode_ci NOT NULL DEFAULT '0',
  PRIMARY KEY (`id`),
  KEY `craft_tags_groupId_fk` (`groupId`)
) ENGINE=InnoDB DEFAULT CHARSET=utf8 COLLATE=utf8_unicode_ci;

DROP TABLE IF EXISTS `craft_tasks`;


--
-- Schema for table `craft_tasks`
--
CREATE TABLE `craft_tasks` (
  `id` int(11) NOT NULL AUTO_INCREMENT,
  `root` int(11) unsigned DEFAULT NULL,
  `lft` int(11) unsigned NOT NULL,
  `rgt` int(11) unsigned NOT NULL,
  `level` smallint(6) unsigned NOT NULL,
  `currentStep` int(11) unsigned DEFAULT NULL,
  `totalSteps` int(11) unsigned DEFAULT NULL,
  `status` enum('pending','error','running') COLLATE utf8_unicode_ci DEFAULT NULL,
  `type` varchar(150) COLLATE utf8_unicode_ci NOT NULL,
  `description` varchar(255) COLLATE utf8_unicode_ci DEFAULT NULL,
  `settings` text COLLATE utf8_unicode_ci,
  `dateCreated` datetime NOT NULL,
  `dateUpdated` datetime NOT NULL,
  `uid` char(36) COLLATE utf8_unicode_ci NOT NULL DEFAULT '0',
  PRIMARY KEY (`id`),
  KEY `craft_tasks_root_idx` (`root`),
  KEY `craft_tasks_lft_idx` (`lft`),
  KEY `craft_tasks_rgt_idx` (`rgt`),
  KEY `craft_tasks_level_idx` (`level`)
) ENGINE=InnoDB AUTO_INCREMENT=102 DEFAULT CHARSET=utf8 COLLATE=utf8_unicode_ci;

DROP TABLE IF EXISTS `craft_templatecachecriteria`;


--
-- Schema for table `craft_templatecachecriteria`
--
CREATE TABLE `craft_templatecachecriteria` (
  `id` int(11) NOT NULL AUTO_INCREMENT,
  `cacheId` int(11) NOT NULL,
  `type` varchar(150) COLLATE utf8_unicode_ci NOT NULL,
  `criteria` text COLLATE utf8_unicode_ci NOT NULL,
  PRIMARY KEY (`id`),
  KEY `craft_templatecachecriteria_cacheId_fk` (`cacheId`),
  KEY `craft_templatecachecriteria_type_idx` (`type`)
) ENGINE=InnoDB DEFAULT CHARSET=utf8 COLLATE=utf8_unicode_ci;

DROP TABLE IF EXISTS `craft_templatecacheelements`;


--
-- Schema for table `craft_templatecacheelements`
--
CREATE TABLE `craft_templatecacheelements` (
  `cacheId` int(11) NOT NULL,
  `elementId` int(11) NOT NULL,
  KEY `craft_templatecacheelements_cacheId_fk` (`cacheId`),
  KEY `craft_templatecacheelements_elementId_fk` (`elementId`)
) ENGINE=InnoDB DEFAULT CHARSET=utf8 COLLATE=utf8_unicode_ci;

DROP TABLE IF EXISTS `craft_templatecaches`;


--
-- Schema for table `craft_templatecaches`
--
CREATE TABLE `craft_templatecaches` (
  `id` int(11) NOT NULL AUTO_INCREMENT,
  `cacheKey` varchar(255) COLLATE utf8_unicode_ci NOT NULL,
  `locale` char(12) COLLATE utf8_unicode_ci NOT NULL,
  `path` varchar(255) COLLATE utf8_unicode_ci DEFAULT NULL,
  `expiryDate` datetime NOT NULL,
  `body` mediumtext COLLATE utf8_unicode_ci NOT NULL,
  PRIMARY KEY (`id`),
  KEY `craft_templatecaches_expiryDate_cacheKey_locale_path_idx` (`expiryDate`,`cacheKey`,`locale`,`path`),
  KEY `craft_templatecaches_locale_fk` (`locale`)
) ENGINE=InnoDB DEFAULT CHARSET=utf8 COLLATE=utf8_unicode_ci;

DROP TABLE IF EXISTS `craft_tokens`;


--
-- Schema for table `craft_tokens`
--
CREATE TABLE `craft_tokens` (
  `id` int(11) NOT NULL AUTO_INCREMENT,
  `token` char(32) COLLATE utf8_unicode_ci NOT NULL,
  `route` text COLLATE utf8_unicode_ci,
  `usageLimit` tinyint(3) unsigned DEFAULT NULL,
  `usageCount` tinyint(3) unsigned DEFAULT NULL,
  `expiryDate` datetime NOT NULL,
  `dateCreated` datetime NOT NULL,
  `dateUpdated` datetime NOT NULL,
  `uid` char(36) COLLATE utf8_unicode_ci NOT NULL DEFAULT '0',
  PRIMARY KEY (`id`),
  UNIQUE KEY `craft_tokens_token_unq_idx` (`token`),
  KEY `craft_tokens_expiryDate_idx` (`expiryDate`)
) ENGINE=InnoDB DEFAULT CHARSET=utf8 COLLATE=utf8_unicode_ci;

DROP TABLE IF EXISTS `craft_usergroups`;


--
-- Schema for table `craft_usergroups`
--
CREATE TABLE `craft_usergroups` (
  `id` int(11) NOT NULL AUTO_INCREMENT,
  `name` varchar(255) COLLATE utf8_unicode_ci NOT NULL,
  `handle` varchar(255) COLLATE utf8_unicode_ci NOT NULL,
  `dateCreated` datetime NOT NULL,
  `dateUpdated` datetime NOT NULL,
  `uid` char(36) COLLATE utf8_unicode_ci NOT NULL DEFAULT '0',
  PRIMARY KEY (`id`)
) ENGINE=InnoDB DEFAULT CHARSET=utf8 COLLATE=utf8_unicode_ci;

DROP TABLE IF EXISTS `craft_usergroups_users`;


--
-- Schema for table `craft_usergroups_users`
--
CREATE TABLE `craft_usergroups_users` (
  `id` int(11) NOT NULL AUTO_INCREMENT,
  `groupId` int(11) NOT NULL,
  `userId` int(11) NOT NULL,
  `dateCreated` datetime NOT NULL,
  `dateUpdated` datetime NOT NULL,
  `uid` char(36) COLLATE utf8_unicode_ci NOT NULL DEFAULT '0',
  PRIMARY KEY (`id`),
  UNIQUE KEY `craft_usergroups_users_groupId_userId_unq_idx` (`groupId`,`userId`),
  KEY `craft_usergroups_users_userId_fk` (`userId`)
) ENGINE=InnoDB DEFAULT CHARSET=utf8 COLLATE=utf8_unicode_ci;

DROP TABLE IF EXISTS `craft_userpermissions`;


--
-- Schema for table `craft_userpermissions`
--
CREATE TABLE `craft_userpermissions` (
  `id` int(11) NOT NULL AUTO_INCREMENT,
  `name` varchar(255) COLLATE utf8_unicode_ci NOT NULL,
  `dateCreated` datetime NOT NULL,
  `dateUpdated` datetime NOT NULL,
  `uid` char(36) COLLATE utf8_unicode_ci NOT NULL DEFAULT '0',
  PRIMARY KEY (`id`),
  UNIQUE KEY `craft_userpermissions_name_unq_idx` (`name`)
) ENGINE=InnoDB DEFAULT CHARSET=utf8 COLLATE=utf8_unicode_ci;

DROP TABLE IF EXISTS `craft_userpermissions_usergroups`;


--
-- Schema for table `craft_userpermissions_usergroups`
--
CREATE TABLE `craft_userpermissions_usergroups` (
  `id` int(11) NOT NULL AUTO_INCREMENT,
  `permissionId` int(11) NOT NULL,
  `groupId` int(11) NOT NULL,
  `dateCreated` datetime NOT NULL,
  `dateUpdated` datetime NOT NULL,
  `uid` char(36) COLLATE utf8_unicode_ci NOT NULL DEFAULT '0',
  PRIMARY KEY (`id`),
  UNIQUE KEY `craft_userpermissions_usergroups_permissionId_groupId_unq_idx` (`permissionId`,`groupId`),
  KEY `craft_userpermissions_usergroups_groupId_fk` (`groupId`)
) ENGINE=InnoDB DEFAULT CHARSET=utf8 COLLATE=utf8_unicode_ci;

DROP TABLE IF EXISTS `craft_userpermissions_users`;


--
-- Schema for table `craft_userpermissions_users`
--
CREATE TABLE `craft_userpermissions_users` (
  `id` int(11) NOT NULL AUTO_INCREMENT,
  `permissionId` int(11) NOT NULL,
  `userId` int(11) NOT NULL,
  `dateCreated` datetime NOT NULL,
  `dateUpdated` datetime NOT NULL,
  `uid` char(36) COLLATE utf8_unicode_ci NOT NULL DEFAULT '0',
  PRIMARY KEY (`id`),
  UNIQUE KEY `craft_userpermissions_users_permissionId_userId_unq_idx` (`permissionId`,`userId`),
  KEY `craft_userpermissions_users_userId_fk` (`userId`)
) ENGINE=InnoDB DEFAULT CHARSET=utf8 COLLATE=utf8_unicode_ci;

DROP TABLE IF EXISTS `craft_users`;


--
-- Schema for table `craft_users`
--
CREATE TABLE `craft_users` (
  `id` int(11) NOT NULL,
  `username` varchar(100) COLLATE utf8_unicode_ci NOT NULL,
  `photo` varchar(100) COLLATE utf8_unicode_ci DEFAULT NULL,
  `firstName` varchar(100) COLLATE utf8_unicode_ci DEFAULT NULL,
  `lastName` varchar(100) COLLATE utf8_unicode_ci DEFAULT NULL,
  `email` varchar(255) COLLATE utf8_unicode_ci NOT NULL,
  `password` char(255) COLLATE utf8_unicode_ci DEFAULT NULL,
  `preferredLocale` char(12) COLLATE utf8_unicode_ci DEFAULT NULL,
  `weekStartDay` tinyint(1) unsigned NOT NULL DEFAULT '0',
  `admin` tinyint(1) unsigned NOT NULL DEFAULT '0',
  `client` tinyint(1) unsigned NOT NULL DEFAULT '0',
  `locked` tinyint(1) unsigned NOT NULL DEFAULT '0',
  `suspended` tinyint(1) unsigned NOT NULL DEFAULT '0',
  `pending` tinyint(1) unsigned NOT NULL DEFAULT '0',
  `archived` tinyint(1) unsigned NOT NULL DEFAULT '0',
  `lastLoginDate` datetime DEFAULT NULL,
  `lastLoginAttemptIPAddress` varchar(45) COLLATE utf8_unicode_ci DEFAULT NULL,
  `invalidLoginWindowStart` datetime DEFAULT NULL,
  `invalidLoginCount` tinyint(4) unsigned DEFAULT NULL,
  `lastInvalidLoginDate` datetime DEFAULT NULL,
  `lockoutDate` datetime DEFAULT NULL,
  `verificationCode` char(100) COLLATE utf8_unicode_ci DEFAULT NULL,
  `verificationCodeIssuedDate` datetime DEFAULT NULL,
  `unverifiedEmail` varchar(255) COLLATE utf8_unicode_ci DEFAULT NULL,
  `passwordResetRequired` tinyint(1) unsigned NOT NULL DEFAULT '0',
  `lastPasswordChangeDate` datetime DEFAULT NULL,
  `dateCreated` datetime NOT NULL,
  `dateUpdated` datetime NOT NULL,
  `uid` char(36) COLLATE utf8_unicode_ci NOT NULL DEFAULT '0',
  PRIMARY KEY (`id`),
  UNIQUE KEY `craft_users_username_unq_idx` (`username`),
  UNIQUE KEY `craft_users_email_unq_idx` (`email`),
  KEY `craft_users_verificationCode_idx` (`verificationCode`),
  KEY `craft_users_uid_idx` (`uid`),
  KEY `craft_users_preferredLocale_fk` (`preferredLocale`)
) ENGINE=InnoDB DEFAULT CHARSET=utf8 COLLATE=utf8_unicode_ci;

--
-- Data for table `craft_users`
--

INSERT INTO `craft_users` (`id`, `username`, `photo`, `firstName`, `lastName`, `email`, `password`, `preferredLocale`, `weekStartDay`, `admin`, `client`, `locked`, `suspended`, `pending`, `archived`, `lastLoginDate`, `lastLoginAttemptIPAddress`, `invalidLoginWindowStart`, `invalidLoginCount`, `lastInvalidLoginDate`, `lockoutDate`, `verificationCode`, `verificationCodeIssuedDate`, `unverifiedEmail`, `passwordResetRequired`, `lastPasswordChangeDate`, `dateCreated`, `dateUpdated`, `uid`) VALUES
 ('1', 'norrishung', NULL, '', '', 'norris@codeforamerica.org', '$2y$13$fJLjTKU5zX8BW3DcMmNB8uQt0LAnZyHhbB5aSQENpIclqpBAITyfq', NULL, '0', '1', '0', '0', '0', '0', '0', '2016-01-06 18:48:29', '::1', NULL, NULL, '2016-01-06 18:48:24', NULL, NULL, NULL, NULL, '0', '2015-12-16 21:54:27', '2015-12-04 00:22:44', '2016-01-06 18:48:29', 'f2291e89-47a9-47e4-998e-e1a7e2157ba2');




DROP TABLE IF EXISTS `craft_widgets`;


--
-- Schema for table `craft_widgets`
--
CREATE TABLE `craft_widgets` (
  `id` int(11) NOT NULL AUTO_INCREMENT,
  `userId` int(11) NOT NULL,
  `type` varchar(150) COLLATE utf8_unicode_ci NOT NULL,
  `sortOrder` tinyint(4) DEFAULT NULL,
  `colspan` tinyint(4) unsigned DEFAULT NULL,
  `settings` text COLLATE utf8_unicode_ci,
  `enabled` tinyint(1) unsigned NOT NULL DEFAULT '1',
  `dateCreated` datetime NOT NULL,
  `dateUpdated` datetime NOT NULL,
  `uid` char(36) COLLATE utf8_unicode_ci NOT NULL DEFAULT '0',
  PRIMARY KEY (`id`),
  KEY `craft_widgets_userId_fk` (`userId`)
) ENGINE=InnoDB AUTO_INCREMENT=8 DEFAULT CHARSET=utf8 COLLATE=utf8_unicode_ci;

--
-- Data for table `craft_widgets`
--

INSERT INTO `craft_widgets` (`id`, `userId`, `type`, `sortOrder`, `colspan`, `settings`, `enabled`, `dateCreated`, `dateUpdated`, `uid`) VALUES
 ('1', '1', 'RecentEntries', '4', '1', '{\"section\":\"*\",\"limit\":\"10\"}', '1', '2015-12-04 00:32:35', '2015-12-10 20:27:19', '5e1b943f-08a6-4672-871a-7c5fca8af575'),
 ('2', '1', 'GetHelp', '2', NULL, NULL, '0', '2015-12-04 00:32:35', '2015-12-04 20:00:04', 'de6a2c70-7b19-42db-a749-5e08138d55c7'),
 ('3', '1', 'Updates', '5', '2', NULL, '1', '2015-12-04 00:32:35', '2015-12-10 20:27:23', '735c80d0-36d8-4834-a286-e10e100035b4'),
 ('4', '1', 'Feed', '4', NULL, '{\"url\":\"https:\\/\\/craftcms.com\\/news.rss\",\"title\":\"Craft News\"}', '0', '2015-12-04 00:32:35', '2015-12-04 19:59:49', '5bdd5e9c-01d9-43cf-8773-7cbe8afc5c96'),
 ('5', '1', 'QuickPost', '1', '1', '{\"section\":\"3\",\"entryType\":\"3\"}', '1', '2015-12-05 00:13:21', '2015-12-10 20:27:19', '1ab3db03-7198-4679-b717-e95f5dbef221'),
 ('6', '1', 'QuickPost', '2', NULL, '{\"section\":\"2\",\"entryType\":\"\"}', '1', '2015-12-10 20:27:01', '2015-12-10 20:27:19', '5a5616f7-f476-4b42-a103-61a1fd2c2d0b'),
 ('7', '1', 'QuickPost', '3', NULL, '{\"section\":\"4\",\"entryType\":\"\"}', '0', '2015-12-10 20:27:14', '2015-12-11 00:25:07', '4711133e-81cb-44f7-be4f-fe6ef559ad5f');



--
-- Constraints for tables
--


--
-- Constraints for table `craft_assetfiles`
--
ALTER TABLE `craft_assetfiles`
	ADD CONSTRAINT `craft_assetfiles_folderId_fk` FOREIGN KEY (`folderId`) REFERENCES `craft_assetfolders` (`id`) ON DELETE CASCADE,
	ADD CONSTRAINT `craft_assetfiles_id_fk` FOREIGN KEY (`id`) REFERENCES `craft_elements` (`id`) ON DELETE CASCADE,
	ADD CONSTRAINT `craft_assetfiles_sourceId_fk` FOREIGN KEY (`sourceId`) REFERENCES `craft_assetsources` (`id`) ON DELETE CASCADE;

--
-- Constraints for table `craft_assetfolders`
--
ALTER TABLE `craft_assetfolders`
	ADD CONSTRAINT `craft_assetfolders_parentId_fk` FOREIGN KEY (`parentId`) REFERENCES `craft_assetfolders` (`id`) ON DELETE CASCADE,
	ADD CONSTRAINT `craft_assetfolders_sourceId_fk` FOREIGN KEY (`sourceId`) REFERENCES `craft_assetsources` (`id`) ON DELETE CASCADE;

--
-- Constraints for table `craft_assetindexdata`
--
ALTER TABLE `craft_assetindexdata`
	ADD CONSTRAINT `craft_assetindexdata_sourceId_fk` FOREIGN KEY (`sourceId`) REFERENCES `craft_assetsources` (`id`) ON DELETE CASCADE;

--
-- Constraints for table `craft_assetsources`
--
ALTER TABLE `craft_assetsources`
	ADD CONSTRAINT `craft_assetsources_fieldLayoutId_fk` FOREIGN KEY (`fieldLayoutId`) REFERENCES `craft_fieldlayouts` (`id`) ON DELETE SET NULL;

--
-- Constraints for table `craft_categories`
--
ALTER TABLE `craft_categories`
	ADD CONSTRAINT `craft_categories_groupId_fk` FOREIGN KEY (`groupId`) REFERENCES `craft_categorygroups` (`id`) ON DELETE CASCADE,
	ADD CONSTRAINT `craft_categories_id_fk` FOREIGN KEY (`id`) REFERENCES `craft_elements` (`id`) ON DELETE CASCADE;

--
-- Constraints for table `craft_categorygroups`
--
ALTER TABLE `craft_categorygroups`
	ADD CONSTRAINT `craft_categorygroups_fieldLayoutId_fk` FOREIGN KEY (`fieldLayoutId`) REFERENCES `craft_fieldlayouts` (`id`) ON DELETE SET NULL,
	ADD CONSTRAINT `craft_categorygroups_structureId_fk` FOREIGN KEY (`structureId`) REFERENCES `craft_structures` (`id`) ON DELETE CASCADE;

--
-- Constraints for table `craft_categorygroups_i18n`
--
ALTER TABLE `craft_categorygroups_i18n`
	ADD CONSTRAINT `craft_categorygroups_i18n_groupId_fk` FOREIGN KEY (`groupId`) REFERENCES `craft_categorygroups` (`id`) ON DELETE CASCADE,
	ADD CONSTRAINT `craft_categorygroups_i18n_locale_fk` FOREIGN KEY (`locale`) REFERENCES `craft_locales` (`locale`) ON DELETE CASCADE ON UPDATE CASCADE;

--
-- Constraints for table `craft_content`
--
ALTER TABLE `craft_content`
	ADD CONSTRAINT `craft_content_elementId_fk` FOREIGN KEY (`elementId`) REFERENCES `craft_elements` (`id`) ON DELETE CASCADE,
	ADD CONSTRAINT `craft_content_locale_fk` FOREIGN KEY (`locale`) REFERENCES `craft_locales` (`locale`) ON DELETE CASCADE ON UPDATE CASCADE;

--
-- Constraints for table `craft_elements_i18n`
--
ALTER TABLE `craft_elements_i18n`
	ADD CONSTRAINT `craft_elements_i18n_elementId_fk` FOREIGN KEY (`elementId`) REFERENCES `craft_elements` (`id`) ON DELETE CASCADE,
	ADD CONSTRAINT `craft_elements_i18n_locale_fk` FOREIGN KEY (`locale`) REFERENCES `craft_locales` (`locale`) ON DELETE CASCADE ON UPDATE CASCADE;

--
-- Constraints for table `craft_emailmessages`
--
ALTER TABLE `craft_emailmessages`
	ADD CONSTRAINT `craft_emailmessages_locale_fk` FOREIGN KEY (`locale`) REFERENCES `craft_locales` (`locale`) ON DELETE CASCADE ON UPDATE CASCADE;

--
-- Constraints for table `craft_entries`
--
ALTER TABLE `craft_entries`
	ADD CONSTRAINT `craft_entries_authorId_fk` FOREIGN KEY (`authorId`) REFERENCES `craft_users` (`id`) ON DELETE CASCADE,
	ADD CONSTRAINT `craft_entries_id_fk` FOREIGN KEY (`id`) REFERENCES `craft_elements` (`id`) ON DELETE CASCADE,
	ADD CONSTRAINT `craft_entries_sectionId_fk` FOREIGN KEY (`sectionId`) REFERENCES `craft_sections` (`id`) ON DELETE CASCADE,
	ADD CONSTRAINT `craft_entries_typeId_fk` FOREIGN KEY (`typeId`) REFERENCES `craft_entrytypes` (`id`) ON DELETE CASCADE;

--
-- Constraints for table `craft_entrydrafts`
--
ALTER TABLE `craft_entrydrafts`
	ADD CONSTRAINT `craft_entrydrafts_creatorId_fk` FOREIGN KEY (`creatorId`) REFERENCES `craft_users` (`id`) ON DELETE CASCADE,
	ADD CONSTRAINT `craft_entrydrafts_entryId_fk` FOREIGN KEY (`entryId`) REFERENCES `craft_entries` (`id`) ON DELETE CASCADE,
	ADD CONSTRAINT `craft_entrydrafts_locale_fk` FOREIGN KEY (`locale`) REFERENCES `craft_locales` (`locale`) ON DELETE CASCADE ON UPDATE CASCADE,
	ADD CONSTRAINT `craft_entrydrafts_sectionId_fk` FOREIGN KEY (`sectionId`) REFERENCES `craft_sections` (`id`) ON DELETE CASCADE;

--
-- Constraints for table `craft_entrytypes`
--
ALTER TABLE `craft_entrytypes`
	ADD CONSTRAINT `craft_entrytypes_fieldLayoutId_fk` FOREIGN KEY (`fieldLayoutId`) REFERENCES `craft_fieldlayouts` (`id`) ON DELETE SET NULL,
	ADD CONSTRAINT `craft_entrytypes_sectionId_fk` FOREIGN KEY (`sectionId`) REFERENCES `craft_sections` (`id`) ON DELETE CASCADE;

--
-- Constraints for table `craft_entryversions`
--
ALTER TABLE `craft_entryversions`
	ADD CONSTRAINT `craft_entryversions_creatorId_fk` FOREIGN KEY (`creatorId`) REFERENCES `craft_users` (`id`) ON DELETE SET NULL,
	ADD CONSTRAINT `craft_entryversions_entryId_fk` FOREIGN KEY (`entryId`) REFERENCES `craft_entries` (`id`) ON DELETE CASCADE,
	ADD CONSTRAINT `craft_entryversions_locale_fk` FOREIGN KEY (`locale`) REFERENCES `craft_locales` (`locale`) ON DELETE CASCADE ON UPDATE CASCADE,
	ADD CONSTRAINT `craft_entryversions_sectionId_fk` FOREIGN KEY (`sectionId`) REFERENCES `craft_sections` (`id`) ON DELETE CASCADE;

--
-- Constraints for table `craft_fieldlayoutfields`
--
ALTER TABLE `craft_fieldlayoutfields`
	ADD CONSTRAINT `craft_fieldlayoutfields_fieldId_fk` FOREIGN KEY (`fieldId`) REFERENCES `craft_fields` (`id`) ON DELETE CASCADE,
	ADD CONSTRAINT `craft_fieldlayoutfields_layoutId_fk` FOREIGN KEY (`layoutId`) REFERENCES `craft_fieldlayouts` (`id`) ON DELETE CASCADE,
	ADD CONSTRAINT `craft_fieldlayoutfields_tabId_fk` FOREIGN KEY (`tabId`) REFERENCES `craft_fieldlayouttabs` (`id`) ON DELETE CASCADE;

--
-- Constraints for table `craft_fieldlayouttabs`
--
ALTER TABLE `craft_fieldlayouttabs`
	ADD CONSTRAINT `craft_fieldlayouttabs_layoutId_fk` FOREIGN KEY (`layoutId`) REFERENCES `craft_fieldlayouts` (`id`) ON DELETE CASCADE;

--
-- Constraints for table `craft_fields`
--
ALTER TABLE `craft_fields`
	ADD CONSTRAINT `craft_fields_groupId_fk` FOREIGN KEY (`groupId`) REFERENCES `craft_fieldgroups` (`id`) ON DELETE CASCADE;

--
-- Constraints for table `craft_globalsets`
--
ALTER TABLE `craft_globalsets`
	ADD CONSTRAINT `craft_globalsets_fieldLayoutId_fk` FOREIGN KEY (`fieldLayoutId`) REFERENCES `craft_fieldlayouts` (`id`) ON DELETE SET NULL,
	ADD CONSTRAINT `craft_globalsets_id_fk` FOREIGN KEY (`id`) REFERENCES `craft_elements` (`id`) ON DELETE CASCADE;

--
-- Constraints for table `craft_matrixblocks`
--
ALTER TABLE `craft_matrixblocks`
	ADD CONSTRAINT `craft_matrixblocks_fieldId_fk` FOREIGN KEY (`fieldId`) REFERENCES `craft_fields` (`id`) ON DELETE CASCADE,
	ADD CONSTRAINT `craft_matrixblocks_id_fk` FOREIGN KEY (`id`) REFERENCES `craft_elements` (`id`) ON DELETE CASCADE,
	ADD CONSTRAINT `craft_matrixblocks_ownerId_fk` FOREIGN KEY (`ownerId`) REFERENCES `craft_elements` (`id`) ON DELETE CASCADE,
	ADD CONSTRAINT `craft_matrixblocks_ownerLocale_fk` FOREIGN KEY (`ownerLocale`) REFERENCES `craft_locales` (`locale`) ON DELETE CASCADE ON UPDATE CASCADE,
	ADD CONSTRAINT `craft_matrixblocks_typeId_fk` FOREIGN KEY (`typeId`) REFERENCES `craft_matrixblocktypes` (`id`) ON DELETE CASCADE;

--
-- Constraints for table `craft_matrixblocktypes`
--
ALTER TABLE `craft_matrixblocktypes`
	ADD CONSTRAINT `craft_matrixblocktypes_fieldId_fk` FOREIGN KEY (`fieldId`) REFERENCES `craft_fields` (`id`) ON DELETE CASCADE,
	ADD CONSTRAINT `craft_matrixblocktypes_fieldLayoutId_fk` FOREIGN KEY (`fieldLayoutId`) REFERENCES `craft_fieldlayouts` (`id`) ON DELETE SET NULL;

--
-- Constraints for table `craft_matrixcontent_body`
--
ALTER TABLE `craft_matrixcontent_body`
	ADD CONSTRAINT `craft_matrixcontent_body_elementId_fk` FOREIGN KEY (`elementId`) REFERENCES `craft_elements` (`id`) ON DELETE CASCADE,
	ADD CONSTRAINT `craft_matrixcontent_body_locale_fk` FOREIGN KEY (`locale`) REFERENCES `craft_locales` (`locale`) ON DELETE CASCADE ON UPDATE CASCADE;

--
-- Constraints for table `craft_migrations`
--
ALTER TABLE `craft_migrations`
	ADD CONSTRAINT `craft_migrations_pluginId_fk` FOREIGN KEY (`pluginId`) REFERENCES `craft_plugins` (`id`) ON DELETE CASCADE;

--
-- Constraints for table `craft_relations`
--
ALTER TABLE `craft_relations`
	ADD CONSTRAINT `craft_relations_fieldId_fk` FOREIGN KEY (`fieldId`) REFERENCES `craft_fields` (`id`) ON DELETE CASCADE,
	ADD CONSTRAINT `craft_relations_sourceId_fk` FOREIGN KEY (`sourceId`) REFERENCES `craft_elements` (`id`) ON DELETE CASCADE,
	ADD CONSTRAINT `craft_relations_sourceLocale_fk` FOREIGN KEY (`sourceLocale`) REFERENCES `craft_locales` (`locale`) ON DELETE CASCADE ON UPDATE CASCADE,
	ADD CONSTRAINT `craft_relations_targetId_fk` FOREIGN KEY (`targetId`) REFERENCES `craft_elements` (`id`) ON DELETE CASCADE;

--
-- Constraints for table `craft_routes`
--
ALTER TABLE `craft_routes`
	ADD CONSTRAINT `craft_routes_locale_fk` FOREIGN KEY (`locale`) REFERENCES `craft_locales` (`locale`) ON DELETE CASCADE ON UPDATE CASCADE;

--
-- Constraints for table `craft_sections`
--
ALTER TABLE `craft_sections`
	ADD CONSTRAINT `craft_sections_structureId_fk` FOREIGN KEY (`structureId`) REFERENCES `craft_structures` (`id`) ON DELETE SET NULL;

--
-- Constraints for table `craft_sections_i18n`
--
ALTER TABLE `craft_sections_i18n`
	ADD CONSTRAINT `craft_sections_i18n_locale_fk` FOREIGN KEY (`locale`) REFERENCES `craft_locales` (`locale`) ON DELETE CASCADE ON UPDATE CASCADE,
	ADD CONSTRAINT `craft_sections_i18n_sectionId_fk` FOREIGN KEY (`sectionId`) REFERENCES `craft_sections` (`id`) ON DELETE CASCADE;

--
-- Constraints for table `craft_sessions`
--
ALTER TABLE `craft_sessions`
	ADD CONSTRAINT `craft_sessions_userId_fk` FOREIGN KEY (`userId`) REFERENCES `craft_users` (`id`) ON DELETE CASCADE;

--
-- Constraints for table `craft_shunnedmessages`
--
ALTER TABLE `craft_shunnedmessages`
	ADD CONSTRAINT `craft_shunnedmessages_userId_fk` FOREIGN KEY (`userId`) REFERENCES `craft_users` (`id`) ON DELETE CASCADE;

--
-- Constraints for table `craft_structureelements`
--
ALTER TABLE `craft_structureelements`
	ADD CONSTRAINT `craft_structureelements_elementId_fk` FOREIGN KEY (`elementId`) REFERENCES `craft_elements` (`id`) ON DELETE CASCADE,
	ADD CONSTRAINT `craft_structureelements_structureId_fk` FOREIGN KEY (`structureId`) REFERENCES `craft_structures` (`id`) ON DELETE CASCADE;

--
-- Constraints for table `craft_taggroups`
--
ALTER TABLE `craft_taggroups`
	ADD CONSTRAINT `craft_taggroups_fieldLayoutId_fk` FOREIGN KEY (`fieldLayoutId`) REFERENCES `craft_fieldlayouts` (`id`) ON DELETE SET NULL;

--
-- Constraints for table `craft_tags`
--
ALTER TABLE `craft_tags`
	ADD CONSTRAINT `craft_tags_groupId_fk` FOREIGN KEY (`groupId`) REFERENCES `craft_taggroups` (`id`) ON DELETE CASCADE,
	ADD CONSTRAINT `craft_tags_id_fk` FOREIGN KEY (`id`) REFERENCES `craft_elements` (`id`) ON DELETE CASCADE;

--
-- Constraints for table `craft_templatecachecriteria`
--
ALTER TABLE `craft_templatecachecriteria`
	ADD CONSTRAINT `craft_templatecachecriteria_cacheId_fk` FOREIGN KEY (`cacheId`) REFERENCES `craft_templatecaches` (`id`) ON DELETE CASCADE;

--
-- Constraints for table `craft_templatecacheelements`
--
ALTER TABLE `craft_templatecacheelements`
	ADD CONSTRAINT `craft_templatecacheelements_cacheId_fk` FOREIGN KEY (`cacheId`) REFERENCES `craft_templatecaches` (`id`) ON DELETE CASCADE,
	ADD CONSTRAINT `craft_templatecacheelements_elementId_fk` FOREIGN KEY (`elementId`) REFERENCES `craft_elements` (`id`) ON DELETE CASCADE;

--
-- Constraints for table `craft_templatecaches`
--
ALTER TABLE `craft_templatecaches`
	ADD CONSTRAINT `craft_templatecaches_locale_fk` FOREIGN KEY (`locale`) REFERENCES `craft_locales` (`locale`) ON DELETE CASCADE ON UPDATE CASCADE;

--
-- Constraints for table `craft_usergroups_users`
--
ALTER TABLE `craft_usergroups_users`
	ADD CONSTRAINT `craft_usergroups_users_groupId_fk` FOREIGN KEY (`groupId`) REFERENCES `craft_usergroups` (`id`) ON DELETE CASCADE,
	ADD CONSTRAINT `craft_usergroups_users_userId_fk` FOREIGN KEY (`userId`) REFERENCES `craft_users` (`id`) ON DELETE CASCADE;

--
-- Constraints for table `craft_userpermissions_usergroups`
--
ALTER TABLE `craft_userpermissions_usergroups`
	ADD CONSTRAINT `craft_userpermissions_usergroups_groupId_fk` FOREIGN KEY (`groupId`) REFERENCES `craft_usergroups` (`id`) ON DELETE CASCADE,
	ADD CONSTRAINT `craft_userpermissions_usergroups_permissionId_fk` FOREIGN KEY (`permissionId`) REFERENCES `craft_userpermissions` (`id`) ON DELETE CASCADE;

--
-- Constraints for table `craft_userpermissions_users`
--
ALTER TABLE `craft_userpermissions_users`
	ADD CONSTRAINT `craft_userpermissions_users_permissionId_fk` FOREIGN KEY (`permissionId`) REFERENCES `craft_userpermissions` (`id`) ON DELETE CASCADE,
	ADD CONSTRAINT `craft_userpermissions_users_userId_fk` FOREIGN KEY (`userId`) REFERENCES `craft_users` (`id`) ON DELETE CASCADE;

--
-- Constraints for table `craft_users`
--
ALTER TABLE `craft_users`
	ADD CONSTRAINT `craft_users_id_fk` FOREIGN KEY (`id`) REFERENCES `craft_elements` (`id`) ON DELETE CASCADE,
	ADD CONSTRAINT `craft_users_preferredLocale_fk` FOREIGN KEY (`preferredLocale`) REFERENCES `craft_locales` (`locale`) ON DELETE SET NULL ON UPDATE CASCADE;

--
-- Constraints for table `craft_widgets`
--
ALTER TABLE `craft_widgets`
	ADD CONSTRAINT `craft_widgets_userId_fk` FOREIGN KEY (`userId`) REFERENCES `craft_users` (`id`) ON DELETE CASCADE;

SET FOREIGN_KEY_CHECKS = 1;
