-- Generated by Craft v2.5.2754 on Dec 11, 2015, 2:05:58 AM.

--
-- Disable foreign key checks and autocommit.
--

SET FOREIGN_KEY_CHECKS = 0;
SET SQL_MODE = "NO_AUTO_VALUE_ON_ZERO";
SET AUTOCOMMIT = 0;
SET NAMES utf8;


DROP TABLE IF EXISTS `craft_assetfiles`;


--
-- Schema for table `craft_assetfiles`
--
CREATE TABLE `craft_assetfiles` (
  `id` int(11) NOT NULL,
  `sourceId` int(11) DEFAULT NULL,
  `folderId` int(11) NOT NULL,
  `filename` varchar(255) COLLATE utf8_unicode_ci NOT NULL,
  `kind` varchar(50) COLLATE utf8_unicode_ci NOT NULL DEFAULT 'unknown',
  `width` int(11) unsigned DEFAULT NULL,
  `height` int(11) unsigned DEFAULT NULL,
  `size` int(11) unsigned DEFAULT NULL,
  `dateModified` datetime DEFAULT NULL,
  `dateCreated` datetime NOT NULL,
  `dateUpdated` datetime NOT NULL,
  `uid` char(36) COLLATE utf8_unicode_ci NOT NULL DEFAULT '0',
  PRIMARY KEY (`id`),
  UNIQUE KEY `craft_assetfiles_filename_folderId_unq_idx` (`filename`,`folderId`),
  KEY `craft_assetfiles_sourceId_fk` (`sourceId`),
  KEY `craft_assetfiles_folderId_fk` (`folderId`)
) ENGINE=InnoDB DEFAULT CHARSET=utf8 COLLATE=utf8_unicode_ci;

DROP TABLE IF EXISTS `craft_assetfolders`;


--
-- Schema for table `craft_assetfolders`
--
CREATE TABLE `craft_assetfolders` (
  `id` int(11) NOT NULL AUTO_INCREMENT,
  `parentId` int(11) DEFAULT NULL,
  `sourceId` int(11) DEFAULT NULL,
  `name` varchar(255) COLLATE utf8_unicode_ci NOT NULL,
  `path` varchar(255) COLLATE utf8_unicode_ci DEFAULT NULL,
  `dateCreated` datetime NOT NULL,
  `dateUpdated` datetime NOT NULL,
  `uid` char(36) COLLATE utf8_unicode_ci NOT NULL DEFAULT '0',
  PRIMARY KEY (`id`),
  UNIQUE KEY `craft_assetfolders_name_parentId_sourceId_unq_idx` (`name`,`parentId`,`sourceId`),
  KEY `craft_assetfolders_parentId_fk` (`parentId`),
  KEY `craft_assetfolders_sourceId_fk` (`sourceId`)
) ENGINE=InnoDB AUTO_INCREMENT=3 DEFAULT CHARSET=utf8 COLLATE=utf8_unicode_ci;

--
-- Data for table `craft_assetfolders`
--

INSERT INTO `craft_assetfolders` (`id`, `parentId`, `sourceId`, `name`, `path`, `dateCreated`, `dateUpdated`, `uid`) VALUES ('1', NULL, '1', 'Images', '', '2015-12-11 00:59:05', '2015-12-11 00:59:05', 'ce6dffd2-b469-4a34-8199-f8d8b017c937');
INSERT INTO `craft_assetfolders` (`id`, `parentId`, `sourceId`, `name`, `path`, `dateCreated`, `dateUpdated`, `uid`) VALUES ('2', NULL, '2', 'Hero Images', '', '2015-12-11 01:00:09', '2015-12-11 01:00:09', '62cb8b4e-d395-4c33-9441-1c8f2d040925');



DROP TABLE IF EXISTS `craft_assetindexdata`;


--
-- Schema for table `craft_assetindexdata`
--
CREATE TABLE `craft_assetindexdata` (
  `id` int(11) NOT NULL AUTO_INCREMENT,
  `sessionId` varchar(36) COLLATE utf8_unicode_ci NOT NULL DEFAULT '',
  `sourceId` int(10) NOT NULL,
  `offset` int(10) NOT NULL,
  `uri` varchar(255) COLLATE utf8_unicode_ci DEFAULT NULL,
  `size` int(10) DEFAULT NULL,
  `recordId` int(10) DEFAULT NULL,
  `dateCreated` datetime NOT NULL,
  `dateUpdated` datetime NOT NULL,
  `uid` char(36) COLLATE utf8_unicode_ci NOT NULL DEFAULT '0',
  PRIMARY KEY (`id`),
  UNIQUE KEY `craft_assetindexdata_sessionId_sourceId_offset_unq_idx` (`sessionId`,`sourceId`,`offset`),
  KEY `craft_assetindexdata_sourceId_fk` (`sourceId`)
) ENGINE=InnoDB DEFAULT CHARSET=utf8 COLLATE=utf8_unicode_ci;

DROP TABLE IF EXISTS `craft_assetsources`;


--
-- Schema for table `craft_assetsources`
--
CREATE TABLE `craft_assetsources` (
  `id` int(11) NOT NULL AUTO_INCREMENT,
  `name` varchar(255) COLLATE utf8_unicode_ci NOT NULL,
  `handle` varchar(255) COLLATE utf8_unicode_ci NOT NULL,
  `type` varchar(150) COLLATE utf8_unicode_ci NOT NULL,
  `settings` text COLLATE utf8_unicode_ci,
  `sortOrder` tinyint(4) DEFAULT NULL,
  `fieldLayoutId` int(10) DEFAULT NULL,
  `dateCreated` datetime NOT NULL,
  `dateUpdated` datetime NOT NULL,
  `uid` char(36) COLLATE utf8_unicode_ci NOT NULL DEFAULT '0',
  PRIMARY KEY (`id`),
  UNIQUE KEY `craft_assetsources_name_unq_idx` (`name`),
  UNIQUE KEY `craft_assetsources_handle_unq_idx` (`handle`),
  KEY `craft_assetsources_fieldLayoutId_fk` (`fieldLayoutId`)
) ENGINE=InnoDB AUTO_INCREMENT=3 DEFAULT CHARSET=utf8 COLLATE=utf8_unicode_ci;

--
-- Data for table `craft_assetsources`
--

INSERT INTO `craft_assetsources` (`id`, `name`, `handle`, `type`, `settings`, `sortOrder`, `fieldLayoutId`, `dateCreated`, `dateUpdated`, `uid`) VALUES ('1', 'Images', 'images', 'Local', '{\"path\":\"\\/Users\\/norrishung\\/Sites\\/craft_oakland\\/public\\/resources\\/img\\/\",\"url\":\"\\/resources\\/img\\/\"}', '1', '30', '2015-12-11 00:59:05', '2015-12-11 00:59:05', '04045498-4a35-40f9-8c29-d81ed418aa6c');
INSERT INTO `craft_assetsources` (`id`, `name`, `handle`, `type`, `settings`, `sortOrder`, `fieldLayoutId`, `dateCreated`, `dateUpdated`, `uid`) VALUES ('2', 'Hero Images', 'heroImages', 'Local', '{\"path\":\"\\/Users\\/norrishung\\/Sites\\/craft_oakland\\/public\\/resources\\/img\\/\",\"url\":\"\\/resources\\/img\\/\"}', '2', '35', '2015-12-11 01:00:09', '2015-12-11 01:05:56', '3ae1c873-697f-4fcd-8f86-b8e7693d42e2');



DROP TABLE IF EXISTS `craft_assettransformindex`;


--
-- Schema for table `craft_assettransformindex`
--
CREATE TABLE `craft_assettransformindex` (
  `id` int(11) NOT NULL AUTO_INCREMENT,
  `fileId` int(11) NOT NULL,
  `filename` varchar(255) COLLATE utf8_unicode_ci DEFAULT NULL,
  `format` varchar(255) COLLATE utf8_unicode_ci DEFAULT NULL,
  `location` varchar(255) COLLATE utf8_unicode_ci NOT NULL,
  `sourceId` int(11) DEFAULT NULL,
  `fileExists` tinyint(1) DEFAULT NULL,
  `inProgress` tinyint(1) DEFAULT NULL,
  `dateIndexed` datetime DEFAULT NULL,
  `dateCreated` datetime NOT NULL,
  `dateUpdated` datetime NOT NULL,
  `uid` char(36) COLLATE utf8_unicode_ci NOT NULL DEFAULT '0',
  PRIMARY KEY (`id`),
  KEY `craft_assettransformindex_sourceId_fileId_location_idx` (`sourceId`,`fileId`,`location`)
) ENGINE=InnoDB DEFAULT CHARSET=utf8 COLLATE=utf8_unicode_ci;

DROP TABLE IF EXISTS `craft_assettransforms`;


--
-- Schema for table `craft_assettransforms`
--
CREATE TABLE `craft_assettransforms` (
  `id` int(11) NOT NULL AUTO_INCREMENT,
  `name` varchar(255) COLLATE utf8_unicode_ci NOT NULL,
  `handle` varchar(255) COLLATE utf8_unicode_ci NOT NULL,
  `mode` enum('stretch','fit','crop') COLLATE utf8_unicode_ci NOT NULL DEFAULT 'crop',
  `position` enum('top-left','top-center','top-right','center-left','center-center','center-right','bottom-left','bottom-center','bottom-right') COLLATE utf8_unicode_ci NOT NULL DEFAULT 'center-center',
  `height` int(10) DEFAULT NULL,
  `width` int(10) DEFAULT NULL,
  `format` varchar(255) COLLATE utf8_unicode_ci DEFAULT NULL,
  `quality` int(10) DEFAULT NULL,
  `dimensionChangeTime` datetime DEFAULT NULL,
  `dateCreated` datetime NOT NULL,
  `dateUpdated` datetime NOT NULL,
  `uid` char(36) COLLATE utf8_unicode_ci NOT NULL DEFAULT '0',
  PRIMARY KEY (`id`),
  UNIQUE KEY `craft_assettransforms_name_unq_idx` (`name`),
  UNIQUE KEY `craft_assettransforms_handle_unq_idx` (`handle`)
) ENGINE=InnoDB DEFAULT CHARSET=utf8 COLLATE=utf8_unicode_ci;

DROP TABLE IF EXISTS `craft_categories`;


--
-- Schema for table `craft_categories`
--
CREATE TABLE `craft_categories` (
  `id` int(11) NOT NULL,
  `groupId` int(11) NOT NULL,
  `dateCreated` datetime NOT NULL,
  `dateUpdated` datetime NOT NULL,
  `uid` char(36) COLLATE utf8_unicode_ci NOT NULL DEFAULT '0',
  PRIMARY KEY (`id`),
  KEY `craft_categories_groupId_fk` (`groupId`)
) ENGINE=InnoDB DEFAULT CHARSET=utf8 COLLATE=utf8_unicode_ci;

DROP TABLE IF EXISTS `craft_categorygroups`;


--
-- Schema for table `craft_categorygroups`
--
CREATE TABLE `craft_categorygroups` (
  `id` int(11) NOT NULL AUTO_INCREMENT,
  `structureId` int(11) NOT NULL,
  `fieldLayoutId` int(11) DEFAULT NULL,
  `name` varchar(255) COLLATE utf8_unicode_ci NOT NULL,
  `handle` varchar(255) COLLATE utf8_unicode_ci NOT NULL,
  `hasUrls` tinyint(1) unsigned NOT NULL DEFAULT '1',
  `template` varchar(500) COLLATE utf8_unicode_ci DEFAULT NULL,
  `dateCreated` datetime NOT NULL,
  `dateUpdated` datetime NOT NULL,
  `uid` char(36) COLLATE utf8_unicode_ci NOT NULL DEFAULT '0',
  PRIMARY KEY (`id`),
  UNIQUE KEY `craft_categorygroups_name_unq_idx` (`name`),
  UNIQUE KEY `craft_categorygroups_handle_unq_idx` (`handle`),
  KEY `craft_categorygroups_structureId_fk` (`structureId`),
  KEY `craft_categorygroups_fieldLayoutId_fk` (`fieldLayoutId`)
) ENGINE=InnoDB DEFAULT CHARSET=utf8 COLLATE=utf8_unicode_ci;

DROP TABLE IF EXISTS `craft_categorygroups_i18n`;


--
-- Schema for table `craft_categorygroups_i18n`
--
CREATE TABLE `craft_categorygroups_i18n` (
  `id` int(11) NOT NULL AUTO_INCREMENT,
  `groupId` int(11) NOT NULL,
  `locale` char(12) COLLATE utf8_unicode_ci NOT NULL,
  `urlFormat` text COLLATE utf8_unicode_ci,
  `nestedUrlFormat` text COLLATE utf8_unicode_ci,
  `dateCreated` datetime NOT NULL,
  `dateUpdated` datetime NOT NULL,
  `uid` char(36) COLLATE utf8_unicode_ci NOT NULL DEFAULT '0',
  PRIMARY KEY (`id`),
  UNIQUE KEY `craft_categorygroups_i18n_groupId_locale_unq_idx` (`groupId`,`locale`),
  KEY `craft_categorygroups_i18n_locale_fk` (`locale`)
) ENGINE=InnoDB DEFAULT CHARSET=utf8 COLLATE=utf8_unicode_ci;

DROP TABLE IF EXISTS `craft_content`;


--
-- Schema for table `craft_content`
--
CREATE TABLE `craft_content` (
  `id` int(11) NOT NULL AUTO_INCREMENT,
  `elementId` int(11) NOT NULL,
  `locale` char(12) COLLATE utf8_unicode_ci NOT NULL,
  `title` varchar(255) COLLATE utf8_unicode_ci DEFAULT NULL,
  `field_CTATitle` varchar(30) COLLATE utf8_unicode_ci DEFAULT NULL,
  `field_leadIn` text COLLATE utf8_unicode_ci,
  `field_CTALink` text COLLATE utf8_unicode_ci,
  `field_body` text COLLATE utf8_unicode_ci,
  `field_postDate` datetime DEFAULT NULL,
  `field_summary` text COLLATE utf8_unicode_ci,
  `field_about` text COLLATE utf8_unicode_ci,
  `field_departmentHead` text COLLATE utf8_unicode_ci,
  `field_departmentstaff` text COLLATE utf8_unicode_ci,
  `field_welcome` varchar(180) COLLATE utf8_unicode_ci DEFAULT NULL,
  `dateCreated` datetime NOT NULL,
  `dateUpdated` datetime NOT NULL,
  `uid` char(36) COLLATE utf8_unicode_ci NOT NULL DEFAULT '0',
  PRIMARY KEY (`id`),
  UNIQUE KEY `craft_content_elementId_locale_unq_idx` (`elementId`,`locale`),
  KEY `craft_content_title_idx` (`title`),
  KEY `craft_content_locale_fk` (`locale`)
) ENGINE=InnoDB AUTO_INCREMENT=17 DEFAULT CHARSET=utf8 COLLATE=utf8_unicode_ci;

--
-- Data for table `craft_content`
--

INSERT INTO `craft_content` (`id`, `elementId`, `locale`, `title`, `field_CTATitle`, `field_leadIn`, `field_CTALink`, `field_body`, `field_postDate`, `field_summary`, `field_about`, `field_departmentHead`, `field_departmentstaff`, `field_welcome`, `dateCreated`, `dateUpdated`, `uid`) VALUES ('1', '1', 'en_us', NULL, NULL, NULL, NULL, NULL, NULL, NULL, NULL, NULL, NULL, NULL, '2015-12-04 00:22:44', '2015-12-04 00:22:44', 'b403ce75-c3c7-408b-a795-84c9ccd5bf81');
INSERT INTO `craft_content` (`id`, `elementId`, `locale`, `title`, `field_CTATitle`, `field_leadIn`, `field_CTALink`, `field_body`, `field_postDate`, `field_summary`, `field_about`, `field_departmentHead`, `field_departmentstaff`, `field_welcome`, `dateCreated`, `dateUpdated`, `uid`) VALUES ('2', '2', 'en_us', 'Home', NULL, NULL, NULL, '<p>The best place to find information and services from the City of Oakland.</p>', NULL, NULL, NULL, NULL, NULL, 'Welcome to Oakland, California', '2015-12-04 00:22:47', '2015-12-10 23:59:56', 'a94844d9-6b3a-40d6-b53b-125cd1f81e46');
INSERT INTO `craft_content` (`id`, `elementId`, `locale`, `title`, `field_CTATitle`, `field_leadIn`, `field_CTALink`, `field_body`, `field_postDate`, `field_summary`, `field_about`, `field_departmentHead`, `field_departmentstaff`, `field_welcome`, `dateCreated`, `dateUpdated`, `uid`) VALUES ('5', '5', 'en_us', 'Parking', NULL, 'Including parking permits and paying parking citations', NULL, NULL, NULL, NULL, NULL, NULL, NULL, NULL, '2015-12-04 20:08:13', '2015-12-04 21:34:11', 'e29ab68e-7329-4955-9e02-05eb2d9d31d3');
INSERT INTO `craft_content` (`id`, `elementId`, `locale`, `title`, `field_CTATitle`, `field_leadIn`, `field_CTALink`, `field_body`, `field_postDate`, `field_summary`, `field_about`, `field_departmentHead`, `field_departmentstaff`, `field_welcome`, `dateCreated`, `dateUpdated`, `uid`) VALUES ('6', '6', 'en_us', 'Pay a Parking Ticket', 'Pay your ticket online', 'This page provides information on how to pay a parking ticket in the City of Oakland', 'https://prodpci.etimspayments.com/pbw/include/oakland/input.jsp', '<h2 id=\"what-you-need-to-know\">What You Need to Know</h2>\r\n\r\n<ul>\r\n  <li>You can pay online using Visa, MasterCard, Discover or American Express</li>\r\n  <li>You have 21 days after the date the ticket was written to make a payment.</li>\r\n</ul>\r\n\r\n\r\n\r\n\r\n\r\n\r\n\r\n\r\n\r\n\r\n\r\n<h2 id=\"ways-to-pay\">Ways to Pay</h2>\r\n\r\n\r\n\r\n\r\n\r\n\r\n\r\n\r\n\r\n\r\n\r\n\r\n\r\n<h3 id=\"in-person\">In Person</h3>\r\n\r\n\r\n\r\n\r\n\r\n\r\n\r\n\r\n\r\n\r\n\r\n\r\n\r\n<p>You can pay your ticket at the Parking Citation Assistance Center.</p>\r\n\r\n\r\n\r\n\r\n\r\n\r\n\r\n\r\n\r\n\r\n\r\n\r\n\r\n<table>\r\n<thead>\r\n<tr><th>Location</th><th>Hours</th></tr>\r\n</thead>\r\n<tbody>\r\n<tr><td style=\"background-color:white\">\r\nParking Citation Assistance Center\r\n250 Frank H. Ogawa Plaza, Suite 6300\r\nOakland, CA 94612\r\nPhone: (800) 500-6484\r\n</td><td>\r\nMondays, Tuesdays, Thursdays and Fridays from 9 a.m. to 4:30 p.m.\r\nWednesdays from 9:30 a.m. to 4:30 p.m.\r\n</td></tr>\r\n</tbody>\r\n</table>\r\n\r\n\r\n\r\n\r\n\r\n\r\n\r\n\r\n\r\n\r\n\r\n\r\n\r\n<p><strong>Additional locations:</strong></p>\r\n\r\n\r\n\r\n\r\n\r\n\r\n\r\n\r\n\r\n\r\n\r\n\r\n\r\n<ul>\r\n  <li>Parking ticket payment kiosks at 250 Frank H. Ogawa Plaza, Monday through Friday from 8:30 a.m. to 5 p.m.</li>\r\n  <li>Eastmont Police Substation, 2651 73rd Avenue, Monday through Saturday from 8:00 a.m. to 4 p.m.</li>\r\n</ul>\r\n\r\n\r\n\r\n\r\n\r\n\r\n\r\n\r\n\r\n\r\n\r\n\r\n\r\n<h3 id=\"by-mail\">By Mail</h3>\r\n\r\n\r\n\r\n\r\n\r\n\r\n\r\n\r\n\r\n\r\n\r\n\r\n\r\n<p>Mail your parking ticket and the full payment to:</p>\r\n\r\n\r\n\r\n\r\n\r\n\r\n\r\n\r\n\r\n\r\n\r\n\r\n\r\n<p>Parking Citation Assistance Center</p>\r\n\r\n\r\n\r\n\r\n\r\n\r\n\r\n\r\n\r\n\r\n\r\n\r\n\r\n<p>250 Frank H. Ogawa Plaza, Suite 6300</p>\r\n\r\n\r\n\r\n\r\n\r\n\r\n\r\n\r\n\r\n\r\n\r\n\r\n\r\n<p>Oakland, CA 94612</p>\r\n\r\n\r\n\r\n\r\n\r\n\r\n\r\n\r\n\r\n\r\n\r\n\r\n\r\n<h3 id=\"by-phone\">By Phone</h3>\r\n\r\n\r\n\r\n\r\n\r\n\r\n\r\n\r\n\r\n\r\n\r\n\r\n\r\n<table>\r\n<thead>\r\n<tr><th>Location</th><th>Methods of Payment</th></tr>\r\n</thead>\r\n<tbody>\r\n<tr><td style=\"background-color:white\">\r\nParking Citation Assistance Center\r\nPhone: (800) 500-6484\r\n</td><td>\r\nCredit cards: Visa, Mastercard, Discover or American Express\r\n</td></tr>\r\n</tbody>\r\n</table>', NULL, NULL, NULL, NULL, NULL, NULL, '2015-12-04 20:08:33', '2015-12-05 00:40:55', 'f20d6c8d-e817-4c50-a206-5cecfcf7d257');
INSERT INTO `craft_content` (`id`, `elementId`, `locale`, `title`, `field_CTATitle`, `field_leadIn`, `field_CTALink`, `field_body`, `field_postDate`, `field_summary`, `field_about`, `field_departmentHead`, `field_departmentstaff`, `field_welcome`, `dateCreated`, `dateUpdated`, `uid`) VALUES ('7', '11', 'en_us', 'Free Parking on Plaid Friday & Saturdays until New Year\'s', NULL, NULL, NULL, '<p>As part of the Shop Oakland Grown for the Holidays campaign, the City of Oakland will offer&nbsp;free parking every Saturday until New Year\'s Day plus Plaid Friday (November 27).&nbsp;The free parking applies to on-street meters (both individual meters and multi-space kiosks), four City-owned parking lots and four City-owned parking garages. Posted time limits&nbsp;at meters&nbsp;still apply.</p>', '2015-12-09 00:00:00', 'As part of the Shop Oakland Grown for the Holidays campaign, the City of Oakland will offer free parking every Saturday until New Year\'s Day plus Plaid Friday (November 27). The free parking applies to on-street meters (both individual meters and multi-space kiosks), four City-owned parking lots and four City-owned parking garages. Posted time limits at meters still apply.', NULL, NULL, NULL, NULL, '2015-12-10 19:26:54', '2015-12-10 22:58:01', '6f49b0d7-8101-4859-a00a-2b4996348e91');
INSERT INTO `craft_content` (`id`, `elementId`, `locale`, `title`, `field_CTATitle`, `field_leadIn`, `field_CTALink`, `field_body`, `field_postDate`, `field_summary`, `field_about`, `field_departmentHead`, `field_departmentstaff`, `field_welcome`, `dateCreated`, `dateUpdated`, `uid`) VALUES ('8', '12', 'en_us', 'Oakland’s Minimum Wage Goes Up January 1, Deadline for noticing requirement is December 15', NULL, NULL, NULL, '<p>Oakland’s Measure FF, a voter-enacted ballot measure passed in November 2014, provides annual increases to Oakland’s Minimum Wage based on the local Consumer Price Index (CPI). Effective January 1, 2016, the rate rises 30¢, from $12.25 to $12.55. The law requires that employers inform employees of the increase by December 15, 2015.</p>', '2015-12-09 00:00:00', 'Oakland’s Measure FF, a voter-enacted ballot measure passed in November 2014, provides annual increases to Oakland’s Minimum Wage based on the local Consumer Price Index (CPI). Effective January 1, 2016, the rate rises 30¢, from $12.25 to $12.55. The law requires that employers inform employees of the increase by December 15, 2015.', NULL, NULL, NULL, NULL, '2015-12-10 19:37:05', '2015-12-10 22:58:16', '792b332f-3e05-43db-a84c-0dfebec5e544');
INSERT INTO `craft_content` (`id`, `elementId`, `locale`, `title`, `field_CTATitle`, `field_leadIn`, `field_CTALink`, `field_body`, `field_postDate`, `field_summary`, `field_about`, `field_departmentHead`, `field_departmentstaff`, `field_welcome`, `dateCreated`, `dateUpdated`, `uid`) VALUES ('9', '13', 'en_us', 'Public Works', NULL, NULL, NULL, NULL, NULL, 'Service to the public is our sole reason for existence.', 'Service to the public is our sole reason for existence. Oakland Public Works plans, builds and maintains Oakland’s physical and environmental infrastructure for the residents, businesses and visitors of the city, making it a sustainable and desirable place to live, work, invest and visit.', '<p><strong>Brooke A. Levin</strong><br>Director of Oakland Public Works</p>', '', NULL, '2015-12-10 19:52:47', '2015-12-10 19:54:47', '81984301-825c-4a48-9285-a94420af4a2f');
INSERT INTO `craft_content` (`id`, `elementId`, `locale`, `title`, `field_CTATitle`, `field_leadIn`, `field_CTALink`, `field_body`, `field_postDate`, `field_summary`, `field_about`, `field_departmentHead`, `field_departmentstaff`, `field_welcome`, `dateCreated`, `dateUpdated`, `uid`) VALUES ('11', '15', 'en_us', 'Planning and Zoning', NULL, NULL, NULL, NULL, NULL, '', '', '', '', NULL, '2015-12-10 23:28:02', '2015-12-10 23:28:02', 'e5a30b5f-c7a1-46e2-b5e8-ee6d3c628b7b');
INSERT INTO `craft_content` (`id`, `elementId`, `locale`, `title`, `field_CTATitle`, `field_leadIn`, `field_CTALink`, `field_body`, `field_postDate`, `field_summary`, `field_about`, `field_departmentHead`, `field_departmentstaff`, `field_welcome`, `dateCreated`, `dateUpdated`, `uid`) VALUES ('12', '16', 'en_us', 'Human Resources', NULL, NULL, NULL, NULL, NULL, '', '', '', '', NULL, '2015-12-10 23:28:13', '2015-12-10 23:28:13', 'f9672cd7-4a0d-4d3e-a671-64d73674ebd4');
INSERT INTO `craft_content` (`id`, `elementId`, `locale`, `title`, `field_CTATitle`, `field_leadIn`, `field_CTALink`, `field_body`, `field_postDate`, `field_summary`, `field_about`, `field_departmentHead`, `field_departmentstaff`, `field_welcome`, `dateCreated`, `dateUpdated`, `uid`) VALUES ('13', '17', 'en_us', 'Police Department', NULL, NULL, NULL, NULL, NULL, '', '', '', '', NULL, '2015-12-10 23:31:27', '2015-12-10 23:31:27', 'd0770dd6-53c6-454b-93c3-6716ff4401ab');
INSERT INTO `craft_content` (`id`, `elementId`, `locale`, `title`, `field_CTATitle`, `field_leadIn`, `field_CTALink`, `field_body`, `field_postDate`, `field_summary`, `field_about`, `field_departmentHead`, `field_departmentstaff`, `field_welcome`, `dateCreated`, `dateUpdated`, `uid`) VALUES ('14', '18', 'en_us', 'Housing', NULL, NULL, NULL, NULL, NULL, '', '', '', '', NULL, '2015-12-10 23:31:32', '2015-12-10 23:31:32', '750dccfe-734f-4f92-a1b5-5c8a20560c50');
INSERT INTO `craft_content` (`id`, `elementId`, `locale`, `title`, `field_CTATitle`, `field_leadIn`, `field_CTALink`, `field_body`, `field_postDate`, `field_summary`, `field_about`, `field_departmentHead`, `field_departmentstaff`, `field_welcome`, `dateCreated`, `dateUpdated`, `uid`) VALUES ('15', '19', 'en_us', 'Mayor\'s Office', NULL, NULL, NULL, NULL, NULL, '', '', '<p><strong>Mayor Libby Schaaf</strong><br>Oakland City Council</p><p>She is an American Public Works Association Leadership Fellow with more than 30 years of public and private sector experience, including the past 22 years with the City of Oakland.<br></p>', '', NULL, '2015-12-10 23:51:47', '2015-12-10 23:52:40', 'df1485c9-9106-401d-aeae-e7030df1a077');



DROP TABLE IF EXISTS `craft_deprecationerrors`;


--
-- Schema for table `craft_deprecationerrors`
--
CREATE TABLE `craft_deprecationerrors` (
  `id` int(11) NOT NULL AUTO_INCREMENT,
  `key` varchar(255) COLLATE utf8_unicode_ci NOT NULL,
  `fingerprint` varchar(255) COLLATE utf8_unicode_ci NOT NULL,
  `lastOccurrence` datetime NOT NULL,
  `file` varchar(255) COLLATE utf8_unicode_ci NOT NULL,
  `line` smallint(6) unsigned NOT NULL,
  `class` varchar(255) COLLATE utf8_unicode_ci DEFAULT NULL,
  `method` varchar(255) COLLATE utf8_unicode_ci DEFAULT NULL,
  `template` varchar(255) COLLATE utf8_unicode_ci DEFAULT NULL,
  `templateLine` smallint(6) unsigned DEFAULT NULL,
  `message` varchar(255) COLLATE utf8_unicode_ci DEFAULT NULL,
  `traces` text COLLATE utf8_unicode_ci,
  `dateCreated` datetime NOT NULL,
  `dateUpdated` datetime NOT NULL,
  `uid` char(36) COLLATE utf8_unicode_ci NOT NULL DEFAULT '0',
  PRIMARY KEY (`id`),
  UNIQUE KEY `craft_deprecationerrors_key_fingerprint_unq_idx` (`key`,`fingerprint`)
) ENGINE=InnoDB DEFAULT CHARSET=utf8 COLLATE=utf8_unicode_ci;

DROP TABLE IF EXISTS `craft_elementindexsettings`;


--
-- Schema for table `craft_elementindexsettings`
--
CREATE TABLE `craft_elementindexsettings` (
  `id` int(11) NOT NULL AUTO_INCREMENT,
  `type` varchar(150) COLLATE utf8_unicode_ci NOT NULL,
  `settings` text COLLATE utf8_unicode_ci,
  `dateCreated` datetime NOT NULL,
  `dateUpdated` datetime NOT NULL,
  `uid` char(36) COLLATE utf8_unicode_ci NOT NULL DEFAULT '0',
  PRIMARY KEY (`id`),
  UNIQUE KEY `craft_elementindexsettings_type_unq_idx` (`type`)
) ENGINE=InnoDB AUTO_INCREMENT=6 DEFAULT CHARSET=utf8 COLLATE=utf8_unicode_ci;

--
-- Data for table `craft_elementindexsettings`
--

INSERT INTO `craft_elementindexsettings` (`id`, `type`, `settings`, `dateCreated`, `dateUpdated`, `uid`) VALUES ('1', 'Entry', '{\"sourceOrder\":[[\"key\",\"*\"],[\"key\",\"singles\"],[\"heading\",\"Content Types\"],[\"key\",\"section:3\"],[\"key\",\"section:2\"],[\"key\",\"section:4\"]],\"sources\":{\"*\":{\"tableAttributes\":{\"1\":\"section\",\"2\":\"postDate\",\"3\":\"expiryDate\",\"4\":\"link\"}},\"section:2\":{\"tableAttributes\":{\"1\":\"link\",\"2\":\"field:8\"}},\"singles\":{\"tableAttributes\":{\"1\":\"link\"}},\"section:4\":{\"tableAttributes\":{\"1\":\"link\"}}}}', '2015-12-04 20:03:21', '2015-12-10 19:48:24', '9adc4447-78a5-48d9-bd86-95e50b85d77f');



DROP TABLE IF EXISTS `craft_elements`;


--
-- Schema for table `craft_elements`
--
CREATE TABLE `craft_elements` (
  `id` int(11) NOT NULL AUTO_INCREMENT,
  `type` varchar(150) COLLATE utf8_unicode_ci NOT NULL,
  `enabled` tinyint(1) unsigned NOT NULL DEFAULT '1',
  `archived` tinyint(1) unsigned NOT NULL DEFAULT '0',
  `dateCreated` datetime NOT NULL,
  `dateUpdated` datetime NOT NULL,
  `uid` char(36) COLLATE utf8_unicode_ci NOT NULL DEFAULT '0',
  PRIMARY KEY (`id`),
  KEY `craft_elements_type_idx` (`type`),
  KEY `craft_elements_enabled_idx` (`enabled`),
  KEY `craft_elements_archived_dateCreated_idx` (`archived`,`dateCreated`)
) ENGINE=InnoDB AUTO_INCREMENT=21 DEFAULT CHARSET=utf8 COLLATE=utf8_unicode_ci;

--
-- Data for table `craft_elements`
--

INSERT INTO `craft_elements` (`id`, `type`, `enabled`, `archived`, `dateCreated`, `dateUpdated`, `uid`) VALUES ('1', 'User', '1', '0', '2015-12-04 00:22:44', '2015-12-04 00:22:44', '498d09ca-3de2-4a47-86e5-3fa442c2b9d1');
INSERT INTO `craft_elements` (`id`, `type`, `enabled`, `archived`, `dateCreated`, `dateUpdated`, `uid`) VALUES ('2', 'Entry', '1', '0', '2015-12-04 00:22:47', '2015-12-10 23:59:56', '6d6223bb-2d6e-479d-b2e3-6d0144f73193');
INSERT INTO `craft_elements` (`id`, `type`, `enabled`, `archived`, `dateCreated`, `dateUpdated`, `uid`) VALUES ('5', 'Entry', '1', '0', '2015-12-04 20:08:13', '2015-12-04 21:34:11', 'da00900f-970b-4e33-a0a6-4aa426413a84');
INSERT INTO `craft_elements` (`id`, `type`, `enabled`, `archived`, `dateCreated`, `dateUpdated`, `uid`) VALUES ('6', 'Entry', '1', '0', '2015-12-04 20:08:33', '2015-12-05 00:40:55', '79cb9c84-1d80-4759-b5c8-fd67af04619c');
INSERT INTO `craft_elements` (`id`, `type`, `enabled`, `archived`, `dateCreated`, `dateUpdated`, `uid`) VALUES ('7', 'MatrixBlock', '1', '0', '2015-12-04 23:22:29', '2015-12-04 23:48:13', '1c0fb3d4-2984-42c4-866f-f829ce8cff33');
INSERT INTO `craft_elements` (`id`, `type`, `enabled`, `archived`, `dateCreated`, `dateUpdated`, `uid`) VALUES ('8', 'MatrixBlock', '1', '0', '2015-12-04 23:22:29', '2015-12-04 23:48:13', '5361f148-7561-4c1c-acf9-ec5c3b70f6ec');
INSERT INTO `craft_elements` (`id`, `type`, `enabled`, `archived`, `dateCreated`, `dateUpdated`, `uid`) VALUES ('9', 'MatrixBlock', '1', '0', '2015-12-04 23:37:15', '2015-12-04 23:48:13', '3fa67870-1392-4877-8116-c4f585b16cf9');
INSERT INTO `craft_elements` (`id`, `type`, `enabled`, `archived`, `dateCreated`, `dateUpdated`, `uid`) VALUES ('10', 'MatrixBlock', '1', '0', '2015-12-04 23:37:15', '2015-12-04 23:48:13', '97e9ddf6-2de7-428b-89c3-bb6e238343a0');
INSERT INTO `craft_elements` (`id`, `type`, `enabled`, `archived`, `dateCreated`, `dateUpdated`, `uid`) VALUES ('11', 'Entry', '1', '0', '2015-12-10 19:26:54', '2015-12-10 22:58:01', 'a2fea34d-9ef6-44c1-bd27-cb20204287a6');
INSERT INTO `craft_elements` (`id`, `type`, `enabled`, `archived`, `dateCreated`, `dateUpdated`, `uid`) VALUES ('12', 'Entry', '1', '0', '2015-12-10 19:37:05', '2015-12-10 22:58:16', '58f4657b-dca1-4b00-92e3-9f1f38d9dca0');
INSERT INTO `craft_elements` (`id`, `type`, `enabled`, `archived`, `dateCreated`, `dateUpdated`, `uid`) VALUES ('13', 'Entry', '1', '0', '2015-12-10 19:52:47', '2015-12-10 19:54:47', 'fd81f998-40f2-4199-a8ad-a456d32a6d7f');
INSERT INTO `craft_elements` (`id`, `type`, `enabled`, `archived`, `dateCreated`, `dateUpdated`, `uid`) VALUES ('15', 'Entry', '1', '0', '2015-12-10 23:28:02', '2015-12-10 23:28:02', 'a619a618-b7de-4351-a693-afc091ff183a');
INSERT INTO `craft_elements` (`id`, `type`, `enabled`, `archived`, `dateCreated`, `dateUpdated`, `uid`) VALUES ('16', 'Entry', '1', '0', '2015-12-10 23:28:13', '2015-12-10 23:28:13', '7208b9b7-b38d-4b13-9003-84d5b7f2bd0f');
INSERT INTO `craft_elements` (`id`, `type`, `enabled`, `archived`, `dateCreated`, `dateUpdated`, `uid`) VALUES ('17', 'Entry', '1', '0', '2015-12-10 23:31:27', '2015-12-10 23:31:27', '38639e06-f1f6-4ebe-ba6b-a0072b91bab7');
INSERT INTO `craft_elements` (`id`, `type`, `enabled`, `archived`, `dateCreated`, `dateUpdated`, `uid`) VALUES ('18', 'Entry', '1', '0', '2015-12-10 23:31:32', '2015-12-10 23:31:32', 'a7c98a50-d757-47fd-8be8-bd46402ed2c6');
INSERT INTO `craft_elements` (`id`, `type`, `enabled`, `archived`, `dateCreated`, `dateUpdated`, `uid`) VALUES ('19', 'Entry', '1', '0', '2015-12-10 23:51:47', '2015-12-10 23:52:40', 'da979e23-32db-4bdb-ba64-8551592188ae');



DROP TABLE IF EXISTS `craft_elements_i18n`;


--
-- Schema for table `craft_elements_i18n`
--
CREATE TABLE `craft_elements_i18n` (
  `id` int(11) NOT NULL AUTO_INCREMENT,
  `elementId` int(11) NOT NULL,
  `locale` char(12) COLLATE utf8_unicode_ci NOT NULL,
  `slug` varchar(255) COLLATE utf8_unicode_ci DEFAULT NULL,
  `uri` varchar(255) COLLATE utf8_unicode_ci DEFAULT NULL,
  `enabled` tinyint(1) unsigned NOT NULL DEFAULT '1',
  `dateCreated` datetime NOT NULL,
  `dateUpdated` datetime NOT NULL,
  `uid` char(36) COLLATE utf8_unicode_ci NOT NULL DEFAULT '0',
  PRIMARY KEY (`id`),
  UNIQUE KEY `craft_elements_i18n_elementId_locale_unq_idx` (`elementId`,`locale`),
  UNIQUE KEY `craft_elements_i18n_uri_locale_unq_idx` (`uri`,`locale`),
  KEY `craft_elements_i18n_slug_locale_idx` (`slug`,`locale`),
  KEY `craft_elements_i18n_enabled_idx` (`enabled`),
  KEY `craft_elements_i18n_locale_fk` (`locale`)
) ENGINE=InnoDB AUTO_INCREMENT=21 DEFAULT CHARSET=utf8 COLLATE=utf8_unicode_ci;

--
-- Data for table `craft_elements_i18n`
--

INSERT INTO `craft_elements_i18n` (`id`, `elementId`, `locale`, `slug`, `uri`, `enabled`, `dateCreated`, `dateUpdated`, `uid`) VALUES ('1', '1', 'en_us', '', NULL, '1', '2015-12-04 00:22:44', '2015-12-04 00:22:44', '85e41016-0882-4d10-8017-2866cb73ae4f');
INSERT INTO `craft_elements_i18n` (`id`, `elementId`, `locale`, `slug`, `uri`, `enabled`, `dateCreated`, `dateUpdated`, `uid`) VALUES ('2', '2', 'en_us', 'homepage', '__home__', '1', '2015-12-04 00:22:47', '2015-12-10 23:59:56', '35217138-d49f-4797-b17b-c84ca8d6665a');
INSERT INTO `craft_elements_i18n` (`id`, `elementId`, `locale`, `slug`, `uri`, `enabled`, `dateCreated`, `dateUpdated`, `uid`) VALUES ('5', '5', 'en_us', 'parking', 'services/parking', '1', '2015-12-04 20:08:13', '2015-12-04 21:34:11', '473bf7c7-d897-46a9-82bf-70fe885298e1');
INSERT INTO `craft_elements_i18n` (`id`, `elementId`, `locale`, `slug`, `uri`, `enabled`, `dateCreated`, `dateUpdated`, `uid`) VALUES ('6', '6', 'en_us', 'pay-a-parking-ticket', 'services/parking/pay-a-parking-ticket', '1', '2015-12-04 20:08:33', '2015-12-05 00:40:55', 'a862612b-de7e-4322-b9b1-64c82b5830a0');
INSERT INTO `craft_elements_i18n` (`id`, `elementId`, `locale`, `slug`, `uri`, `enabled`, `dateCreated`, `dateUpdated`, `uid`) VALUES ('7', '7', 'en_us', '', NULL, '1', '2015-12-04 23:22:29', '2015-12-04 23:48:13', '4c239bee-0f7e-4cbc-a94b-7cd9ebd87fc6');
INSERT INTO `craft_elements_i18n` (`id`, `elementId`, `locale`, `slug`, `uri`, `enabled`, `dateCreated`, `dateUpdated`, `uid`) VALUES ('8', '8', 'en_us', '', NULL, '1', '2015-12-04 23:22:29', '2015-12-04 23:48:13', '95927505-b082-4b1b-8c24-2391e760ba4a');
INSERT INTO `craft_elements_i18n` (`id`, `elementId`, `locale`, `slug`, `uri`, `enabled`, `dateCreated`, `dateUpdated`, `uid`) VALUES ('9', '9', 'en_us', '', NULL, '1', '2015-12-04 23:37:15', '2015-12-04 23:48:13', 'e65e5492-fd2a-488c-b984-d672f0a2f044');
INSERT INTO `craft_elements_i18n` (`id`, `elementId`, `locale`, `slug`, `uri`, `enabled`, `dateCreated`, `dateUpdated`, `uid`) VALUES ('10', '10', 'en_us', '', NULL, '1', '2015-12-04 23:37:15', '2015-12-04 23:48:13', 'ab9399aa-19b6-445a-9368-71579ad07b22');
INSERT INTO `craft_elements_i18n` (`id`, `elementId`, `locale`, `slug`, `uri`, `enabled`, `dateCreated`, `dateUpdated`, `uid`) VALUES ('11', '11', 'en_us', 'free-parking-on-plaid-friday-saturdays-until-new-years', 'news/2015/free-parking-on-plaid-friday-saturdays-until-new-years', '1', '2015-12-10 19:26:54', '2015-12-10 22:58:01', '7e8d1602-6a4b-4b74-b759-26eff1f97fde');
INSERT INTO `craft_elements_i18n` (`id`, `elementId`, `locale`, `slug`, `uri`, `enabled`, `dateCreated`, `dateUpdated`, `uid`) VALUES ('12', '12', 'en_us', 'oaklands-minimum-wage-goes-up-january-1-deadline-for-noticing-requirement-is-december-15', 'news/2015/oaklands-minimum-wage-goes-up-january-1-deadline-for-noticing-requirement-is-december-15', '1', '2015-12-10 19:37:05', '2015-12-10 22:58:16', 'c27a5fce-291b-447f-8d50-26d6744c93f8');
INSERT INTO `craft_elements_i18n` (`id`, `elementId`, `locale`, `slug`, `uri`, `enabled`, `dateCreated`, `dateUpdated`, `uid`) VALUES ('13', '13', 'en_us', 'public-works', 'departments/public-works', '1', '2015-12-10 19:52:47', '2015-12-10 19:54:47', 'af053220-c032-46e5-b96f-3aeb8d156075');
INSERT INTO `craft_elements_i18n` (`id`, `elementId`, `locale`, `slug`, `uri`, `enabled`, `dateCreated`, `dateUpdated`, `uid`) VALUES ('15', '15', 'en_us', 'planning-and-zoning', 'departments/planning-and-zoning', '1', '2015-12-10 23:28:02', '2015-12-10 23:28:02', '72a96bc2-58a7-4e11-a772-4c7e280792ca');
INSERT INTO `craft_elements_i18n` (`id`, `elementId`, `locale`, `slug`, `uri`, `enabled`, `dateCreated`, `dateUpdated`, `uid`) VALUES ('16', '16', 'en_us', 'human-resources', 'departments/human-resources', '1', '2015-12-10 23:28:13', '2015-12-10 23:29:10', '13c37224-1b6b-4ca1-9ed7-637222305ec3');
INSERT INTO `craft_elements_i18n` (`id`, `elementId`, `locale`, `slug`, `uri`, `enabled`, `dateCreated`, `dateUpdated`, `uid`) VALUES ('17', '17', 'en_us', 'police-department', 'departments/police-department', '1', '2015-12-10 23:31:27', '2015-12-10 23:31:27', 'bea7bed5-6178-443e-99cb-7ec01857601e');
INSERT INTO `craft_elements_i18n` (`id`, `elementId`, `locale`, `slug`, `uri`, `enabled`, `dateCreated`, `dateUpdated`, `uid`) VALUES ('18', '18', 'en_us', 'housing', 'departments/housing', '1', '2015-12-10 23:31:32', '2015-12-10 23:31:32', 'bf7516d5-7730-46ba-b7bb-073ff28e3b7d');
INSERT INTO `craft_elements_i18n` (`id`, `elementId`, `locale`, `slug`, `uri`, `enabled`, `dateCreated`, `dateUpdated`, `uid`) VALUES ('19', '19', 'en_us', 'mayors-office', 'departments/mayors-office', '1', '2015-12-10 23:51:47', '2015-12-10 23:52:40', '23f48cd4-a95b-4bca-a3ce-538301c52067');



DROP TABLE IF EXISTS `craft_emailmessages`;


--
-- Schema for table `craft_emailmessages`
--
CREATE TABLE `craft_emailmessages` (
  `id` int(11) NOT NULL AUTO_INCREMENT,
  `key` char(150) COLLATE utf8_unicode_ci NOT NULL,
  `locale` char(12) COLLATE utf8_unicode_ci NOT NULL,
  `subject` varchar(1000) COLLATE utf8_unicode_ci NOT NULL,
  `body` text COLLATE utf8_unicode_ci NOT NULL,
  `dateCreated` datetime NOT NULL,
  `dateUpdated` datetime NOT NULL,
  `uid` char(36) COLLATE utf8_unicode_ci NOT NULL DEFAULT '0',
  PRIMARY KEY (`id`),
  UNIQUE KEY `craft_emailmessages_key_locale_unq_idx` (`key`,`locale`),
  KEY `craft_emailmessages_locale_fk` (`locale`)
) ENGINE=InnoDB DEFAULT CHARSET=utf8 COLLATE=utf8_unicode_ci;

DROP TABLE IF EXISTS `craft_entries`;


--
-- Schema for table `craft_entries`
--
CREATE TABLE `craft_entries` (
  `id` int(11) NOT NULL,
  `sectionId` int(11) NOT NULL,
  `typeId` int(11) DEFAULT NULL,
  `authorId` int(11) DEFAULT NULL,
  `postDate` datetime DEFAULT NULL,
  `expiryDate` datetime DEFAULT NULL,
  `dateCreated` datetime NOT NULL,
  `dateUpdated` datetime NOT NULL,
  `uid` char(36) COLLATE utf8_unicode_ci NOT NULL DEFAULT '0',
  PRIMARY KEY (`id`),
  KEY `craft_entries_sectionId_idx` (`sectionId`),
  KEY `craft_entries_typeId_idx` (`typeId`),
  KEY `craft_entries_postDate_idx` (`postDate`),
  KEY `craft_entries_expiryDate_idx` (`expiryDate`),
  KEY `craft_entries_authorId_fk` (`authorId`)
) ENGINE=InnoDB DEFAULT CHARSET=utf8 COLLATE=utf8_unicode_ci;

--
-- Data for table `craft_entries`
--

INSERT INTO `craft_entries` (`id`, `sectionId`, `typeId`, `authorId`, `postDate`, `expiryDate`, `dateCreated`, `dateUpdated`, `uid`) VALUES ('2', '1', NULL, NULL, '2015-12-04 00:22:46', NULL, '2015-12-04 00:22:47', '2015-12-10 23:59:56', '65380649-52a3-4fd5-9f5c-2dccd00bd137');
INSERT INTO `craft_entries` (`id`, `sectionId`, `typeId`, `authorId`, `postDate`, `expiryDate`, `dateCreated`, `dateUpdated`, `uid`) VALUES ('5', '3', '4', '1', '2015-12-04 20:08:00', NULL, '2015-12-04 20:08:13', '2015-12-04 21:34:11', '11a3aa6f-3036-4dcb-99e5-252660d621b3');
INSERT INTO `craft_entries` (`id`, `sectionId`, `typeId`, `authorId`, `postDate`, `expiryDate`, `dateCreated`, `dateUpdated`, `uid`) VALUES ('6', '3', '3', '1', '2015-12-04 20:08:00', NULL, '2015-12-04 20:08:33', '2015-12-05 00:40:55', '0c33dbc8-33f5-4025-8b7b-b06d07ac816b');
INSERT INTO `craft_entries` (`id`, `sectionId`, `typeId`, `authorId`, `postDate`, `expiryDate`, `dateCreated`, `dateUpdated`, `uid`) VALUES ('11', '2', '2', '1', '2015-12-10 19:26:00', NULL, '2015-12-10 19:26:54', '2015-12-10 22:58:01', '922514ba-404c-4438-a7e2-5d37cea9fa33');
INSERT INTO `craft_entries` (`id`, `sectionId`, `typeId`, `authorId`, `postDate`, `expiryDate`, `dateCreated`, `dateUpdated`, `uid`) VALUES ('12', '2', '2', '1', '2015-12-10 19:37:00', NULL, '2015-12-10 19:37:05', '2015-12-10 22:58:16', 'f7092fcb-c332-405c-bad2-6e1e4d788867');
INSERT INTO `craft_entries` (`id`, `sectionId`, `typeId`, `authorId`, `postDate`, `expiryDate`, `dateCreated`, `dateUpdated`, `uid`) VALUES ('13', '4', '5', '1', '2015-12-10 19:52:00', NULL, '2015-12-10 19:52:47', '2015-12-10 19:54:47', '285fd5fe-0c71-4012-8d56-f8f9df23c9b6');
INSERT INTO `craft_entries` (`id`, `sectionId`, `typeId`, `authorId`, `postDate`, `expiryDate`, `dateCreated`, `dateUpdated`, `uid`) VALUES ('15', '4', '5', '1', '2015-12-10 23:28:02', NULL, '2015-12-10 23:28:02', '2015-12-10 23:28:02', 'e940d685-0782-49c1-846e-dd8cd2cfd539');
INSERT INTO `craft_entries` (`id`, `sectionId`, `typeId`, `authorId`, `postDate`, `expiryDate`, `dateCreated`, `dateUpdated`, `uid`) VALUES ('16', '4', '5', '1', '2015-12-10 23:28:13', NULL, '2015-12-10 23:28:13', '2015-12-10 23:28:13', '1b66fc6d-6e11-4dd9-b483-1cfd2f0371ea');
INSERT INTO `craft_entries` (`id`, `sectionId`, `typeId`, `authorId`, `postDate`, `expiryDate`, `dateCreated`, `dateUpdated`, `uid`) VALUES ('17', '4', '5', '1', '2015-12-10 23:31:27', NULL, '2015-12-10 23:31:27', '2015-12-10 23:31:27', 'ead60d0d-54c6-4cb6-959c-1a6a0cb3c68c');
INSERT INTO `craft_entries` (`id`, `sectionId`, `typeId`, `authorId`, `postDate`, `expiryDate`, `dateCreated`, `dateUpdated`, `uid`) VALUES ('18', '4', '5', '1', '2015-12-10 23:31:32', NULL, '2015-12-10 23:31:32', '2015-12-10 23:31:32', '77ec14f3-51c4-4160-bc6f-a0bfa94dc54d');
INSERT INTO `craft_entries` (`id`, `sectionId`, `typeId`, `authorId`, `postDate`, `expiryDate`, `dateCreated`, `dateUpdated`, `uid`) VALUES ('19', '4', '5', '1', '2015-12-10 23:51:00', NULL, '2015-12-10 23:51:47', '2015-12-10 23:52:40', '0c561ee2-e4fe-4800-9011-5f98c7d75a45');



DROP TABLE IF EXISTS `craft_entrydrafts`;


--
-- Schema for table `craft_entrydrafts`
--
CREATE TABLE `craft_entrydrafts` (
  `id` int(11) NOT NULL AUTO_INCREMENT,
  `entryId` int(11) NOT NULL,
  `sectionId` int(11) NOT NULL,
  `creatorId` int(11) NOT NULL,
  `locale` char(12) COLLATE utf8_unicode_ci NOT NULL,
  `name` varchar(255) COLLATE utf8_unicode_ci NOT NULL,
  `notes` tinytext COLLATE utf8_unicode_ci,
  `data` mediumtext COLLATE utf8_unicode_ci NOT NULL,
  `dateCreated` datetime NOT NULL,
  `dateUpdated` datetime NOT NULL,
  `uid` char(36) COLLATE utf8_unicode_ci NOT NULL DEFAULT '0',
  PRIMARY KEY (`id`),
  KEY `craft_entrydrafts_entryId_locale_idx` (`entryId`,`locale`),
  KEY `craft_entrydrafts_sectionId_fk` (`sectionId`),
  KEY `craft_entrydrafts_creatorId_fk` (`creatorId`),
  KEY `craft_entrydrafts_locale_fk` (`locale`)
) ENGINE=InnoDB DEFAULT CHARSET=utf8 COLLATE=utf8_unicode_ci;

DROP TABLE IF EXISTS `craft_entrytypes`;


--
-- Schema for table `craft_entrytypes`
--
CREATE TABLE `craft_entrytypes` (
  `id` int(11) NOT NULL AUTO_INCREMENT,
  `sectionId` int(11) NOT NULL,
  `fieldLayoutId` int(11) DEFAULT NULL,
  `name` varchar(255) COLLATE utf8_unicode_ci NOT NULL,
  `handle` varchar(255) COLLATE utf8_unicode_ci NOT NULL,
  `hasTitleField` tinyint(1) unsigned NOT NULL DEFAULT '1',
  `titleLabel` varchar(255) COLLATE utf8_unicode_ci DEFAULT 'Title',
  `titleFormat` varchar(255) COLLATE utf8_unicode_ci DEFAULT NULL,
  `sortOrder` tinyint(4) DEFAULT NULL,
  `dateCreated` datetime NOT NULL,
  `dateUpdated` datetime NOT NULL,
  `uid` char(36) COLLATE utf8_unicode_ci NOT NULL DEFAULT '0',
  PRIMARY KEY (`id`),
  UNIQUE KEY `craft_entrytypes_name_sectionId_unq_idx` (`name`,`sectionId`),
  UNIQUE KEY `craft_entrytypes_handle_sectionId_unq_idx` (`handle`,`sectionId`),
  KEY `craft_entrytypes_sectionId_fk` (`sectionId`),
  KEY `craft_entrytypes_fieldLayoutId_fk` (`fieldLayoutId`)
) ENGINE=InnoDB AUTO_INCREMENT=6 DEFAULT CHARSET=utf8 COLLATE=utf8_unicode_ci;

--
-- Data for table `craft_entrytypes`
--

INSERT INTO `craft_entrytypes` (`id`, `sectionId`, `fieldLayoutId`, `name`, `handle`, `hasTitleField`, `titleLabel`, `titleFormat`, `sortOrder`, `dateCreated`, `dateUpdated`, `uid`) VALUES ('1', '1', '34', 'Homepage', 'homepage', '1', 'Title', NULL, NULL, '2015-12-04 00:22:46', '2015-12-11 01:03:13', '39fc9aed-5948-4d15-89ca-dd95647996d8');
INSERT INTO `craft_entrytypes` (`id`, `sectionId`, `fieldLayoutId`, `name`, `handle`, `hasTitleField`, `titleLabel`, `titleFormat`, `sortOrder`, `dateCreated`, `dateUpdated`, `uid`) VALUES ('2', '2', '28', 'News', 'news', '1', 'Title', NULL, NULL, '2015-12-04 00:22:47', '2015-12-10 22:56:47', '2312536d-29f8-4776-935e-f8063c0d1c8d');
INSERT INTO `craft_entrytypes` (`id`, `sectionId`, `fieldLayoutId`, `name`, `handle`, `hasTitleField`, `titleLabel`, `titleFormat`, `sortOrder`, `dateCreated`, `dateUpdated`, `uid`) VALUES ('3', '3', '14', 'article', 'article', '1', 'Title', NULL, NULL, '2015-12-04 20:04:38', '2015-12-04 20:25:43', '4d4280dd-ffe6-48a8-88f7-9615ad715f98');
INSERT INTO `craft_entrytypes` (`id`, `sectionId`, `fieldLayoutId`, `name`, `handle`, `hasTitleField`, `titleLabel`, `titleFormat`, `sortOrder`, `dateCreated`, `dateUpdated`, `uid`) VALUES ('4', '3', '16', 'topic', 'topic', '1', 'Title', NULL, NULL, '2015-12-04 20:25:30', '2015-12-04 21:33:02', '218b5247-ea1d-4575-ace6-4614034a1359');
INSERT INTO `craft_entrytypes` (`id`, `sectionId`, `fieldLayoutId`, `name`, `handle`, `hasTitleField`, `titleLabel`, `titleFormat`, `sortOrder`, `dateCreated`, `dateUpdated`, `uid`) VALUES ('5', '4', '25', 'Department', 'department', '1', 'Title', NULL, NULL, '2015-12-10 19:40:23', '2015-12-10 19:47:56', '3e3c7ce3-e27f-4adf-bcd7-692bb61bf76d');



DROP TABLE IF EXISTS `craft_entryversions`;


--
-- Schema for table `craft_entryversions`
--
CREATE TABLE `craft_entryversions` (
  `id` int(11) NOT NULL AUTO_INCREMENT,
  `entryId` int(11) NOT NULL,
  `sectionId` int(11) NOT NULL,
  `creatorId` int(11) DEFAULT NULL,
  `locale` char(12) COLLATE utf8_unicode_ci NOT NULL,
  `num` smallint(6) unsigned NOT NULL,
  `notes` tinytext COLLATE utf8_unicode_ci,
  `data` mediumtext COLLATE utf8_unicode_ci NOT NULL,
  `dateCreated` datetime NOT NULL,
  `dateUpdated` datetime NOT NULL,
  `uid` char(36) COLLATE utf8_unicode_ci NOT NULL DEFAULT '0',
  PRIMARY KEY (`id`),
  KEY `craft_entryversions_entryId_locale_idx` (`entryId`,`locale`),
  KEY `craft_entryversions_sectionId_fk` (`sectionId`),
  KEY `craft_entryversions_creatorId_fk` (`creatorId`),
  KEY `craft_entryversions_locale_fk` (`locale`)
) ENGINE=InnoDB AUTO_INCREMENT=46 DEFAULT CHARSET=utf8 COLLATE=utf8_unicode_ci;

--
-- Data for table `craft_entryversions`
--

INSERT INTO `craft_entryversions` (`id`, `entryId`, `sectionId`, `creatorId`, `locale`, `num`, `notes`, `data`, `dateCreated`, `dateUpdated`, `uid`) VALUES ('1', '2', '1', '1', 'en_us', '1', NULL, '{\"typeId\":\"1\",\"authorId\":null,\"title\":\"Homepage\",\"slug\":\"homepage\",\"postDate\":1449188566,\"expiryDate\":null,\"enabled\":1,\"parentId\":null,\"fields\":[]}', '2015-12-04 00:22:47', '2015-12-04 00:22:47', '456baa27-2265-4c45-ba8e-9edfc2cc10e0');
INSERT INTO `craft_entryversions` (`id`, `entryId`, `sectionId`, `creatorId`, `locale`, `num`, `notes`, `data`, `dateCreated`, `dateUpdated`, `uid`) VALUES ('2', '2', '1', '1', 'en_us', '2', NULL, '{\"typeId\":null,\"authorId\":null,\"title\":\"Welcome to Localhost!\",\"slug\":\"homepage\",\"postDate\":1449188566,\"expiryDate\":null,\"enabled\":\"1\",\"parentId\":null,\"fields\":{\"1\":\"<p>It\\u2019s true, this site doesn\\u2019t have a whole lot of content yet, but don\\u2019t worry. Our web developers have just installed the CMS, and they\\u2019re setting things up for the content editors this very moment. Soon Localhost will be an oasis of fresh perspectives, sharp analyses, and astute opinions that will keep you coming back again and again.<\\/p>\"}}', '2015-12-04 00:22:47', '2015-12-04 00:22:47', '77641d04-7b62-445e-a763-629335b3e7b6');
INSERT INTO `craft_entryversions` (`id`, `entryId`, `sectionId`, `creatorId`, `locale`, `num`, `notes`, `data`, `dateCreated`, `dateUpdated`, `uid`) VALUES ('4', '2', '1', '1', 'en_us', '3', '', '{\"typeId\":null,\"authorId\":null,\"title\":\"Welcome to Localhost!\",\"slug\":\"homepage\",\"postDate\":1449188566,\"expiryDate\":null,\"enabled\":1,\"parentId\":null,\"fields\":{\"1\":\"<p>It\\u2019s true, this site doesn\\u2019t have a whole lot of content yet, but don\\u2019t worry. Our web developers have just installed the CMS, and they\\u2019re setting things up for the content editors this very moment. Soon Localhost will be an oasis of fresh perspectives, sharp analyses, and astute opinions that will keep you coming back again and again.<\\/p>\"}}', '2015-12-04 19:59:00', '2015-12-04 19:59:00', '1881b981-1f8c-4079-b80a-130957b7a008');
INSERT INTO `craft_entryversions` (`id`, `entryId`, `sectionId`, `creatorId`, `locale`, `num`, `notes`, `data`, `dateCreated`, `dateUpdated`, `uid`) VALUES ('5', '2', '1', '1', 'en_us', '4', '', '{\"typeId\":null,\"authorId\":null,\"title\":\"Welcome to Oakland, California\",\"slug\":\"homepage\",\"postDate\":1449188566,\"expiryDate\":null,\"enabled\":1,\"parentId\":null,\"fields\":{\"1\":\"<p>It\\u2019s true, this site doesn\\u2019t have a whole lot of content yet, but don\\u2019t worry. Our web developers have just installed the CMS, and they\\u2019re setting things up for the content editors this very moment. Soon Localhost will be an oasis of fresh perspectives, sharp analyses, and astute opinions that will keep you coming back again and again.<\\/p>\"}}', '2015-12-04 20:00:47', '2015-12-04 20:00:47', '304aaaae-69f0-43d4-b83e-e4ddc25eeb4f');
INSERT INTO `craft_entryversions` (`id`, `entryId`, `sectionId`, `creatorId`, `locale`, `num`, `notes`, `data`, `dateCreated`, `dateUpdated`, `uid`) VALUES ('6', '2', '1', '1', 'en_us', '5', '', '{\"typeId\":null,\"authorId\":null,\"title\":\"Welcome to Oakland, California\",\"slug\":\"homepage\",\"postDate\":1449188566,\"expiryDate\":null,\"enabled\":1,\"parentId\":null,\"fields\":{\"1\":\"<p>It\\u2019s true, this site doesn\\u2019t have a whole lot of content yet, but don\\u2019t worry. Our web developers have just installed the CMS, and they\\u2019re setting things up for the content editors this very moment. Soon Localhost will be an oasis of fresh perspectives, sharp analyses, and astute opinions that will keep you coming back again and again.<\\/p>\"}}', '2015-12-04 20:00:49', '2015-12-04 20:00:49', 'ff0b6884-2964-47e3-aa49-832ecd5846bc');
INSERT INTO `craft_entryversions` (`id`, `entryId`, `sectionId`, `creatorId`, `locale`, `num`, `notes`, `data`, `dateCreated`, `dateUpdated`, `uid`) VALUES ('7', '2', '1', '1', 'en_us', '6', '', '{\"typeId\":null,\"authorId\":null,\"title\":\"Welcome to Oakland, California\",\"slug\":\"homepage\",\"postDate\":1449188566,\"expiryDate\":null,\"enabled\":1,\"parentId\":null,\"fields\":{\"1\":\"<p>It\\u2019s true, this site doesn\\u2019t have a whole lot of content yet, but don\\u2019t worry. Our web developers have just installed the CMS, and they\\u2019re setting things up for the content editors this very moment. Soon Localhost will be an oasis of fresh perspectives, sharp analyses, and astute opinions that will keep you coming back again and again.<\\/p>\"}}', '2015-12-04 20:00:53', '2015-12-04 20:00:53', 'd5a99cad-5074-49de-8927-3daec5e9acfc');
INSERT INTO `craft_entryversions` (`id`, `entryId`, `sectionId`, `creatorId`, `locale`, `num`, `notes`, `data`, `dateCreated`, `dateUpdated`, `uid`) VALUES ('9', '5', '3', '1', 'en_us', '1', NULL, '{\"typeId\":null,\"authorId\":null,\"title\":\"Parking\",\"slug\":\"parking\",\"postDate\":1449259693,\"expiryDate\":null,\"enabled\":1,\"parentId\":null,\"fields\":[]}', '2015-12-04 20:08:13', '2015-12-04 20:08:13', '04e043de-d01b-4b5c-924b-e89baebf0b36');
INSERT INTO `craft_entryversions` (`id`, `entryId`, `sectionId`, `creatorId`, `locale`, `num`, `notes`, `data`, `dateCreated`, `dateUpdated`, `uid`) VALUES ('10', '6', '3', '1', 'en_us', '1', '', '{\"typeId\":null,\"authorId\":\"1\",\"title\":\"Pay a Parking Ticket\",\"slug\":\"pay-a-parking-ticket\",\"postDate\":1449259713,\"expiryDate\":null,\"enabled\":1,\"parentId\":\"5\",\"fields\":[]}', '2015-12-04 20:08:33', '2015-12-04 20:08:33', '93f0ca39-6762-4c7c-941c-14655e3730f4');
INSERT INTO `craft_entryversions` (`id`, `entryId`, `sectionId`, `creatorId`, `locale`, `num`, `notes`, `data`, `dateCreated`, `dateUpdated`, `uid`) VALUES ('11', '6', '3', '1', 'en_us', '2', '', '{\"typeId\":\"3\",\"authorId\":\"1\",\"title\":\"Pay a Parking Ticket\",\"slug\":\"pay-a-parking-ticket\",\"postDate\":1449259680,\"expiryDate\":null,\"enabled\":1,\"parentId\":\"5\",\"fields\":{\"1\":\"<h2 id=\\\"what-you-need-to-know\\\">What You Need to Know<\\/h2>\\r\\n\\r\\n<ul>\\r\\n  <li>You can pay online using Visa, MasterCard, Discover or American Express<\\/li>\\r\\n  <li>You have 21 days after the date the ticket was written to make a payment.<\\/li>\\r\\n<\\/ul>\\r\\n\\r\\n\\r\\n\\r\\n<h2 id=\\\"ways-to-pay\\\">Ways to Pay<\\/h2>\\r\\n\\r\\n\\r\\n\\r\\n\\r\\n\\r\\n<h3 id=\\\"in-person\\\">In Person<\\/h3>\\r\\n\\r\\n\\r\\n\\r\\n\\r\\n\\r\\n<p>You can pay your ticket at the Parking Citation Assistance Center.<\\/p>\\r\\n\\r\\n\\r\\n\\r\\n\\r\\n\\r\\n<table>\\r\\n<thead>\\r\\n<tr><th>Location<\\/th><th>Hours<\\/th><\\/tr>\\r\\n<\\/thead>\\r\\n<tbody>\\r\\n<tr><td style=\\\"background-color:white\\\">\\r\\nParking Citation Assistance Center\\r\\n250 Frank H. Ogawa Plaza, Suite 6300\\r\\nOakland, CA 94612\\r\\nPhone: (800) 500-6484\\r\\n<\\/td><td>\\r\\nMondays, Tuesdays, Thursdays and Fridays from 9 a.m. to 4:30 p.m.\\r\\nWednesdays from 9:30 a.m. to 4:30 p.m.\\r\\n<\\/td><\\/tr>\\r\\n<\\/tbody>\\r\\n<\\/table>\\r\\n\\r\\n\\r\\n\\r\\n\\r\\n\\r\\n<p><strong>Additional locations:<\\/strong><\\/p>\\r\\n\\r\\n\\r\\n\\r\\n\\r\\n\\r\\n<ul>\\r\\n  <li>Parking ticket payment kiosks at 250 Frank H. Ogawa Plaza, Monday through Friday from 8:30 a.m. to 5 p.m.<\\/li>\\r\\n  <li>Eastmont Police Substation, 2651 73rd Avenue, Monday through Saturday from 8:00 a.m. to 4 p.m.<\\/li>\\r\\n<\\/ul>\\r\\n\\r\\n\\r\\n\\r\\n\\r\\n\\r\\n<h3 id=\\\"by-mail\\\">By Mail<\\/h3>\\r\\n\\r\\n\\r\\n\\r\\n\\r\\n\\r\\n<p>Mail your parking ticket and the full payment to:<\\/p>\\r\\n\\r\\n\\r\\n\\r\\n\\r\\n\\r\\n<p>Parking Citation Assistance Center<\\/p>\\r\\n\\r\\n\\r\\n\\r\\n\\r\\n\\r\\n<p>250 Frank H. Ogawa Plaza, Suite 6300<\\/p>\\r\\n\\r\\n\\r\\n\\r\\n\\r\\n\\r\\n<p>Oakland, CA 94612<\\/p><p><br><\\/p>\\r\\n\\r\\n\\r\\n\\r\\n\\r\\n\\r\\n<h3 id=\\\"by-phone\\\">By Phone<\\/h3>\\r\\n\\r\\n\\r\\n\\r\\n\\r\\n\\r\\n<table>\\r\\n<thead>\\r\\n<tr><th>Location<\\/th><th>Methods of Payment<\\/th><\\/tr>\\r\\n<\\/thead>\\r\\n<tbody>\\r\\n<tr><td style=\\\"background-color:white\\\">\\r\\nParking Citation Assistance Center\\r\\nPhone: (800) 500-6484\\r\\n<\\/td><td>\\r\\nCredit cards: Visa, Mastercard, Discover or American Express\\r\\n<\\/td><\\/tr>\\r\\n<\\/tbody>\\r\\n<\\/table>\",\"3\":\"Pay your Parking Ticket\",\"4\":\"This page provides information on how to pay a parking ticket in the City of Oakland\"}}', '2015-12-04 20:17:11', '2015-12-04 20:17:11', 'a3bf4edd-920b-452f-8cd6-965e4ba73c5a');
INSERT INTO `craft_entryversions` (`id`, `entryId`, `sectionId`, `creatorId`, `locale`, `num`, `notes`, `data`, `dateCreated`, `dateUpdated`, `uid`) VALUES ('12', '6', '3', '1', 'en_us', '3', '', '{\"typeId\":\"3\",\"authorId\":\"1\",\"title\":\"Pay a Parking Ticket\",\"slug\":\"pay-a-parking-ticket\",\"postDate\":1449259680,\"expiryDate\":null,\"enabled\":1,\"parentId\":\"5\",\"fields\":{\"1\":\"<h2 id=\\\"what-you-need-to-know\\\">What You Need to Know<\\/h2>\\r\\n\\r\\n<ul>\\r\\n  <li>You can pay online using Visa, MasterCard, Discover or American Express<\\/li>\\r\\n  <li>You have 21 days after the date the ticket was written to make a payment.<\\/li>\\r\\n<\\/ul>\\r\\n\\r\\n\\r\\n\\r\\n\\r\\n\\r\\n<h2 id=\\\"ways-to-pay\\\">Ways to Pay<\\/h2>\\r\\n\\r\\n\\r\\n\\r\\n\\r\\n\\r\\n\\r\\n\\r\\n<h3 id=\\\"in-person\\\">In Person<\\/h3>\\r\\n\\r\\n\\r\\n\\r\\n\\r\\n\\r\\n\\r\\n\\r\\n<p>You can pay your ticket at the Parking Citation Assistance Center.<\\/p>\\r\\n\\r\\n\\r\\n\\r\\n\\r\\n\\r\\n\\r\\n\\r\\n<table>\\r\\n<thead>\\r\\n<tr><th>Location<\\/th><th>Hours<\\/th><\\/tr>\\r\\n<\\/thead>\\r\\n<tbody>\\r\\n<tr><td style=\\\"background-color:white\\\">\\r\\nParking Citation Assistance Center\\r\\n250 Frank H. Ogawa Plaza, Suite 6300\\r\\nOakland, CA 94612\\r\\nPhone: (800) 500-6484\\r\\n<\\/td><td>\\r\\nMondays, Tuesdays, Thursdays and Fridays from 9 a.m. to 4:30 p.m.\\r\\nWednesdays from 9:30 a.m. to 4:30 p.m.\\r\\n<\\/td><\\/tr>\\r\\n<\\/tbody>\\r\\n<\\/table>\\r\\n\\r\\n\\r\\n\\r\\n\\r\\n\\r\\n\\r\\n\\r\\n<p><strong>Additional locations:<\\/strong><\\/p>\\r\\n\\r\\n\\r\\n\\r\\n\\r\\n\\r\\n\\r\\n\\r\\n<ul>\\r\\n  <li>Parking ticket payment kiosks at 250 Frank H. Ogawa Plaza, Monday through Friday from 8:30 a.m. to 5 p.m.<\\/li>\\r\\n  <li>Eastmont Police Substation, 2651 73rd Avenue, Monday through Saturday from 8:00 a.m. to 4 p.m.<\\/li>\\r\\n<\\/ul>\\r\\n\\r\\n\\r\\n\\r\\n\\r\\n\\r\\n\\r\\n\\r\\n<h3 id=\\\"by-mail\\\">By Mail<\\/h3>\\r\\n\\r\\n\\r\\n\\r\\n\\r\\n\\r\\n\\r\\n\\r\\n<p>Mail your parking ticket and the full payment to:<\\/p>\\r\\n\\r\\n\\r\\n\\r\\n\\r\\n\\r\\n\\r\\n\\r\\n<p>Parking Citation Assistance Center<\\/p>\\r\\n\\r\\n\\r\\n\\r\\n\\r\\n\\r\\n\\r\\n\\r\\n<p>250 Frank H. Ogawa Plaza, Suite 6300<\\/p>\\r\\n\\r\\n\\r\\n\\r\\n\\r\\n\\r\\n\\r\\n\\r\\n<p>Oakland, CA 94612<\\/p>\\r\\n\\r\\n<p><br><\\/p>\\r\\n\\r\\n\\r\\n\\r\\n\\r\\n\\r\\n\\r\\n\\r\\n<h3 id=\\\"by-phone\\\">By Phone<\\/h3>\\r\\n\\r\\n\\r\\n\\r\\n\\r\\n\\r\\n\\r\\n\\r\\n<table>\\r\\n<thead>\\r\\n<tr><th>Location<\\/th><th>Methods of Payment<\\/th><\\/tr>\\r\\n<\\/thead>\\r\\n<tbody>\\r\\n<tr><td style=\\\"background-color:white\\\">\\r\\nParking Citation Assistance Center\\r\\nPhone: (800) 500-6484\\r\\n<\\/td><td>\\r\\nCredit cards: Visa, Mastercard, Discover or American Express\\r\\n<\\/td><\\/tr>\\r\\n<\\/tbody>\\r\\n<\\/table>\",\"5\":\"https:\\/\\/prodpci.etimspayments.com\\/pbw\\/include\\/oakland\\/input.jsp\",\"3\":\"Pay your Parking Ticket\",\"4\":\"This page provides information on how to pay a parking ticket in the City of Oakland\"}}', '2015-12-04 20:19:03', '2015-12-04 20:19:03', '62cf062f-3404-41c7-abdf-4c3d4506f90e');
INSERT INTO `craft_entryversions` (`id`, `entryId`, `sectionId`, `creatorId`, `locale`, `num`, `notes`, `data`, `dateCreated`, `dateUpdated`, `uid`) VALUES ('13', '6', '3', '1', 'en_us', '4', '', '{\"typeId\":\"3\",\"authorId\":\"1\",\"title\":\"Pay a Parking Ticket\",\"slug\":\"pay-a-parking-ticket\",\"postDate\":1449259680,\"expiryDate\":null,\"enabled\":1,\"parentId\":\"5\",\"fields\":{\"1\":\"<h2 id=\\\"what-you-need-to-know\\\">What You Need to Know<\\/h2>\\r\\n\\r\\n<ul>\\r\\n  <li>You can pay online using Visa, MasterCard, Discover or American Express<\\/li>\\r\\n  <li>You have 21 days after the date the ticket was written to make a payment.<\\/li>\\r\\n<\\/ul>\\r\\n\\r\\n\\r\\n\\r\\n\\r\\n\\r\\n\\r\\n\\r\\n<h2 id=\\\"ways-to-pay\\\">Ways to Pay<\\/h2>\\r\\n\\r\\n\\r\\n\\r\\n\\r\\n\\r\\n\\r\\n\\r\\n\\r\\n\\r\\n<h3 id=\\\"in-person\\\">In Person<\\/h3>\\r\\n\\r\\n\\r\\n\\r\\n\\r\\n\\r\\n\\r\\n\\r\\n\\r\\n\\r\\n<p>You can pay your ticket at the Parking Citation Assistance Center.<\\/p>\\r\\n\\r\\n\\r\\n\\r\\n\\r\\n\\r\\n\\r\\n\\r\\n\\r\\n\\r\\n<table>\\r\\n<thead>\\r\\n<tr><th>Location<\\/th><th>Hours<\\/th><\\/tr>\\r\\n<\\/thead>\\r\\n<tbody>\\r\\n<tr><td style=\\\"background-color:white\\\">\\r\\nParking Citation Assistance Center\\r\\n250 Frank H. Ogawa Plaza, Suite 6300\\r\\nOakland, CA 94612\\r\\nPhone: (800) 500-6484\\r\\n<\\/td><td>\\r\\nMondays, Tuesdays, Thursdays and Fridays from 9 a.m. to 4:30 p.m.\\r\\nWednesdays from 9:30 a.m. to 4:30 p.m.\\r\\n<\\/td><\\/tr>\\r\\n<\\/tbody>\\r\\n<\\/table>\\r\\n\\r\\n\\r\\n\\r\\n\\r\\n\\r\\n\\r\\n\\r\\n\\r\\n\\r\\n<p><strong>Additional locations:<\\/strong><\\/p>\\r\\n\\r\\n\\r\\n\\r\\n\\r\\n\\r\\n\\r\\n\\r\\n\\r\\n\\r\\n<ul>\\r\\n  <li>Parking ticket payment kiosks at 250 Frank H. Ogawa Plaza, Monday through Friday from 8:30 a.m. to 5 p.m.<\\/li>\\r\\n  <li>Eastmont Police Substation, 2651 73rd Avenue, Monday through Saturday from 8:00 a.m. to 4 p.m.<\\/li>\\r\\n<\\/ul>\\r\\n\\r\\n\\r\\n\\r\\n\\r\\n\\r\\n\\r\\n\\r\\n\\r\\n\\r\\n<h3 id=\\\"by-mail\\\">By Mail<\\/h3>\\r\\n\\r\\n\\r\\n\\r\\n\\r\\n\\r\\n\\r\\n\\r\\n\\r\\n\\r\\n<p>Mail your parking ticket and the full payment to:<\\/p>\\r\\n\\r\\n\\r\\n\\r\\n\\r\\n\\r\\n\\r\\n\\r\\n\\r\\n\\r\\n<p>Parking Citation Assistance Center<\\/p>\\r\\n\\r\\n\\r\\n\\r\\n\\r\\n\\r\\n\\r\\n\\r\\n\\r\\n\\r\\n<p>250 Frank H. Ogawa Plaza, Suite 6300<\\/p>\\r\\n\\r\\n\\r\\n\\r\\n\\r\\n\\r\\n\\r\\n\\r\\n\\r\\n\\r\\n<p>Oakland, CA 94612<\\/p>\\r\\n\\r\\n\\r\\n\\r\\n<p><br><\\/p>\\r\\n\\r\\n\\r\\n\\r\\n\\r\\n\\r\\n\\r\\n\\r\\n\\r\\n\\r\\n<h3 id=\\\"by-phone\\\">By Phone<\\/h3>\\r\\n\\r\\n\\r\\n\\r\\n\\r\\n\\r\\n\\r\\n\\r\\n\\r\\n\\r\\n<table>\\r\\n<thead>\\r\\n<tr><th>Location<\\/th><th>Methods of Payment<\\/th><\\/tr>\\r\\n<\\/thead>\\r\\n<tbody>\\r\\n<tr><td style=\\\"background-color:white\\\">\\r\\nParking Citation Assistance Center\\r\\nPhone: (800) 500-6484\\r\\n<\\/td><td>\\r\\nCredit cards: Visa, Mastercard, Discover or American Express\\r\\n<\\/td><\\/tr>\\r\\n<\\/tbody>\\r\\n<\\/table>\",\"5\":\"https:\\/\\/prodpci.etimspayments.com\\/pbw\\/include\\/oakland\\/input.jsp\",\"3\":\"Pay your Parking Ticket\",\"4\":\"This page provides information on how to pay a parking ticket in the City of Oakland\"}}', '2015-12-04 20:19:10', '2015-12-04 20:19:10', '973677e3-4a3a-4960-a5d8-8e254b913b76');
INSERT INTO `craft_entryversions` (`id`, `entryId`, `sectionId`, `creatorId`, `locale`, `num`, `notes`, `data`, `dateCreated`, `dateUpdated`, `uid`) VALUES ('14', '5', '3', '1', 'en_us', '2', '', '{\"typeId\":\"4\",\"authorId\":\"1\",\"title\":\"Parking\",\"slug\":\"parking\",\"postDate\":1449259680,\"expiryDate\":null,\"enabled\":1,\"parentId\":\"\",\"fields\":[]}', '2015-12-04 20:26:06', '2015-12-04 20:26:06', '0f3756cb-49a8-418a-8583-8b0c25967762');
INSERT INTO `craft_entryversions` (`id`, `entryId`, `sectionId`, `creatorId`, `locale`, `num`, `notes`, `data`, `dateCreated`, `dateUpdated`, `uid`) VALUES ('15', '5', '3', '1', 'en_us', '3', '', '{\"typeId\":\"4\",\"authorId\":\"1\",\"title\":\"Parking\",\"slug\":\"parking\",\"postDate\":1449259680,\"expiryDate\":null,\"enabled\":1,\"parentId\":\"\",\"fields\":{\"4\":\"Including parking permits and paying parking citations\"}}', '2015-12-04 21:34:11', '2015-12-04 21:34:11', '013ad01e-24e3-4c5b-b3a3-c71dc5a7a2c1');
INSERT INTO `craft_entryversions` (`id`, `entryId`, `sectionId`, `creatorId`, `locale`, `num`, `notes`, `data`, `dateCreated`, `dateUpdated`, `uid`) VALUES ('16', '6', '3', '1', 'en_us', '5', '', '{\"typeId\":\"3\",\"authorId\":\"1\",\"title\":\"Pay a Parking Ticket\",\"slug\":\"pay-a-parking-ticket\",\"postDate\":1449259680,\"expiryDate\":null,\"enabled\":1,\"parentId\":\"5\",\"fields\":{\"1\":\"<h2 id=\\\"what-you-need-to-know\\\">What You Need to Know<\\/h2>\\r\\n\\r\\n<ul>\\r\\n  <li>You can pay online using Visa, MasterCard, Discover or American Express<\\/li>\\r\\n  <li>You have 21 days after the date the ticket was written to make a payment.<\\/li>\\r\\n<\\/ul>\\r\\n\\r\\n\\r\\n\\r\\n\\r\\n\\r\\n\\r\\n\\r\\n\\r\\n\\r\\n<h2 id=\\\"ways-to-pay\\\">Ways to Pay<\\/h2>\\r\\n\\r\\n\\r\\n\\r\\n\\r\\n\\r\\n\\r\\n\\r\\n\\r\\n\\r\\n\\r\\n\\r\\n<h3 id=\\\"in-person\\\">In Person<\\/h3>\\r\\n\\r\\n\\r\\n\\r\\n\\r\\n\\r\\n\\r\\n\\r\\n\\r\\n\\r\\n\\r\\n\\r\\n<p>You can pay your ticket at the Parking Citation Assistance Center.<\\/p>\\r\\n\\r\\n\\r\\n\\r\\n\\r\\n\\r\\n\\r\\n\\r\\n\\r\\n\\r\\n\\r\\n\\r\\n<table>\\r\\n<thead>\\r\\n<tr><th>Location<\\/th><th>Hours<\\/th><\\/tr>\\r\\n<\\/thead>\\r\\n<tbody>\\r\\n<tr><td style=\\\"background-color:white\\\">\\r\\nParking Citation Assistance Center\\r\\n250 Frank H. Ogawa Plaza, Suite 6300\\r\\nOakland, CA 94612\\r\\nPhone: (800) 500-6484\\r\\n<\\/td><td>\\r\\nMondays, Tuesdays, Thursdays and Fridays from 9 a.m. to 4:30 p.m.\\r\\nWednesdays from 9:30 a.m. to 4:30 p.m.\\r\\n<\\/td><\\/tr>\\r\\n<\\/tbody>\\r\\n<\\/table>\\r\\n\\r\\n\\r\\n\\r\\n\\r\\n\\r\\n\\r\\n\\r\\n\\r\\n\\r\\n\\r\\n\\r\\n<p><strong>Additional locations:<\\/strong><\\/p>\\r\\n\\r\\n\\r\\n\\r\\n\\r\\n\\r\\n\\r\\n\\r\\n\\r\\n\\r\\n\\r\\n\\r\\n<ul>\\r\\n  <li>Parking ticket payment kiosks at 250 Frank H. Ogawa Plaza, Monday through Friday from 8:30 a.m. to 5 p.m.<\\/li>\\r\\n  <li>Eastmont Police Substation, 2651 73rd Avenue, Monday through Saturday from 8:00 a.m. to 4 p.m.<\\/li>\\r\\n<\\/ul>\\r\\n\\r\\n\\r\\n\\r\\n\\r\\n\\r\\n\\r\\n\\r\\n\\r\\n\\r\\n\\r\\n\\r\\n<h3 id=\\\"by-mail\\\">By Mail<\\/h3>\\r\\n\\r\\n\\r\\n\\r\\n\\r\\n\\r\\n\\r\\n\\r\\n\\r\\n\\r\\n\\r\\n\\r\\n<p>Mail your parking ticket and the full payment to:<\\/p>\\r\\n\\r\\n\\r\\n\\r\\n\\r\\n\\r\\n\\r\\n\\r\\n\\r\\n\\r\\n\\r\\n\\r\\n<p>Parking Citation Assistance Center<\\/p>\\r\\n\\r\\n\\r\\n\\r\\n\\r\\n\\r\\n\\r\\n\\r\\n\\r\\n\\r\\n\\r\\n\\r\\n<p>250 Frank H. Ogawa Plaza, Suite 6300<\\/p>\\r\\n\\r\\n\\r\\n\\r\\n\\r\\n\\r\\n\\r\\n\\r\\n\\r\\n\\r\\n\\r\\n\\r\\n<p>Oakland, CA 94612<\\/p>\\r\\n\\r\\n\\r\\n\\r\\n\\r\\n\\r\\n<p><br><\\/p>\\r\\n\\r\\n\\r\\n\\r\\n\\r\\n\\r\\n\\r\\n\\r\\n\\r\\n\\r\\n\\r\\n\\r\\n<h3 id=\\\"by-phone\\\">By Phone<\\/h3>\\r\\n\\r\\n\\r\\n\\r\\n\\r\\n\\r\\n\\r\\n\\r\\n\\r\\n\\r\\n\\r\\n\\r\\n<table>\\r\\n<thead>\\r\\n<tr><th>Location<\\/th><th>Methods of Payment<\\/th><\\/tr>\\r\\n<\\/thead>\\r\\n<tbody>\\r\\n<tr><td style=\\\"background-color:white\\\">\\r\\nParking Citation Assistance Center\\r\\nPhone: (800) 500-6484\\r\\n<\\/td><td>\\r\\nCredit cards: Visa, Mastercard, Discover or American Express\\r\\n<\\/td><\\/tr>\\r\\n<\\/tbody>\\r\\n<\\/table>\",\"5\":\"https:\\/\\/prodpci.etimspayments.com\\/pbw\\/include\\/oakland\\/input.jsp\",\"3\":\"Pay your Parking Ticket Online\",\"4\":\"This page provides information on how to pay a parking ticket in the City of Oakland\"}}', '2015-12-04 22:53:13', '2015-12-04 22:53:13', 'bff54630-038a-4d97-a94a-229bcc5b5234');
INSERT INTO `craft_entryversions` (`id`, `entryId`, `sectionId`, `creatorId`, `locale`, `num`, `notes`, `data`, `dateCreated`, `dateUpdated`, `uid`) VALUES ('17', '6', '3', '1', 'en_us', '6', '', '{\"typeId\":\"3\",\"authorId\":\"1\",\"title\":\"Pay a Parking Ticket\",\"slug\":\"pay-a-parking-ticket\",\"postDate\":1449259680,\"expiryDate\":null,\"enabled\":1,\"parentId\":\"5\",\"fields\":{\"1\":\"<h2 id=\\\"what-you-need-to-know\\\">What You Need to Know<\\/h2>\\r\\n\\r\\n<ul>\\r\\n  <li>You can pay online using Visa, MasterCard, Discover or American Express<\\/li>\\r\\n  <li>You have 21 days after the date the ticket was written to make a payment.<\\/li>\\r\\n<\\/ul>\\r\\n\\r\\n\\r\\n\\r\\n\\r\\n\\r\\n\\r\\n\\r\\n\\r\\n\\r\\n\\r\\n\\r\\n<h2 id=\\\"ways-to-pay\\\">Ways to Pay<\\/h2>\\r\\n\\r\\n\\r\\n\\r\\n\\r\\n\\r\\n\\r\\n\\r\\n\\r\\n\\r\\n\\r\\n\\r\\n\\r\\n\\r\\n<h3 id=\\\"in-person\\\">In Person<\\/h3>\\r\\n\\r\\n\\r\\n\\r\\n\\r\\n\\r\\n\\r\\n\\r\\n\\r\\n\\r\\n\\r\\n\\r\\n\\r\\n\\r\\n<p>You can pay your ticket at the Parking Citation Assistance Center.<\\/p>\\r\\n\\r\\n\\r\\n\\r\\n\\r\\n\\r\\n\\r\\n\\r\\n\\r\\n\\r\\n\\r\\n\\r\\n\\r\\n\\r\\n<table>\\r\\n<thead>\\r\\n<tr><th>Location<\\/th><th>Hours<\\/th><\\/tr>\\r\\n<\\/thead>\\r\\n<tbody>\\r\\n<tr><td style=\\\"background-color:white\\\">\\r\\nParking Citation Assistance Center\\r\\n250 Frank H. Ogawa Plaza, Suite 6300\\r\\nOakland, CA 94612\\r\\nPhone: (800) 500-6484\\r\\n<\\/td><td>\\r\\nMondays, Tuesdays, Thursdays and Fridays from 9 a.m. to 4:30 p.m.\\r\\nWednesdays from 9:30 a.m. to 4:30 p.m.\\r\\n<\\/td><\\/tr>\\r\\n<\\/tbody>\\r\\n<\\/table>\\r\\n\\r\\n\\r\\n\\r\\n\\r\\n\\r\\n\\r\\n\\r\\n\\r\\n\\r\\n\\r\\n\\r\\n\\r\\n\\r\\n<p><strong>Additional locations:<\\/strong><\\/p>\\r\\n\\r\\n\\r\\n\\r\\n\\r\\n\\r\\n\\r\\n\\r\\n\\r\\n\\r\\n\\r\\n\\r\\n\\r\\n\\r\\n<ul>\\r\\n  <li>Parking ticket payment kiosks at 250 Frank H. Ogawa Plaza, Monday through Friday from 8:30 a.m. to 5 p.m.<\\/li>\\r\\n  <li>Eastmont Police Substation, 2651 73rd Avenue, Monday through Saturday from 8:00 a.m. to 4 p.m.<\\/li>\\r\\n<\\/ul>\\r\\n\\r\\n\\r\\n\\r\\n\\r\\n\\r\\n\\r\\n\\r\\n\\r\\n\\r\\n\\r\\n\\r\\n\\r\\n\\r\\n<h3 id=\\\"by-mail\\\">By Mail<\\/h3>\\r\\n\\r\\n\\r\\n\\r\\n\\r\\n\\r\\n\\r\\n\\r\\n\\r\\n\\r\\n\\r\\n\\r\\n\\r\\n\\r\\n<p>Mail your parking ticket and the full payment to:<\\/p>\\r\\n\\r\\n\\r\\n\\r\\n\\r\\n\\r\\n\\r\\n\\r\\n\\r\\n\\r\\n\\r\\n\\r\\n\\r\\n\\r\\n<p>Parking Citation Assistance Center<\\/p>\\r\\n\\r\\n\\r\\n\\r\\n\\r\\n\\r\\n\\r\\n\\r\\n\\r\\n\\r\\n\\r\\n\\r\\n\\r\\n\\r\\n<p>250 Frank H. Ogawa Plaza, Suite 6300<\\/p>\\r\\n\\r\\n\\r\\n\\r\\n\\r\\n\\r\\n\\r\\n\\r\\n\\r\\n\\r\\n\\r\\n\\r\\n\\r\\n\\r\\n<p>Oakland, CA 94612<\\/p>\\r\\n\\r\\n\\r\\n\\r\\n\\r\\n\\r\\n\\r\\n\\r\\n<p><br><\\/p>\\r\\n\\r\\n\\r\\n\\r\\n\\r\\n\\r\\n\\r\\n\\r\\n\\r\\n\\r\\n\\r\\n\\r\\n\\r\\n\\r\\n<h3 id=\\\"by-phone\\\">By Phone<\\/h3>\\r\\n\\r\\n\\r\\n\\r\\n\\r\\n\\r\\n\\r\\n\\r\\n\\r\\n\\r\\n\\r\\n\\r\\n\\r\\n\\r\\n<table>\\r\\n<thead>\\r\\n<tr><th>Location<\\/th><th>Methods of Payment<\\/th><\\/tr>\\r\\n<\\/thead>\\r\\n<tbody>\\r\\n<tr><td style=\\\"background-color:white\\\">\\r\\nParking Citation Assistance Center\\r\\nPhone: (800) 500-6484\\r\\n<\\/td><td>\\r\\nCredit cards: Visa, Mastercard, Discover or American Express\\r\\n<\\/td><\\/tr>\\r\\n<\\/tbody>\\r\\n<\\/table>\",\"5\":\"https:\\/\\/prodpci.etimspayments.com\\/pbw\\/include\\/oakland\\/input.jsp\",\"3\":\"Pay your ticket online\",\"4\":\"This page provides information on how to pay a parking ticket in the City of Oakland\"}}', '2015-12-04 22:55:25', '2015-12-04 22:55:25', 'c2175907-6a09-4e56-9bd3-90c58757105e');
INSERT INTO `craft_entryversions` (`id`, `entryId`, `sectionId`, `creatorId`, `locale`, `num`, `notes`, `data`, `dateCreated`, `dateUpdated`, `uid`) VALUES ('18', '6', '3', '1', 'en_us', '7', '', '{\"typeId\":\"3\",\"authorId\":\"1\",\"title\":\"Pay a Parking Ticket\",\"slug\":\"pay-a-parking-ticket\",\"postDate\":1449259680,\"expiryDate\":null,\"enabled\":1,\"parentId\":\"5\",\"fields\":{\"1\":{\"new1\":{\"type\":\"mainBody\",\"enabled\":\"1\",\"fields\":{\"text\":\"\"}},\"new2\":{\"type\":\"table\",\"enabled\":\"1\",\"fields\":{\"table\":[{\"col1\":\"\"}]}}},\"5\":\"https:\\/\\/prodpci.etimspayments.com\\/pbw\\/include\\/oakland\\/input.jsp\",\"3\":\"Pay your ticket online\",\"4\":\"This page provides information on how to pay a parking ticket in the City of Oakland\"}}', '2015-12-04 23:22:29', '2015-12-04 23:22:29', '6080dc91-062f-4eb2-b75d-b146e4464179');
INSERT INTO `craft_entryversions` (`id`, `entryId`, `sectionId`, `creatorId`, `locale`, `num`, `notes`, `data`, `dateCreated`, `dateUpdated`, `uid`) VALUES ('19', '6', '3', '1', 'en_us', '8', '', '{\"typeId\":\"3\",\"authorId\":\"1\",\"title\":\"Pay a Parking Ticket\",\"slug\":\"pay-a-parking-ticket\",\"postDate\":1449259680,\"expiryDate\":null,\"enabled\":1,\"parentId\":\"5\",\"fields\":{\"1\":{\"7\":{\"type\":\"text\",\"enabled\":\"1\",\"fields\":{\"text\":\"<h2>What You Need to Know<\\/h2>\\r\\n\\r\\n<p>You can pay online using Visa, MasterCard, Discover or American Express<br>You have 21 days after the date the ticket was written to make a payment.<br>Ways to Pay<\\/p>\\r\\n\\r\\n<h2>In Person<\\/h2>\\r\\n\\r\\n<p>You can pay your ticket at the Parking Citation Assistance Center<\\/p>\"}},\"8\":{\"type\":\"table\",\"enabled\":\"1\",\"fields\":{\"table\":[{\"col1\":\"Location\"},{\"col1\":\"Parking Citation Assistance Center 250 Frank H. Ogawa Plaza, Suite 6300 Oakland, CA 94612 Phone: (800) 500-6484\"}]}}},\"5\":\"https:\\/\\/prodpci.etimspayments.com\\/pbw\\/include\\/oakland\\/input.jsp\",\"3\":\"Pay your ticket online\",\"4\":\"This page provides information on how to pay a parking ticket in the City of Oakland\"}}', '2015-12-04 23:27:11', '2015-12-04 23:27:11', 'cda50ac3-df0e-4f94-9d6f-08f1ce29fb60');
INSERT INTO `craft_entryversions` (`id`, `entryId`, `sectionId`, `creatorId`, `locale`, `num`, `notes`, `data`, `dateCreated`, `dateUpdated`, `uid`) VALUES ('20', '6', '3', '1', 'en_us', '9', '', '{\"typeId\":\"3\",\"authorId\":\"1\",\"title\":\"Pay a Parking Ticket\",\"slug\":\"pay-a-parking-ticket\",\"postDate\":1449259680,\"expiryDate\":null,\"enabled\":1,\"parentId\":\"5\",\"fields\":{\"1\":{\"7\":{\"type\":\"text\",\"enabled\":\"1\",\"fields\":{\"text\":\"<h2>What You Need to Know<\\/h2>\\r\\n\\r\\n<p>You can pay online using Visa, MasterCard, Discover or American Express<br>You have 21 days after the date the ticket was written to make a payment.<br>Ways to Pay<\\/p>\\r\\n\\r\\n\\r\\n\\r\\n<h2>In Person<\\/h2>\\r\\n\\r\\n\\r\\n\\r\\n<p>You can pay your ticket at the Parking Citation Assistance Center<\\/p>\"}},\"8\":{\"type\":\"table\",\"enabled\":\"1\",\"fields\":{\"table\":[{\"col1\":\"Location\"},{\"col1\":\"Parking Citation Assistance Center 250 Frank H. Ogawa Plaza, Suite 6300 Oakland, CA 94612 Phone: (800) 500-6484\"}]}}},\"5\":\"https:\\/\\/prodpci.etimspayments.com\\/pbw\\/include\\/oakland\\/input.jsp\",\"3\":\"Pay your ticket online\",\"4\":\"This page provides information on how to pay a parking ticket in the City of Oakland\"}}', '2015-12-04 23:28:57', '2015-12-04 23:28:57', 'cd5fa6fd-58d8-4ef1-a1f0-b48b1ef939cf');
INSERT INTO `craft_entryversions` (`id`, `entryId`, `sectionId`, `creatorId`, `locale`, `num`, `notes`, `data`, `dateCreated`, `dateUpdated`, `uid`) VALUES ('21', '6', '3', '1', 'en_us', '10', '', '{\"typeId\":\"3\",\"authorId\":\"1\",\"title\":\"Pay a Parking Ticket\",\"slug\":\"pay-a-parking-ticket\",\"postDate\":1449259680,\"expiryDate\":null,\"enabled\":1,\"parentId\":\"5\",\"fields\":{\"1\":{\"7\":{\"type\":\"text\",\"enabled\":\"1\",\"fields\":{\"text\":\"<h2>What You Need to Know<\\/h2>\\r\\n\\r\\n<ul><li>You can pay online using Visa, MasterCard, Discover or American Express<\\/li><li>You have 21 days after the date the ticket was written to make a payment.<\\/li><\\/ul><h2>Ways to Pay<\\/h2>\\r\\n\\r\\n\\r\\n\\r\\n\\r\\n\\r\\n<h3>In Person<\\/h3>\\r\\n\\r\\n\\r\\n\\r\\n\\r\\n\\r\\n<p>You can pay your ticket at the Parking Citation Assistance Center<\\/p>\"}},\"8\":{\"type\":\"table\",\"enabled\":\"1\",\"fields\":{\"table\":\"{\\\"columns\\\":{\\\"col1\\\":{\\\"heading\\\":\\\"Location\\\",\\\"width\\\":\\\"\\\",\\\"align\\\":\\\"left\\\"},\\\"col2\\\":{\\\"heading\\\":\\\"Hours\\\",\\\"width\\\":\\\"\\\",\\\"align\\\":\\\"left\\\"}},\\\"rows\\\":{\\\"row1\\\":{\\\"col1\\\":\\\"Parking Citation Assistance Center 250 Frank H. Ogawa Plaza, Suite 6300 Oakland, CA 94612 Phone: (800) 500-6484\\\",\\\"col2\\\":\\\"Mondays, Tuesdays, Thursdays and Fridays from 9 a.m. to 4:30 p.m. Wednesdays from 9:30 a.m. to 4:30 p.m.\\\"}}}\",\"columns\":{\"col1\":{\"heading\":\"Location\",\"width\":\"\",\"align\":\"left\"},\"col2\":{\"heading\":\"Hours\",\"width\":\"\",\"align\":\"left\"}},\"rows\":{\"row1\":{\"col1\":\"Parking Citation Assistance Center 250 Frank H. Ogawa Plaza, Suite 6300 Oakland, CA 94612 Phone: (800) 500-6484\",\"col2\":\"Mondays, Tuesdays, Thursdays and Fridays from 9 a.m. to 4:30 p.m. Wednesdays from 9:30 a.m. to 4:30 p.m.\"}}}},\"new1\":{\"type\":\"text\",\"enabled\":\"1\",\"fields\":{\"text\":\"<h4>Additional locations:<\\/h4><p><br>Parking ticket payment kiosks at 250 Frank H. Ogawa Plaza, Monday through Friday from 8:30 a.m. to 5 p.m.<br>Eastmont Police Substation, 2651 73rd Avenue, Monday through Saturday from 8:00 a.m. to 4 p.m.<\\/p><h3><br>By Mail<\\/h3>\\r\\n\\r\\n<p>Mail your parking ticket and the full payment to:<\\/p><p><br>Parking Citation Assistance Center<br>250 Frank H. Ogawa Plaza, Suite 6300<br>Oakland, CA 94612<\\/p><h3><br>By Phone<\\/h3>\"}},\"new2\":{\"type\":\"table\",\"enabled\":\"1\",\"fields\":{\"table\":\"{\\\"columns\\\":{\\\"col1\\\":{\\\"heading\\\":\\\"Location\\\",\\\"width\\\":\\\"\\\",\\\"align\\\":\\\"left\\\"},\\\"col2\\\":{\\\"heading\\\":\\\"Methods of Payment\\\",\\\"width\\\":\\\"\\\",\\\"align\\\":\\\"left\\\"}},\\\"rows\\\":{\\\"row1\\\":{\\\"col1\\\":\\\"Parking Citation Assistance Center Phone: (800) 500-6484\\\",\\\"col2\\\":\\\"Credit cards: Visa, Mastercard, Discover or American Express\\\"}}}\",\"columns\":{\"col1\":{\"heading\":\"Location\",\"width\":\"\",\"align\":\"left\"},\"col2\":{\"heading\":\"Methods of Payment\",\"width\":\"\",\"align\":\"left\"}},\"rows\":{\"row1\":{\"col1\":\"Parking Citation Assistance Center Phone: (800) 500-6484\",\"col2\":\"Credit cards: Visa, Mastercard, Discover or American Express\"}}}}},\"5\":\"https:\\/\\/prodpci.etimspayments.com\\/pbw\\/include\\/oakland\\/input.jsp\",\"3\":\"Pay your ticket online\",\"4\":\"This page provides information on how to pay a parking ticket in the City of Oakland\"}}', '2015-12-04 23:37:15', '2015-12-04 23:37:15', 'd4d54b1a-8d4f-4dad-856e-3c2968524249');
INSERT INTO `craft_entryversions` (`id`, `entryId`, `sectionId`, `creatorId`, `locale`, `num`, `notes`, `data`, `dateCreated`, `dateUpdated`, `uid`) VALUES ('22', '6', '3', '1', 'en_us', '11', '', '{\"typeId\":\"3\",\"authorId\":\"1\",\"title\":\"Pay a Parking Ticket\",\"slug\":\"pay-a-parking-ticket\",\"postDate\":1449259680,\"expiryDate\":null,\"enabled\":1,\"parentId\":\"5\",\"fields\":{\"1\":{\"7\":{\"type\":\"text\",\"enabled\":\"1\",\"fields\":{\"text\":\"<h2>What You Need to Know<\\/h2>\\r\\n\\r\\n<ul><li>You can pay online using Visa, MasterCard, Discover or American Express<\\/li><li>You have 21 days after the date the ticket was written to make a payment.<\\/li><\\/ul>\\r\\n\\r\\n\\r\\n\\r\\n\\r\\n\\r\\n<h2>Ways to Pay<\\/h2>\\r\\n\\r\\n\\r\\n\\r\\n\\r\\n\\r\\n\\r\\n\\r\\n\\r\\n\\r\\n\\r\\n\\r\\n<h3>In Person<\\/h3>\\r\\n\\r\\n\\r\\n\\r\\n\\r\\n\\r\\n\\r\\n\\r\\n\\r\\n\\r\\n\\r\\n\\r\\n<p>You can pay your ticket at the Parking Citation Assistance Center<\\/p>\"}},\"8\":{\"type\":\"table\",\"enabled\":\"1\",\"fields\":{\"table\":\"{\\\"columns\\\":{\\\"col0\\\":{\\\"heading\\\":\\\"Location\\\",\\\"width\\\":\\\"\\\",\\\"align\\\":\\\"left\\\"},\\\"col1\\\":{\\\"heading\\\":\\\"Hours\\\",\\\"width\\\":\\\"\\\",\\\"align\\\":\\\"left\\\"}},\\\"rows\\\":{\\\"row0\\\":{\\\"col0\\\":\\\"Parking Citation Assistance Center 250 Frank H. Ogawa Plaza, Suite 6300 Oakland, CA 94612 Phone: (800) 500-6484\\\",\\\"col1\\\":\\\"Mondays, Tuesdays, Thursdays and Fridays from 9 a.m. to 4:30 p.m. Wednesdays from 9:30 a.m. to 4:30 p.m.\\\"}}}\",\"columns\":{\"col0\":{\"heading\":\"Location\",\"width\":\"\",\"align\":\"left\"},\"col1\":{\"heading\":\"Hours\",\"width\":\"\",\"align\":\"left\"}},\"rows\":{\"row0\":{\"col0\":\"Parking Citation Assistance Center 250 Frank H. Ogawa Plaza, Suite 6300 Oakland, CA 94612 Phone: (800) 500-6484\",\"col1\":\"Mondays, Tuesdays, Thursdays and Fridays from 9 a.m. to 4:30 p.m. Wednesdays from 9:30 a.m. to 4:30 p.m.\"}}}},\"9\":{\"type\":\"text\",\"enabled\":\"1\",\"fields\":{\"text\":\"<h4>Additional locations:<\\/h4>\\r\\n\\r\\n<p>Parking ticket payment kiosks at 250 Frank H. Ogawa Plaza, Monday through Friday from 8:30 a.m. to 5 p.m.<br>Eastmont Police Substation, 2651 73rd Avenue, Monday through Saturday from 8:00 a.m. to 4 p.m.<\\/p>\\r\\n\\r\\n\\r\\n\\r\\n<h3><br>By Mail<\\/h3>\\r\\n\\r\\n\\r\\n\\r\\n\\r\\n\\r\\n<p>Mail your parking ticket and the full payment to:<\\/p>\\r\\n\\r\\n<p>Parking Citation Assistance Center<br>250 Frank H. Ogawa Plaza, Suite 6300<br>Oakland, CA 94612<\\/p>\\r\\n\\r\\n\\r\\n\\r\\n\\r\\n\\r\\n<h3><br>By Phone<\\/h3>\"}},\"10\":{\"type\":\"table\",\"enabled\":\"1\",\"fields\":{\"table\":\"{\\\"columns\\\":{\\\"col0\\\":{\\\"heading\\\":\\\"Location\\\",\\\"width\\\":\\\"\\\",\\\"align\\\":\\\"left\\\"},\\\"col1\\\":{\\\"heading\\\":\\\"Methods of Payment\\\",\\\"width\\\":\\\"\\\",\\\"align\\\":\\\"left\\\"}},\\\"rows\\\":{\\\"row0\\\":{\\\"col0\\\":\\\"Parking Citation Assistance Center Phone: (800) 500-6484\\\",\\\"col1\\\":\\\"Credit cards: Visa, Mastercard, Discover or American Express\\\"}}}\",\"columns\":{\"col0\":{\"heading\":\"Location\",\"width\":\"\",\"align\":\"left\"},\"col1\":{\"heading\":\"Methods of Payment\",\"width\":\"\",\"align\":\"left\"}},\"rows\":{\"row0\":{\"col0\":\"Parking Citation Assistance Center Phone: (800) 500-6484\",\"col1\":\"Credit cards: Visa, Mastercard, Discover or American Express\"}}}}},\"5\":\"https:\\/\\/prodpci.etimspayments.com\\/pbw\\/include\\/oakland\\/input.jsp\",\"3\":\"Pay your ticket online\",\"4\":\"This page provides information on how to pay a parking ticket in the City of Oakland\"}}', '2015-12-04 23:42:58', '2015-12-04 23:42:58', 'da960021-eca2-49a7-a119-8c2847f4fe38');
INSERT INTO `craft_entryversions` (`id`, `entryId`, `sectionId`, `creatorId`, `locale`, `num`, `notes`, `data`, `dateCreated`, `dateUpdated`, `uid`) VALUES ('23', '6', '3', '1', 'en_us', '12', '', '{\"typeId\":\"3\",\"authorId\":\"1\",\"title\":\"Pay a Parking Ticket\",\"slug\":\"pay-a-parking-ticket\",\"postDate\":1449259680,\"expiryDate\":null,\"enabled\":1,\"parentId\":\"5\",\"fields\":{\"1\":{\"7\":{\"type\":\"text\",\"enabled\":\"1\",\"fields\":{\"text\":\"<h2>What You Need to Know<\\/h2>\\r\\n\\r\\n<ul><li>You can pay online using Visa, MasterCard, Discover or American Express<\\/li><li>You have 21 days after the date the ticket was written to make a payment.<\\/li><\\/ul>\\r\\n\\r\\n\\r\\n\\r\\n\\r\\n\\r\\n\\r\\n\\r\\n\\r\\n\\r\\n\\r\\n\\r\\n\\r\\n\\r\\n\\r\\n\\r\\n<h2>Ways to Pay<\\/h2>\\r\\n\\r\\n\\r\\n\\r\\n\\r\\n\\r\\n\\r\\n\\r\\n\\r\\n\\r\\n\\r\\n\\r\\n\\r\\n\\r\\n\\r\\n\\r\\n\\r\\n\\r\\n\\r\\n\\r\\n\\r\\n\\r\\n<h3>In Person<\\/h3>\\r\\n\\r\\n\\r\\n\\r\\n\\r\\n\\r\\n\\r\\n\\r\\n\\r\\n\\r\\n\\r\\n\\r\\n\\r\\n\\r\\n\\r\\n\\r\\n\\r\\n\\r\\n\\r\\n\\r\\n\\r\\n\\r\\n<p>You can pay your ticket at the Parking Citation Assistance Center<\\/p>\"}},\"8\":{\"type\":\"table\",\"enabled\":\"1\",\"fields\":{\"table\":\"{\\\"columns\\\":{\\\"col0\\\":{\\\"heading\\\":\\\"Location\\\",\\\"width\\\":\\\"\\\",\\\"align\\\":\\\"left\\\"},\\\"col1\\\":{\\\"heading\\\":\\\"Hours\\\",\\\"width\\\":\\\"\\\",\\\"align\\\":\\\"left\\\"}},\\\"rows\\\":{\\\"row0\\\":{\\\"col0\\\":\\\"Parking Citation Assistance Center 250 Frank H. Ogawa Plaza, Suite 6300 Oakland, CA 94612 Phone: (800) 500-6484\\\",\\\"col1\\\":\\\"Mondays, Tuesdays, Thursdays and Fridays from 9 a.m. to 4:30 p.m. Wednesdays from 9:30 a.m. to 4:30 p.m.\\\"}}}\",\"columns\":{\"col0\":{\"heading\":\"Location\",\"width\":\"\",\"align\":\"left\"},\"col1\":{\"heading\":\"Hours\",\"width\":\"\",\"align\":\"left\"}},\"rows\":{\"row0\":{\"col0\":\"Parking Citation Assistance Center 250 Frank H. Ogawa Plaza, Suite 6300 Oakland, CA 94612 Phone: (800) 500-6484\",\"col1\":\"Mondays, Tuesdays, Thursdays and Fridays from 9 a.m. to 4:30 p.m. Wednesdays from 9:30 a.m. to 4:30 p.m.\"}}}},\"9\":{\"type\":\"text\",\"enabled\":\"1\",\"fields\":{\"text\":\"<h4><\\/h4>\\r\\n\\r\\n<h4>Additional locations:<\\/h4>\\r\\n\\r\\n\\r\\n\\r\\n<p>Parking ticket payment kiosks at 250 Frank H. Ogawa Plaza, Monday through Friday from 8:30 a.m. to 5 p.m.<br>Eastmont Police Substation, 2651 73rd Avenue, Monday through Saturday from 8:00 a.m. to 4 p.m.<\\/p>\\r\\n\\r\\n\\r\\n\\r\\n\\r\\n\\r\\n\\r\\n\\r\\n\\r\\n\\r\\n\\r\\n\\r\\n\\r\\n\\r\\n<h3><br>By Mail<\\/h3>\\r\\n\\r\\n\\r\\n\\r\\n\\r\\n\\r\\n\\r\\n\\r\\n\\r\\n\\r\\n\\r\\n\\r\\n\\r\\n\\r\\n\\r\\n\\r\\n<p>Mail your parking ticket and the full payment to:<\\/p>\\r\\n\\r\\n\\r\\n\\r\\n\\r\\n\\r\\n\\r\\n\\r\\n\\r\\n\\r\\n\\r\\n\\r\\n<p>Parking Citation Assistance Center<br>250 Frank H. Ogawa Plaza, Suite 6300<br>Oakland, CA 94612<\\/p>\\r\\n\\r\\n\\r\\n\\r\\n\\r\\n\\r\\n\\r\\n\\r\\n\\r\\n\\r\\n\\r\\n\\r\\n\\r\\n\\r\\n\\r\\n\\r\\n<h3><br>By Phone<\\/h3>\"}},\"10\":{\"type\":\"table\",\"enabled\":\"1\",\"fields\":{\"table\":\"{\\\"columns\\\":{\\\"col0\\\":{\\\"heading\\\":\\\"Location\\\",\\\"width\\\":\\\"\\\",\\\"align\\\":\\\"left\\\"},\\\"col1\\\":{\\\"heading\\\":\\\"Methods of Payment\\\",\\\"width\\\":\\\"\\\",\\\"align\\\":\\\"left\\\"}},\\\"rows\\\":{\\\"row0\\\":{\\\"col0\\\":\\\"Parking Citation Assistance Center Phone: (800) 500-6484\\\",\\\"col1\\\":\\\"Credit cards: Visa, Mastercard, Discover or American Express\\\"}}}\",\"columns\":{\"col0\":{\"heading\":\"Location\",\"width\":\"\",\"align\":\"left\"},\"col1\":{\"heading\":\"Methods of Payment\",\"width\":\"\",\"align\":\"left\"}},\"rows\":{\"row0\":{\"col0\":\"Parking Citation Assistance Center Phone: (800) 500-6484\",\"col1\":\"Credit cards: Visa, Mastercard, Discover or American Express\"}}}}},\"5\":\"https:\\/\\/prodpci.etimspayments.com\\/pbw\\/include\\/oakland\\/input.jsp\",\"3\":\"Pay your ticket online\",\"4\":\"This page provides information on how to pay a parking ticket in the City of Oakland\"}}', '2015-12-04 23:48:13', '2015-12-04 23:48:13', '68d4bf55-cafe-40e1-894e-835ae865d4ff');
INSERT INTO `craft_entryversions` (`id`, `entryId`, `sectionId`, `creatorId`, `locale`, `num`, `notes`, `data`, `dateCreated`, `dateUpdated`, `uid`) VALUES ('24', '6', '3', '1', 'en_us', '13', '', '{\"typeId\":\"3\",\"authorId\":\"1\",\"title\":\"Pay a Parking Ticket\",\"slug\":\"pay-a-parking-ticket\",\"postDate\":1449259680,\"expiryDate\":null,\"enabled\":1,\"parentId\":\"5\",\"fields\":{\"1\":\"<h2 id=\\\"what-you-need-to-know\\\">What You Need to Know<\\/h2>\\r\\n\\r\\n<ul>\\r\\n  <li>You can pay online using Visa, MasterCard, Discover or American Express<\\/li>\\r\\n  <li>You have 21 days after the date the ticket was written to make a payment.<\\/li>\\r\\n<\\/ul>\\r\\n\\r\\n\\r\\n\\r\\n\\r\\n\\r\\n<h2 id=\\\"ways-to-pay\\\">Ways to Pay<\\/h2>\\r\\n\\r\\n\\r\\n\\r\\n\\r\\n\\r\\n\\r\\n\\r\\n<h3 id=\\\"in-person\\\">In Person<\\/h3>\\r\\n\\r\\n\\r\\n\\r\\n\\r\\n\\r\\n\\r\\n\\r\\n<p>You can pay your ticket at the Parking Citation Assistance Center.<\\/p>\\r\\n\\r\\n\\r\\n\\r\\n\\r\\n\\r\\n\\r\\n\\r\\n<table>\\r\\n<thead>\\r\\n<tr><th>Location<\\/th><th>Hours<\\/th><\\/tr>\\r\\n<\\/thead>\\r\\n<tbody>\\r\\n<tr><td style=\\\"background-color:white\\\">\\r\\nParking Citation Assistance Center\\r\\n250 Frank H. Ogawa Plaza, Suite 6300\\r\\nOakland, CA 94612\\r\\nPhone: (800) 500-6484\\r\\n<\\/td><td>\\r\\nMondays, Tuesdays, Thursdays and Fridays from 9 a.m. to 4:30 p.m.\\r\\nWednesdays from 9:30 a.m. to 4:30 p.m.\\r\\n<\\/td><\\/tr>\\r\\n<\\/tbody>\\r\\n<\\/table>\\r\\n\\r\\n\\r\\n\\r\\n\\r\\n\\r\\n\\r\\n\\r\\n<p><strong>Additional locations:<\\/strong><\\/p>\\r\\n\\r\\n\\r\\n\\r\\n\\r\\n\\r\\n\\r\\n\\r\\n<ul>\\r\\n  <li>Parking ticket payment kiosks at 250 Frank H. Ogawa Plaza, Monday through Friday from 8:30 a.m. to 5 p.m.<\\/li>\\r\\n  <li>Eastmont Police Substation, 2651 73rd Avenue, Monday through Saturday from 8:00 a.m. to 4 p.m.<\\/li>\\r\\n<\\/ul>\\r\\n\\r\\n\\r\\n\\r\\n\\r\\n\\r\\n\\r\\n\\r\\n<h3 id=\\\"by-mail\\\">By Mail<\\/h3>\\r\\n\\r\\n\\r\\n\\r\\n\\r\\n\\r\\n\\r\\n\\r\\n<p>Mail your parking ticket and the full payment to:<\\/p>\\r\\n\\r\\n\\r\\n\\r\\n\\r\\n\\r\\n\\r\\n\\r\\n<p>Parking Citation Assistance Center<\\/p>\\r\\n\\r\\n\\r\\n\\r\\n\\r\\n\\r\\n\\r\\n\\r\\n<p>250 Frank H. Ogawa Plaza, Suite 6300<\\/p>\\r\\n\\r\\n\\r\\n\\r\\n\\r\\n\\r\\n\\r\\n\\r\\n<p>Oakland, CA 94612<\\/p>\\r\\n\\r\\n\\r\\n\\r\\n\\r\\n\\r\\n\\r\\n\\r\\n<h3 id=\\\"by-phone\\\">By Phone<\\/h3>\\r\\n\\r\\n\\r\\n\\r\\n\\r\\n\\r\\n\\r\\n\\r\\n<table>\\r\\n<thead>\\r\\n<tr><th>Location<\\/th><th>Methods of Payment<\\/th><\\/tr>\\r\\n<\\/thead>\\r\\n<tbody>\\r\\n<tr><td style=\\\"background-color:white\\\">\\r\\nParking Citation Assistance Center\\r\\nPhone: (800) 500-6484\\r\\n<\\/td><td>\\r\\nCredit cards: Visa, Mastercard, Discover or American Express\\r\\n<\\/td><\\/tr>\\r\\n<\\/tbody>\\r\\n<\\/table>\",\"5\":\"https:\\/\\/prodpci.etimspayments.com\\/pbw\\/include\\/oakland\\/input.jsp\",\"3\":\"Pay your ticket online\",\"4\":\"This page provides information on how to pay a parking ticket in the City of Oakland\"}}', '2015-12-05 00:33:38', '2015-12-05 00:33:38', 'b9f8eac0-a841-4271-bc84-40e4f4752413');
INSERT INTO `craft_entryversions` (`id`, `entryId`, `sectionId`, `creatorId`, `locale`, `num`, `notes`, `data`, `dateCreated`, `dateUpdated`, `uid`) VALUES ('25', '6', '3', '1', 'en_us', '14', '', '{\"typeId\":\"3\",\"authorId\":\"1\",\"title\":\"Pay a Parking Ticket\",\"slug\":\"pay-a-parking-ticket\",\"postDate\":1449259680,\"expiryDate\":null,\"enabled\":1,\"parentId\":\"5\",\"fields\":{\"1\":\"<h2 id=\\\"what-you-need-to-know\\\">What You Need to Know<\\/h2>\\r\\n\\r\\n<ul>\\r\\n  <li>You can pay online using Visa, MasterCard, Discover or American Express<\\/li>\\r\\n  <li>You have 21 days after the date the ticket was written to make a payment.<\\/li>\\r\\n<\\/ul>\\r\\n\\r\\n\\r\\n\\r\\n\\r\\n\\r\\n\\r\\n\\r\\n\\r\\n\\r\\n\\r\\n\\r\\n<h2 id=\\\"ways-to-pay\\\">Ways to Pay<\\/h2>\\r\\n\\r\\n\\r\\n\\r\\n\\r\\n\\r\\n\\r\\n\\r\\n\\r\\n\\r\\n\\r\\n\\r\\n\\r\\n\\r\\n<h3 id=\\\"in-person\\\">In Person<\\/h3>\\r\\n\\r\\n\\r\\n\\r\\n\\r\\n\\r\\n\\r\\n\\r\\n\\r\\n\\r\\n\\r\\n\\r\\n\\r\\n\\r\\n<p>You can pay your ticket at the Parking Citation Assistance Center.<\\/p>\\r\\n\\r\\n\\r\\n\\r\\n\\r\\n\\r\\n\\r\\n\\r\\n\\r\\n\\r\\n\\r\\n\\r\\n\\r\\n\\r\\n<table>\\r\\n<thead>\\r\\n<tr><th>Location<\\/th><th>Hours<\\/th><\\/tr>\\r\\n<\\/thead>\\r\\n<tbody>\\r\\n<tr><td style=\\\"background-color:white\\\">\\r\\nParking Citation Assistance Center\\r\\n250 Frank H. Ogawa Plaza, Suite 6300\\r\\nOakland, CA 94612\\r\\nPhone: (800) 500-6484\\r\\n<\\/td><td>\\r\\nMondays, Tuesdays, Thursdays and Fridays from 9 a.m. to 4:30 p.m.\\r\\nWednesdays from 9:30 a.m. to 4:30 p.m.\\r\\n<\\/td><\\/tr>\\r\\n<\\/tbody>\\r\\n<\\/table>\\r\\n\\r\\n\\r\\n\\r\\n\\r\\n\\r\\n\\r\\n\\r\\n\\r\\n\\r\\n\\r\\n\\r\\n\\r\\n\\r\\n<p><strong>Additional locations:<\\/strong><\\/p>\\r\\n\\r\\n\\r\\n\\r\\n\\r\\n\\r\\n\\r\\n\\r\\n\\r\\n\\r\\n\\r\\n\\r\\n\\r\\n\\r\\n<ul>\\r\\n  <li>Parking ticket payment kiosks at 250 Frank H. Ogawa Plaza, Monday through Friday from 8:30 a.m. to 5 p.m.<\\/li>\\r\\n  <li>Eastmont Police Substation, 2651 73rd Avenue, Monday through Saturday from 8:00 a.m. to 4 p.m.<\\/li>\\r\\n<\\/ul>\\r\\n\\r\\n\\r\\n\\r\\n\\r\\n\\r\\n\\r\\n\\r\\n\\r\\n\\r\\n\\r\\n\\r\\n\\r\\n\\r\\n<h3 id=\\\"by-mail\\\">By Mail<\\/h3>\\r\\n\\r\\n\\r\\n\\r\\n\\r\\n\\r\\n\\r\\n\\r\\n\\r\\n\\r\\n\\r\\n\\r\\n\\r\\n\\r\\n<p>Mail your parking ticket and the full payment to:<\\/p>\\r\\n\\r\\n\\r\\n\\r\\n\\r\\n\\r\\n\\r\\n\\r\\n\\r\\n\\r\\n\\r\\n\\r\\n\\r\\n\\r\\n<p>Parking Citation Assistance Center<\\/p>\\r\\n\\r\\n\\r\\n\\r\\n\\r\\n\\r\\n\\r\\n\\r\\n\\r\\n\\r\\n\\r\\n\\r\\n\\r\\n\\r\\n<p>250 Frank H. Ogawa Plaza, Suite 6300<\\/p>\\r\\n\\r\\n\\r\\n\\r\\n\\r\\n\\r\\n\\r\\n\\r\\n\\r\\n\\r\\n\\r\\n\\r\\n\\r\\n\\r\\n<p>Oakland, CA 94612<\\/p>\\r\\n\\r\\n\\r\\n\\r\\n\\r\\n\\r\\n\\r\\n\\r\\n\\r\\n\\r\\n\\r\\n\\r\\n\\r\\n\\r\\n<h3 id=\\\"by-phone\\\">By Phone<\\/h3>\\r\\n\\r\\n\\r\\n\\r\\n\\r\\n\\r\\n\\r\\n\\r\\n\\r\\n\\r\\n\\r\\n\\r\\n\\r\\n\\r\\n<table>\\r\\n<thead>\\r\\n<tr><th>Location<\\/th><th>Methods of Payment<\\/th><\\/tr>\\r\\n<\\/thead>\\r\\n<tbody>\\r\\n<tr><td style=\\\"background-color:white\\\">\\r\\nParking Citation Assistance Center\\r\\nPhone: (800) 500-6484\\r\\n<\\/td><td>\\r\\nCredit cards: Visa, Mastercard, Discover or American Express\\r\\n<\\/td><\\/tr>\\r\\n<\\/tbody>\\r\\n<\\/table>\",\"5\":\"https:\\/\\/prodpci.etimspayments.com\\/pbw\\/include\\/oakland\\/input.jsp\",\"3\":\"Pay your ticket online\",\"4\":\"This page provides information on how to pay a parking ticket in the City of Oakland\"}}', '2015-12-05 00:40:55', '2015-12-05 00:40:55', '8272f282-55aa-4fa8-89eb-e19b204badff');
INSERT INTO `craft_entryversions` (`id`, `entryId`, `sectionId`, `creatorId`, `locale`, `num`, `notes`, `data`, `dateCreated`, `dateUpdated`, `uid`) VALUES ('26', '11', '2', '1', 'en_us', '1', '', '{\"typeId\":null,\"authorId\":\"1\",\"title\":\"Free Parking on Plaid Friday & Saturdays until New Year\'s\",\"slug\":\"free-parking-on-plaid-friday-saturdays-until-new-years\",\"postDate\":1449775614,\"expiryDate\":null,\"enabled\":1,\"parentId\":null,\"fields\":{\"1\":\"<p>As part of the Shop Oakland Grown for the Holidays campaign, the City of Oakland will offer&nbsp;free parking every Saturday until New Year\'s Day plus Plaid Friday (November 27).&nbsp;The free parking applies to on-street meters (both individual meters and multi-space kiosks), four City-owned parking lots and four City-owned parking garages. Posted time limits&nbsp;at meters&nbsp;still apply.<\\/p>\",\"2\":\"\"}}', '2015-12-10 19:26:54', '2015-12-10 19:26:54', 'accd9455-2cf8-4165-a099-5f1b4f3f659e');
INSERT INTO `craft_entryversions` (`id`, `entryId`, `sectionId`, `creatorId`, `locale`, `num`, `notes`, `data`, `dateCreated`, `dateUpdated`, `uid`) VALUES ('27', '12', '2', '1', 'en_us', '1', '', '{\"typeId\":null,\"authorId\":\"1\",\"title\":\"Oakland\\u2019s Minimum Wage Goes Up January 1, Deadline for noticing requirement is December 15\",\"slug\":\"oaklands-minimum-wage-goes-up-january-1-deadline-for-noticing-requirement-is-december-15\",\"postDate\":1449776225,\"expiryDate\":null,\"enabled\":1,\"parentId\":null,\"fields\":{\"1\":\"<p>Oakland\\u2019s Measure FF, a voter-enacted ballot measure passed in November 2014, provides annual increases to Oakland\\u2019s Minimum Wage based on the local Consumer Price Index (CPI). Effective January 1, 2016, the rate rises 30\\u00a2, from $12.25 to $12.55. The law requires that employers inform employees of the increase by December 15, 2015.<\\/p>\",\"2\":\"\"}}', '2015-12-10 19:37:05', '2015-12-10 19:37:05', '061ab6bd-a834-4421-9319-86f824065bc5');
INSERT INTO `craft_entryversions` (`id`, `entryId`, `sectionId`, `creatorId`, `locale`, `num`, `notes`, `data`, `dateCreated`, `dateUpdated`, `uid`) VALUES ('28', '11', '2', '1', 'en_us', '2', '', '{\"typeId\":\"2\",\"authorId\":\"1\",\"title\":\"Free Parking on Plaid Friday & Saturdays until New Year\'s\",\"slug\":\"free-parking-on-plaid-friday-saturdays-until-new-years\",\"postDate\":1449775560,\"expiryDate\":null,\"enabled\":1,\"parentId\":null,\"fields\":{\"1\":\"<p>As part of the Shop Oakland Grown for the Holidays campaign, the City of Oakland will offer&nbsp;free parking every Saturday until New Year\'s Day plus Plaid Friday (November 27).&nbsp;The free parking applies to on-street meters (both individual meters and multi-space kiosks), four City-owned parking lots and four City-owned parking garages. Posted time limits&nbsp;at meters&nbsp;still apply.<\\/p>\",\"8\":{\"date\":\"12\\/9\\/2015\"},\"2\":\"\"}}', '2015-12-10 19:38:21', '2015-12-10 19:38:21', 'be4c5ee9-07c0-477c-ac14-94ffd440e818');
INSERT INTO `craft_entryversions` (`id`, `entryId`, `sectionId`, `creatorId`, `locale`, `num`, `notes`, `data`, `dateCreated`, `dateUpdated`, `uid`) VALUES ('29', '12', '2', '1', 'en_us', '2', '', '{\"typeId\":\"2\",\"authorId\":\"1\",\"title\":\"Oakland\\u2019s Minimum Wage Goes Up January 1, Deadline for noticing requirement is December 15\",\"slug\":\"oaklands-minimum-wage-goes-up-january-1-deadline-for-noticing-requirement-is-december-15\",\"postDate\":1449776220,\"expiryDate\":null,\"enabled\":1,\"parentId\":null,\"fields\":{\"1\":\"<p>Oakland\\u2019s Measure FF, a voter-enacted ballot measure passed in November 2014, provides annual increases to Oakland\\u2019s Minimum Wage based on the local Consumer Price Index (CPI). Effective January 1, 2016, the rate rises 30\\u00a2, from $12.25 to $12.55. The law requires that employers inform employees of the increase by December 15, 2015.<\\/p>\",\"8\":{\"date\":\"12\\/9\\/2015\"},\"2\":\"\"}}', '2015-12-10 19:38:26', '2015-12-10 19:38:26', '469a8644-936c-42b0-a40a-c85f2cbbd62b');
INSERT INTO `craft_entryversions` (`id`, `entryId`, `sectionId`, `creatorId`, `locale`, `num`, `notes`, `data`, `dateCreated`, `dateUpdated`, `uid`) VALUES ('30', '13', '4', '1', 'en_us', '1', '', '{\"typeId\":null,\"authorId\":\"1\",\"title\":\"Parking\",\"slug\":\"parking\",\"postDate\":1449777167,\"expiryDate\":null,\"enabled\":1,\"parentId\":null,\"fields\":{\"10\":\"Service to the public is our sole reason for existence. Oakland Public Works plans, builds and maintains Oakland\\u2019s physical and environmental infrastructure for the residents, businesses and visitors of the city, making it a sustainable and desirable place to live, work, invest and visit.\",\"12\":\"<p><strong>Brooke A. Levin<\\/strong><br>Director of Oakland Public Works<\\/p>\",\"13\":\"\",\"11\":[\"5\"],\"9\":\"Service to the public is our sole reason for existence.\"}}', '2015-12-10 19:52:47', '2015-12-10 19:52:47', '668c4616-2a4c-4087-b85a-49fd1377b24d');
INSERT INTO `craft_entryversions` (`id`, `entryId`, `sectionId`, `creatorId`, `locale`, `num`, `notes`, `data`, `dateCreated`, `dateUpdated`, `uid`) VALUES ('31', '13', '4', '1', 'en_us', '2', '', '{\"typeId\":\"5\",\"authorId\":\"1\",\"title\":\"Public Works\",\"slug\":\"parking\",\"postDate\":1449777120,\"expiryDate\":null,\"enabled\":1,\"parentId\":null,\"fields\":{\"10\":\"Service to the public is our sole reason for existence. Oakland Public Works plans, builds and maintains Oakland\\u2019s physical and environmental infrastructure for the residents, businesses and visitors of the city, making it a sustainable and desirable place to live, work, invest and visit.\",\"12\":\"<p><strong>Brooke A. Levin<\\/strong><br>Director of Oakland Public Works<\\/p>\",\"13\":\"\",\"11\":[\"5\"],\"9\":\"Service to the public is our sole reason for existence.\"}}', '2015-12-10 19:54:39', '2015-12-10 19:54:39', '834ac640-5a83-4796-b561-801ff77fd0f5');
INSERT INTO `craft_entryversions` (`id`, `entryId`, `sectionId`, `creatorId`, `locale`, `num`, `notes`, `data`, `dateCreated`, `dateUpdated`, `uid`) VALUES ('32', '13', '4', '1', 'en_us', '3', '', '{\"typeId\":\"5\",\"authorId\":\"1\",\"title\":\"Public Works\",\"slug\":\"public-works\",\"postDate\":1449777120,\"expiryDate\":null,\"enabled\":1,\"parentId\":null,\"fields\":{\"10\":\"Service to the public is our sole reason for existence. Oakland Public Works plans, builds and maintains Oakland\\u2019s physical and environmental infrastructure for the residents, businesses and visitors of the city, making it a sustainable and desirable place to live, work, invest and visit.\",\"12\":\"<p><strong>Brooke A. Levin<\\/strong><br>Director of Oakland Public Works<\\/p>\",\"13\":\"\",\"11\":[\"5\"],\"9\":\"Service to the public is our sole reason for existence.\"}}', '2015-12-10 19:54:47', '2015-12-10 19:54:47', '7ae5f15e-e1ea-4f1f-b912-769aa04f5f5f');
INSERT INTO `craft_entryversions` (`id`, `entryId`, `sectionId`, `creatorId`, `locale`, `num`, `notes`, `data`, `dateCreated`, `dateUpdated`, `uid`) VALUES ('33', '2', '1', '1', 'en_us', '7', '', '{\"typeId\":null,\"authorId\":null,\"title\":\"Home\",\"slug\":\"homepage\",\"postDate\":1449188566,\"expiryDate\":null,\"enabled\":1,\"parentId\":null,\"fields\":{\"1\":\"<p>The best place to find information and services from the City of Oakland.<\\/p>\"}}', '2015-12-10 20:04:28', '2015-12-10 20:04:28', 'b2d3e76c-be77-43cd-92ec-4b8758472108');
INSERT INTO `craft_entryversions` (`id`, `entryId`, `sectionId`, `creatorId`, `locale`, `num`, `notes`, `data`, `dateCreated`, `dateUpdated`, `uid`) VALUES ('34', '11', '2', '1', 'en_us', '3', '', '{\"typeId\":\"2\",\"authorId\":\"1\",\"title\":\"Free Parking on Plaid Friday & Saturdays until New Year\'s\",\"slug\":\"free-parking-on-plaid-friday-saturdays-until-new-years\",\"postDate\":1449775560,\"expiryDate\":null,\"enabled\":1,\"parentId\":null,\"fields\":{\"1\":\"<p>As part of the Shop Oakland Grown for the Holidays campaign, the City of Oakland will offer&nbsp;free parking every Saturday until New Year\'s Day plus Plaid Friday (November 27).&nbsp;The free parking applies to on-street meters (both individual meters and multi-space kiosks), four City-owned parking lots and four City-owned parking garages. Posted time limits&nbsp;at meters&nbsp;still apply.<\\/p>\",\"14\":[\"13\"],\"8\":{\"date\":\"12\\/9\\/2015\"},\"2\":\"\"}}', '2015-12-10 22:50:31', '2015-12-10 22:50:31', 'd3377224-e5a1-4d8c-8a77-528b81d09031');
INSERT INTO `craft_entryversions` (`id`, `entryId`, `sectionId`, `creatorId`, `locale`, `num`, `notes`, `data`, `dateCreated`, `dateUpdated`, `uid`) VALUES ('35', '12', '2', '1', 'en_us', '3', '', '{\"typeId\":\"2\",\"authorId\":\"1\",\"title\":\"Oakland\\u2019s Minimum Wage Goes Up January 1, Deadline for noticing requirement is December 15\",\"slug\":\"oaklands-minimum-wage-goes-up-january-1-deadline-for-noticing-requirement-is-december-15\",\"postDate\":1449776220,\"expiryDate\":null,\"enabled\":1,\"parentId\":null,\"fields\":{\"1\":\"<p>Oakland\\u2019s Measure FF, a voter-enacted ballot measure passed in November 2014, provides annual increases to Oakland\\u2019s Minimum Wage based on the local Consumer Price Index (CPI). Effective January 1, 2016, the rate rises 30\\u00a2, from $12.25 to $12.55. The law requires that employers inform employees of the increase by December 15, 2015.<\\/p>\",\"14\":[\"13\"],\"8\":{\"date\":\"12\\/9\\/2015\"},\"2\":\"\"}}', '2015-12-10 22:52:59', '2015-12-10 22:52:59', 'b691984c-0013-4ba5-b79b-cfe27b9fa06b');
INSERT INTO `craft_entryversions` (`id`, `entryId`, `sectionId`, `creatorId`, `locale`, `num`, `notes`, `data`, `dateCreated`, `dateUpdated`, `uid`) VALUES ('36', '11', '2', '1', 'en_us', '4', '', '{\"typeId\":\"2\",\"authorId\":\"1\",\"title\":\"Free Parking on Plaid Friday & Saturdays until New Year\'s\",\"slug\":\"free-parking-on-plaid-friday-saturdays-until-new-years\",\"postDate\":1449775560,\"expiryDate\":null,\"enabled\":1,\"parentId\":null,\"fields\":{\"1\":\"<p>As part of the Shop Oakland Grown for the Holidays campaign, the City of Oakland will offer&nbsp;free parking every Saturday until New Year\'s Day plus Plaid Friday (November 27).&nbsp;The free parking applies to on-street meters (both individual meters and multi-space kiosks), four City-owned parking lots and four City-owned parking garages. Posted time limits&nbsp;at meters&nbsp;still apply.<\\/p>\",\"14\":[\"13\"],\"8\":{\"date\":\"12\\/9\\/2015\"},\"9\":\"As part of the Shop Oakland Grown for the Holidays campaign, the City of Oakland will offer free parking every Saturday until New Year\'s Day plus Plaid Friday (November 27). The free parking applies to on-street meters (both individual meters and multi-space kiosks), four City-owned parking lots and four City-owned parking garages. Posted time limits at meters still apply.\",\"2\":\"\"}}', '2015-12-10 22:58:01', '2015-12-10 22:58:01', '841da547-fb3d-49f0-873d-abcc4dc7ef3a');
INSERT INTO `craft_entryversions` (`id`, `entryId`, `sectionId`, `creatorId`, `locale`, `num`, `notes`, `data`, `dateCreated`, `dateUpdated`, `uid`) VALUES ('37', '12', '2', '1', 'en_us', '4', '', '{\"typeId\":\"2\",\"authorId\":\"1\",\"title\":\"Oakland\\u2019s Minimum Wage Goes Up January 1, Deadline for noticing requirement is December 15\",\"slug\":\"oaklands-minimum-wage-goes-up-january-1-deadline-for-noticing-requirement-is-december-15\",\"postDate\":1449776220,\"expiryDate\":null,\"enabled\":1,\"parentId\":null,\"fields\":{\"1\":\"<p>Oakland\\u2019s Measure FF, a voter-enacted ballot measure passed in November 2014, provides annual increases to Oakland\\u2019s Minimum Wage based on the local Consumer Price Index (CPI). Effective January 1, 2016, the rate rises 30\\u00a2, from $12.25 to $12.55. The law requires that employers inform employees of the increase by December 15, 2015.<\\/p>\",\"14\":[\"13\"],\"8\":{\"date\":\"12\\/9\\/2015\"},\"9\":\"Oakland\\u2019s Measure FF, a voter-enacted ballot measure passed in November 2014, provides annual increases to Oakland\\u2019s Minimum Wage based on the local Consumer Price Index (CPI). Effective January 1, 2016, the rate rises 30\\u00a2, from $12.25 to $12.55. The law requires that employers inform employees of the increase by December 15, 2015.\",\"2\":\"\"}}', '2015-12-10 22:58:16', '2015-12-10 22:58:16', 'f0808321-b6eb-4208-aca4-1f73f1f1d7c0');
INSERT INTO `craft_entryversions` (`id`, `entryId`, `sectionId`, `creatorId`, `locale`, `num`, `notes`, `data`, `dateCreated`, `dateUpdated`, `uid`) VALUES ('38', '15', '4', '1', 'en_us', '1', '', '{\"typeId\":null,\"authorId\":\"1\",\"title\":\"Planning and Zoning\",\"slug\":\"planning-and-zoning\",\"postDate\":1449790082,\"expiryDate\":null,\"enabled\":1,\"parentId\":null,\"fields\":{\"10\":\"\",\"12\":\"\",\"13\":\"\",\"11\":\"\",\"9\":\"\"}}', '2015-12-10 23:28:02', '2015-12-10 23:28:02', '4e91a072-9225-4cf2-84a7-a40083bbe125');
INSERT INTO `craft_entryversions` (`id`, `entryId`, `sectionId`, `creatorId`, `locale`, `num`, `notes`, `data`, `dateCreated`, `dateUpdated`, `uid`) VALUES ('39', '16', '4', '1', 'en_us', '1', '', '{\"typeId\":null,\"authorId\":\"1\",\"title\":\"Human Resources\",\"slug\":\"human-resources\",\"postDate\":1449790093,\"expiryDate\":null,\"enabled\":1,\"parentId\":null,\"fields\":{\"10\":\"\",\"12\":\"\",\"13\":\"\",\"11\":\"\",\"9\":\"\"}}', '2015-12-10 23:28:13', '2015-12-10 23:28:13', '467df017-0249-4e38-ab0a-da529557113b');
INSERT INTO `craft_entryversions` (`id`, `entryId`, `sectionId`, `creatorId`, `locale`, `num`, `notes`, `data`, `dateCreated`, `dateUpdated`, `uid`) VALUES ('40', '17', '4', '1', 'en_us', '1', '', '{\"typeId\":null,\"authorId\":\"1\",\"title\":\"Police Department\",\"slug\":\"police-department\",\"postDate\":1449790287,\"expiryDate\":null,\"enabled\":1,\"parentId\":null,\"fields\":{\"10\":\"\",\"12\":\"\",\"13\":\"\",\"11\":\"\",\"9\":\"\"}}', '2015-12-10 23:31:27', '2015-12-10 23:31:27', '4e240161-8aef-4f10-8f73-c3d6c9401e70');
INSERT INTO `craft_entryversions` (`id`, `entryId`, `sectionId`, `creatorId`, `locale`, `num`, `notes`, `data`, `dateCreated`, `dateUpdated`, `uid`) VALUES ('41', '18', '4', '1', 'en_us', '1', '', '{\"typeId\":null,\"authorId\":\"1\",\"title\":\"Housing\",\"slug\":\"housing\",\"postDate\":1449790292,\"expiryDate\":null,\"enabled\":1,\"parentId\":null,\"fields\":{\"10\":\"\",\"12\":\"\",\"13\":\"\",\"11\":\"\",\"9\":\"\"}}', '2015-12-10 23:31:32', '2015-12-10 23:31:32', 'eba1b05b-2ddf-4bec-9a20-6d525d5ad1c2');
INSERT INTO `craft_entryversions` (`id`, `entryId`, `sectionId`, `creatorId`, `locale`, `num`, `notes`, `data`, `dateCreated`, `dateUpdated`, `uid`) VALUES ('42', '19', '4', '1', 'en_us', '1', '', '{\"typeId\":null,\"authorId\":\"1\",\"title\":\"Mayor\'s Office\",\"slug\":\"mayors-office\",\"postDate\":1449791507,\"expiryDate\":null,\"enabled\":1,\"parentId\":null,\"fields\":{\"10\":\"\",\"12\":\"\",\"13\":\"\",\"11\":\"\",\"9\":\"\"}}', '2015-12-10 23:51:48', '2015-12-10 23:51:48', '27ef9a5d-b984-450e-8caf-2d6b6e7ddb0d');
INSERT INTO `craft_entryversions` (`id`, `entryId`, `sectionId`, `creatorId`, `locale`, `num`, `notes`, `data`, `dateCreated`, `dateUpdated`, `uid`) VALUES ('43', '19', '4', '1', 'en_us', '2', '', '{\"typeId\":\"5\",\"authorId\":\"1\",\"title\":\"Mayor\'s Office\",\"slug\":\"mayors-office\",\"postDate\":1449791460,\"expiryDate\":null,\"enabled\":1,\"parentId\":null,\"fields\":{\"10\":\"\",\"12\":\"<p><strong>Mayor Libby Schaaf<\\/strong><br>Oakland City Council<\\/p><p>She is an American Public Works Association Leadership Fellow with more than 30 years of public and private sector experience, including the past 22 years with the City of Oakland.<br><\\/p>\",\"13\":\"\",\"11\":\"\",\"9\":\"\"}}', '2015-12-10 23:52:40', '2015-12-10 23:52:40', 'e4cbea95-b8cb-45cd-80d1-86321ea18af2');
INSERT INTO `craft_entryversions` (`id`, `entryId`, `sectionId`, `creatorId`, `locale`, `num`, `notes`, `data`, `dateCreated`, `dateUpdated`, `uid`) VALUES ('44', '2', '1', '1', 'en_us', '8', '', '{\"typeId\":null,\"authorId\":null,\"title\":\"Home\",\"slug\":\"homepage\",\"postDate\":1449188566,\"expiryDate\":null,\"enabled\":1,\"parentId\":null,\"fields\":{\"1\":\"<p>The best place to find information and services from the City of Oakland.<\\/p>\",\"15\":\"Welcome to the City of Oakland, California\"}}', '2015-12-10 23:59:38', '2015-12-10 23:59:38', 'd77ea9e8-4522-420e-9eb2-98ffe2837296');
INSERT INTO `craft_entryversions` (`id`, `entryId`, `sectionId`, `creatorId`, `locale`, `num`, `notes`, `data`, `dateCreated`, `dateUpdated`, `uid`) VALUES ('45', '2', '1', '1', 'en_us', '9', '', '{\"typeId\":null,\"authorId\":null,\"title\":\"Home\",\"slug\":\"homepage\",\"postDate\":1449188566,\"expiryDate\":null,\"enabled\":1,\"parentId\":null,\"fields\":{\"1\":\"<p>The best place to find information and services from the City of Oakland.<\\/p>\",\"15\":\"Welcome to Oakland, California\"}}', '2015-12-10 23:59:56', '2015-12-10 23:59:56', '7e932211-3974-4a2b-abf5-f2f89606736a');



DROP TABLE IF EXISTS `craft_fieldgroups`;


--
-- Schema for table `craft_fieldgroups`
--
CREATE TABLE `craft_fieldgroups` (
  `id` int(11) NOT NULL AUTO_INCREMENT,
  `name` varchar(255) COLLATE utf8_unicode_ci NOT NULL,
  `dateCreated` datetime NOT NULL,
  `dateUpdated` datetime NOT NULL,
  `uid` char(36) COLLATE utf8_unicode_ci NOT NULL DEFAULT '0',
  PRIMARY KEY (`id`),
  UNIQUE KEY `craft_fieldgroups_name_unq_idx` (`name`)
) ENGINE=InnoDB AUTO_INCREMENT=6 DEFAULT CHARSET=utf8 COLLATE=utf8_unicode_ci;

--
-- Data for table `craft_fieldgroups`
--

INSERT INTO `craft_fieldgroups` (`id`, `name`, `dateCreated`, `dateUpdated`, `uid`) VALUES ('1', 'Default', '2015-12-04 00:22:46', '2015-12-04 00:22:46', '19eef413-b2f2-4adf-a071-7bf7674a6c4e');
INSERT INTO `craft_fieldgroups` (`id`, `name`, `dateCreated`, `dateUpdated`, `uid`) VALUES ('2', 'Article', '2015-12-04 20:17:51', '2015-12-04 20:28:05', '91c03d27-30bd-4436-8793-1c33eaccd11b');
INSERT INTO `craft_fieldgroups` (`id`, `name`, `dateCreated`, `dateUpdated`, `uid`) VALUES ('3', 'Overview', '2015-12-04 20:27:46', '2015-12-04 20:27:55', '27188eb4-3ddb-4087-bd44-0a7e336d0479');
INSERT INTO `craft_fieldgroups` (`id`, `name`, `dateCreated`, `dateUpdated`, `uid`) VALUES ('4', 'News', '2015-12-10 19:37:15', '2015-12-10 19:37:15', 'e52761ec-7257-41da-817d-ef5db7922d56');
INSERT INTO `craft_fieldgroups` (`id`, `name`, `dateCreated`, `dateUpdated`, `uid`) VALUES ('5', 'Departments', '2015-12-10 19:40:51', '2015-12-10 19:40:51', '3d0842bb-0af7-453e-b29c-1bb55cb396a6');



DROP TABLE IF EXISTS `craft_fieldlayoutfields`;


--
-- Schema for table `craft_fieldlayoutfields`
--
CREATE TABLE `craft_fieldlayoutfields` (
  `id` int(11) NOT NULL AUTO_INCREMENT,
  `layoutId` int(11) NOT NULL,
  `tabId` int(11) NOT NULL,
  `fieldId` int(11) NOT NULL,
  `required` tinyint(1) unsigned NOT NULL DEFAULT '0',
  `sortOrder` tinyint(4) DEFAULT NULL,
  `dateCreated` datetime NOT NULL,
  `dateUpdated` datetime NOT NULL,
  `uid` char(36) COLLATE utf8_unicode_ci NOT NULL DEFAULT '0',
  PRIMARY KEY (`id`),
  UNIQUE KEY `craft_fieldlayoutfields_layoutId_fieldId_unq_idx` (`layoutId`,`fieldId`),
  KEY `craft_fieldlayoutfields_sortOrder_idx` (`sortOrder`),
  KEY `craft_fieldlayoutfields_tabId_fk` (`tabId`),
  KEY `craft_fieldlayoutfields_fieldId_fk` (`fieldId`)
) ENGINE=InnoDB AUTO_INCREMENT=59 DEFAULT CHARSET=utf8 COLLATE=utf8_unicode_ci;

--
-- Data for table `craft_fieldlayoutfields`
--

INSERT INTO `craft_fieldlayoutfields` (`id`, `layoutId`, `tabId`, `fieldId`, `required`, `sortOrder`, `dateCreated`, `dateUpdated`, `uid`) VALUES ('22', '14', '9', '4', '0', '1', '2015-12-04 20:25:43', '2015-12-04 20:25:43', '6b58b98a-ab98-40b3-8a29-8490c64400c1');
INSERT INTO `craft_fieldlayoutfields` (`id`, `layoutId`, `tabId`, `fieldId`, `required`, `sortOrder`, `dateCreated`, `dateUpdated`, `uid`) VALUES ('23', '14', '9', '3', '0', '2', '2015-12-04 20:25:43', '2015-12-04 20:25:43', '9dd524f7-3857-4a97-a303-d6e00656fa97');
INSERT INTO `craft_fieldlayoutfields` (`id`, `layoutId`, `tabId`, `fieldId`, `required`, `sortOrder`, `dateCreated`, `dateUpdated`, `uid`) VALUES ('24', '14', '9', '5', '0', '3', '2015-12-04 20:25:43', '2015-12-04 20:25:43', '4695e623-7c20-4977-acb0-24a0af707442');
INSERT INTO `craft_fieldlayoutfields` (`id`, `layoutId`, `tabId`, `fieldId`, `required`, `sortOrder`, `dateCreated`, `dateUpdated`, `uid`) VALUES ('25', '14', '9', '1', '1', '4', '2015-12-04 20:25:43', '2015-12-04 20:25:43', '679f54ab-2355-4537-ad4b-440291664a8c');
INSERT INTO `craft_fieldlayoutfields` (`id`, `layoutId`, `tabId`, `fieldId`, `required`, `sortOrder`, `dateCreated`, `dateUpdated`, `uid`) VALUES ('27', '16', '11', '4', '0', '1', '2015-12-04 21:33:02', '2015-12-04 21:33:02', 'c2d66a95-dea3-45dc-a186-3d847a51ecb1');
INSERT INTO `craft_fieldlayoutfields` (`id`, `layoutId`, `tabId`, `fieldId`, `required`, `sortOrder`, `dateCreated`, `dateUpdated`, `uid`) VALUES ('32', '21', '16', '6', '0', '1', '2015-12-04 23:34:48', '2015-12-04 23:34:48', 'a9854b50-5a1e-4d70-b976-0127f6af2059');
INSERT INTO `craft_fieldlayoutfields` (`id`, `layoutId`, `tabId`, `fieldId`, `required`, `sortOrder`, `dateCreated`, `dateUpdated`, `uid`) VALUES ('33', '22', '17', '7', '0', '1', '2015-12-04 23:34:48', '2015-12-04 23:34:48', 'a74234a1-3d26-48a5-9332-24bec533e311');
INSERT INTO `craft_fieldlayoutfields` (`id`, `layoutId`, `tabId`, `fieldId`, `required`, `sortOrder`, `dateCreated`, `dateUpdated`, `uid`) VALUES ('37', '25', '19', '9', '0', '1', '2015-12-10 19:47:56', '2015-12-10 19:47:56', '6f493265-8622-4726-8e84-4251f5556578');
INSERT INTO `craft_fieldlayoutfields` (`id`, `layoutId`, `tabId`, `fieldId`, `required`, `sortOrder`, `dateCreated`, `dateUpdated`, `uid`) VALUES ('38', '25', '19', '10', '0', '2', '2015-12-10 19:47:56', '2015-12-10 19:47:56', 'd1067923-fc6c-498b-b74d-b31a1a75cca6');
INSERT INTO `craft_fieldlayoutfields` (`id`, `layoutId`, `tabId`, `fieldId`, `required`, `sortOrder`, `dateCreated`, `dateUpdated`, `uid`) VALUES ('39', '25', '19', '12', '0', '3', '2015-12-10 19:47:56', '2015-12-10 19:47:56', 'fc968275-effa-4077-afe3-bc2549a7596f');
INSERT INTO `craft_fieldlayoutfields` (`id`, `layoutId`, `tabId`, `fieldId`, `required`, `sortOrder`, `dateCreated`, `dateUpdated`, `uid`) VALUES ('40', '25', '19', '13', '0', '4', '2015-12-10 19:47:56', '2015-12-10 19:47:56', 'd9ac3604-daaf-4821-ad61-4fb7a8b88aff');
INSERT INTO `craft_fieldlayoutfields` (`id`, `layoutId`, `tabId`, `fieldId`, `required`, `sortOrder`, `dateCreated`, `dateUpdated`, `uid`) VALUES ('41', '25', '19', '11', '0', '5', '2015-12-10 19:47:56', '2015-12-10 19:47:56', 'e31efa43-956c-4ba4-8d0e-7bb19fca263b');
INSERT INTO `craft_fieldlayoutfields` (`id`, `layoutId`, `tabId`, `fieldId`, `required`, `sortOrder`, `dateCreated`, `dateUpdated`, `uid`) VALUES ('48', '28', '22', '8', '0', '1', '2015-12-10 22:56:47', '2015-12-10 22:56:47', '9cead67a-f27a-49ed-a0f7-9aaa5074577a');
INSERT INTO `craft_fieldlayoutfields` (`id`, `layoutId`, `tabId`, `fieldId`, `required`, `sortOrder`, `dateCreated`, `dateUpdated`, `uid`) VALUES ('49', '28', '22', '14', '0', '2', '2015-12-10 22:56:47', '2015-12-10 22:56:47', '23557231-8b03-4a1f-86fb-d93a7acf5114');
INSERT INTO `craft_fieldlayoutfields` (`id`, `layoutId`, `tabId`, `fieldId`, `required`, `sortOrder`, `dateCreated`, `dateUpdated`, `uid`) VALUES ('50', '28', '22', '1', '1', '3', '2015-12-10 22:56:47', '2015-12-10 22:56:47', '27c71761-3a33-45ac-aa83-238137e4d695');
INSERT INTO `craft_fieldlayoutfields` (`id`, `layoutId`, `tabId`, `fieldId`, `required`, `sortOrder`, `dateCreated`, `dateUpdated`, `uid`) VALUES ('51', '28', '22', '2', '0', '4', '2015-12-10 22:56:47', '2015-12-10 22:56:47', 'e870526f-d455-4830-9688-959006396691');
INSERT INTO `craft_fieldlayoutfields` (`id`, `layoutId`, `tabId`, `fieldId`, `required`, `sortOrder`, `dateCreated`, `dateUpdated`, `uid`) VALUES ('52', '28', '22', '9', '0', '5', '2015-12-10 22:56:47', '2015-12-10 22:56:47', '5d1e4ff9-5f15-44ec-9ef3-717f30f889e8');
INSERT INTO `craft_fieldlayoutfields` (`id`, `layoutId`, `tabId`, `fieldId`, `required`, `sortOrder`, `dateCreated`, `dateUpdated`, `uid`) VALUES ('56', '34', '25', '15', '0', '1', '2015-12-11 01:03:13', '2015-12-11 01:03:13', '3e37f032-0169-4cbc-b0ac-30c332484c96');
INSERT INTO `craft_fieldlayoutfields` (`id`, `layoutId`, `tabId`, `fieldId`, `required`, `sortOrder`, `dateCreated`, `dateUpdated`, `uid`) VALUES ('57', '34', '25', '1', '1', '2', '2015-12-11 01:03:13', '2015-12-11 01:03:13', '9e4a0003-ab7a-4292-881c-c09b5723bdaa');
INSERT INTO `craft_fieldlayoutfields` (`id`, `layoutId`, `tabId`, `fieldId`, `required`, `sortOrder`, `dateCreated`, `dateUpdated`, `uid`) VALUES ('58', '34', '25', '16', '0', '3', '2015-12-11 01:03:13', '2015-12-11 01:03:13', '5b88c30e-fe82-4ea1-9ff6-a0b6bd36bd20');



DROP TABLE IF EXISTS `craft_fieldlayouts`;


--
-- Schema for table `craft_fieldlayouts`
--
CREATE TABLE `craft_fieldlayouts` (
  `id` int(11) NOT NULL AUTO_INCREMENT,
  `type` varchar(150) COLLATE utf8_unicode_ci NOT NULL,
  `dateCreated` datetime NOT NULL,
  `dateUpdated` datetime NOT NULL,
  `uid` char(36) COLLATE utf8_unicode_ci NOT NULL DEFAULT '0',
  PRIMARY KEY (`id`),
  KEY `craft_fieldlayouts_type_idx` (`type`)
) ENGINE=InnoDB AUTO_INCREMENT=36 DEFAULT CHARSET=utf8 COLLATE=utf8_unicode_ci;

--
-- Data for table `craft_fieldlayouts`
--

INSERT INTO `craft_fieldlayouts` (`id`, `type`, `dateCreated`, `dateUpdated`, `uid`) VALUES ('1', 'Tag', '2015-12-04 00:22:46', '2015-12-04 00:22:46', '9ccf3911-e343-4f5a-9c23-a5b6a5d22b19');
INSERT INTO `craft_fieldlayouts` (`id`, `type`, `dateCreated`, `dateUpdated`, `uid`) VALUES ('14', 'Entry', '2015-12-04 20:25:43', '2015-12-04 20:25:43', 'd3f127ad-62e7-4140-bb6b-8f46bb574844');
INSERT INTO `craft_fieldlayouts` (`id`, `type`, `dateCreated`, `dateUpdated`, `uid`) VALUES ('16', 'Entry', '2015-12-04 21:33:02', '2015-12-04 21:33:02', 'd48e54a2-3e79-48e1-ad20-f7560d6a731d');
INSERT INTO `craft_fieldlayouts` (`id`, `type`, `dateCreated`, `dateUpdated`, `uid`) VALUES ('21', 'MatrixBlock', '2015-12-04 23:34:48', '2015-12-04 23:34:48', '897cb38d-033c-42a1-80c2-071f07cc61a3');
INSERT INTO `craft_fieldlayouts` (`id`, `type`, `dateCreated`, `dateUpdated`, `uid`) VALUES ('22', 'MatrixBlock', '2015-12-04 23:34:48', '2015-12-04 23:34:48', '5b324c76-90f5-4f59-95ab-edef55c129b4');
INSERT INTO `craft_fieldlayouts` (`id`, `type`, `dateCreated`, `dateUpdated`, `uid`) VALUES ('25', 'Entry', '2015-12-10 19:47:56', '2015-12-10 19:47:56', 'aa076c0f-ea45-4072-8c52-c1120f48c600');
INSERT INTO `craft_fieldlayouts` (`id`, `type`, `dateCreated`, `dateUpdated`, `uid`) VALUES ('28', 'Entry', '2015-12-10 22:56:47', '2015-12-10 22:56:47', '55f28d0d-bde8-4fe2-bed5-c14dff081a39');
INSERT INTO `craft_fieldlayouts` (`id`, `type`, `dateCreated`, `dateUpdated`, `uid`) VALUES ('30', 'Asset', '2015-12-11 00:59:05', '2015-12-11 00:59:05', '7be2816d-feab-401b-93a7-2422f0efabe0');
INSERT INTO `craft_fieldlayouts` (`id`, `type`, `dateCreated`, `dateUpdated`, `uid`) VALUES ('34', 'Entry', '2015-12-11 01:03:13', '2015-12-11 01:03:13', '3239e32e-502d-46f1-8053-a910d50e790c');
INSERT INTO `craft_fieldlayouts` (`id`, `type`, `dateCreated`, `dateUpdated`, `uid`) VALUES ('35', 'Asset', '2015-12-11 01:05:56', '2015-12-11 01:05:56', '57dbda16-e21e-42ac-bf9c-bb12efc7f8c7');



DROP TABLE IF EXISTS `craft_fieldlayouttabs`;


--
-- Schema for table `craft_fieldlayouttabs`
--
CREATE TABLE `craft_fieldlayouttabs` (
  `id` int(11) NOT NULL AUTO_INCREMENT,
  `layoutId` int(11) NOT NULL,
  `name` varchar(255) COLLATE utf8_unicode_ci NOT NULL,
  `sortOrder` tinyint(4) DEFAULT NULL,
  `dateCreated` datetime NOT NULL,
  `dateUpdated` datetime NOT NULL,
  `uid` char(36) COLLATE utf8_unicode_ci NOT NULL DEFAULT '0',
  PRIMARY KEY (`id`),
  KEY `craft_fieldlayouttabs_sortOrder_idx` (`sortOrder`),
  KEY `craft_fieldlayouttabs_layoutId_fk` (`layoutId`)
) ENGINE=InnoDB AUTO_INCREMENT=26 DEFAULT CHARSET=utf8 COLLATE=utf8_unicode_ci;

--
-- Data for table `craft_fieldlayouttabs`
--

INSERT INTO `craft_fieldlayouttabs` (`id`, `layoutId`, `name`, `sortOrder`, `dateCreated`, `dateUpdated`, `uid`) VALUES ('9', '14', 'Article Content', '1', '2015-12-04 20:25:43', '2015-12-04 20:25:43', '18650a96-98ec-4e38-a857-248b3aed248d');
INSERT INTO `craft_fieldlayouttabs` (`id`, `layoutId`, `name`, `sortOrder`, `dateCreated`, `dateUpdated`, `uid`) VALUES ('11', '16', 'Content', '1', '2015-12-04 21:33:02', '2015-12-04 21:33:02', 'f145ce21-0b74-4b9a-801d-337956fa1549');
INSERT INTO `craft_fieldlayouttabs` (`id`, `layoutId`, `name`, `sortOrder`, `dateCreated`, `dateUpdated`, `uid`) VALUES ('16', '21', 'Content', '1', '2015-12-04 23:34:48', '2015-12-04 23:34:48', '9dc7fb11-2fdd-44fa-a38c-ef16e750db59');
INSERT INTO `craft_fieldlayouttabs` (`id`, `layoutId`, `name`, `sortOrder`, `dateCreated`, `dateUpdated`, `uid`) VALUES ('17', '22', 'Content', '1', '2015-12-04 23:34:48', '2015-12-04 23:34:48', '1c0e0b20-97e6-4e4b-99fb-336c032e57d6');
INSERT INTO `craft_fieldlayouttabs` (`id`, `layoutId`, `name`, `sortOrder`, `dateCreated`, `dateUpdated`, `uid`) VALUES ('19', '25', 'Content', '1', '2015-12-10 19:47:56', '2015-12-10 19:47:56', 'e00681d5-7f4e-4f65-b063-7e43e87e335c');
INSERT INTO `craft_fieldlayouttabs` (`id`, `layoutId`, `name`, `sortOrder`, `dateCreated`, `dateUpdated`, `uid`) VALUES ('22', '28', 'Content', '1', '2015-12-10 22:56:47', '2015-12-10 22:56:47', '8eba324f-038b-45ef-9a1a-e05e565c38a0');
INSERT INTO `craft_fieldlayouttabs` (`id`, `layoutId`, `name`, `sortOrder`, `dateCreated`, `dateUpdated`, `uid`) VALUES ('25', '34', 'Content', '1', '2015-12-11 01:03:13', '2015-12-11 01:03:13', 'a896bd0c-ee77-42ee-86f6-5804790f6988');



DROP TABLE IF EXISTS `craft_fields`;


--
-- Schema for table `craft_fields`
--
CREATE TABLE `craft_fields` (
  `id` int(11) NOT NULL AUTO_INCREMENT,
  `groupId` int(11) DEFAULT NULL,
  `name` varchar(255) COLLATE utf8_unicode_ci NOT NULL,
  `handle` varchar(58) COLLATE utf8_unicode_ci NOT NULL,
  `context` varchar(255) COLLATE utf8_unicode_ci NOT NULL DEFAULT 'global',
  `instructions` text COLLATE utf8_unicode_ci,
  `translatable` tinyint(1) unsigned NOT NULL DEFAULT '0',
  `type` varchar(150) COLLATE utf8_unicode_ci NOT NULL,
  `settings` text COLLATE utf8_unicode_ci,
  `dateCreated` datetime NOT NULL,
  `dateUpdated` datetime NOT NULL,
  `uid` char(36) COLLATE utf8_unicode_ci NOT NULL DEFAULT '0',
  PRIMARY KEY (`id`),
  UNIQUE KEY `craft_fields_handle_context_unq_idx` (`handle`,`context`),
  KEY `craft_fields_context_idx` (`context`),
  KEY `craft_fields_groupId_fk` (`groupId`)
) ENGINE=InnoDB AUTO_INCREMENT=17 DEFAULT CHARSET=utf8 COLLATE=utf8_unicode_ci;

--
-- Data for table `craft_fields`
--

INSERT INTO `craft_fields` (`id`, `groupId`, `name`, `handle`, `context`, `instructions`, `translatable`, `type`, `settings`, `dateCreated`, `dateUpdated`, `uid`) VALUES ('1', '1', 'Body', 'body', 'global', '', '0', 'RichText', '{\"configFile\":\"Standard.json\",\"cleanupHtml\":\"1\",\"purifyHtml\":\"\",\"columnType\":\"text\"}', '2015-12-04 00:22:46', '2015-12-05 00:32:30', 'c051155c-fcc4-4245-bf28-3ae870a4948e');
INSERT INTO `craft_fields` (`id`, `groupId`, `name`, `handle`, `context`, `instructions`, `translatable`, `type`, `settings`, `dateCreated`, `dateUpdated`, `uid`) VALUES ('2', '1', 'Tags', 'tags', 'global', NULL, '0', 'Tags', '{\"source\":\"taggroup:1\"}', '2015-12-04 00:22:46', '2015-12-04 00:22:46', 'dfb83312-76e0-426f-a654-fb66d18fb31e');
INSERT INTO `craft_fields` (`id`, `groupId`, `name`, `handle`, `context`, `instructions`, `translatable`, `type`, `settings`, `dateCreated`, `dateUpdated`, `uid`) VALUES ('3', '2', 'Call to Action Title', 'CTATitle', 'global', '', '0', 'PlainText', '{\"placeholder\":\"Call to Action\",\"maxLength\":\"30\",\"multiline\":\"\",\"initialRows\":\"4\"}', '2015-12-04 20:11:47', '2015-12-04 22:52:35', '2a11eb1a-ccc6-48cc-ad54-83aa9de0fe4e');
INSERT INTO `craft_fields` (`id`, `groupId`, `name`, `handle`, `context`, `instructions`, `translatable`, `type`, `settings`, `dateCreated`, `dateUpdated`, `uid`) VALUES ('4', '2', 'Lead In', 'leadIn', 'global', 'This field should come at the beginning and should be used to describe the purpose of the page.', '0', 'PlainText', '{\"placeholder\":\"This page provides information on how to pay a parking ticket in the City of Oakland.\",\"maxLength\":\"\",\"multiline\":\"\",\"initialRows\":\"4\"}', '2015-12-04 20:14:11', '2015-12-04 20:28:16', '88f564bb-7273-4370-afa5-d147c24d9683');
INSERT INTO `craft_fields` (`id`, `groupId`, `name`, `handle`, `context`, `instructions`, `translatable`, `type`, `settings`, `dateCreated`, `dateUpdated`, `uid`) VALUES ('5', '2', 'Call to Action Link', 'CTALink', 'global', '', '0', 'PlainText', '{\"placeholder\":\"\",\"maxLength\":\"\",\"multiline\":\"\",\"initialRows\":\"4\"}', '2015-12-04 20:18:23', '2015-12-04 22:52:27', '8cceac35-89ca-40dd-97e9-24273a23e2fd');
INSERT INTO `craft_fields` (`id`, `groupId`, `name`, `handle`, `context`, `instructions`, `translatable`, `type`, `settings`, `dateCreated`, `dateUpdated`, `uid`) VALUES ('6', NULL, 'Text', 'text', 'matrixBlockType:1', '', '0', 'RichText', '{\"configFile\":\"\",\"cleanupHtml\":\"1\",\"purifyHtml\":\"\",\"columnType\":\"text\"}', '2015-12-04 23:21:46', '2015-12-04 23:34:48', '9fb5b418-485d-46e6-91cb-aaf7b6b03f89');
INSERT INTO `craft_fields` (`id`, `groupId`, `name`, `handle`, `context`, `instructions`, `translatable`, `type`, `settings`, `dateCreated`, `dateUpdated`, `uid`) VALUES ('7', NULL, 'Table', 'table', 'matrixBlockType:2', '', '0', 'TableMaker', '{\"columnsLabel\":\"\",\"columnsInstructions\":\"\",\"columnsAddRowLabel\":\"\",\"rowsLabel\":\"\",\"rowsInstructions\":\"\",\"rowsAddRowLabel\":\"\"}', '2015-12-04 23:21:46', '2015-12-04 23:34:48', 'e17d12b6-c210-4e58-a45d-989a2fe4ccd8');
INSERT INTO `craft_fields` (`id`, `groupId`, `name`, `handle`, `context`, `instructions`, `translatable`, `type`, `settings`, `dateCreated`, `dateUpdated`, `uid`) VALUES ('8', '4', 'Post Date', 'postDate', 'global', 'Date this article should be posted.', '0', 'Date', '{\"minuteIncrement\":\"30\",\"showDate\":1,\"showTime\":0}', '2015-12-10 19:37:47', '2015-12-10 19:37:47', '6982ab28-a5d0-4403-ab08-3b8d50288e89');
INSERT INTO `craft_fields` (`id`, `groupId`, `name`, `handle`, `context`, `instructions`, `translatable`, `type`, `settings`, `dateCreated`, `dateUpdated`, `uid`) VALUES ('9', '1', 'Summary', 'summary', 'global', 'Provide a one sentence summary at for the department header', '0', 'PlainText', '{\"placeholder\":\"\",\"maxLength\":\"\",\"multiline\":\"\",\"initialRows\":\"4\"}', '2015-12-10 19:41:36', '2015-12-10 22:57:45', '97abb103-c320-44e8-99df-2ff3d714c122');
INSERT INTO `craft_fields` (`id`, `groupId`, `name`, `handle`, `context`, `instructions`, `translatable`, `type`, `settings`, `dateCreated`, `dateUpdated`, `uid`) VALUES ('10', '5', 'About', 'about', 'global', 'Provide a longer description about the purpose of the department', '0', 'PlainText', '{\"placeholder\":\"\",\"maxLength\":\"\",\"multiline\":\"1\",\"initialRows\":\"4\"}', '2015-12-10 19:42:12', '2015-12-10 19:42:12', '57368ac2-231d-41dc-89ee-1692ed1523f7');
INSERT INTO `craft_fields` (`id`, `groupId`, `name`, `handle`, `context`, `instructions`, `translatable`, `type`, `settings`, `dateCreated`, `dateUpdated`, `uid`) VALUES ('11', '5', 'Related Services', 'relatedServices', 'global', 'Pick the related services that should show up on this department\'s page', '0', 'Entries', '{\"sources\":[\"section:3\"],\"limit\":\"\",\"selectionLabel\":\"Select the city services that this department contirbutes to\"}', '2015-12-10 19:43:35', '2015-12-10 19:43:35', '721ba131-d9e7-4974-9fa9-067201adfa60');
INSERT INTO `craft_fields` (`id`, `groupId`, `name`, `handle`, `context`, `instructions`, `translatable`, `type`, `settings`, `dateCreated`, `dateUpdated`, `uid`) VALUES ('12', '5', 'Department Head', 'departmentHead', 'global', 'Name on the first line, title on the second line', '0', 'RichText', '{\"configFile\":\"Simple.json\",\"cleanupHtml\":\"1\",\"purifyHtml\":\"\",\"columnType\":\"text\"}', '2015-12-10 19:45:52', '2015-12-10 19:46:25', '26668ad7-b9a1-49a6-8b90-6d4bae660de2');
INSERT INTO `craft_fields` (`id`, `groupId`, `name`, `handle`, `context`, `instructions`, `translatable`, `type`, `settings`, `dateCreated`, `dateUpdated`, `uid`) VALUES ('13', '5', 'DepartmentStaff', 'departmentstaff', 'global', 'Additional team members you want to call out on the department page. Please limit to 5.', '0', 'RichText', '{\"configFile\":\"Simple.json\",\"cleanupHtml\":\"1\",\"purifyHtml\":\"\",\"columnType\":\"text\"}', '2015-12-10 19:47:19', '2015-12-10 19:47:19', '425da1e7-effb-4015-a37d-0ae404267d6f');
INSERT INTO `craft_fields` (`id`, `groupId`, `name`, `handle`, `context`, `instructions`, `translatable`, `type`, `settings`, `dateCreated`, `dateUpdated`, `uid`) VALUES ('14', '4', 'Related Department', 'relatedDepartment', 'global', 'What department does this entry belong to?', '0', 'Entries', '{\"sources\":[\"section:4\"],\"limit\":\"1\",\"selectionLabel\":\"\"}', '2015-12-10 22:49:56', '2015-12-10 22:59:58', 'e2088ae9-0478-4e0c-9363-ed6c1fcf2009');
INSERT INTO `craft_fields` (`id`, `groupId`, `name`, `handle`, `context`, `instructions`, `translatable`, `type`, `settings`, `dateCreated`, `dateUpdated`, `uid`) VALUES ('15', '2', 'welcome', 'welcome', 'global', 'Welcome message', '0', 'PlainText', '{\"placeholder\":\"\",\"maxLength\":\"180\",\"multiline\":\"\",\"initialRows\":\"4\"}', '2015-12-10 23:58:54', '2015-12-10 23:58:54', '8772df4c-8035-4a53-9652-20a7f584658c');
INSERT INTO `craft_fields` (`id`, `groupId`, `name`, `handle`, `context`, `instructions`, `translatable`, `type`, `settings`, `dateCreated`, `dateUpdated`, `uid`) VALUES ('16', '1', 'Hero', 'hero', 'global', 'Image for the Homepage Background', '0', 'Assets', '{\"useSingleFolder\":\"1\",\"sources\":\"*\",\"defaultUploadLocationSource\":\"1\",\"defaultUploadLocationSubpath\":\"\",\"singleUploadLocationSource\":\"2\",\"singleUploadLocationSubpath\":\"\",\"restrictFiles\":\"1\",\"allowedKinds\":[\"image\"],\"limit\":\"1\",\"viewMode\":\"large\",\"selectionLabel\":\"Pick a hero image\"}', '2015-12-11 01:02:58', '2015-12-11 01:02:58', 'f9ed4d4f-2946-4cc4-9682-b9cd981753cf');



DROP TABLE IF EXISTS `craft_globalsets`;


--
-- Schema for table `craft_globalsets`
--
CREATE TABLE `craft_globalsets` (
  `id` int(11) NOT NULL,
  `name` varchar(255) COLLATE utf8_unicode_ci NOT NULL,
  `handle` varchar(255) COLLATE utf8_unicode_ci NOT NULL,
  `fieldLayoutId` int(10) DEFAULT NULL,
  `dateCreated` datetime NOT NULL,
  `dateUpdated` datetime NOT NULL,
  `uid` char(36) COLLATE utf8_unicode_ci NOT NULL DEFAULT '0',
  PRIMARY KEY (`id`),
  UNIQUE KEY `craft_globalsets_name_unq_idx` (`name`),
  UNIQUE KEY `craft_globalsets_handle_unq_idx` (`handle`),
  KEY `craft_globalsets_fieldLayoutId_fk` (`fieldLayoutId`)
) ENGINE=InnoDB DEFAULT CHARSET=utf8 COLLATE=utf8_unicode_ci;

DROP TABLE IF EXISTS `craft_info`;


--
-- Schema for table `craft_info`
--
CREATE TABLE `craft_info` (
  `id` int(11) NOT NULL AUTO_INCREMENT,
  `version` varchar(15) COLLATE utf8_unicode_ci NOT NULL,
  `build` int(11) unsigned NOT NULL,
  `schemaVersion` varchar(15) COLLATE utf8_unicode_ci NOT NULL,
  `releaseDate` datetime NOT NULL,
  `edition` tinyint(1) unsigned NOT NULL DEFAULT '0',
  `siteName` varchar(100) COLLATE utf8_unicode_ci NOT NULL,
  `siteUrl` varchar(255) COLLATE utf8_unicode_ci NOT NULL,
  `timezone` varchar(30) COLLATE utf8_unicode_ci DEFAULT NULL,
  `on` tinyint(1) unsigned NOT NULL DEFAULT '0',
  `maintenance` tinyint(1) unsigned NOT NULL DEFAULT '0',
  `track` varchar(40) COLLATE utf8_unicode_ci NOT NULL,
  `dateCreated` datetime NOT NULL,
  `dateUpdated` datetime NOT NULL,
  `uid` char(36) COLLATE utf8_unicode_ci NOT NULL DEFAULT '0',
  PRIMARY KEY (`id`)
) ENGINE=InnoDB AUTO_INCREMENT=2 DEFAULT CHARSET=utf8 COLLATE=utf8_unicode_ci;

--
-- Data for table `craft_info`
--

INSERT INTO `craft_info` (`id`, `version`, `build`, `schemaVersion`, `releaseDate`, `edition`, `siteName`, `siteUrl`, `timezone`, `on`, `maintenance`, `track`, `dateCreated`, `dateUpdated`, `uid`) VALUES ('1', '2.5', '2754', '2.5.11', '2015-12-08 20:56:45', '0', 'City of Oakland', 'http://localhost:8888/craft_oakland/public', 'UTC', '1', '0', 'stable', '2015-12-04 00:22:41', '2015-12-10 20:26:09', '26339760-ca76-4034-81c3-1fa154e30347');



DROP TABLE IF EXISTS `craft_locales`;


--
-- Schema for table `craft_locales`
--
CREATE TABLE `craft_locales` (
  `locale` char(12) COLLATE utf8_unicode_ci NOT NULL,
  `sortOrder` tinyint(4) DEFAULT NULL,
  `dateCreated` datetime NOT NULL,
  `dateUpdated` datetime NOT NULL,
  `uid` char(36) COLLATE utf8_unicode_ci NOT NULL DEFAULT '0',
  PRIMARY KEY (`locale`),
  KEY `craft_locales_sortOrder_idx` (`sortOrder`)
) ENGINE=InnoDB DEFAULT CHARSET=utf8 COLLATE=utf8_unicode_ci;

--
-- Data for table `craft_locales`
--

INSERT INTO `craft_locales` (`locale`, `sortOrder`, `dateCreated`, `dateUpdated`, `uid`) VALUES ('en_us', '1', '2015-12-04 00:22:41', '2015-12-04 00:22:41', '325fe542-7e19-4931-a527-91db77988707');



DROP TABLE IF EXISTS `craft_matrixblocks`;


--
-- Schema for table `craft_matrixblocks`
--
CREATE TABLE `craft_matrixblocks` (
  `id` int(11) NOT NULL,
  `ownerId` int(11) NOT NULL,
  `fieldId` int(11) NOT NULL,
  `typeId` int(11) DEFAULT NULL,
  `sortOrder` tinyint(4) DEFAULT NULL,
  `ownerLocale` char(12) COLLATE utf8_unicode_ci DEFAULT NULL,
  `dateCreated` datetime NOT NULL,
  `dateUpdated` datetime NOT NULL,
  `uid` char(36) COLLATE utf8_unicode_ci NOT NULL DEFAULT '0',
  PRIMARY KEY (`id`),
  KEY `craft_matrixblocks_ownerId_idx` (`ownerId`),
  KEY `craft_matrixblocks_fieldId_idx` (`fieldId`),
  KEY `craft_matrixblocks_typeId_idx` (`typeId`),
  KEY `craft_matrixblocks_sortOrder_idx` (`sortOrder`),
  KEY `craft_matrixblocks_ownerLocale_fk` (`ownerLocale`)
) ENGINE=InnoDB DEFAULT CHARSET=utf8 COLLATE=utf8_unicode_ci;

--
-- Data for table `craft_matrixblocks`
--

INSERT INTO `craft_matrixblocks` (`id`, `ownerId`, `fieldId`, `typeId`, `sortOrder`, `ownerLocale`, `dateCreated`, `dateUpdated`, `uid`) VALUES ('7', '6', '1', '1', '1', NULL, '2015-12-04 23:22:29', '2015-12-04 23:48:13', '8089960d-700f-4524-a84d-ad93d1de61f8');
INSERT INTO `craft_matrixblocks` (`id`, `ownerId`, `fieldId`, `typeId`, `sortOrder`, `ownerLocale`, `dateCreated`, `dateUpdated`, `uid`) VALUES ('8', '6', '1', '2', '2', NULL, '2015-12-04 23:22:29', '2015-12-04 23:48:13', 'aa9c583d-a580-493f-8f5e-30e522852208');
INSERT INTO `craft_matrixblocks` (`id`, `ownerId`, `fieldId`, `typeId`, `sortOrder`, `ownerLocale`, `dateCreated`, `dateUpdated`, `uid`) VALUES ('9', '6', '1', '1', '3', NULL, '2015-12-04 23:37:15', '2015-12-04 23:48:13', '9326d974-6d1f-4d1b-8d9d-7afcfeb45bb2');
INSERT INTO `craft_matrixblocks` (`id`, `ownerId`, `fieldId`, `typeId`, `sortOrder`, `ownerLocale`, `dateCreated`, `dateUpdated`, `uid`) VALUES ('10', '6', '1', '2', '4', NULL, '2015-12-04 23:37:15', '2015-12-04 23:48:13', 'f909e301-3158-426d-be21-50db2d960bed');



DROP TABLE IF EXISTS `craft_matrixblocktypes`;


--
-- Schema for table `craft_matrixblocktypes`
--
CREATE TABLE `craft_matrixblocktypes` (
  `id` int(11) NOT NULL AUTO_INCREMENT,
  `fieldId` int(11) NOT NULL,
  `fieldLayoutId` int(11) DEFAULT NULL,
  `name` varchar(255) COLLATE utf8_unicode_ci NOT NULL,
  `handle` varchar(255) COLLATE utf8_unicode_ci NOT NULL,
  `sortOrder` tinyint(4) DEFAULT NULL,
  `dateCreated` datetime NOT NULL,
  `dateUpdated` datetime NOT NULL,
  `uid` char(36) COLLATE utf8_unicode_ci NOT NULL DEFAULT '0',
  PRIMARY KEY (`id`),
  UNIQUE KEY `craft_matrixblocktypes_name_fieldId_unq_idx` (`name`,`fieldId`),
  UNIQUE KEY `craft_matrixblocktypes_handle_fieldId_unq_idx` (`handle`,`fieldId`),
  KEY `craft_matrixblocktypes_fieldId_fk` (`fieldId`),
  KEY `craft_matrixblocktypes_fieldLayoutId_fk` (`fieldLayoutId`)
) ENGINE=InnoDB AUTO_INCREMENT=3 DEFAULT CHARSET=utf8 COLLATE=utf8_unicode_ci;

--
-- Data for table `craft_matrixblocktypes`
--

INSERT INTO `craft_matrixblocktypes` (`id`, `fieldId`, `fieldLayoutId`, `name`, `handle`, `sortOrder`, `dateCreated`, `dateUpdated`, `uid`) VALUES ('1', '1', '21', 'Text', 'text', '1', '2015-12-04 23:21:46', '2015-12-04 23:34:48', '79b8eeda-8fb6-4d18-b924-53dce4fd6fa5');
INSERT INTO `craft_matrixblocktypes` (`id`, `fieldId`, `fieldLayoutId`, `name`, `handle`, `sortOrder`, `dateCreated`, `dateUpdated`, `uid`) VALUES ('2', '1', '22', 'Table', 'table', '2', '2015-12-04 23:21:46', '2015-12-04 23:34:48', '065443e4-f912-4b74-a37c-3125fbebc678');



DROP TABLE IF EXISTS `craft_matrixcontent_body`;


--
-- Schema for table `craft_matrixcontent_body`
--
CREATE TABLE `craft_matrixcontent_body` (
  `id` int(11) NOT NULL AUTO_INCREMENT,
  `elementId` int(11) NOT NULL,
  `locale` char(12) COLLATE utf8_unicode_ci NOT NULL,
  `field_text_text` text COLLATE utf8_unicode_ci,
  `field_table_table` text COLLATE utf8_unicode_ci,
  `dateCreated` datetime NOT NULL,
  `dateUpdated` datetime NOT NULL,
  `uid` char(36) COLLATE utf8_unicode_ci NOT NULL DEFAULT '0',
  PRIMARY KEY (`id`),
  UNIQUE KEY `craft_matrixcontent_body_elementId_locale_unq_idx` (`elementId`,`locale`),
  KEY `craft_matrixcontent_body_locale_fk` (`locale`)
) ENGINE=InnoDB AUTO_INCREMENT=5 DEFAULT CHARSET=utf8 COLLATE=utf8_unicode_ci;

--
-- Data for table `craft_matrixcontent_body`
--

INSERT INTO `craft_matrixcontent_body` (`id`, `elementId`, `locale`, `field_text_text`, `field_table_table`, `dateCreated`, `dateUpdated`, `uid`) VALUES ('1', '7', 'en_us', '<h2>What You Need to Know</h2>\r\n\r\n<ul><li>You can pay online using Visa, MasterCard, Discover or American Express</li><li>You have 21 days after the date the ticket was written to make a payment.</li></ul>\r\n\r\n\r\n\r\n\r\n\r\n\r\n\r\n\r\n\r\n\r\n\r\n\r\n\r\n\r\n\r\n<h2>Ways to Pay</h2>\r\n\r\n\r\n\r\n\r\n\r\n\r\n\r\n\r\n\r\n\r\n\r\n\r\n\r\n\r\n\r\n\r\n\r\n\r\n\r\n\r\n\r\n<h3>In Person</h3>\r\n\r\n\r\n\r\n\r\n\r\n\r\n\r\n\r\n\r\n\r\n\r\n\r\n\r\n\r\n\r\n\r\n\r\n\r\n\r\n\r\n\r\n<p>You can pay your ticket at the Parking Citation Assistance Center</p>', NULL, '2015-12-04 23:22:29', '2015-12-04 23:48:13', '78fbaeab-070d-4365-b3ca-fd022191afbe');
INSERT INTO `craft_matrixcontent_body` (`id`, `elementId`, `locale`, `field_text_text`, `field_table_table`, `dateCreated`, `dateUpdated`, `uid`) VALUES ('2', '8', 'en_us', NULL, '{\"columns\":[{\"heading\":\"Location\",\"width\":\"\",\"align\":\"left\"},{\"heading\":\"Hours\",\"width\":\"\",\"align\":\"left\"}],\"rows\":[[\"Parking Citation Assistance Center 250 Frank H. Ogawa Plaza, Suite 6300 Oakland, CA 94612 Phone: (800) 500-6484\",\"Mondays, Tuesdays, Thursdays and Fridays from 9 a.m. to 4:30 p.m. Wednesdays from 9:30 a.m. to 4:30 p.m.\"]]}', '2015-12-04 23:22:29', '2015-12-04 23:48:13', '35b7e695-9ed8-415c-b74e-d12767471a63');
INSERT INTO `craft_matrixcontent_body` (`id`, `elementId`, `locale`, `field_text_text`, `field_table_table`, `dateCreated`, `dateUpdated`, `uid`) VALUES ('3', '9', 'en_us', '\r\n\r\n<h4>Additional locations:</h4>\r\n\r\n\r\n\r\n<p>Parking ticket payment kiosks at 250 Frank H. Ogawa Plaza, Monday through Friday from 8:30 a.m. to 5 p.m.<br>Eastmont Police Substation, 2651 73rd Avenue, Monday through Saturday from 8:00 a.m. to 4 p.m.</p>\r\n\r\n\r\n\r\n\r\n\r\n\r\n\r\n\r\n\r\n\r\n\r\n\r\n\r\n<h3><br>By Mail</h3>\r\n\r\n\r\n\r\n\r\n\r\n\r\n\r\n\r\n\r\n\r\n\r\n\r\n\r\n\r\n\r\n<p>Mail your parking ticket and the full payment to:</p>\r\n\r\n\r\n\r\n\r\n\r\n\r\n\r\n\r\n\r\n\r\n\r\n<p>Parking Citation Assistance Center<br>250 Frank H. Ogawa Plaza, Suite 6300<br>Oakland, CA 94612</p>\r\n\r\n\r\n\r\n\r\n\r\n\r\n\r\n\r\n\r\n\r\n\r\n\r\n\r\n\r\n\r\n<h3><br>By Phone</h3>', NULL, '2015-12-04 23:37:15', '2015-12-04 23:48:13', '1696d13d-45d2-406e-a587-1a67394c86e9');
INSERT INTO `craft_matrixcontent_body` (`id`, `elementId`, `locale`, `field_text_text`, `field_table_table`, `dateCreated`, `dateUpdated`, `uid`) VALUES ('4', '10', 'en_us', NULL, '{\"columns\":[{\"heading\":\"Location\",\"width\":\"\",\"align\":\"left\"},{\"heading\":\"Methods of Payment\",\"width\":\"\",\"align\":\"left\"}],\"rows\":[[\"Parking Citation Assistance Center Phone: (800) 500-6484\",\"Credit cards: Visa, Mastercard, Discover or American Express\"]]}', '2015-12-04 23:37:15', '2015-12-04 23:48:13', 'e3fe91c5-b594-43e0-bf44-a9afe6376321');



DROP TABLE IF EXISTS `craft_migrations`;


--
-- Schema for table `craft_migrations`
--
CREATE TABLE `craft_migrations` (
  `id` int(11) NOT NULL AUTO_INCREMENT,
  `pluginId` int(11) DEFAULT NULL,
  `version` varchar(255) COLLATE utf8_unicode_ci NOT NULL,
  `applyTime` datetime NOT NULL,
  `dateCreated` datetime NOT NULL,
  `dateUpdated` datetime NOT NULL,
  `uid` char(36) COLLATE utf8_unicode_ci NOT NULL DEFAULT '0',
  PRIMARY KEY (`id`),
  UNIQUE KEY `craft_migrations_version_unq_idx` (`version`),
  KEY `craft_migrations_pluginId_fk` (`pluginId`)
) ENGINE=InnoDB AUTO_INCREMENT=27 DEFAULT CHARSET=utf8 COLLATE=utf8_unicode_ci;

--
-- Data for table `craft_migrations`
--

INSERT INTO `craft_migrations` (`id`, `pluginId`, `version`, `applyTime`, `dateCreated`, `dateUpdated`, `uid`) VALUES ('1', NULL, 'm000000_000000_base', '2015-12-04 00:22:41', '2015-12-04 00:22:41', '2015-12-04 00:22:41', '80997690-065f-41a3-b50b-5df6ce235a5f');
INSERT INTO `craft_migrations` (`id`, `pluginId`, `version`, `applyTime`, `dateCreated`, `dateUpdated`, `uid`) VALUES ('2', NULL, 'm140730_000001_add_filename_and_format_to_transformindex', '2015-12-04 00:22:41', '2015-12-04 00:22:41', '2015-12-04 00:22:41', '524313a9-e924-4c9c-bbdd-dda56ac57478');
INSERT INTO `craft_migrations` (`id`, `pluginId`, `version`, `applyTime`, `dateCreated`, `dateUpdated`, `uid`) VALUES ('3', NULL, 'm140815_000001_add_format_to_transforms', '2015-12-04 00:22:41', '2015-12-04 00:22:41', '2015-12-04 00:22:41', 'bfdbd636-5b8d-4e4f-a404-c32cbcc835d5');
INSERT INTO `craft_migrations` (`id`, `pluginId`, `version`, `applyTime`, `dateCreated`, `dateUpdated`, `uid`) VALUES ('4', NULL, 'm140822_000001_allow_more_than_128_items_per_field', '2015-12-04 00:22:41', '2015-12-04 00:22:41', '2015-12-04 00:22:41', 'e299e0d4-07c6-422f-b81d-5ea11381432c');
INSERT INTO `craft_migrations` (`id`, `pluginId`, `version`, `applyTime`, `dateCreated`, `dateUpdated`, `uid`) VALUES ('5', NULL, 'm140829_000001_single_title_formats', '2015-12-04 00:22:41', '2015-12-04 00:22:41', '2015-12-04 00:22:41', '2547315b-4183-43f1-9923-94c8fdc238af');
INSERT INTO `craft_migrations` (`id`, `pluginId`, `version`, `applyTime`, `dateCreated`, `dateUpdated`, `uid`) VALUES ('6', NULL, 'm140831_000001_extended_cache_keys', '2015-12-04 00:22:41', '2015-12-04 00:22:41', '2015-12-04 00:22:41', '6ae131c5-d19f-4219-af2a-9b95f9bf30e5');
INSERT INTO `craft_migrations` (`id`, `pluginId`, `version`, `applyTime`, `dateCreated`, `dateUpdated`, `uid`) VALUES ('7', NULL, 'm140922_000001_delete_orphaned_matrix_blocks', '2015-12-04 00:22:41', '2015-12-04 00:22:41', '2015-12-04 00:22:41', '30cbe2df-722c-4fd5-a433-a0125058c03f');
INSERT INTO `craft_migrations` (`id`, `pluginId`, `version`, `applyTime`, `dateCreated`, `dateUpdated`, `uid`) VALUES ('8', NULL, 'm141008_000001_elements_index_tune', '2015-12-04 00:22:41', '2015-12-04 00:22:41', '2015-12-04 00:22:41', '9049119f-c47d-439c-97a7-b1bde5ca610b');
INSERT INTO `craft_migrations` (`id`, `pluginId`, `version`, `applyTime`, `dateCreated`, `dateUpdated`, `uid`) VALUES ('9', NULL, 'm141009_000001_assets_source_handle', '2015-12-04 00:22:41', '2015-12-04 00:22:41', '2015-12-04 00:22:41', 'b989531a-721c-439b-8c22-8ba7ba0f0c58');
INSERT INTO `craft_migrations` (`id`, `pluginId`, `version`, `applyTime`, `dateCreated`, `dateUpdated`, `uid`) VALUES ('10', NULL, 'm141024_000001_field_layout_tabs', '2015-12-04 00:22:41', '2015-12-04 00:22:41', '2015-12-04 00:22:41', '557e85c3-8b56-41fe-8be8-ba2544687439');
INSERT INTO `craft_migrations` (`id`, `pluginId`, `version`, `applyTime`, `dateCreated`, `dateUpdated`, `uid`) VALUES ('11', NULL, 'm141030_000000_plugin_schema_versions', '2015-12-04 00:22:41', '2015-12-04 00:22:41', '2015-12-04 00:22:41', 'a218c349-b679-40e6-a301-e1f3c506ddfd');
INSERT INTO `craft_migrations` (`id`, `pluginId`, `version`, `applyTime`, `dateCreated`, `dateUpdated`, `uid`) VALUES ('12', NULL, 'm141030_000001_drop_structure_move_permission', '2015-12-04 00:22:41', '2015-12-04 00:22:41', '2015-12-04 00:22:41', '22a01aa4-98be-4408-976c-31a96f4b9b25');
INSERT INTO `craft_migrations` (`id`, `pluginId`, `version`, `applyTime`, `dateCreated`, `dateUpdated`, `uid`) VALUES ('13', NULL, 'm141103_000001_tag_titles', '2015-12-04 00:22:41', '2015-12-04 00:22:41', '2015-12-04 00:22:41', '5b5d5dca-157a-49f2-befd-007f2b167582');
INSERT INTO `craft_migrations` (`id`, `pluginId`, `version`, `applyTime`, `dateCreated`, `dateUpdated`, `uid`) VALUES ('14', NULL, 'm141109_000001_user_status_shuffle', '2015-12-04 00:22:41', '2015-12-04 00:22:41', '2015-12-04 00:22:41', '2f3dd146-6323-4911-9916-dee567d9deeb');
INSERT INTO `craft_migrations` (`id`, `pluginId`, `version`, `applyTime`, `dateCreated`, `dateUpdated`, `uid`) VALUES ('15', NULL, 'm141126_000001_user_week_start_day', '2015-12-04 00:22:41', '2015-12-04 00:22:41', '2015-12-04 00:22:41', '841e758a-a3ee-436e-adfb-077806fe7d45');
INSERT INTO `craft_migrations` (`id`, `pluginId`, `version`, `applyTime`, `dateCreated`, `dateUpdated`, `uid`) VALUES ('16', NULL, 'm150210_000001_adjust_user_photo_size', '2015-12-04 00:22:41', '2015-12-04 00:22:41', '2015-12-04 00:22:41', '2090fb38-1ebf-4403-aa65-7a3ecd170de5');
INSERT INTO `craft_migrations` (`id`, `pluginId`, `version`, `applyTime`, `dateCreated`, `dateUpdated`, `uid`) VALUES ('17', NULL, 'm150724_000001_adjust_quality_settings', '2015-12-04 00:22:41', '2015-12-04 00:22:41', '2015-12-04 00:22:41', 'b6d71d4c-f670-4295-a35a-eac7ba451df9');
INSERT INTO `craft_migrations` (`id`, `pluginId`, `version`, `applyTime`, `dateCreated`, `dateUpdated`, `uid`) VALUES ('18', NULL, 'm150827_000000_element_index_settings', '2015-12-04 00:22:41', '2015-12-04 00:22:41', '2015-12-04 00:22:41', '44a9e4bd-507c-4252-b5fe-05bb08560585');
INSERT INTO `craft_migrations` (`id`, `pluginId`, `version`, `applyTime`, `dateCreated`, `dateUpdated`, `uid`) VALUES ('19', NULL, 'm150918_000001_add_colspan_to_widgets', '2015-12-04 00:22:41', '2015-12-04 00:22:41', '2015-12-04 00:22:41', 'be09a844-585c-4651-af4d-4c8ff6b7266e');
INSERT INTO `craft_migrations` (`id`, `pluginId`, `version`, `applyTime`, `dateCreated`, `dateUpdated`, `uid`) VALUES ('20', NULL, 'm151007_000000_clear_asset_caches', '2015-12-04 00:22:41', '2015-12-04 00:22:41', '2015-12-04 00:22:41', '83195618-e7d6-455b-9335-93aa81c0f12b');
INSERT INTO `craft_migrations` (`id`, `pluginId`, `version`, `applyTime`, `dateCreated`, `dateUpdated`, `uid`) VALUES ('21', NULL, 'm151109_000000_text_url_formats', '2015-12-04 00:22:41', '2015-12-04 00:22:41', '2015-12-04 00:22:41', '17f74a87-d5f1-4bcd-9ce1-a181bfe7f033');
INSERT INTO `craft_migrations` (`id`, `pluginId`, `version`, `applyTime`, `dateCreated`, `dateUpdated`, `uid`) VALUES ('22', NULL, 'm151110_000000_move_logo', '2015-12-04 00:22:41', '2015-12-04 00:22:41', '2015-12-04 00:22:41', 'ed96e78d-0d72-4c44-a8e8-6a71c4f1a211');
INSERT INTO `craft_migrations` (`id`, `pluginId`, `version`, `applyTime`, `dateCreated`, `dateUpdated`, `uid`) VALUES ('23', NULL, 'm151117_000000_adjust_image_widthheight', '2015-12-04 00:22:41', '2015-12-04 00:22:41', '2015-12-04 00:22:41', 'c602c85d-0283-40c0-994d-604723779284');
INSERT INTO `craft_migrations` (`id`, `pluginId`, `version`, `applyTime`, `dateCreated`, `dateUpdated`, `uid`) VALUES ('24', NULL, 'm151127_000000_clear_license_key_status', '2015-12-04 00:22:41', '2015-12-04 00:22:41', '2015-12-04 00:22:41', '169ce2e0-eeff-4668-9dc2-83917536f663');
INSERT INTO `craft_migrations` (`id`, `pluginId`, `version`, `applyTime`, `dateCreated`, `dateUpdated`, `uid`) VALUES ('25', NULL, 'm151127_000000_plugin_license_keys', '2015-12-04 00:22:41', '2015-12-04 00:22:41', '2015-12-04 00:22:41', 'ee24b66b-5581-403e-91e9-14b0742736bd');
INSERT INTO `craft_migrations` (`id`, `pluginId`, `version`, `applyTime`, `dateCreated`, `dateUpdated`, `uid`) VALUES ('26', NULL, 'm151130_000000_update_pt_widget_feeds', '2015-12-04 00:22:41', '2015-12-04 00:22:41', '2015-12-04 00:22:41', 'f81c4fda-32b5-4b6d-8edc-2d4af5d7e61a');



DROP TABLE IF EXISTS `craft_plugins`;


--
-- Schema for table `craft_plugins`
--
CREATE TABLE `craft_plugins` (
  `id` int(11) NOT NULL AUTO_INCREMENT,
  `class` varchar(150) COLLATE utf8_unicode_ci NOT NULL,
  `version` varchar(15) COLLATE utf8_unicode_ci NOT NULL,
  `schemaVersion` varchar(15) COLLATE utf8_unicode_ci DEFAULT NULL,
  `licenseKey` char(24) COLLATE utf8_unicode_ci DEFAULT NULL,
  `licenseKeyStatus` enum('valid','invalid','mismatched','unknown') COLLATE utf8_unicode_ci NOT NULL DEFAULT 'unknown',
  `enabled` tinyint(1) unsigned NOT NULL DEFAULT '0',
  `settings` text COLLATE utf8_unicode_ci,
  `installDate` datetime NOT NULL,
  `dateCreated` datetime NOT NULL,
  `dateUpdated` datetime NOT NULL,
  `uid` char(36) COLLATE utf8_unicode_ci NOT NULL DEFAULT '0',
  PRIMARY KEY (`id`)
) ENGINE=InnoDB AUTO_INCREMENT=2 DEFAULT CHARSET=utf8 COLLATE=utf8_unicode_ci;

--
-- Data for table `craft_plugins`
--

INSERT INTO `craft_plugins` (`id`, `class`, `version`, `schemaVersion`, `licenseKey`, `licenseKeyStatus`, `enabled`, `settings`, `installDate`, `dateCreated`, `dateUpdated`, `uid`) VALUES ('1', 'TableMaker', '1.0', NULL, NULL, 'unknown', '1', NULL, '2015-12-04 23:34:31', '2015-12-04 23:34:31', '2015-12-10 20:26:13', 'aeed37f7-98a1-4f9c-8b97-87da49098350');



DROP TABLE IF EXISTS `craft_rackspaceaccess`;


--
-- Schema for table `craft_rackspaceaccess`
--
CREATE TABLE `craft_rackspaceaccess` (
  `id` int(11) NOT NULL AUTO_INCREMENT,
  `connectionKey` varchar(255) COLLATE utf8_unicode_ci NOT NULL,
  `token` varchar(255) COLLATE utf8_unicode_ci NOT NULL,
  `storageUrl` varchar(255) COLLATE utf8_unicode_ci NOT NULL,
  `cdnUrl` varchar(255) COLLATE utf8_unicode_ci NOT NULL,
  `dateCreated` datetime NOT NULL,
  `dateUpdated` datetime NOT NULL,
  `uid` char(36) COLLATE utf8_unicode_ci NOT NULL DEFAULT '0',
  PRIMARY KEY (`id`),
  UNIQUE KEY `craft_rackspaceaccess_connectionKey_unq_idx` (`connectionKey`)
) ENGINE=InnoDB DEFAULT CHARSET=utf8 COLLATE=utf8_unicode_ci;

DROP TABLE IF EXISTS `craft_relations`;


--
-- Schema for table `craft_relations`
--
CREATE TABLE `craft_relations` (
  `id` int(11) NOT NULL AUTO_INCREMENT,
  `fieldId` int(11) NOT NULL,
  `sourceId` int(11) NOT NULL,
  `sourceLocale` char(12) COLLATE utf8_unicode_ci DEFAULT NULL,
  `targetId` int(11) NOT NULL,
  `sortOrder` smallint(6) DEFAULT NULL,
  `dateCreated` datetime NOT NULL,
  `dateUpdated` datetime NOT NULL,
  `uid` char(36) COLLATE utf8_unicode_ci NOT NULL DEFAULT '0',
  PRIMARY KEY (`id`),
  UNIQUE KEY `craft_relations_fieldId_sourceId_sourceLocale_targetId_unq_idx` (`fieldId`,`sourceId`,`sourceLocale`,`targetId`),
  KEY `craft_relations_sourceId_fk` (`sourceId`),
  KEY `craft_relations_sourceLocale_fk` (`sourceLocale`),
  KEY `craft_relations_targetId_fk` (`targetId`)
) ENGINE=InnoDB AUTO_INCREMENT=8 DEFAULT CHARSET=utf8 COLLATE=utf8_unicode_ci;

--
-- Data for table `craft_relations`
--

INSERT INTO `craft_relations` (`id`, `fieldId`, `sourceId`, `sourceLocale`, `targetId`, `sortOrder`, `dateCreated`, `dateUpdated`, `uid`) VALUES ('3', '11', '13', NULL, '5', '1', '2015-12-10 19:54:47', '2015-12-10 19:54:47', '66217906-3fc9-4f1e-aed5-8acb35947aea');
INSERT INTO `craft_relations` (`id`, `fieldId`, `sourceId`, `sourceLocale`, `targetId`, `sortOrder`, `dateCreated`, `dateUpdated`, `uid`) VALUES ('6', '14', '11', NULL, '13', '1', '2015-12-10 22:58:01', '2015-12-10 22:58:01', '7a2de3b7-0191-42a9-8e6d-f6bf2a3c88df');
INSERT INTO `craft_relations` (`id`, `fieldId`, `sourceId`, `sourceLocale`, `targetId`, `sortOrder`, `dateCreated`, `dateUpdated`, `uid`) VALUES ('7', '14', '12', NULL, '13', '1', '2015-12-10 22:58:16', '2015-12-10 22:58:16', 'a9dc68aa-c3c9-418b-b17c-f8ca187768e7');



DROP TABLE IF EXISTS `craft_routes`;


--
-- Schema for table `craft_routes`
--
CREATE TABLE `craft_routes` (
  `id` int(11) NOT NULL AUTO_INCREMENT,
  `locale` char(12) COLLATE utf8_unicode_ci DEFAULT NULL,
  `urlParts` varchar(255) COLLATE utf8_unicode_ci NOT NULL,
  `urlPattern` varchar(255) COLLATE utf8_unicode_ci NOT NULL,
  `template` varchar(255) COLLATE utf8_unicode_ci NOT NULL,
  `sortOrder` tinyint(4) DEFAULT NULL,
  `dateCreated` datetime NOT NULL,
  `dateUpdated` datetime NOT NULL,
  `uid` char(36) COLLATE utf8_unicode_ci NOT NULL DEFAULT '0',
  PRIMARY KEY (`id`),
  UNIQUE KEY `craft_routes_urlPattern_unq_idx` (`urlPattern`),
  KEY `craft_routes_locale_idx` (`locale`)
) ENGINE=InnoDB DEFAULT CHARSET=utf8 COLLATE=utf8_unicode_ci;

DROP TABLE IF EXISTS `craft_searchindex`;


--
-- Schema for table `craft_searchindex`
--
CREATE TABLE `craft_searchindex` (
  `elementId` int(11) NOT NULL,
  `attribute` varchar(25) COLLATE utf8_unicode_ci NOT NULL,
  `fieldId` int(11) NOT NULL,
  `locale` char(12) COLLATE utf8_unicode_ci NOT NULL,
  `keywords` text COLLATE utf8_unicode_ci NOT NULL,
  PRIMARY KEY (`elementId`,`attribute`,`fieldId`,`locale`),
  FULLTEXT KEY `craft_searchindex_keywords_idx` (`keywords`)
) ENGINE=MyISAM DEFAULT CHARSET=utf8 COLLATE=utf8_unicode_ci;

--
-- Data for table `craft_searchindex`
--

INSERT INTO `craft_searchindex` (`elementId`, `attribute`, `fieldId`, `locale`, `keywords`) VALUES ('1', 'username', '0', 'en_us', ' norrishung ');
INSERT INTO `craft_searchindex` (`elementId`, `attribute`, `fieldId`, `locale`, `keywords`) VALUES ('1', 'firstname', '0', 'en_us', '');
INSERT INTO `craft_searchindex` (`elementId`, `attribute`, `fieldId`, `locale`, `keywords`) VALUES ('1', 'lastname', '0', 'en_us', '');
INSERT INTO `craft_searchindex` (`elementId`, `attribute`, `fieldId`, `locale`, `keywords`) VALUES ('1', 'fullname', '0', 'en_us', '');
INSERT INTO `craft_searchindex` (`elementId`, `attribute`, `fieldId`, `locale`, `keywords`) VALUES ('1', 'email', '0', 'en_us', ' norris codeforamerica org ');
INSERT INTO `craft_searchindex` (`elementId`, `attribute`, `fieldId`, `locale`, `keywords`) VALUES ('1', 'slug', '0', 'en_us', '');
INSERT INTO `craft_searchindex` (`elementId`, `attribute`, `fieldId`, `locale`, `keywords`) VALUES ('2', 'slug', '0', 'en_us', ' homepage ');
INSERT INTO `craft_searchindex` (`elementId`, `attribute`, `fieldId`, `locale`, `keywords`) VALUES ('2', 'title', '0', 'en_us', ' home ');
INSERT INTO `craft_searchindex` (`elementId`, `attribute`, `fieldId`, `locale`, `keywords`) VALUES ('2', 'field', '1', 'en_us', ' the best place to find information and services from the city of oakland ');
INSERT INTO `craft_searchindex` (`elementId`, `attribute`, `fieldId`, `locale`, `keywords`) VALUES ('11', 'field', '14', 'en_us', ' public works ');
INSERT INTO `craft_searchindex` (`elementId`, `attribute`, `fieldId`, `locale`, `keywords`) VALUES ('12', 'field', '14', 'en_us', ' public works ');
INSERT INTO `craft_searchindex` (`elementId`, `attribute`, `fieldId`, `locale`, `keywords`) VALUES ('11', 'field', '9', 'en_us', ' as part of the shop oakland grown for the holidays campaign the city of oakland will offer free parking every saturday until new year s day plus plaid friday november 27 the free parking applies to on street meters both individual meters and multi space kiosks four city owned parking lots and four city owned parking garages posted time limits at meters still apply ');
INSERT INTO `craft_searchindex` (`elementId`, `attribute`, `fieldId`, `locale`, `keywords`) VALUES ('6', 'title', '0', 'en_us', ' pay a parking ticket ');
INSERT INTO `craft_searchindex` (`elementId`, `attribute`, `fieldId`, `locale`, `keywords`) VALUES ('6', 'field', '4', 'en_us', ' this page provides information on how to pay a parking ticket in the city of oakland ');
INSERT INTO `craft_searchindex` (`elementId`, `attribute`, `fieldId`, `locale`, `keywords`) VALUES ('6', 'field', '3', 'en_us', ' pay your ticket online ');
INSERT INTO `craft_searchindex` (`elementId`, `attribute`, `fieldId`, `locale`, `keywords`) VALUES ('6', 'field', '1', 'en_us', ' what you need to know you can pay online using visa mastercard discover or american express you have 21 days after the date the ticket was written to make a payment ways to pay in person you can pay your ticket at the parking citation assistance center locationhours parking citation assistance center 250 frank h ogawa plaza suite 6300 oakland ca 94612 phone 800 500 6484 mondays tuesdays thursdays and fridays from 9 a m to 4 30 p m wednesdays from 9 30 a m to 4 30 p m additional locations parking ticket payment kiosks at 250 frank h ogawa plaza monday through friday from 8 30 a m to 5 p m eastmont police substation 2651 73rd avenue monday through saturday from 8 00 a m to 4 p m by mail mail your parking ticket and the full payment to parking citation assistance center 250 frank h ogawa plaza suite 6300 oakland ca 94612 by phone locationmethods of payment parking citation assistance center phone 800 500 6484 credit cards visa mastercard discover or american express ');
INSERT INTO `craft_searchindex` (`elementId`, `attribute`, `fieldId`, `locale`, `keywords`) VALUES ('6', 'slug', '0', 'en_us', ' pay a parking ticket ');
INSERT INTO `craft_searchindex` (`elementId`, `attribute`, `fieldId`, `locale`, `keywords`) VALUES ('5', 'title', '0', 'en_us', ' parking ');
INSERT INTO `craft_searchindex` (`elementId`, `attribute`, `fieldId`, `locale`, `keywords`) VALUES ('5', 'slug', '0', 'en_us', ' parking ');
INSERT INTO `craft_searchindex` (`elementId`, `attribute`, `fieldId`, `locale`, `keywords`) VALUES ('7', 'field', '6', 'en_us', ' what you need to know you can pay online using visa mastercard discover or american expressyou have 21 days after the date the ticket was written to make a payment ways to pay in person you can pay your ticket at the parking citation assistance center ');
INSERT INTO `craft_searchindex` (`elementId`, `attribute`, `fieldId`, `locale`, `keywords`) VALUES ('7', 'slug', '0', 'en_us', '');
INSERT INTO `craft_searchindex` (`elementId`, `attribute`, `fieldId`, `locale`, `keywords`) VALUES ('8', 'field', '7', 'en_us', ' location left hours left parking citation assistance center 250 frank h ogawa plaza suite 6300 oakland ca 94612 phone 800 500 6484 mondays tuesdays thursdays and fridays from 9 a m to 4 30 p m wednesdays from 9 30 a m to 4 30 p m locationhours parking citation assistance center 250 frank h ogawa plaza suite 6300 oakland ca 94612 phone 800 500 6484mondays tuesdays thursdays and fridays from 9 a m to 4 30 p m wednesdays from 9 30 a m to 4 30 p m ');
INSERT INTO `craft_searchindex` (`elementId`, `attribute`, `fieldId`, `locale`, `keywords`) VALUES ('8', 'slug', '0', 'en_us', '');
INSERT INTO `craft_searchindex` (`elementId`, `attribute`, `fieldId`, `locale`, `keywords`) VALUES ('6', 'field', '5', 'en_us', ' https prodpci etimspayments com pbw include oakland input jsp ');
INSERT INTO `craft_searchindex` (`elementId`, `attribute`, `fieldId`, `locale`, `keywords`) VALUES ('5', 'field', '4', 'en_us', ' including parking permits and paying parking citations ');
INSERT INTO `craft_searchindex` (`elementId`, `attribute`, `fieldId`, `locale`, `keywords`) VALUES ('11', 'field', '1', 'en_us', ' as part of the shop oakland grown for the holidays campaign the city of oakland will offer free parking every saturday until new year s day plus plaid friday november 27 the free parking applies to on street meters both individual meters and multi space kiosks four city owned parking lots and four city owned parking garages posted time limits at meters still apply ');
INSERT INTO `craft_searchindex` (`elementId`, `attribute`, `fieldId`, `locale`, `keywords`) VALUES ('9', 'field', '6', 'en_us', ' additional locations parking ticket payment kiosks at 250 frank h ogawa plaza monday through friday from 8 30 a m to 5 p m eastmont police substation 2651 73rd avenue monday through saturday from 8 00 a m to 4 p m by mail mail your parking ticket and the full payment to parking citation assistance center250 frank h ogawa plaza suite 6300oakland ca 94612 by phone ');
INSERT INTO `craft_searchindex` (`elementId`, `attribute`, `fieldId`, `locale`, `keywords`) VALUES ('9', 'slug', '0', 'en_us', '');
INSERT INTO `craft_searchindex` (`elementId`, `attribute`, `fieldId`, `locale`, `keywords`) VALUES ('10', 'field', '7', 'en_us', ' location left methods of payment left parking citation assistance center phone 800 500 6484 credit cards visa mastercard discover or american express locationmethods of payment parking citation assistance center phone 800 500 6484credit cards visa mastercard discover or american express ');
INSERT INTO `craft_searchindex` (`elementId`, `attribute`, `fieldId`, `locale`, `keywords`) VALUES ('10', 'slug', '0', 'en_us', '');
INSERT INTO `craft_searchindex` (`elementId`, `attribute`, `fieldId`, `locale`, `keywords`) VALUES ('11', 'field', '2', 'en_us', '');
INSERT INTO `craft_searchindex` (`elementId`, `attribute`, `fieldId`, `locale`, `keywords`) VALUES ('11', 'slug', '0', 'en_us', ' free parking on plaid friday saturdays until new years ');
INSERT INTO `craft_searchindex` (`elementId`, `attribute`, `fieldId`, `locale`, `keywords`) VALUES ('11', 'title', '0', 'en_us', ' free parking on plaid friday saturdays until new year s ');
INSERT INTO `craft_searchindex` (`elementId`, `attribute`, `fieldId`, `locale`, `keywords`) VALUES ('12', 'field', '1', 'en_us', ' oakland s measure ff a voter enacted ballot measure passed in november 2014 provides annual increases to oakland s minimum wage based on the local consumer price index cpi effective january 1 2016 the rate rises 30 from $12 25 to $12 55 the law requires that employers inform employees of the increase by december 15 2015 ');
INSERT INTO `craft_searchindex` (`elementId`, `attribute`, `fieldId`, `locale`, `keywords`) VALUES ('12', 'field', '2', 'en_us', '');
INSERT INTO `craft_searchindex` (`elementId`, `attribute`, `fieldId`, `locale`, `keywords`) VALUES ('12', 'slug', '0', 'en_us', ' oaklands minimum wage goes up january 1 deadline for noticing requirement is december 15 ');
INSERT INTO `craft_searchindex` (`elementId`, `attribute`, `fieldId`, `locale`, `keywords`) VALUES ('12', 'title', '0', 'en_us', ' oakland s minimum wage goes up january 1 deadline for noticing requirement is december 15 ');
INSERT INTO `craft_searchindex` (`elementId`, `attribute`, `fieldId`, `locale`, `keywords`) VALUES ('11', 'field', '8', 'en_us', ' 2015 12 09 ');
INSERT INTO `craft_searchindex` (`elementId`, `attribute`, `fieldId`, `locale`, `keywords`) VALUES ('12', 'field', '8', 'en_us', ' 2015 12 09 ');
INSERT INTO `craft_searchindex` (`elementId`, `attribute`, `fieldId`, `locale`, `keywords`) VALUES ('13', 'field', '9', 'en_us', ' service to the public is our sole reason for existence ');
INSERT INTO `craft_searchindex` (`elementId`, `attribute`, `fieldId`, `locale`, `keywords`) VALUES ('13', 'field', '10', 'en_us', ' service to the public is our sole reason for existence oakland public works plans builds and maintains oakland s physical and environmental infrastructure for the residents businesses and visitors of the city making it a sustainable and desirable place to live work invest and visit ');
INSERT INTO `craft_searchindex` (`elementId`, `attribute`, `fieldId`, `locale`, `keywords`) VALUES ('13', 'field', '12', 'en_us', ' brooke a levindirector of oakland public works ');
INSERT INTO `craft_searchindex` (`elementId`, `attribute`, `fieldId`, `locale`, `keywords`) VALUES ('13', 'field', '13', 'en_us', '');
INSERT INTO `craft_searchindex` (`elementId`, `attribute`, `fieldId`, `locale`, `keywords`) VALUES ('13', 'field', '11', 'en_us', ' parking ');
INSERT INTO `craft_searchindex` (`elementId`, `attribute`, `fieldId`, `locale`, `keywords`) VALUES ('13', 'slug', '0', 'en_us', ' public works ');
INSERT INTO `craft_searchindex` (`elementId`, `attribute`, `fieldId`, `locale`, `keywords`) VALUES ('13', 'title', '0', 'en_us', ' public works ');
INSERT INTO `craft_searchindex` (`elementId`, `attribute`, `fieldId`, `locale`, `keywords`) VALUES ('12', 'field', '9', 'en_us', ' oakland s measure ff a voter enacted ballot measure passed in november 2014 provides annual increases to oakland s minimum wage based on the local consumer price index cpi effective january 1 2016 the rate rises 30 from $12 25 to $12 55 the law requires that employers inform employees of the increase by december 15 2015 ');
INSERT INTO `craft_searchindex` (`elementId`, `attribute`, `fieldId`, `locale`, `keywords`) VALUES ('15', 'field', '9', 'en_us', '');
INSERT INTO `craft_searchindex` (`elementId`, `attribute`, `fieldId`, `locale`, `keywords`) VALUES ('15', 'field', '10', 'en_us', '');
INSERT INTO `craft_searchindex` (`elementId`, `attribute`, `fieldId`, `locale`, `keywords`) VALUES ('15', 'field', '12', 'en_us', '');
INSERT INTO `craft_searchindex` (`elementId`, `attribute`, `fieldId`, `locale`, `keywords`) VALUES ('15', 'field', '13', 'en_us', '');
INSERT INTO `craft_searchindex` (`elementId`, `attribute`, `fieldId`, `locale`, `keywords`) VALUES ('15', 'field', '11', 'en_us', '');
INSERT INTO `craft_searchindex` (`elementId`, `attribute`, `fieldId`, `locale`, `keywords`) VALUES ('15', 'slug', '0', 'en_us', ' planning and zoning ');
INSERT INTO `craft_searchindex` (`elementId`, `attribute`, `fieldId`, `locale`, `keywords`) VALUES ('15', 'title', '0', 'en_us', ' planning and zoning ');
INSERT INTO `craft_searchindex` (`elementId`, `attribute`, `fieldId`, `locale`, `keywords`) VALUES ('16', 'field', '9', 'en_us', '');
INSERT INTO `craft_searchindex` (`elementId`, `attribute`, `fieldId`, `locale`, `keywords`) VALUES ('16', 'field', '10', 'en_us', '');
INSERT INTO `craft_searchindex` (`elementId`, `attribute`, `fieldId`, `locale`, `keywords`) VALUES ('16', 'field', '12', 'en_us', '');
INSERT INTO `craft_searchindex` (`elementId`, `attribute`, `fieldId`, `locale`, `keywords`) VALUES ('16', 'field', '13', 'en_us', '');
INSERT INTO `craft_searchindex` (`elementId`, `attribute`, `fieldId`, `locale`, `keywords`) VALUES ('16', 'field', '11', 'en_us', '');
INSERT INTO `craft_searchindex` (`elementId`, `attribute`, `fieldId`, `locale`, `keywords`) VALUES ('16', 'slug', '0', 'en_us', ' human resources ');
INSERT INTO `craft_searchindex` (`elementId`, `attribute`, `fieldId`, `locale`, `keywords`) VALUES ('16', 'title', '0', 'en_us', ' human resources ');
INSERT INTO `craft_searchindex` (`elementId`, `attribute`, `fieldId`, `locale`, `keywords`) VALUES ('17', 'field', '9', 'en_us', '');
INSERT INTO `craft_searchindex` (`elementId`, `attribute`, `fieldId`, `locale`, `keywords`) VALUES ('17', 'field', '10', 'en_us', '');
INSERT INTO `craft_searchindex` (`elementId`, `attribute`, `fieldId`, `locale`, `keywords`) VALUES ('17', 'field', '12', 'en_us', '');
INSERT INTO `craft_searchindex` (`elementId`, `attribute`, `fieldId`, `locale`, `keywords`) VALUES ('17', 'field', '13', 'en_us', '');
INSERT INTO `craft_searchindex` (`elementId`, `attribute`, `fieldId`, `locale`, `keywords`) VALUES ('17', 'field', '11', 'en_us', '');
INSERT INTO `craft_searchindex` (`elementId`, `attribute`, `fieldId`, `locale`, `keywords`) VALUES ('17', 'slug', '0', 'en_us', ' police department ');
INSERT INTO `craft_searchindex` (`elementId`, `attribute`, `fieldId`, `locale`, `keywords`) VALUES ('17', 'title', '0', 'en_us', ' police department ');
INSERT INTO `craft_searchindex` (`elementId`, `attribute`, `fieldId`, `locale`, `keywords`) VALUES ('18', 'field', '9', 'en_us', '');
INSERT INTO `craft_searchindex` (`elementId`, `attribute`, `fieldId`, `locale`, `keywords`) VALUES ('18', 'field', '10', 'en_us', '');
INSERT INTO `craft_searchindex` (`elementId`, `attribute`, `fieldId`, `locale`, `keywords`) VALUES ('18', 'field', '12', 'en_us', '');
INSERT INTO `craft_searchindex` (`elementId`, `attribute`, `fieldId`, `locale`, `keywords`) VALUES ('18', 'field', '13', 'en_us', '');
INSERT INTO `craft_searchindex` (`elementId`, `attribute`, `fieldId`, `locale`, `keywords`) VALUES ('18', 'field', '11', 'en_us', '');
INSERT INTO `craft_searchindex` (`elementId`, `attribute`, `fieldId`, `locale`, `keywords`) VALUES ('18', 'slug', '0', 'en_us', ' housing ');
INSERT INTO `craft_searchindex` (`elementId`, `attribute`, `fieldId`, `locale`, `keywords`) VALUES ('18', 'title', '0', 'en_us', ' housing ');
INSERT INTO `craft_searchindex` (`elementId`, `attribute`, `fieldId`, `locale`, `keywords`) VALUES ('19', 'field', '9', 'en_us', '');
INSERT INTO `craft_searchindex` (`elementId`, `attribute`, `fieldId`, `locale`, `keywords`) VALUES ('19', 'field', '10', 'en_us', '');
INSERT INTO `craft_searchindex` (`elementId`, `attribute`, `fieldId`, `locale`, `keywords`) VALUES ('19', 'field', '12', 'en_us', ' mayor libby schaafoakland city councilshe is an american public works association leadership fellow with more than 30 years of public and private sector experience including the past 22 years with the city of oakland ');
INSERT INTO `craft_searchindex` (`elementId`, `attribute`, `fieldId`, `locale`, `keywords`) VALUES ('19', 'field', '13', 'en_us', '');
INSERT INTO `craft_searchindex` (`elementId`, `attribute`, `fieldId`, `locale`, `keywords`) VALUES ('19', 'field', '11', 'en_us', '');
INSERT INTO `craft_searchindex` (`elementId`, `attribute`, `fieldId`, `locale`, `keywords`) VALUES ('19', 'slug', '0', 'en_us', ' mayors office ');
INSERT INTO `craft_searchindex` (`elementId`, `attribute`, `fieldId`, `locale`, `keywords`) VALUES ('19', 'title', '0', 'en_us', ' mayor s office ');
INSERT INTO `craft_searchindex` (`elementId`, `attribute`, `fieldId`, `locale`, `keywords`) VALUES ('2', 'field', '15', 'en_us', ' welcome to oakland california ');



DROP TABLE IF EXISTS `craft_sections`;


--
-- Schema for table `craft_sections`
--
CREATE TABLE `craft_sections` (
  `id` int(11) NOT NULL AUTO_INCREMENT,
  `structureId` int(11) DEFAULT NULL,
  `name` varchar(255) COLLATE utf8_unicode_ci NOT NULL,
  `handle` varchar(255) COLLATE utf8_unicode_ci NOT NULL,
  `type` enum('single','channel','structure') COLLATE utf8_unicode_ci NOT NULL DEFAULT 'channel',
  `hasUrls` tinyint(1) unsigned NOT NULL DEFAULT '1',
  `template` varchar(500) COLLATE utf8_unicode_ci DEFAULT NULL,
  `enableVersioning` tinyint(1) unsigned NOT NULL DEFAULT '0',
  `dateCreated` datetime NOT NULL,
  `dateUpdated` datetime NOT NULL,
  `uid` char(36) COLLATE utf8_unicode_ci NOT NULL DEFAULT '0',
  PRIMARY KEY (`id`),
  UNIQUE KEY `craft_sections_name_unq_idx` (`name`),
  UNIQUE KEY `craft_sections_handle_unq_idx` (`handle`),
  KEY `craft_sections_structureId_fk` (`structureId`)
) ENGINE=InnoDB AUTO_INCREMENT=5 DEFAULT CHARSET=utf8 COLLATE=utf8_unicode_ci;

--
-- Data for table `craft_sections`
--

INSERT INTO `craft_sections` (`id`, `structureId`, `name`, `handle`, `type`, `hasUrls`, `template`, `enableVersioning`, `dateCreated`, `dateUpdated`, `uid`) VALUES ('1', NULL, 'Homepage', 'homepage', 'single', '1', 'index', '1', '2015-12-04 00:22:46', '2015-12-04 00:22:46', '089857dc-c6a7-46ce-866b-66902e26ee03');
INSERT INTO `craft_sections` (`id`, `structureId`, `name`, `handle`, `type`, `hasUrls`, `template`, `enableVersioning`, `dateCreated`, `dateUpdated`, `uid`) VALUES ('2', NULL, 'News', 'news', 'channel', '1', 'news/_entry', '1', '2015-12-04 00:22:47', '2015-12-04 00:22:47', 'f0cd970c-9b43-4bb5-83fb-2360848fb136');
INSERT INTO `craft_sections` (`id`, `structureId`, `name`, `handle`, `type`, `hasUrls`, `template`, `enableVersioning`, `dateCreated`, `dateUpdated`, `uid`) VALUES ('3', '1', 'Services', 'services', 'structure', '1', 'services/_entry', '1', '2015-12-04 20:04:38', '2015-12-04 20:05:07', '68fd9a02-2aaf-4b7d-a25f-ff09152fa602');
INSERT INTO `craft_sections` (`id`, `structureId`, `name`, `handle`, `type`, `hasUrls`, `template`, `enableVersioning`, `dateCreated`, `dateUpdated`, `uid`) VALUES ('4', '2', 'Departments', 'departments', 'structure', '1', 'departments/_entry', '1', '2015-12-10 19:40:23', '2015-12-10 19:40:37', '377ff9d0-db97-4c03-8283-0a57923befff');



DROP TABLE IF EXISTS `craft_sections_i18n`;


--
-- Schema for table `craft_sections_i18n`
--
CREATE TABLE `craft_sections_i18n` (
  `id` int(11) NOT NULL AUTO_INCREMENT,
  `sectionId` int(11) NOT NULL,
  `locale` char(12) COLLATE utf8_unicode_ci NOT NULL,
  `enabledByDefault` tinyint(1) unsigned NOT NULL DEFAULT '1',
  `urlFormat` text COLLATE utf8_unicode_ci,
  `nestedUrlFormat` text COLLATE utf8_unicode_ci,
  `dateCreated` datetime NOT NULL,
  `dateUpdated` datetime NOT NULL,
  `uid` char(36) COLLATE utf8_unicode_ci NOT NULL DEFAULT '0',
  PRIMARY KEY (`id`),
  UNIQUE KEY `craft_sections_i18n_sectionId_locale_unq_idx` (`sectionId`,`locale`),
  KEY `craft_sections_i18n_locale_fk` (`locale`)
) ENGINE=InnoDB AUTO_INCREMENT=5 DEFAULT CHARSET=utf8 COLLATE=utf8_unicode_ci;

--
-- Data for table `craft_sections_i18n`
--

INSERT INTO `craft_sections_i18n` (`id`, `sectionId`, `locale`, `enabledByDefault`, `urlFormat`, `nestedUrlFormat`, `dateCreated`, `dateUpdated`, `uid`) VALUES ('1', '1', 'en_us', '1', '__home__', NULL, '2015-12-04 00:22:46', '2015-12-04 00:22:46', '53157bc8-f180-42a0-ad86-2258b3487042');
INSERT INTO `craft_sections_i18n` (`id`, `sectionId`, `locale`, `enabledByDefault`, `urlFormat`, `nestedUrlFormat`, `dateCreated`, `dateUpdated`, `uid`) VALUES ('2', '2', 'en_us', '1', 'news/{postDate.year}/{slug}', NULL, '2015-12-04 00:22:47', '2015-12-04 00:22:47', '40ff9e65-6e80-4135-a635-53dccb6996e7');
INSERT INTO `craft_sections_i18n` (`id`, `sectionId`, `locale`, `enabledByDefault`, `urlFormat`, `nestedUrlFormat`, `dateCreated`, `dateUpdated`, `uid`) VALUES ('3', '3', 'en_us', '0', 'services/{slug}', '{parent.uri}/{slug}', '2015-12-04 20:04:38', '2015-12-04 20:04:38', 'e9d75e45-4f38-4a4d-854e-05ee71d2ff38');
INSERT INTO `craft_sections_i18n` (`id`, `sectionId`, `locale`, `enabledByDefault`, `urlFormat`, `nestedUrlFormat`, `dateCreated`, `dateUpdated`, `uid`) VALUES ('4', '4', 'en_us', '0', 'departments/{slug}', NULL, '2015-12-10 19:40:23', '2015-12-10 19:40:37', 'ea874a4d-044e-4005-835f-eca7398a1eb5');



DROP TABLE IF EXISTS `craft_sessions`;


--
-- Schema for table `craft_sessions`
--
CREATE TABLE `craft_sessions` (
  `id` int(11) NOT NULL AUTO_INCREMENT,
  `userId` int(11) NOT NULL,
  `token` char(100) COLLATE utf8_unicode_ci NOT NULL,
  `dateCreated` datetime NOT NULL,
  `dateUpdated` datetime NOT NULL,
  `uid` char(36) COLLATE utf8_unicode_ci NOT NULL DEFAULT '0',
  PRIMARY KEY (`id`),
  KEY `craft_sessions_uid_idx` (`uid`),
  KEY `craft_sessions_token_idx` (`token`),
  KEY `craft_sessions_dateUpdated_idx` (`dateUpdated`),
  KEY `craft_sessions_userId_fk` (`userId`)
) ENGINE=InnoDB AUTO_INCREMENT=3 DEFAULT CHARSET=utf8 COLLATE=utf8_unicode_ci;

DROP TABLE IF EXISTS `craft_shunnedmessages`;


--
-- Schema for table `craft_shunnedmessages`
--
CREATE TABLE `craft_shunnedmessages` (
  `id` int(11) NOT NULL AUTO_INCREMENT,
  `userId` int(11) NOT NULL,
  `message` varchar(255) COLLATE utf8_unicode_ci NOT NULL,
  `expiryDate` datetime DEFAULT NULL,
  `dateCreated` datetime NOT NULL,
  `dateUpdated` datetime NOT NULL,
  `uid` char(36) COLLATE utf8_unicode_ci NOT NULL DEFAULT '0',
  PRIMARY KEY (`id`),
  UNIQUE KEY `craft_shunnedmessages_userId_message_unq_idx` (`userId`,`message`)
) ENGINE=InnoDB DEFAULT CHARSET=utf8 COLLATE=utf8_unicode_ci;

DROP TABLE IF EXISTS `craft_structureelements`;


--
-- Schema for table `craft_structureelements`
--
CREATE TABLE `craft_structureelements` (
  `id` int(11) NOT NULL AUTO_INCREMENT,
  `structureId` int(11) NOT NULL,
  `elementId` int(11) DEFAULT NULL,
  `root` int(11) unsigned DEFAULT NULL,
  `lft` int(11) unsigned NOT NULL,
  `rgt` int(11) unsigned NOT NULL,
  `level` smallint(6) unsigned NOT NULL,
  `dateCreated` datetime NOT NULL,
  `dateUpdated` datetime NOT NULL,
  `uid` char(36) COLLATE utf8_unicode_ci NOT NULL DEFAULT '0',
  PRIMARY KEY (`id`),
  UNIQUE KEY `craft_structureelements_structureId_elementId_unq_idx` (`structureId`,`elementId`),
  KEY `craft_structureelements_root_idx` (`root`),
  KEY `craft_structureelements_lft_idx` (`lft`),
  KEY `craft_structureelements_rgt_idx` (`rgt`),
  KEY `craft_structureelements_level_idx` (`level`),
  KEY `craft_structureelements_elementId_fk` (`elementId`)
) ENGINE=InnoDB AUTO_INCREMENT=11 DEFAULT CHARSET=utf8 COLLATE=utf8_unicode_ci;

--
-- Data for table `craft_structureelements`
--

INSERT INTO `craft_structureelements` (`id`, `structureId`, `elementId`, `root`, `lft`, `rgt`, `level`, `dateCreated`, `dateUpdated`, `uid`) VALUES ('1', '1', NULL, '1', '1', '6', '0', '2015-12-04 20:08:13', '2015-12-04 20:08:13', 'a0215de4-6fd6-4e46-b9b9-a094cc00ae7d');
INSERT INTO `craft_structureelements` (`id`, `structureId`, `elementId`, `root`, `lft`, `rgt`, `level`, `dateCreated`, `dateUpdated`, `uid`) VALUES ('2', '1', '5', '1', '2', '5', '1', '2015-12-04 20:08:13', '2015-12-04 20:08:13', 'd0b837fa-6980-4cc1-b5de-4b5b22433caa');
INSERT INTO `craft_structureelements` (`id`, `structureId`, `elementId`, `root`, `lft`, `rgt`, `level`, `dateCreated`, `dateUpdated`, `uid`) VALUES ('3', '1', '6', '1', '3', '4', '2', '2015-12-04 20:08:33', '2015-12-04 20:08:33', '4b056482-08f3-479d-a4f1-afd37e5309a2');
INSERT INTO `craft_structureelements` (`id`, `structureId`, `elementId`, `root`, `lft`, `rgt`, `level`, `dateCreated`, `dateUpdated`, `uid`) VALUES ('4', '2', NULL, '4', '1', '14', '0', '2015-12-10 19:52:47', '2015-12-10 19:52:47', 'cd2593cf-0d1e-42ed-9ba9-6531a80c8844');
INSERT INTO `craft_structureelements` (`id`, `structureId`, `elementId`, `root`, `lft`, `rgt`, `level`, `dateCreated`, `dateUpdated`, `uid`) VALUES ('5', '2', '13', '4', '4', '5', '1', '2015-12-10 19:52:47', '2015-12-10 19:52:47', '26425906-71cc-4e96-a542-036a98a41b59');
INSERT INTO `craft_structureelements` (`id`, `structureId`, `elementId`, `root`, `lft`, `rgt`, `level`, `dateCreated`, `dateUpdated`, `uid`) VALUES ('6', '2', '15', '4', '6', '7', '1', '2015-12-10 23:28:02', '2015-12-10 23:28:02', '55b30244-e714-4483-92ae-ab4acf0fd1ce');
INSERT INTO `craft_structureelements` (`id`, `structureId`, `elementId`, `root`, `lft`, `rgt`, `level`, `dateCreated`, `dateUpdated`, `uid`) VALUES ('7', '2', '16', '4', '2', '3', '1', '2015-12-10 23:28:13', '2015-12-10 23:28:13', '09d1cf53-d0d0-4d7c-b555-749dbec296ab');
INSERT INTO `craft_structureelements` (`id`, `structureId`, `elementId`, `root`, `lft`, `rgt`, `level`, `dateCreated`, `dateUpdated`, `uid`) VALUES ('8', '2', '17', '4', '8', '9', '1', '2015-12-10 23:31:27', '2015-12-10 23:31:27', '442e6fc3-4a84-40d0-bbdb-530607b78658');
INSERT INTO `craft_structureelements` (`id`, `structureId`, `elementId`, `root`, `lft`, `rgt`, `level`, `dateCreated`, `dateUpdated`, `uid`) VALUES ('9', '2', '18', '4', '10', '11', '1', '2015-12-10 23:31:32', '2015-12-10 23:31:32', 'b267a0f2-63d1-4a70-b186-3911d8fcf086');
INSERT INTO `craft_structureelements` (`id`, `structureId`, `elementId`, `root`, `lft`, `rgt`, `level`, `dateCreated`, `dateUpdated`, `uid`) VALUES ('10', '2', '19', '4', '12', '13', '1', '2015-12-10 23:51:48', '2015-12-10 23:51:48', 'de6f0499-79b3-4dc7-b50e-24222c8b15f1');



DROP TABLE IF EXISTS `craft_structures`;


--
-- Schema for table `craft_structures`
--
CREATE TABLE `craft_structures` (
  `id` int(11) NOT NULL AUTO_INCREMENT,
  `maxLevels` smallint(6) unsigned DEFAULT NULL,
  `dateCreated` datetime NOT NULL,
  `dateUpdated` datetime NOT NULL,
  `uid` char(36) COLLATE utf8_unicode_ci NOT NULL DEFAULT '0',
  PRIMARY KEY (`id`)
) ENGINE=InnoDB AUTO_INCREMENT=3 DEFAULT CHARSET=utf8 COLLATE=utf8_unicode_ci;

--
-- Data for table `craft_structures`
--

INSERT INTO `craft_structures` (`id`, `maxLevels`, `dateCreated`, `dateUpdated`, `uid`) VALUES ('1', '2', '2015-12-04 20:04:38', '2015-12-04 20:05:07', '25fd9193-2521-478f-ab70-6149c83af7a6');
INSERT INTO `craft_structures` (`id`, `maxLevels`, `dateCreated`, `dateUpdated`, `uid`) VALUES ('2', '1', '2015-12-10 19:40:23', '2015-12-10 19:40:37', '5523d54d-3d76-46cc-8d67-f4f1b505c52f');



DROP TABLE IF EXISTS `craft_systemsettings`;


--
-- Schema for table `craft_systemsettings`
--
CREATE TABLE `craft_systemsettings` (
  `id` int(11) NOT NULL AUTO_INCREMENT,
  `category` varchar(15) COLLATE utf8_unicode_ci NOT NULL,
  `settings` text COLLATE utf8_unicode_ci,
  `dateCreated` datetime NOT NULL,
  `dateUpdated` datetime NOT NULL,
  `uid` char(36) COLLATE utf8_unicode_ci NOT NULL DEFAULT '0',
  PRIMARY KEY (`id`),
  UNIQUE KEY `craft_systemsettings_category_unq_idx` (`category`)
) ENGINE=InnoDB AUTO_INCREMENT=2 DEFAULT CHARSET=utf8 COLLATE=utf8_unicode_ci;

--
-- Data for table `craft_systemsettings`
--

INSERT INTO `craft_systemsettings` (`id`, `category`, `settings`, `dateCreated`, `dateUpdated`, `uid`) VALUES ('1', 'email', '{\"protocol\":\"php\",\"emailAddress\":\"norris@codeforamerica.org\",\"senderName\":\"City of Oakland\"}', '2015-12-04 00:22:46', '2015-12-04 00:22:46', 'e4b10b6c-3bbe-4456-afc5-227423c1cf3d');



DROP TABLE IF EXISTS `craft_taggroups`;


--
-- Schema for table `craft_taggroups`
--
CREATE TABLE `craft_taggroups` (
  `id` int(11) NOT NULL AUTO_INCREMENT,
  `name` varchar(255) COLLATE utf8_unicode_ci NOT NULL,
  `handle` varchar(255) COLLATE utf8_unicode_ci NOT NULL,
  `fieldLayoutId` int(10) DEFAULT NULL,
  `dateCreated` datetime NOT NULL,
  `dateUpdated` datetime NOT NULL,
  `uid` char(36) COLLATE utf8_unicode_ci NOT NULL DEFAULT '0',
  PRIMARY KEY (`id`),
  UNIQUE KEY `craft_taggroups_name_unq_idx` (`name`),
  UNIQUE KEY `craft_taggroups_handle_unq_idx` (`handle`),
  KEY `craft_taggroups_fieldLayoutId_fk` (`fieldLayoutId`)
) ENGINE=InnoDB AUTO_INCREMENT=2 DEFAULT CHARSET=utf8 COLLATE=utf8_unicode_ci;

--
-- Data for table `craft_taggroups`
--

INSERT INTO `craft_taggroups` (`id`, `name`, `handle`, `fieldLayoutId`, `dateCreated`, `dateUpdated`, `uid`) VALUES ('1', 'Default', 'default', '1', '2015-12-04 00:22:46', '2015-12-04 00:22:46', 'aaba6805-99b1-4efa-bd06-bbfb8ccbb70f');



DROP TABLE IF EXISTS `craft_tags`;


--
-- Schema for table `craft_tags`
--
CREATE TABLE `craft_tags` (
  `id` int(11) NOT NULL,
  `groupId` int(11) NOT NULL,
  `dateCreated` datetime NOT NULL,
  `dateUpdated` datetime NOT NULL,
  `uid` char(36) COLLATE utf8_unicode_ci NOT NULL DEFAULT '0',
  PRIMARY KEY (`id`),
  KEY `craft_tags_groupId_fk` (`groupId`)
) ENGINE=InnoDB DEFAULT CHARSET=utf8 COLLATE=utf8_unicode_ci;

DROP TABLE IF EXISTS `craft_tasks`;


--
-- Schema for table `craft_tasks`
--
CREATE TABLE `craft_tasks` (
  `id` int(11) NOT NULL AUTO_INCREMENT,
  `root` int(11) unsigned DEFAULT NULL,
  `lft` int(11) unsigned NOT NULL,
  `rgt` int(11) unsigned NOT NULL,
  `level` smallint(6) unsigned NOT NULL,
  `currentStep` int(11) unsigned DEFAULT NULL,
  `totalSteps` int(11) unsigned DEFAULT NULL,
  `status` enum('pending','error','running') COLLATE utf8_unicode_ci DEFAULT NULL,
  `type` varchar(150) COLLATE utf8_unicode_ci NOT NULL,
  `description` varchar(255) COLLATE utf8_unicode_ci DEFAULT NULL,
  `settings` text COLLATE utf8_unicode_ci,
  `dateCreated` datetime NOT NULL,
  `dateUpdated` datetime NOT NULL,
  `uid` char(36) COLLATE utf8_unicode_ci NOT NULL DEFAULT '0',
  PRIMARY KEY (`id`),
  KEY `craft_tasks_root_idx` (`root`),
  KEY `craft_tasks_lft_idx` (`lft`),
  KEY `craft_tasks_rgt_idx` (`rgt`),
  KEY `craft_tasks_level_idx` (`level`)
) ENGINE=InnoDB AUTO_INCREMENT=40 DEFAULT CHARSET=utf8 COLLATE=utf8_unicode_ci;

DROP TABLE IF EXISTS `craft_templatecachecriteria`;


--
-- Schema for table `craft_templatecachecriteria`
--
CREATE TABLE `craft_templatecachecriteria` (
  `id` int(11) NOT NULL AUTO_INCREMENT,
  `cacheId` int(11) NOT NULL,
  `type` varchar(150) COLLATE utf8_unicode_ci NOT NULL,
  `criteria` text COLLATE utf8_unicode_ci NOT NULL,
  PRIMARY KEY (`id`),
  KEY `craft_templatecachecriteria_cacheId_fk` (`cacheId`),
  KEY `craft_templatecachecriteria_type_idx` (`type`)
) ENGINE=InnoDB DEFAULT CHARSET=utf8 COLLATE=utf8_unicode_ci;

DROP TABLE IF EXISTS `craft_templatecacheelements`;


--
-- Schema for table `craft_templatecacheelements`
--
CREATE TABLE `craft_templatecacheelements` (
  `cacheId` int(11) NOT NULL,
  `elementId` int(11) NOT NULL,
  KEY `craft_templatecacheelements_cacheId_fk` (`cacheId`),
  KEY `craft_templatecacheelements_elementId_fk` (`elementId`)
) ENGINE=InnoDB DEFAULT CHARSET=utf8 COLLATE=utf8_unicode_ci;

DROP TABLE IF EXISTS `craft_templatecaches`;


--
-- Schema for table `craft_templatecaches`
--
CREATE TABLE `craft_templatecaches` (
  `id` int(11) NOT NULL AUTO_INCREMENT,
  `cacheKey` varchar(255) COLLATE utf8_unicode_ci NOT NULL,
  `locale` char(12) COLLATE utf8_unicode_ci NOT NULL,
  `path` varchar(255) COLLATE utf8_unicode_ci DEFAULT NULL,
  `expiryDate` datetime NOT NULL,
  `body` mediumtext COLLATE utf8_unicode_ci NOT NULL,
  PRIMARY KEY (`id`),
  KEY `craft_templatecaches_expiryDate_cacheKey_locale_path_idx` (`expiryDate`,`cacheKey`,`locale`,`path`),
  KEY `craft_templatecaches_locale_fk` (`locale`)
) ENGINE=InnoDB DEFAULT CHARSET=utf8 COLLATE=utf8_unicode_ci;

DROP TABLE IF EXISTS `craft_tokens`;


--
-- Schema for table `craft_tokens`
--
CREATE TABLE `craft_tokens` (
  `id` int(11) NOT NULL AUTO_INCREMENT,
  `token` char(32) COLLATE utf8_unicode_ci NOT NULL,
  `route` text COLLATE utf8_unicode_ci,
  `usageLimit` tinyint(3) unsigned DEFAULT NULL,
  `usageCount` tinyint(3) unsigned DEFAULT NULL,
  `expiryDate` datetime NOT NULL,
  `dateCreated` datetime NOT NULL,
  `dateUpdated` datetime NOT NULL,
  `uid` char(36) COLLATE utf8_unicode_ci NOT NULL DEFAULT '0',
  PRIMARY KEY (`id`),
  UNIQUE KEY `craft_tokens_token_unq_idx` (`token`),
  KEY `craft_tokens_expiryDate_idx` (`expiryDate`)
) ENGINE=InnoDB DEFAULT CHARSET=utf8 COLLATE=utf8_unicode_ci;

DROP TABLE IF EXISTS `craft_usergroups`;


--
-- Schema for table `craft_usergroups`
--
CREATE TABLE `craft_usergroups` (
  `id` int(11) NOT NULL AUTO_INCREMENT,
  `name` varchar(255) COLLATE utf8_unicode_ci NOT NULL,
  `handle` varchar(255) COLLATE utf8_unicode_ci NOT NULL,
  `dateCreated` datetime NOT NULL,
  `dateUpdated` datetime NOT NULL,
  `uid` char(36) COLLATE utf8_unicode_ci NOT NULL DEFAULT '0',
  PRIMARY KEY (`id`)
) ENGINE=InnoDB DEFAULT CHARSET=utf8 COLLATE=utf8_unicode_ci;

DROP TABLE IF EXISTS `craft_usergroups_users`;


--
-- Schema for table `craft_usergroups_users`
--
CREATE TABLE `craft_usergroups_users` (
  `id` int(11) NOT NULL AUTO_INCREMENT,
  `groupId` int(11) NOT NULL,
  `userId` int(11) NOT NULL,
  `dateCreated` datetime NOT NULL,
  `dateUpdated` datetime NOT NULL,
  `uid` char(36) COLLATE utf8_unicode_ci NOT NULL DEFAULT '0',
  PRIMARY KEY (`id`),
  UNIQUE KEY `craft_usergroups_users_groupId_userId_unq_idx` (`groupId`,`userId`),
  KEY `craft_usergroups_users_userId_fk` (`userId`)
) ENGINE=InnoDB DEFAULT CHARSET=utf8 COLLATE=utf8_unicode_ci;

DROP TABLE IF EXISTS `craft_userpermissions`;


--
-- Schema for table `craft_userpermissions`
--
CREATE TABLE `craft_userpermissions` (
  `id` int(11) NOT NULL AUTO_INCREMENT,
  `name` varchar(255) COLLATE utf8_unicode_ci NOT NULL,
  `dateCreated` datetime NOT NULL,
  `dateUpdated` datetime NOT NULL,
  `uid` char(36) COLLATE utf8_unicode_ci NOT NULL DEFAULT '0',
  PRIMARY KEY (`id`),
  UNIQUE KEY `craft_userpermissions_name_unq_idx` (`name`)
) ENGINE=InnoDB DEFAULT CHARSET=utf8 COLLATE=utf8_unicode_ci;

DROP TABLE IF EXISTS `craft_userpermissions_usergroups`;


--
-- Schema for table `craft_userpermissions_usergroups`
--
CREATE TABLE `craft_userpermissions_usergroups` (
  `id` int(11) NOT NULL AUTO_INCREMENT,
  `permissionId` int(11) NOT NULL,
  `groupId` int(11) NOT NULL,
  `dateCreated` datetime NOT NULL,
  `dateUpdated` datetime NOT NULL,
  `uid` char(36) COLLATE utf8_unicode_ci NOT NULL DEFAULT '0',
  PRIMARY KEY (`id`),
  UNIQUE KEY `craft_userpermissions_usergroups_permissionId_groupId_unq_idx` (`permissionId`,`groupId`),
  KEY `craft_userpermissions_usergroups_groupId_fk` (`groupId`)
) ENGINE=InnoDB DEFAULT CHARSET=utf8 COLLATE=utf8_unicode_ci;

DROP TABLE IF EXISTS `craft_userpermissions_users`;


--
-- Schema for table `craft_userpermissions_users`
--
CREATE TABLE `craft_userpermissions_users` (
  `id` int(11) NOT NULL AUTO_INCREMENT,
  `permissionId` int(11) NOT NULL,
  `userId` int(11) NOT NULL,
  `dateCreated` datetime NOT NULL,
  `dateUpdated` datetime NOT NULL,
  `uid` char(36) COLLATE utf8_unicode_ci NOT NULL DEFAULT '0',
  PRIMARY KEY (`id`),
  UNIQUE KEY `craft_userpermissions_users_permissionId_userId_unq_idx` (`permissionId`,`userId`),
  KEY `craft_userpermissions_users_userId_fk` (`userId`)
) ENGINE=InnoDB DEFAULT CHARSET=utf8 COLLATE=utf8_unicode_ci;

DROP TABLE IF EXISTS `craft_users`;


--
-- Schema for table `craft_users`
--
CREATE TABLE `craft_users` (
  `id` int(11) NOT NULL,
  `username` varchar(100) COLLATE utf8_unicode_ci NOT NULL,
  `photo` varchar(100) COLLATE utf8_unicode_ci DEFAULT NULL,
  `firstName` varchar(100) COLLATE utf8_unicode_ci DEFAULT NULL,
  `lastName` varchar(100) COLLATE utf8_unicode_ci DEFAULT NULL,
  `email` varchar(255) COLLATE utf8_unicode_ci NOT NULL,
  `password` char(255) COLLATE utf8_unicode_ci DEFAULT NULL,
  `preferredLocale` char(12) COLLATE utf8_unicode_ci DEFAULT NULL,
  `weekStartDay` tinyint(1) unsigned NOT NULL DEFAULT '0',
  `admin` tinyint(1) unsigned NOT NULL DEFAULT '0',
  `client` tinyint(1) unsigned NOT NULL DEFAULT '0',
  `locked` tinyint(1) unsigned NOT NULL DEFAULT '0',
  `suspended` tinyint(1) unsigned NOT NULL DEFAULT '0',
  `pending` tinyint(1) unsigned NOT NULL DEFAULT '0',
  `archived` tinyint(1) unsigned NOT NULL DEFAULT '0',
  `lastLoginDate` datetime DEFAULT NULL,
  `lastLoginAttemptIPAddress` varchar(45) COLLATE utf8_unicode_ci DEFAULT NULL,
  `invalidLoginWindowStart` datetime DEFAULT NULL,
  `invalidLoginCount` tinyint(4) unsigned DEFAULT NULL,
  `lastInvalidLoginDate` datetime DEFAULT NULL,
  `lockoutDate` datetime DEFAULT NULL,
  `verificationCode` char(100) COLLATE utf8_unicode_ci DEFAULT NULL,
  `verificationCodeIssuedDate` datetime DEFAULT NULL,
  `unverifiedEmail` varchar(255) COLLATE utf8_unicode_ci DEFAULT NULL,
  `passwordResetRequired` tinyint(1) unsigned NOT NULL DEFAULT '0',
  `lastPasswordChangeDate` datetime DEFAULT NULL,
  `dateCreated` datetime NOT NULL,
  `dateUpdated` datetime NOT NULL,
  `uid` char(36) COLLATE utf8_unicode_ci NOT NULL DEFAULT '0',
  PRIMARY KEY (`id`),
  UNIQUE KEY `craft_users_username_unq_idx` (`username`),
  UNIQUE KEY `craft_users_email_unq_idx` (`email`),
  KEY `craft_users_verificationCode_idx` (`verificationCode`),
  KEY `craft_users_uid_idx` (`uid`),
  KEY `craft_users_preferredLocale_fk` (`preferredLocale`)
) ENGINE=InnoDB DEFAULT CHARSET=utf8 COLLATE=utf8_unicode_ci;

--
-- Data for table `craft_users`
--

INSERT INTO `craft_users` (`id`, `username`, `photo`, `firstName`, `lastName`, `email`, `password`, `preferredLocale`, `weekStartDay`, `admin`, `client`, `locked`, `suspended`, `pending`, `archived`, `lastLoginDate`, `lastLoginAttemptIPAddress`, `invalidLoginWindowStart`, `invalidLoginCount`, `lastInvalidLoginDate`, `lockoutDate`, `verificationCode`, `verificationCodeIssuedDate`, `unverifiedEmail`, `passwordResetRequired`, `lastPasswordChangeDate`, `dateCreated`, `dateUpdated`, `uid`) VALUES ('1', 'norrishung', NULL, NULL, NULL, 'norris@codeforamerica.org', '$2y$13$9n/PqERlJ80k5v03IhHnr.Bs6QyK6tpM0LxTU4abSJ8DNPpHthXZW', NULL, '0', '1', '0', '0', '0', '0', '0', '2015-12-04 00:32:34', '::1', NULL, NULL, NULL, NULL, NULL, NULL, NULL, '0', '2015-12-04 00:22:44', '2015-12-04 00:22:44', '2015-12-04 00:32:34', 'f2291e89-47a9-47e4-998e-e1a7e2157ba2');



DROP TABLE IF EXISTS `craft_widgets`;


--
-- Schema for table `craft_widgets`
--
CREATE TABLE `craft_widgets` (
  `id` int(11) NOT NULL AUTO_INCREMENT,
  `userId` int(11) NOT NULL,
  `type` varchar(150) COLLATE utf8_unicode_ci NOT NULL,
  `sortOrder` tinyint(4) DEFAULT NULL,
  `colspan` tinyint(4) unsigned DEFAULT NULL,
  `settings` text COLLATE utf8_unicode_ci,
  `enabled` tinyint(1) unsigned NOT NULL DEFAULT '1',
  `dateCreated` datetime NOT NULL,
  `dateUpdated` datetime NOT NULL,
  `uid` char(36) COLLATE utf8_unicode_ci NOT NULL DEFAULT '0',
  PRIMARY KEY (`id`),
  KEY `craft_widgets_userId_fk` (`userId`)
) ENGINE=InnoDB AUTO_INCREMENT=8 DEFAULT CHARSET=utf8 COLLATE=utf8_unicode_ci;

--
-- Data for table `craft_widgets`
--

INSERT INTO `craft_widgets` (`id`, `userId`, `type`, `sortOrder`, `colspan`, `settings`, `enabled`, `dateCreated`, `dateUpdated`, `uid`) VALUES ('1', '1', 'RecentEntries', '4', '1', '{\"section\":\"*\",\"limit\":\"10\"}', '1', '2015-12-04 00:32:35', '2015-12-10 20:27:19', '5e1b943f-08a6-4672-871a-7c5fca8af575');
INSERT INTO `craft_widgets` (`id`, `userId`, `type`, `sortOrder`, `colspan`, `settings`, `enabled`, `dateCreated`, `dateUpdated`, `uid`) VALUES ('2', '1', 'GetHelp', '2', NULL, NULL, '0', '2015-12-04 00:32:35', '2015-12-04 20:00:04', 'de6a2c70-7b19-42db-a749-5e08138d55c7');
INSERT INTO `craft_widgets` (`id`, `userId`, `type`, `sortOrder`, `colspan`, `settings`, `enabled`, `dateCreated`, `dateUpdated`, `uid`) VALUES ('3', '1', 'Updates', '5', '2', NULL, '1', '2015-12-04 00:32:35', '2015-12-10 20:27:23', '735c80d0-36d8-4834-a286-e10e100035b4');
INSERT INTO `craft_widgets` (`id`, `userId`, `type`, `sortOrder`, `colspan`, `settings`, `enabled`, `dateCreated`, `dateUpdated`, `uid`) VALUES ('4', '1', 'Feed', '4', NULL, '{\"url\":\"https:\\/\\/craftcms.com\\/news.rss\",\"title\":\"Craft News\"}', '0', '2015-12-04 00:32:35', '2015-12-04 19:59:49', '5bdd5e9c-01d9-43cf-8773-7cbe8afc5c96');
INSERT INTO `craft_widgets` (`id`, `userId`, `type`, `sortOrder`, `colspan`, `settings`, `enabled`, `dateCreated`, `dateUpdated`, `uid`) VALUES ('5', '1', 'QuickPost', '1', '1', '{\"section\":\"3\",\"entryType\":\"3\"}', '1', '2015-12-05 00:13:21', '2015-12-10 20:27:19', '1ab3db03-7198-4679-b717-e95f5dbef221');
INSERT INTO `craft_widgets` (`id`, `userId`, `type`, `sortOrder`, `colspan`, `settings`, `enabled`, `dateCreated`, `dateUpdated`, `uid`) VALUES ('6', '1', 'QuickPost', '2', NULL, '{\"section\":\"2\",\"entryType\":\"\"}', '1', '2015-12-10 20:27:01', '2015-12-10 20:27:19', '5a5616f7-f476-4b42-a103-61a1fd2c2d0b');
INSERT INTO `craft_widgets` (`id`, `userId`, `type`, `sortOrder`, `colspan`, `settings`, `enabled`, `dateCreated`, `dateUpdated`, `uid`) VALUES ('7', '1', 'QuickPost', '3', NULL, '{\"section\":\"4\",\"entryType\":\"\"}', '0', '2015-12-10 20:27:14', '2015-12-11 00:25:07', '4711133e-81cb-44f7-be4f-fe6ef559ad5f');


--
-- Constraints for tables
--


--
-- Constraints for table `craft_assetfiles`
--
ALTER TABLE `craft_assetfiles`
	ADD CONSTRAINT `craft_assetfiles_folderId_fk` FOREIGN KEY (`folderId`) REFERENCES `craft_assetfolders` (`id`) ON DELETE CASCADE,
	ADD CONSTRAINT `craft_assetfiles_id_fk` FOREIGN KEY (`id`) REFERENCES `craft_elements` (`id`) ON DELETE CASCADE,
	ADD CONSTRAINT `craft_assetfiles_sourceId_fk` FOREIGN KEY (`sourceId`) REFERENCES `craft_assetsources` (`id`) ON DELETE CASCADE;

--
-- Constraints for table `craft_assetfolders`
--
ALTER TABLE `craft_assetfolders`
	ADD CONSTRAINT `craft_assetfolders_parentId_fk` FOREIGN KEY (`parentId`) REFERENCES `craft_assetfolders` (`id`) ON DELETE CASCADE,
	ADD CONSTRAINT `craft_assetfolders_sourceId_fk` FOREIGN KEY (`sourceId`) REFERENCES `craft_assetsources` (`id`) ON DELETE CASCADE;

--
-- Constraints for table `craft_assetindexdata`
--
ALTER TABLE `craft_assetindexdata`
	ADD CONSTRAINT `craft_assetindexdata_sourceId_fk` FOREIGN KEY (`sourceId`) REFERENCES `craft_assetsources` (`id`) ON DELETE CASCADE;

--
-- Constraints for table `craft_assetsources`
--
ALTER TABLE `craft_assetsources`
	ADD CONSTRAINT `craft_assetsources_fieldLayoutId_fk` FOREIGN KEY (`fieldLayoutId`) REFERENCES `craft_fieldlayouts` (`id`) ON DELETE SET NULL;

--
-- Constraints for table `craft_categories`
--
ALTER TABLE `craft_categories`
	ADD CONSTRAINT `craft_categories_groupId_fk` FOREIGN KEY (`groupId`) REFERENCES `craft_categorygroups` (`id`) ON DELETE CASCADE,
	ADD CONSTRAINT `craft_categories_id_fk` FOREIGN KEY (`id`) REFERENCES `craft_elements` (`id`) ON DELETE CASCADE;

--
-- Constraints for table `craft_categorygroups`
--
ALTER TABLE `craft_categorygroups`
	ADD CONSTRAINT `craft_categorygroups_fieldLayoutId_fk` FOREIGN KEY (`fieldLayoutId`) REFERENCES `craft_fieldlayouts` (`id`) ON DELETE SET NULL,
	ADD CONSTRAINT `craft_categorygroups_structureId_fk` FOREIGN KEY (`structureId`) REFERENCES `craft_structures` (`id`) ON DELETE CASCADE;

--
-- Constraints for table `craft_categorygroups_i18n`
--
ALTER TABLE `craft_categorygroups_i18n`
	ADD CONSTRAINT `craft_categorygroups_i18n_groupId_fk` FOREIGN KEY (`groupId`) REFERENCES `craft_categorygroups` (`id`) ON DELETE CASCADE,
	ADD CONSTRAINT `craft_categorygroups_i18n_locale_fk` FOREIGN KEY (`locale`) REFERENCES `craft_locales` (`locale`) ON DELETE CASCADE ON UPDATE CASCADE;

--
-- Constraints for table `craft_content`
--
ALTER TABLE `craft_content`
	ADD CONSTRAINT `craft_content_elementId_fk` FOREIGN KEY (`elementId`) REFERENCES `craft_elements` (`id`) ON DELETE CASCADE,
	ADD CONSTRAINT `craft_content_locale_fk` FOREIGN KEY (`locale`) REFERENCES `craft_locales` (`locale`) ON DELETE CASCADE ON UPDATE CASCADE;

--
-- Constraints for table `craft_elements_i18n`
--
ALTER TABLE `craft_elements_i18n`
	ADD CONSTRAINT `craft_elements_i18n_elementId_fk` FOREIGN KEY (`elementId`) REFERENCES `craft_elements` (`id`) ON DELETE CASCADE,
	ADD CONSTRAINT `craft_elements_i18n_locale_fk` FOREIGN KEY (`locale`) REFERENCES `craft_locales` (`locale`) ON DELETE CASCADE ON UPDATE CASCADE;

--
-- Constraints for table `craft_emailmessages`
--
ALTER TABLE `craft_emailmessages`
	ADD CONSTRAINT `craft_emailmessages_locale_fk` FOREIGN KEY (`locale`) REFERENCES `craft_locales` (`locale`) ON DELETE CASCADE ON UPDATE CASCADE;

--
-- Constraints for table `craft_entries`
--
ALTER TABLE `craft_entries`
	ADD CONSTRAINT `craft_entries_authorId_fk` FOREIGN KEY (`authorId`) REFERENCES `craft_users` (`id`) ON DELETE CASCADE,
	ADD CONSTRAINT `craft_entries_id_fk` FOREIGN KEY (`id`) REFERENCES `craft_elements` (`id`) ON DELETE CASCADE,
	ADD CONSTRAINT `craft_entries_sectionId_fk` FOREIGN KEY (`sectionId`) REFERENCES `craft_sections` (`id`) ON DELETE CASCADE,
	ADD CONSTRAINT `craft_entries_typeId_fk` FOREIGN KEY (`typeId`) REFERENCES `craft_entrytypes` (`id`) ON DELETE CASCADE;

--
-- Constraints for table `craft_entrydrafts`
--
ALTER TABLE `craft_entrydrafts`
	ADD CONSTRAINT `craft_entrydrafts_creatorId_fk` FOREIGN KEY (`creatorId`) REFERENCES `craft_users` (`id`) ON DELETE CASCADE,
	ADD CONSTRAINT `craft_entrydrafts_entryId_fk` FOREIGN KEY (`entryId`) REFERENCES `craft_entries` (`id`) ON DELETE CASCADE,
	ADD CONSTRAINT `craft_entrydrafts_locale_fk` FOREIGN KEY (`locale`) REFERENCES `craft_locales` (`locale`) ON DELETE CASCADE ON UPDATE CASCADE,
	ADD CONSTRAINT `craft_entrydrafts_sectionId_fk` FOREIGN KEY (`sectionId`) REFERENCES `craft_sections` (`id`) ON DELETE CASCADE;

--
-- Constraints for table `craft_entrytypes`
--
ALTER TABLE `craft_entrytypes`
	ADD CONSTRAINT `craft_entrytypes_fieldLayoutId_fk` FOREIGN KEY (`fieldLayoutId`) REFERENCES `craft_fieldlayouts` (`id`) ON DELETE SET NULL,
	ADD CONSTRAINT `craft_entrytypes_sectionId_fk` FOREIGN KEY (`sectionId`) REFERENCES `craft_sections` (`id`) ON DELETE CASCADE;

--
-- Constraints for table `craft_entryversions`
--
ALTER TABLE `craft_entryversions`
	ADD CONSTRAINT `craft_entryversions_creatorId_fk` FOREIGN KEY (`creatorId`) REFERENCES `craft_users` (`id`) ON DELETE SET NULL,
	ADD CONSTRAINT `craft_entryversions_entryId_fk` FOREIGN KEY (`entryId`) REFERENCES `craft_entries` (`id`) ON DELETE CASCADE,
	ADD CONSTRAINT `craft_entryversions_locale_fk` FOREIGN KEY (`locale`) REFERENCES `craft_locales` (`locale`) ON DELETE CASCADE ON UPDATE CASCADE,
	ADD CONSTRAINT `craft_entryversions_sectionId_fk` FOREIGN KEY (`sectionId`) REFERENCES `craft_sections` (`id`) ON DELETE CASCADE;

--
-- Constraints for table `craft_fieldlayoutfields`
--
ALTER TABLE `craft_fieldlayoutfields`
	ADD CONSTRAINT `craft_fieldlayoutfields_fieldId_fk` FOREIGN KEY (`fieldId`) REFERENCES `craft_fields` (`id`) ON DELETE CASCADE,
	ADD CONSTRAINT `craft_fieldlayoutfields_layoutId_fk` FOREIGN KEY (`layoutId`) REFERENCES `craft_fieldlayouts` (`id`) ON DELETE CASCADE,
	ADD CONSTRAINT `craft_fieldlayoutfields_tabId_fk` FOREIGN KEY (`tabId`) REFERENCES `craft_fieldlayouttabs` (`id`) ON DELETE CASCADE;

--
-- Constraints for table `craft_fieldlayouttabs`
--
ALTER TABLE `craft_fieldlayouttabs`
	ADD CONSTRAINT `craft_fieldlayouttabs_layoutId_fk` FOREIGN KEY (`layoutId`) REFERENCES `craft_fieldlayouts` (`id`) ON DELETE CASCADE;

--
-- Constraints for table `craft_fields`
--
ALTER TABLE `craft_fields`
	ADD CONSTRAINT `craft_fields_groupId_fk` FOREIGN KEY (`groupId`) REFERENCES `craft_fieldgroups` (`id`) ON DELETE CASCADE;

--
-- Constraints for table `craft_globalsets`
--
ALTER TABLE `craft_globalsets`
	ADD CONSTRAINT `craft_globalsets_fieldLayoutId_fk` FOREIGN KEY (`fieldLayoutId`) REFERENCES `craft_fieldlayouts` (`id`) ON DELETE SET NULL,
	ADD CONSTRAINT `craft_globalsets_id_fk` FOREIGN KEY (`id`) REFERENCES `craft_elements` (`id`) ON DELETE CASCADE;

--
-- Constraints for table `craft_matrixblocks`
--
ALTER TABLE `craft_matrixblocks`
	ADD CONSTRAINT `craft_matrixblocks_fieldId_fk` FOREIGN KEY (`fieldId`) REFERENCES `craft_fields` (`id`) ON DELETE CASCADE,
	ADD CONSTRAINT `craft_matrixblocks_id_fk` FOREIGN KEY (`id`) REFERENCES `craft_elements` (`id`) ON DELETE CASCADE,
	ADD CONSTRAINT `craft_matrixblocks_ownerId_fk` FOREIGN KEY (`ownerId`) REFERENCES `craft_elements` (`id`) ON DELETE CASCADE,
	ADD CONSTRAINT `craft_matrixblocks_ownerLocale_fk` FOREIGN KEY (`ownerLocale`) REFERENCES `craft_locales` (`locale`) ON DELETE CASCADE ON UPDATE CASCADE,
	ADD CONSTRAINT `craft_matrixblocks_typeId_fk` FOREIGN KEY (`typeId`) REFERENCES `craft_matrixblocktypes` (`id`) ON DELETE CASCADE;

--
-- Constraints for table `craft_matrixblocktypes`
--
ALTER TABLE `craft_matrixblocktypes`
	ADD CONSTRAINT `craft_matrixblocktypes_fieldId_fk` FOREIGN KEY (`fieldId`) REFERENCES `craft_fields` (`id`) ON DELETE CASCADE,
	ADD CONSTRAINT `craft_matrixblocktypes_fieldLayoutId_fk` FOREIGN KEY (`fieldLayoutId`) REFERENCES `craft_fieldlayouts` (`id`) ON DELETE SET NULL;

--
-- Constraints for table `craft_matrixcontent_body`
--
ALTER TABLE `craft_matrixcontent_body`
	ADD CONSTRAINT `craft_matrixcontent_body_elementId_fk` FOREIGN KEY (`elementId`) REFERENCES `craft_elements` (`id`) ON DELETE CASCADE,
	ADD CONSTRAINT `craft_matrixcontent_body_locale_fk` FOREIGN KEY (`locale`) REFERENCES `craft_locales` (`locale`) ON DELETE CASCADE ON UPDATE CASCADE;

--
-- Constraints for table `craft_migrations`
--
ALTER TABLE `craft_migrations`
	ADD CONSTRAINT `craft_migrations_pluginId_fk` FOREIGN KEY (`pluginId`) REFERENCES `craft_plugins` (`id`) ON DELETE CASCADE;

--
-- Constraints for table `craft_relations`
--
ALTER TABLE `craft_relations`
	ADD CONSTRAINT `craft_relations_fieldId_fk` FOREIGN KEY (`fieldId`) REFERENCES `craft_fields` (`id`) ON DELETE CASCADE,
	ADD CONSTRAINT `craft_relations_sourceId_fk` FOREIGN KEY (`sourceId`) REFERENCES `craft_elements` (`id`) ON DELETE CASCADE,
	ADD CONSTRAINT `craft_relations_sourceLocale_fk` FOREIGN KEY (`sourceLocale`) REFERENCES `craft_locales` (`locale`) ON DELETE CASCADE ON UPDATE CASCADE,
	ADD CONSTRAINT `craft_relations_targetId_fk` FOREIGN KEY (`targetId`) REFERENCES `craft_elements` (`id`) ON DELETE CASCADE;

--
-- Constraints for table `craft_routes`
--
ALTER TABLE `craft_routes`
	ADD CONSTRAINT `craft_routes_locale_fk` FOREIGN KEY (`locale`) REFERENCES `craft_locales` (`locale`) ON DELETE CASCADE ON UPDATE CASCADE;

--
-- Constraints for table `craft_sections`
--
ALTER TABLE `craft_sections`
	ADD CONSTRAINT `craft_sections_structureId_fk` FOREIGN KEY (`structureId`) REFERENCES `craft_structures` (`id`) ON DELETE SET NULL;

--
-- Constraints for table `craft_sections_i18n`
--
ALTER TABLE `craft_sections_i18n`
	ADD CONSTRAINT `craft_sections_i18n_locale_fk` FOREIGN KEY (`locale`) REFERENCES `craft_locales` (`locale`) ON DELETE CASCADE ON UPDATE CASCADE,
	ADD CONSTRAINT `craft_sections_i18n_sectionId_fk` FOREIGN KEY (`sectionId`) REFERENCES `craft_sections` (`id`) ON DELETE CASCADE;

--
-- Constraints for table `craft_sessions`
--
ALTER TABLE `craft_sessions`
	ADD CONSTRAINT `craft_sessions_userId_fk` FOREIGN KEY (`userId`) REFERENCES `craft_users` (`id`) ON DELETE CASCADE;

--
-- Constraints for table `craft_shunnedmessages`
--
ALTER TABLE `craft_shunnedmessages`
	ADD CONSTRAINT `craft_shunnedmessages_userId_fk` FOREIGN KEY (`userId`) REFERENCES `craft_users` (`id`) ON DELETE CASCADE;

--
-- Constraints for table `craft_structureelements`
--
ALTER TABLE `craft_structureelements`
	ADD CONSTRAINT `craft_structureelements_elementId_fk` FOREIGN KEY (`elementId`) REFERENCES `craft_elements` (`id`) ON DELETE CASCADE,
	ADD CONSTRAINT `craft_structureelements_structureId_fk` FOREIGN KEY (`structureId`) REFERENCES `craft_structures` (`id`) ON DELETE CASCADE;

--
-- Constraints for table `craft_taggroups`
--
ALTER TABLE `craft_taggroups`
	ADD CONSTRAINT `craft_taggroups_fieldLayoutId_fk` FOREIGN KEY (`fieldLayoutId`) REFERENCES `craft_fieldlayouts` (`id`) ON DELETE SET NULL;

--
-- Constraints for table `craft_tags`
--
ALTER TABLE `craft_tags`
	ADD CONSTRAINT `craft_tags_groupId_fk` FOREIGN KEY (`groupId`) REFERENCES `craft_taggroups` (`id`) ON DELETE CASCADE,
	ADD CONSTRAINT `craft_tags_id_fk` FOREIGN KEY (`id`) REFERENCES `craft_elements` (`id`) ON DELETE CASCADE;

--
-- Constraints for table `craft_templatecachecriteria`
--
ALTER TABLE `craft_templatecachecriteria`
	ADD CONSTRAINT `craft_templatecachecriteria_cacheId_fk` FOREIGN KEY (`cacheId`) REFERENCES `craft_templatecaches` (`id`) ON DELETE CASCADE;

--
-- Constraints for table `craft_templatecacheelements`
--
ALTER TABLE `craft_templatecacheelements`
	ADD CONSTRAINT `craft_templatecacheelements_cacheId_fk` FOREIGN KEY (`cacheId`) REFERENCES `craft_templatecaches` (`id`) ON DELETE CASCADE,
	ADD CONSTRAINT `craft_templatecacheelements_elementId_fk` FOREIGN KEY (`elementId`) REFERENCES `craft_elements` (`id`) ON DELETE CASCADE;

--
-- Constraints for table `craft_templatecaches`
--
ALTER TABLE `craft_templatecaches`
	ADD CONSTRAINT `craft_templatecaches_locale_fk` FOREIGN KEY (`locale`) REFERENCES `craft_locales` (`locale`) ON DELETE CASCADE ON UPDATE CASCADE;

--
-- Constraints for table `craft_usergroups_users`
--
ALTER TABLE `craft_usergroups_users`
	ADD CONSTRAINT `craft_usergroups_users_groupId_fk` FOREIGN KEY (`groupId`) REFERENCES `craft_usergroups` (`id`) ON DELETE CASCADE,
	ADD CONSTRAINT `craft_usergroups_users_userId_fk` FOREIGN KEY (`userId`) REFERENCES `craft_users` (`id`) ON DELETE CASCADE;

--
-- Constraints for table `craft_userpermissions_usergroups`
--
ALTER TABLE `craft_userpermissions_usergroups`
	ADD CONSTRAINT `craft_userpermissions_usergroups_groupId_fk` FOREIGN KEY (`groupId`) REFERENCES `craft_usergroups` (`id`) ON DELETE CASCADE,
	ADD CONSTRAINT `craft_userpermissions_usergroups_permissionId_fk` FOREIGN KEY (`permissionId`) REFERENCES `craft_userpermissions` (`id`) ON DELETE CASCADE;

--
-- Constraints for table `craft_userpermissions_users`
--
ALTER TABLE `craft_userpermissions_users`
	ADD CONSTRAINT `craft_userpermissions_users_permissionId_fk` FOREIGN KEY (`permissionId`) REFERENCES `craft_userpermissions` (`id`) ON DELETE CASCADE,
	ADD CONSTRAINT `craft_userpermissions_users_userId_fk` FOREIGN KEY (`userId`) REFERENCES `craft_users` (`id`) ON DELETE CASCADE;

--
-- Constraints for table `craft_users`
--
ALTER TABLE `craft_users`
	ADD CONSTRAINT `craft_users_id_fk` FOREIGN KEY (`id`) REFERENCES `craft_elements` (`id`) ON DELETE CASCADE,
	ADD CONSTRAINT `craft_users_preferredLocale_fk` FOREIGN KEY (`preferredLocale`) REFERENCES `craft_locales` (`locale`) ON DELETE SET NULL ON UPDATE CASCADE;

--
-- Constraints for table `craft_widgets`
--
ALTER TABLE `craft_widgets`
	ADD CONSTRAINT `craft_widgets_userId_fk` FOREIGN KEY (`userId`) REFERENCES `craft_users` (`id`) ON DELETE CASCADE;

SET FOREIGN_KEY_CHECKS = 1;
