-- Generated by Craft v2.5.2757 on Jan 21, 2016, 9:05:03 PM.

--
-- Disable foreign key checks and autocommit.
--

SET FOREIGN_KEY_CHECKS = 0;
SET SQL_MODE = "NO_AUTO_VALUE_ON_ZERO";
SET AUTOCOMMIT = 0;
SET NAMES utf8;


DROP TABLE IF EXISTS `craft_assetfiles`;


--
-- Schema for table `craft_assetfiles`
--
CREATE TABLE `craft_assetfiles` (
  `id` int(11) NOT NULL,
  `sourceId` int(11) DEFAULT NULL,
  `folderId` int(11) NOT NULL,
  `filename` varchar(255) COLLATE utf8_unicode_ci NOT NULL,
  `kind` varchar(50) COLLATE utf8_unicode_ci NOT NULL DEFAULT 'unknown',
  `width` int(11) unsigned DEFAULT NULL,
  `height` int(11) unsigned DEFAULT NULL,
  `size` int(11) unsigned DEFAULT NULL,
  `dateModified` datetime DEFAULT NULL,
  `dateCreated` datetime NOT NULL,
  `dateUpdated` datetime NOT NULL,
  `uid` char(36) COLLATE utf8_unicode_ci NOT NULL DEFAULT '0',
  PRIMARY KEY (`id`),
  UNIQUE KEY `craft_assetfiles_filename_folderId_unq_idx` (`filename`,`folderId`),
  KEY `craft_assetfiles_sourceId_fk` (`sourceId`),
  KEY `craft_assetfiles_folderId_fk` (`folderId`)
) ENGINE=InnoDB DEFAULT CHARSET=utf8 COLLATE=utf8_unicode_ci;

--
-- Data for table `craft_assetfiles`
--

INSERT INTO `craft_assetfiles` (`id`, `sourceId`, `folderId`, `filename`, `kind`, `width`, `height`, `size`, `dateModified`, `dateCreated`, `dateUpdated`, `uid`) VALUES
 ('522', '1', '1', 'hero-1.jpg', 'image', '1765', '634', '910229', '2016-01-14 01:16:52', '2016-01-14 01:16:52', '2016-01-14 01:59:06', 'a462edd3-8816-41d8-82a3-7772833bfc41'),
 ('532', '1', '1', 'anil_comelo.jpg', 'image', '359', '359', '17233', '2016-01-14 02:12:29', '2016-01-14 02:12:30', '2016-01-14 02:12:30', '346da85e-6cba-4983-b96a-193659a2dc41'),
 ('542', '1', '1', 'brooke_levin.jpg', 'image', '400', '400', '19187', '2016-01-14 02:12:46', '2016-01-14 02:12:47', '2016-01-14 02:12:47', '737bc3e8-383b-43c0-9913-65a55d8b9ff1'),
 ('562', '1', '1', 'CXaz6T6WcAQtRaQ.jpg', 'image', '480', '360', '21225', '2016-01-19 02:38:28', '2016-01-19 02:38:29', '2016-01-19 02:38:29', 'b680921f-2c68-47c4-8c16-cc2e6d0b8e61'),
 ('762', '1', '1', 'ActionShot.jpg', 'image', '800', '534', '141425', '2016-01-21 20:34:22', '2016-01-21 20:34:24', '2016-01-21 20:34:24', '816a39dc-11ae-4471-a033-935aaecfef5a'),
 ('772', '1', '1', 'EmployeeRecognition.jpg', 'image', '800', '534', '137962', '2016-01-21 20:34:31', '2016-01-21 20:34:32', '2016-01-21 20:34:32', '7edff836-caed-4da6-83ed-7b86a95c5180'),
 ('782', '1', '1', 'Oakland_GrassCutting.jpg', 'image', '800', '534', '269293', '2016-01-21 20:34:40', '2016-01-21 20:34:41', '2016-01-21 20:34:41', '221df1a2-eed6-4507-9a0b-f758446d0d79');



DROP TABLE IF EXISTS `craft_assetfolders`;


--
-- Schema for table `craft_assetfolders`
--
CREATE TABLE `craft_assetfolders` (
  `id` int(11) NOT NULL AUTO_INCREMENT,
  `parentId` int(11) DEFAULT NULL,
  `sourceId` int(11) DEFAULT NULL,
  `name` varchar(255) COLLATE utf8_unicode_ci NOT NULL,
  `path` varchar(255) COLLATE utf8_unicode_ci DEFAULT NULL,
  `dateCreated` datetime NOT NULL,
  `dateUpdated` datetime NOT NULL,
  `uid` char(36) COLLATE utf8_unicode_ci NOT NULL DEFAULT '0',
  PRIMARY KEY (`id`),
  UNIQUE KEY `craft_assetfolders_name_parentId_sourceId_unq_idx` (`name`,`parentId`,`sourceId`),
  KEY `craft_assetfolders_parentId_fk` (`parentId`),
  KEY `craft_assetfolders_sourceId_fk` (`sourceId`)
) ENGINE=InnoDB AUTO_INCREMENT=3 DEFAULT CHARSET=utf8 COLLATE=utf8_unicode_ci;

--
-- Data for table `craft_assetfolders`
--

INSERT INTO `craft_assetfolders` (`id`, `parentId`, `sourceId`, `name`, `path`, `dateCreated`, `dateUpdated`, `uid`) VALUES
 ('1', NULL, '1', 'Images', '', '2015-12-11 00:59:05', '2015-12-11 00:59:05', 'ce6dffd2-b469-4a34-8199-f8d8b017c937');



DROP TABLE IF EXISTS `craft_assetindexdata`;


--
-- Schema for table `craft_assetindexdata`
--
CREATE TABLE `craft_assetindexdata` (
  `id` int(11) NOT NULL AUTO_INCREMENT,
  `sessionId` varchar(36) COLLATE utf8_unicode_ci NOT NULL DEFAULT '',
  `sourceId` int(10) NOT NULL,
  `offset` int(10) NOT NULL,
  `uri` varchar(255) COLLATE utf8_unicode_ci DEFAULT NULL,
  `size` int(10) DEFAULT NULL,
  `recordId` int(10) DEFAULT NULL,
  `dateCreated` datetime NOT NULL,
  `dateUpdated` datetime NOT NULL,
  `uid` char(36) COLLATE utf8_unicode_ci NOT NULL DEFAULT '0',
  PRIMARY KEY (`id`),
  UNIQUE KEY `craft_assetindexdata_sessionId_sourceId_offset_unq_idx` (`sessionId`,`sourceId`,`offset`),
  KEY `craft_assetindexdata_sourceId_fk` (`sourceId`)
) ENGINE=InnoDB AUTO_INCREMENT=12 DEFAULT CHARSET=utf8 COLLATE=utf8_unicode_ci;

DROP TABLE IF EXISTS `craft_assetsources`;


--
-- Schema for table `craft_assetsources`
--
CREATE TABLE `craft_assetsources` (
  `id` int(11) NOT NULL AUTO_INCREMENT,
  `name` varchar(255) COLLATE utf8_unicode_ci NOT NULL,
  `handle` varchar(255) COLLATE utf8_unicode_ci NOT NULL,
  `type` varchar(150) COLLATE utf8_unicode_ci NOT NULL,
  `settings` text COLLATE utf8_unicode_ci,
  `sortOrder` tinyint(4) DEFAULT NULL,
  `fieldLayoutId` int(10) DEFAULT NULL,
  `dateCreated` datetime NOT NULL,
  `dateUpdated` datetime NOT NULL,
  `uid` char(36) COLLATE utf8_unicode_ci NOT NULL DEFAULT '0',
  PRIMARY KEY (`id`),
  UNIQUE KEY `craft_assetsources_name_unq_idx` (`name`),
  UNIQUE KEY `craft_assetsources_handle_unq_idx` (`handle`),
  KEY `craft_assetsources_fieldLayoutId_fk` (`fieldLayoutId`)
) ENGINE=InnoDB AUTO_INCREMENT=3 DEFAULT CHARSET=utf8 COLLATE=utf8_unicode_ci;

--
-- Data for table `craft_assetsources`
--

INSERT INTO `craft_assetsources` (`id`, `name`, `handle`, `type`, `settings`, `sortOrder`, `fieldLayoutId`, `dateCreated`, `dateUpdated`, `uid`) VALUES
 ('1', 'Images', 'images', 'S3', '{\"keyId\":\"AKIAJPTEDMUX3ZVX7IIQ\",\"secret\":\"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\",\"bucket\":\"beta.oaklandca.gov\",\"subfolder\":\"\",\"urlPrefix\":\"http:\\/\\/s3-us-west-1.amazonaws.com\\/beta.oaklandca.gov\\/\",\"expires\":\"\",\"location\":\"us-west-1\"}', '1', '242', '2015-12-11 00:59:05', '2016-01-14 01:14:50', '04045498-4a35-40f9-8c29-d81ed418aa6c');



DROP TABLE IF EXISTS `craft_assettransformindex`;


--
-- Schema for table `craft_assettransformindex`
--
CREATE TABLE `craft_assettransformindex` (
  `id` int(11) NOT NULL AUTO_INCREMENT,
  `fileId` int(11) NOT NULL,
  `filename` varchar(255) COLLATE utf8_unicode_ci DEFAULT NULL,
  `format` varchar(255) COLLATE utf8_unicode_ci DEFAULT NULL,
  `location` varchar(255) COLLATE utf8_unicode_ci NOT NULL,
  `sourceId` int(11) DEFAULT NULL,
  `fileExists` tinyint(1) DEFAULT NULL,
  `inProgress` tinyint(1) DEFAULT NULL,
  `dateIndexed` datetime DEFAULT NULL,
  `dateCreated` datetime NOT NULL,
  `dateUpdated` datetime NOT NULL,
  `uid` char(36) COLLATE utf8_unicode_ci NOT NULL DEFAULT '0',
  PRIMARY KEY (`id`),
  KEY `craft_assettransformindex_sourceId_fileId_location_idx` (`sourceId`,`fileId`,`location`)
) ENGINE=InnoDB DEFAULT CHARSET=utf8 COLLATE=utf8_unicode_ci;

DROP TABLE IF EXISTS `craft_assettransforms`;


--
-- Schema for table `craft_assettransforms`
--
CREATE TABLE `craft_assettransforms` (
  `id` int(11) NOT NULL AUTO_INCREMENT,
  `name` varchar(255) COLLATE utf8_unicode_ci NOT NULL,
  `handle` varchar(255) COLLATE utf8_unicode_ci NOT NULL,
  `mode` enum('stretch','fit','crop') COLLATE utf8_unicode_ci NOT NULL DEFAULT 'crop',
  `position` enum('top-left','top-center','top-right','center-left','center-center','center-right','bottom-left','bottom-center','bottom-right') COLLATE utf8_unicode_ci NOT NULL DEFAULT 'center-center',
  `height` int(10) DEFAULT NULL,
  `width` int(10) DEFAULT NULL,
  `format` varchar(255) COLLATE utf8_unicode_ci DEFAULT NULL,
  `quality` int(10) DEFAULT NULL,
  `dimensionChangeTime` datetime DEFAULT NULL,
  `dateCreated` datetime NOT NULL,
  `dateUpdated` datetime NOT NULL,
  `uid` char(36) COLLATE utf8_unicode_ci NOT NULL DEFAULT '0',
  PRIMARY KEY (`id`),
  UNIQUE KEY `craft_assettransforms_name_unq_idx` (`name`),
  UNIQUE KEY `craft_assettransforms_handle_unq_idx` (`handle`)
) ENGINE=InnoDB DEFAULT CHARSET=utf8 COLLATE=utf8_unicode_ci;

DROP TABLE IF EXISTS `craft_categories`;


--
-- Schema for table `craft_categories`
--
CREATE TABLE `craft_categories` (
  `id` int(11) NOT NULL,
  `groupId` int(11) NOT NULL,
  `dateCreated` datetime NOT NULL,
  `dateUpdated` datetime NOT NULL,
  `uid` char(36) COLLATE utf8_unicode_ci NOT NULL DEFAULT '0',
  PRIMARY KEY (`id`),
  KEY `craft_categories_groupId_fk` (`groupId`)
) ENGINE=InnoDB DEFAULT CHARSET=utf8 COLLATE=utf8_unicode_ci;

DROP TABLE IF EXISTS `craft_categorygroups`;


--
-- Schema for table `craft_categorygroups`
--
CREATE TABLE `craft_categorygroups` (
  `id` int(11) NOT NULL AUTO_INCREMENT,
  `structureId` int(11) NOT NULL,
  `fieldLayoutId` int(11) DEFAULT NULL,
  `name` varchar(255) COLLATE utf8_unicode_ci NOT NULL,
  `handle` varchar(255) COLLATE utf8_unicode_ci NOT NULL,
  `hasUrls` tinyint(1) unsigned NOT NULL DEFAULT '1',
  `template` varchar(500) COLLATE utf8_unicode_ci DEFAULT NULL,
  `dateCreated` datetime NOT NULL,
  `dateUpdated` datetime NOT NULL,
  `uid` char(36) COLLATE utf8_unicode_ci NOT NULL DEFAULT '0',
  PRIMARY KEY (`id`),
  UNIQUE KEY `craft_categorygroups_name_unq_idx` (`name`),
  UNIQUE KEY `craft_categorygroups_handle_unq_idx` (`handle`),
  KEY `craft_categorygroups_structureId_fk` (`structureId`),
  KEY `craft_categorygroups_fieldLayoutId_fk` (`fieldLayoutId`)
) ENGINE=InnoDB DEFAULT CHARSET=utf8 COLLATE=utf8_unicode_ci;

DROP TABLE IF EXISTS `craft_categorygroups_i18n`;


--
-- Schema for table `craft_categorygroups_i18n`
--
CREATE TABLE `craft_categorygroups_i18n` (
  `id` int(11) NOT NULL AUTO_INCREMENT,
  `groupId` int(11) NOT NULL,
  `locale` char(12) COLLATE utf8_unicode_ci NOT NULL,
  `urlFormat` text COLLATE utf8_unicode_ci,
  `nestedUrlFormat` text COLLATE utf8_unicode_ci,
  `dateCreated` datetime NOT NULL,
  `dateUpdated` datetime NOT NULL,
  `uid` char(36) COLLATE utf8_unicode_ci NOT NULL DEFAULT '0',
  PRIMARY KEY (`id`),
  UNIQUE KEY `craft_categorygroups_i18n_groupId_locale_unq_idx` (`groupId`,`locale`),
  KEY `craft_categorygroups_i18n_locale_fk` (`locale`)
) ENGINE=InnoDB DEFAULT CHARSET=utf8 COLLATE=utf8_unicode_ci;

DROP TABLE IF EXISTS `craft_content`;


--
-- Schema for table `craft_content`
--
CREATE TABLE `craft_content` (
  `id` int(11) NOT NULL AUTO_INCREMENT,
  `elementId` int(11) NOT NULL,
  `locale` char(12) COLLATE utf8_unicode_ci NOT NULL,
  `title` varchar(255) COLLATE utf8_unicode_ci DEFAULT NULL,
  `field_CTATitle` text COLLATE utf8_unicode_ci,
  `field_leadIn` text COLLATE utf8_unicode_ci,
  `field_CTALink` text COLLATE utf8_unicode_ci,
  `field_body` text COLLATE utf8_unicode_ci,
  `field_postDate` datetime DEFAULT NULL,
  `field_summary` text COLLATE utf8_unicode_ci,
  `field_about` text COLLATE utf8_unicode_ci,
  `field_departmentHead` text COLLATE utf8_unicode_ci,
  `field_welcome` varchar(180) COLLATE utf8_unicode_ci DEFAULT NULL,
  `field_articleAuthor` text COLLATE utf8_unicode_ci,
  `field_pinned` varchar(255) COLLATE utf8_unicode_ci DEFAULT NULL,
  `field_additionalResource` varchar(255) COLLATE utf8_unicode_ci DEFAULT NULL,
  `field_departmentHeadBio` text COLLATE utf8_unicode_ci,
  `field_callToActionPhoneNumber` text COLLATE utf8_unicode_ci,
  `field_alertType` varchar(255) COLLATE utf8_unicode_ci DEFAULT 'info',
  `field_alertLabel` text COLLATE utf8_unicode_ci,
  `field_alertMessage` text COLLATE utf8_unicode_ci,
  `field_alertUrl` text COLLATE utf8_unicode_ci,
  `field_alertShowHide` varchar(255) COLLATE utf8_unicode_ci DEFAULT 'hide',
  `field_departmentEmail` text COLLATE utf8_unicode_ci,
  `field_departmentPhoneNumber` text COLLATE utf8_unicode_ci,
  `field_departmentAddress` text COLLATE utf8_unicode_ci,
  `field_departmentHours` text COLLATE utf8_unicode_ci,
  `field_jobsQuote1` text COLLATE utf8_unicode_ci,
  `field_jobsQuote2` text COLLATE utf8_unicode_ci,
  `field_jobsQuote3` text COLLATE utf8_unicode_ci,
  `dateCreated` datetime NOT NULL,
  `dateUpdated` datetime NOT NULL,
  `uid` char(36) COLLATE utf8_unicode_ci NOT NULL DEFAULT '0',
  PRIMARY KEY (`id`),
  UNIQUE KEY `craft_content_elementId_locale_unq_idx` (`elementId`,`locale`),
  KEY `craft_content_title_idx` (`title`),
  KEY `craft_content_locale_fk` (`locale`)
) ENGINE=InnoDB AUTO_INCREMENT=792 DEFAULT CHARSET=utf8 COLLATE=utf8_unicode_ci;

--
-- Data for table `craft_content`
--

INSERT INTO `craft_content` (`id`, `elementId`, `locale`, `title`, `field_CTATitle`, `field_leadIn`, `field_CTALink`, `field_body`, `field_postDate`, `field_summary`, `field_about`, `field_departmentHead`, `field_welcome`, `field_articleAuthor`, `field_pinned`, `field_additionalResource`, `field_departmentHeadBio`, `field_callToActionPhoneNumber`, `field_alertType`, `field_alertLabel`, `field_alertMessage`, `field_alertUrl`, `field_alertShowHide`, `field_departmentEmail`, `field_departmentPhoneNumber`, `field_departmentAddress`, `field_departmentHours`, `field_jobsQuote1`, `field_jobsQuote2`, `field_jobsQuote3`, `dateCreated`, `dateUpdated`, `uid`) VALUES
 ('1', '1', 'en_us', NULL, NULL, NULL, NULL, NULL, NULL, NULL, NULL, NULL, NULL, NULL, NULL, NULL, NULL, NULL, 'information', NULL, NULL, NULL, NULL, NULL, NULL, NULL, NULL, NULL, NULL, NULL, '2015-12-04 00:22:44', '2016-01-14 00:56:20', 'b403ce75-c3c7-408b-a795-84c9ccd5bf81'),
 ('2', '2', 'en_us', 'Home', NULL, NULL, NULL, '<p>The best place to find official services and information&nbsp;from the City of Oakland.</p>', NULL, NULL, NULL, NULL, 'Welcome to Oakland, California', NULL, NULL, NULL, NULL, NULL, 'information', NULL, NULL, NULL, NULL, NULL, NULL, NULL, NULL, NULL, NULL, NULL, '2015-12-04 00:22:47', '2016-01-14 01:16:56', 'a94844d9-6b3a-40d6-b53b-125cd1f81e46'),
 ('5', '5', 'en_us', 'Parking', NULL, 'Including parking permits and paying parking citations', NULL, NULL, NULL, NULL, NULL, NULL, NULL, NULL, NULL, NULL, NULL, NULL, 'information', NULL, NULL, NULL, NULL, NULL, NULL, NULL, NULL, NULL, NULL, NULL, '2015-12-04 20:08:13', '2016-01-07 00:52:20', 'e29ab68e-7329-4955-9e02-05eb2d9d31d3'),
 ('6', '6', 'en_us', 'Pay a Parking Ticket', 'Pay your ticket online', '', 'https://prodpci.etimspayments.com/pbw/include/oakland/input.jsp', '<p>You have 21 days after the date the ticket was written to make a payment.</p>\r\n\r\n<p><br></p>\r\n\r\n\r\n\r\n\r\n\r\n\r\n\r\n\r\n\r\n\r\n\r\n<h2 id=\"ways-to-pay\">Pay by Phone</h2>\r\n\r\n\r\n\r\n\r\n\r\n\r\n\r\n\r\n\r\n\r\n\r\n\r\n\r\n<p><strong>Parking Citation Assistance Center</strong><br>Phone: (800) 500-6484<br>Please have your&nbsp;credit card on hand&nbsp;(Visa, Mastercard, Discover or American Express)</p>\r\n\r\n\r\n\r\n<p><br></p>\r\n\r\n\r\n\r\n\r\n\r\n\r\n\r\n\r\n\r\n\r\n\r\n\r\n\r\n<h2>Pay by&nbsp;Mail or&nbsp;In Person</h2>\r\n\r\n\r\n\r\n\r\n\r\n\r\n\r\n\r\n\r\n<p><strong>Parking Citation Assistance Center</strong><br>250 Frank H. Ogawa Plaza, Suite 6300 Oakland, CA 94612<br>Mondays, Tuesdays, Thursdays and Fridays from 9 a.m. to 4:30 p.m.<br>Wednesdays from 9:30 a.m. to 4:30 p.m.</p>\r\n\r\n\r\n\r\n<p><br></p>\r\n\r\n\r\n\r\n\r\n\r\n<h3>Additional In Person Locations</h3>\r\n\r\n\r\n\r\n\r\n\r\n<p><strong>Parking ticket payment kiosks</strong><br>250 Frank H. Ogawa Plaza<br>Monday through Friday from 8:30 a.m. to 5 p.m.</p>\r\n\r\n\r\n\r\n\r\n\r\n\r\n\r\n\r\n\r\n\r\n\r\n<p><strong>Eastmont Police Substation</strong><br>2651 73rd Avenue<br>Monday through Saturday from 8:00 a.m. to 4 p.m.</p>\r\n\r\n\r\n\r\n\r\n\r\n\r\n\r\n\r\n\r\n\r\n\r\n\r\n\r\n<p><br></p>\r\n\r\n\r\n\r\n\r\n\r\n\r\n\r\n\r\n\r\n\r\n\r\n\r\n\r\n<h2 id=\"by-mail\">Pay by Mail</h2>\r\n\r\n\r\n\r\n\r\n\r\n\r\n\r\n\r\n\r\n\r\n\r\n\r\n\r\n<p>Mail your parking ticket&nbsp;and the full payment to:</p>\r\n\r\n\r\n\r\n\r\n\r\n\r\n\r\n\r\n\r\n\r\n\r\n\r\n\r\n<p><strong>Parking Citation Assistance Center</strong><br>250 Frank H. Ogawa Plaza, Suite 6300<br>Oakland, CA 94612</p>\r\n\r\n\r\n\r\n\r\n\r\n\r\n\r\n\r\n\r\n\r\n\r\n\r\n\r\n<p><br></p>\r\n\r\n\r\n\r\n\r\n\r\n\r\n\r\n\r\n\r\n\r\n\r\n\r\n\r\n<h2>Refund Request Form</h2>\r\n\r\n\r\n\r\n\r\n\r\n\r\n\r\n\r\n\r\n\r\n\r\n<p>If you feel you are due a refund for overpayment for a parking ticket associated with your license plate, please complete and return a Refund Request Form.\r\nClick here to download the Refund Request Form.\r\nProvide proof of payment as detailed on the form.\r\nPlease allow four to six weeks for processing.\r\nCompleted forms and proof of payment can be submitted by mail, in person or by fax.</p>\r\n\r\n\r\n\r\n\r\n\r\n\r\n\r\n\r\n\r\n\r\n\r\n<h3 id=\"mailin-person\">Mail/In Person</h3>\r\n\r\n\r\n\r\n\r\n\r\n\r\n\r\n\r\n\r\n\r\n\r\n<p>Parking Citation Assistance Center<br>250 Frank H. Ogawa Plaza, Suite 6300 Oakland, CA 94612<br>Mondays, Tuesdays, Thursdays and Fridays from 9 a.m. to 4:30 p.m.<br>Wednesdays from 9:30 a.m. to 4:30 p.m.<br></p><p><br></p>\r\n\r\n\r\n\r\n\r\n\r\n\r\n\r\n\r\n\r\n\r\n\r\n\r\n\r\n<h2>Additional References</h2>\r\n\r\n\r\n\r\n\r\n\r\n\r\n\r\n\r\n\r\n\r\n\r\n\r\n\r\n<ul><li><a href=\"{entry:332:url}\">Costs of Common Parking Violations</a></li><li><a href=\"http://www2.oaklandnet.com/oakca1/groups/ceda/documents/marketingmaterial/oak044797.pdf\">Complete roster of parking violation fines from the OMC and California Vehicle Code</a></li><li><a href=\"http://library.municode.com/index.aspx?clientId=16308&stateId=5&stateName=California\">Oakland Municipal Code about parking violations</a></li><li><a href=\"http://www.leginfo.ca.gov/cgi-bin/calawquery?codesection=veh\">California Vehicle Code</a></li></ul>', NULL, NULL, NULL, NULL, NULL, NULL, '[\"pinned\"]', NULL, NULL, NULL, 'information', NULL, NULL, NULL, NULL, NULL, NULL, NULL, NULL, NULL, NULL, NULL, '2015-12-04 20:08:33', '2016-01-07 00:52:20', 'f20d6c8d-e817-4c50-a206-5cecfcf7d257'),
 ('7', '11', 'en_us', 'Free Parking on Plaid Friday & Saturdays until New Year\'s', NULL, NULL, NULL, '<p>As part of the Shop Oakland Grown for the Holidays campaign, the City of Oakland will offer&nbsp;free parking every Saturday until New Year\'s Day plus Plaid Friday (November 27).&nbsp;The free parking applies to on-street meters (both individual meters and multi-space kiosks), four City-owned parking lots and four City-owned parking garages. Posted time limits&nbsp;at meters&nbsp;still apply.</p>', '2015-12-09 00:00:00', 'As part of the Shop Oakland Grown for the Holidays campaign, the City of Oakland will offer free parking every Saturday until New Year\'s Day plus Plaid Friday (November 27). The free parking applies to on-street meters (both individual meters and multi-space kiosks), four City-owned parking lots and four City-owned parking garages. Posted time limits at meters still apply.', NULL, NULL, NULL, NULL, NULL, NULL, NULL, NULL, 'information', NULL, NULL, NULL, NULL, NULL, NULL, NULL, NULL, NULL, NULL, NULL, '2015-12-10 19:26:54', '2015-12-10 22:58:01', '6f49b0d7-8101-4859-a00a-2b4996348e91'),
 ('8', '12', 'en_us', 'Oakland’s Minimum Wage Goes Up January 1, Deadline for noticing requirement is December 15', NULL, NULL, NULL, '<p>Oakland’s Measure FF, a voter-enacted ballot measure passed in November 2014, provides annual increases to Oakland’s Minimum Wage based on the local Consumer Price Index (CPI). Effective January 1, 2016, the rate rises 30¢, from $12.25 to $12.55. The law requires that employers inform employees of the increase by December 15, 2015.</p>', '2015-12-09 00:00:00', 'Oakland’s Measure FF, a voter-enacted ballot measure passed in November 2014, provides annual increases to Oakland’s Minimum Wage based on the local Consumer Price Index (CPI). Effective January 1, 2016, the rate rises 30¢, from $12.25 to $12.55. The law requires that employers inform employees of the increase by December 15, 2015.', NULL, NULL, NULL, NULL, NULL, NULL, NULL, NULL, 'information', NULL, NULL, NULL, NULL, NULL, NULL, NULL, NULL, NULL, NULL, NULL, '2015-12-10 19:37:05', '2015-12-10 22:58:16', '792b332f-3e05-43db-a84c-0dfebec5e544'),
 ('9', '13', 'en_us', 'Public Works', NULL, NULL, NULL, NULL, NULL, '', 'Oakland Public Works plans, builds and maintains Oakland’s physical and environmental infrastructure for the residents, businesses and visitors of the city, making it a sustainable and desirable place to live, work, invest and visit.', '<p><strong>Brooke A. Levin</strong><br>Director of Oakland Public Works</p>', NULL, NULL, NULL, NULL, 'She is an American Public Works Association Leadership Fellow with more than 30 years of public and private sector experience, including the past 22 years with the City of Oakland. She has been Assistant Director of Public Works for the past nine and half years, overseeing a $60 million dollar annual budget. In that role, she managed the operation and maintenance of parks, city facilities, street cleaning, garbage and recycling collection, environmental cleanup, tree services and sustainability. For ten years prior to that she was Oakland\'s first Environmental Services Manager. She also played a key role in planning and public works issues as a Policy Advisor to Mayor Elihu M. Harris from 1991 to 1994, and had a lead role in the aftermath of the Oakland Hills Firestorm. She is an artist, enjoys yoga and is the proud mother of two sons. Brooke has a Bachelor’s degree from the University of New Mexico.', NULL, 'information', NULL, NULL, NULL, NULL, 'opwcallcenter@oaklandnet.com', '<p>Main&nbsp;Phone: (510) 615-5566<br>TTY: (510) 238-3254<br>Oakland Recycles:&nbsp;(510) 238-SAVE<br>Volunteer Oppurtunites:&nbsp;(510) 238-7611</p>', '<p>250 Frank H. Ogawa Plaza, Suite 4314<br>Oakland, CA 94612</p>', '<p>Monday through Friday<br>8:00AM to&nbsp;5:00PM</p>', NULL, NULL, NULL, '2015-12-10 19:52:47', '2016-01-21 00:02:47', '81984301-825c-4a48-9285-a94420af4a2f'),
 ('12', '16', 'en_us', 'Human Resources', NULL, NULL, NULL, NULL, NULL, '', 'Our goal is to seek, engage, and promote a talented workforce that reflects the diversity and dynamic character of the City.', '<p><strong>Anil Comelo<br></strong>Human Resources Management Director</p>', NULL, NULL, NULL, NULL, 'Anil Comelo has more than 18 years of experience managing human resources functions. With a staff of 40 and an annual operating budget of $5.6M and a workers compensation budget of $22 million, he is responsible for directing the Recruitment and Classification, Benefits and Risk Management functions.', NULL, 'information', NULL, NULL, NULL, NULL, '', 'Main Line: (510) 238-3112\r\nJob Hotline (24-hr access): (510) 238-3111\r\nPublic Safety Job Hotline: (510) 238-6465\r\nCertification Hotline: (510) 238-3528', 'Lionel J. Wilson Building \r\n150 Frank Ogawa Plaza\r\n2nd Floor\r\nOakland, CA 94612', 'Monday through Friday\r\n8:30am to 5:00pm', NULL, NULL, NULL, '2015-12-10 23:28:13', '2016-01-20 23:37:57', 'f9672cd7-4a0d-4d3e-a671-64d73674ebd4'),
 ('15', '19', 'en_us', 'Mayor\'s Office', NULL, NULL, NULL, NULL, NULL, '', '', '<p><strong>Mayor Libby Schaaf</strong><br>Oakland City Council</p><p>She is an American Public Works Association Leadership Fellow with more than 30 years of public and private sector experience, including the past 22 years with the City of Oakland.<br></p>', NULL, NULL, NULL, NULL, NULL, NULL, 'information', NULL, NULL, NULL, NULL, NULL, NULL, NULL, NULL, NULL, NULL, NULL, '2015-12-10 23:51:47', '2015-12-10 23:52:40', 'df1485c9-9106-401d-aeae-e7030df1a077'),
 ('52', '52', 'en_us', 'Apply for Parking Permits', NULL, 'Apply for residential, disabled or other temporary permits', NULL, NULL, NULL, NULL, NULL, NULL, NULL, NULL, '[]', NULL, NULL, NULL, 'information', NULL, NULL, NULL, NULL, NULL, NULL, NULL, NULL, NULL, NULL, NULL, '2015-12-18 21:37:59', '2016-01-07 00:52:20', '9d922aaf-50d6-4d73-840e-78bbf745da7e'),
 ('62', '62', 'en_us', 'Apply for a Disabled Parking \"Blue Zone\"', '', '', '', '<h3>Disabled Parking Zone “Blue Zone” Program</h3>\r\n\r\n<p>A “blue zone” provides on-street parking for people with disabilities. The “blue zone” has a painted blue curb with a posted sign.</p><p>Residents and businesses can request “blue zones” from the Disabled Parking Zone program.<br>The City does not install “blue zones” for paratransit drop-off and pick-up.</p><h4>Download the application form to request a “blue zone.”</h4><p><br><a href=\"http://www2.oaklandnet.com/oakca1/groups/pwa/documents/form/oak051831.pdf\">Residential Blue Zone Application Form</a><br><a href=\"http://www2.oaklandnet.com/oakca1/groups/pwa/documents/form/oak051832.pdf\">Non-Residential Blue Zone Application Form</a></p><p><a href=\"http://www2.oaklandnet.com/oakca1/groups/pwa/documents/form/oak051832.pdf\"></a><br>To learn more, please read the Policy summaries below.</p><p><br><a href=\"http://www2.oaklandnet.com/oakca1/groups/pwa/documents/policy/oak051830.pdf\">Residential Blue Zone Policy Summary<br></a><a href=\"http://www2.oaklandnet.com/oakca1/groups/pwa/documents/policy/oak051829.pdf\">Non-Residential Blue Zone Policy Summary</a></p>', NULL, NULL, NULL, NULL, NULL, NULL, '', NULL, NULL, NULL, 'information', NULL, NULL, NULL, NULL, NULL, NULL, NULL, NULL, NULL, NULL, NULL, '2015-12-18 21:40:10', '2016-01-07 00:52:20', '0ef0babd-6f37-4f85-a36e-838481207a96'),
 ('72', '72', 'en_us', 'Apply for a Parking Obstruction Permit', '', '​Do you need to block parking spaces or traffic? If your portable storage unit or moving truck will block parking on a public street or right of way, you will need an Obstruction Permit.', '', '<p>An Obstruction Permit allows you to park the pod, portable storage unit or moving truck in one site for a limited amount of time.</p>\r\n\r\n<h3 id=\"how-the-obstruction-permit-works\">How the Obstruction Permit Works</h3>\r\n\r\n\r\n\r\n\r\n\r\n<ul>\r\n  <li>The Obstruction Permit tells nearby property owners that they can not park in the permitted site for a limited amount of time.</li>\r\n  <li>You may only block the street or right of way that you are moving from or to.</li>\r\n  <li>You need to post the NO PARKING sign(s) that you receive with the Obstruction Permit at least 72 hours (3 days) before parking the portable storage unit or moving truck.</li>\r\n</ul>\r\n\r\n\r\n\r\n\r\n\r\n<h3 id=\"how-to-apply-for-an-obstruction-permit\">How to Apply for an Obstruction Permit</h3>\r\n\r\n\r\n\r\n\r\n\r\n<p>You can only apply for an Obstruction Permit in person at the Permit Center. To avoid long line, visit the Permit Center early in the day before the busiest time from 11 a.m. to 4 p.m.</p>\r\n\r\n\r\n\r\n\r\n\r\n<ol>\r\n  <li>Please bring the following information.</li>\r\n  <li>Site address.</li>\r\n  <li>Dates required.</li>\r\n  <li>Number of parking spaces required. One parking space is 25 feet long.</li>\r\n  <li>Meter numbers if you are blocking parking meters</li>\r\n  <li>Contact phone number for the company or person applying.</li>\r\n  <li>If related to work requiring permit, please reference permit application number.</li>\r\n  <li>Traffic control plan (only required if you need to block traffic)</li>\r\n  <li>Refer to the Traffic Engineering website(http://www2.oaklandnet.com/Government/o/PWA/o/EC/o/TS/OAK026469).</li>\r\n  <li>Visit the Permit Center</li>\r\n  <li>Once you arrive at the Permit Center’s Information Counter, ask for an Obstruction Permit.</li>\r\n  <li>When your number is called, proceed to the indicated counter.</li>\r\n  <li>Provide the required information</li>\r\n  <li>Pay the permit fee</li>\r\n  <li>The Permit Center accepts cash, checks payable to the City of Oakland and most major credit cards.</li>\r\n</ol>\r\n\r\n\r\n\r\n\r\n\r\n<h3 id=\"where-to-apply-for-an-obstruction-permit\">Where to Apply for an Obstruction Permit</h3>\r\n\r\n\r\n\r\n\r\n\r\n<table>\r\n<thead>\r\n<tr><th>Location</th><th>Hours</th></tr>\r\n</thead>\r\n<tbody>\r\n<tr><td style=\"background-color:white\">\r\n\r\nPermit Center\r\n\r\n250 Frank H. Ogawa Plaza, 2nd Floor\r\n\r\nOakland, CA 94612\r\n\r\n</td><td>\r\n\r\nMondays, Tuesdays, Thursdays and Fridays from 8 a.m. to 4 p.m.\r\nWednesdays from 9:30 a.m. to 4 p.m.*\r\n*last Wednesday of each month from 10 a.m. to 4 p.m.\r\n\r\n</td></tr>\r\n</tbody>\r\n</table>\r\n\r\n\r\n\r\n\r\n\r\n<h3 id=\"cost-of-the-obstruction-permit\">Cost of the Obstruction Permit</h3>\r\n\r\n\r\n\r\n\r\n\r\n<p>The cost of an Obstruction Permit varies. The cost depends on the period of time for the permit, the number of parking spaces required and the type of parking spaces blocked. \r\nFor more information, please call the Permit Center at (510) 238-3443.</p>', NULL, NULL, NULL, NULL, NULL, NULL, '', NULL, NULL, NULL, 'information', NULL, NULL, NULL, NULL, NULL, NULL, NULL, NULL, NULL, NULL, NULL, '2015-12-18 21:58:04', '2016-01-07 00:52:20', '13e70aaa-fdd0-42d3-bd86-7db44e6a95b1'),
 ('92', '92', 'en_us', 'Apply for a Residential Parking Permit', 'Download the permit applicatio', 'You can apply for a parking permit through the Residential Parking Permit (RPP) program. This permit will allow you park your vehicle in certain neighborhoods in Oakland. You need to register your vehicle to an eligible address to receive the permit.', 'http://www2.oaklandnet.com/Parking/OAK046014', '<p>You can apply for a parking permit through the Residential Parking Permit (RPP) program. This permit will allow you park your vehicle in certain neighborhoods in Oakland. You need to register your vehicle to an eligible address to receive the permit.</p>\r\n\r\n<h3 id=\"what-you-need-to-know-before-applying\">What You Need to Know Before Applying</h3>\r\n\r\n\r\n\r\n\r\n\r\n\r\n\r\n<ol>\r\n  <li>To see if your address is eligible, go to__<strong>__</strong><strong>__</strong>_____</li>\r\n  <li>Update your address for your vehicle’s registration and driver’s license with the DMV.</li>\r\n  <li>Click here to update your address with the DMV online. (http://dmv.ca.gov/online/onlinesvcs.htm)</li>\r\n  <li>After updating your address, print the confirmation.</li>\r\n  <li>Submit this confirmation with your application.</li>\r\n  <li>Clear all unpaid parking tickets from the City of Oakland.</li>\r\n  <li>For help, call the Parking Citation Assistance Center at (800) 500-6484.</li>\r\n  <li>Click here to pay parking tickets online.</li>\r\n  <li>To pay by phone, call the Parking Citation Assistance Center at (800) 500-6484.</li>\r\n</ol>\r\n\r\n\r\n\r\n\r\n\r\n\r\n\r\n<h3 id=\"how-to-apply-for-a-residential-parking-permit\">How to Apply for a Residential Parking Permit</h3>\r\n\r\n\r\n\r\n\r\n\r\n\r\n\r\n<p>You need to submit an application, four supporting documents and the correct fee to apply. The address on your application must match the address on each supporting document.</p>\r\n\r\n\r\n\r\n\r\n\r\n\r\n\r\n<p><strong>Application Process</strong></p>\r\n\r\n\r\n\r\n\r\n\r\n\r\n\r\n<ul>\r\n  <li>Click here to download the residential parking permit application.(http://www2.oaklandnet.com/oakca1/groups/fma/documents/form/oak046014.pdf)</li>\r\n  <li>Complete the application.</li>\r\n  <li>Include four supporting documents.</li>\r\n  <li>Current vehicle registration</li>\r\n  <li>Current California driver’s license</li>\r\n  <li>Utility bill from the last 30 days. Choose one from the list below.</li>\r\n  <li>Gas bill</li>\r\n  <li>Electric bill</li>\r\n  <li>Water bill</li>\r\n  <li>Garbage bill</li>\r\n  <li>Proof of your current address. Choose one from the list below.</li>\r\n  <li>Rental agreement</li>\r\n  <li>Lease</li>\r\n  <li>Mortgage statement</li>\r\n  <li>Property tax bill</li>\r\n  <li>Deed</li>\r\n  <li>Click here to find your permit fee for your address online (<strong>__</strong><strong>__</strong><em>__</em>)</li>\r\n  <li>For more information you can call the Parking Citation Assistance Center at (800) 500-6484.</li>\r\n  <li>Methods of payment</li>\r\n  </ul>\r\n\r\n<p><br></p>\r\n\r\n\r\n\r\n\r\n\r\n\r\n\r\n<p>You can submit your application, four supporting documents and payment in person or mail them to the Parking Citation Assistance Center:</p>\r\n\r\n\r\n\r\n\r\n\r\n\r\n\r\n<table>\r\n<thead>\r\n<tr><th>Location</th><th>Hours</th></tr>\r\n</thead>\r\n<tbody>\r\n<tr><td style=\"background-color:white\">\r\nParking Citation Assistance Center\r\n250 Frank H. Ogawa Plaza, Suite 6300\r\nOakland, CA 94612\r\nPhone: (800) 500-6484\r\n</td><td>\r\nMondays, Tuesdays, Thursdays and Fridays from 9 a.m. to 4:30 p.m.\r\nWednesdays from 9:30 a.m. to 4:30 p.m.\r\n</td></tr>\r\n</tbody>\r\n</table>', NULL, NULL, NULL, NULL, NULL, NULL, '', NULL, NULL, NULL, 'information', NULL, NULL, NULL, NULL, NULL, NULL, NULL, NULL, NULL, NULL, NULL, '2015-12-18 22:05:30', '2016-01-07 00:52:21', 'a4eb5ab1-fc9f-4149-8e37-24e1581b9399'),
 ('112', '112', 'en_us', 'Renew Your Residential Parking Permit', 'Renew your permit online', '', 'https://pci.etimspayments.com/pbw/include/oakland/rppinput.jsp', '<p>You can renew your permit online if you received a letter that says you are eligible for online renewal.</p>\r\n\r\n<h3 id=\"in-person-or-by-mail\">In Person or by Mail</h3>\r\n\r\n\r\n\r\n\r\n\r\n<table>\r\n<thead>\r\n<tr><th>Location</th><th>Hours</th></tr>\r\n</thead>\r\n<tbody>\r\n<tr><td style=\"background-color:white\">\r\nParking Citation Assistance Center\r\n\r\nAttn: Residential Parking Permits\r\n\r\n250 Frank H. Ogawa Plaza, Suite 6300\r\n\r\nOakland, CA 94612\r\n</td><td>\r\n- Mondays, Tuesdays, Thursdays, Fridays from 9 a.m. to 4:30 p.m.\r\n- Wednesdays from 9:30 a.m. to 4:30 p.m.\r\n</td></tr>\r\n</tbody>\r\n</table>', NULL, NULL, NULL, NULL, NULL, NULL, '', NULL, NULL, NULL, 'information', NULL, NULL, NULL, NULL, NULL, NULL, NULL, NULL, NULL, NULL, NULL, '2015-12-18 22:16:30', '2016-01-07 00:52:21', 'e37ed58e-4f3a-4c3a-954e-cac6cb08c864'),
 ('122', '122', 'en_us', 'Pay or Contest Parking Tickets', NULL, 'What to do if you receive a citation, want to pay it and other info about illegally parked vehicles.', NULL, NULL, NULL, NULL, NULL, NULL, NULL, NULL, '[]', NULL, NULL, NULL, 'information', NULL, NULL, NULL, NULL, NULL, NULL, NULL, NULL, NULL, NULL, NULL, '2015-12-18 22:42:23', '2016-01-07 00:52:21', 'af918738-099e-4a5b-ba69-8844f6db200c'),
 ('132', '132', 'en_us', 'Contest a Parking Ticket', 'Contest your parking ticket online', '', 'https://wmq.etimspayments.com/pbw/include/oakland/dispute_request.jsp.', '<h2>What You Need to Know</h2>\r\n\r\n<ul>\r\n  <li>Please wait 48 hours from the time of issuance to ensure your citation is entered into the online system.</li>\r\n  <li>It may take handwritten tickets up to two weeks to be entered into the online system.</li>\r\n  <li>You must contest your ticket within 21 days of the date of issuance.</li>\r\n  <li>You’ll need to upload up to three documents that provide evidence to support your written testimony.</li>\r\n</ul>\r\n\r\n\r\n\r\n\r\n\r\n\r\n\r\n<h2 id=\"ways-to-contest-a-ticket\">Ways to Contest a Ticket</h2>\r\n\r\n\r\n\r\n\r\n\r\n\r\n\r\n<p><a href=\"\">Download and complete the </a><a href=\"http://www2.oaklandnet.com/oakca1/groups/cityadministrator/documents/form/oak041670.pdf\">Contest Form</a> or write a letter of explanation for contesting your citation.\r\nPlease include your name, address, telephone number, current mailing address and parking ticket citation number.</p>\r\n\r\n\r\n\r\n\r\n\r\n\r\n\r\n<p>Keep a copy of your ticket for your records.\r\nReturn your Contest Form or letter, along with the original parking ticket and additional documents:</p>\r\n\r\n\r\n\r\n\r\n\r\n\r\n\r\n<p><strong>In person or by mail</strong></p>\r\n\r\n\r\n\r\n\r\n\r\n\r\n\r\n<p>Parking Citation Assistance Center<br>250 Frank H. Ogawa Plaza, Suite 6300<br>Oakland, CA 94612</p>\r\n\r\n\r\n\r\n\r\n\r\n\r\n\r\n<p><strong>By fax</strong></p><p>(510) 986-2699</p>\r\n\r\n\r\n\r\n\r\n\r\n\r\n\r\n<p>Contesting a parking ticket by email is not possible at this time.</p>\r\n\r\n\r\n\r\n\r\n\r\n\r\n\r\n<h3 id=\"what-happens-next\">What Happens Next</h3>\r\n\r\n\r\n\r\n\r\n\r\n\r\n\r\n<ol>\r\n  <li>The Parking Citation Assistance Center investigates your ticket.</li>\r\n  <li>You will be notified of the decision by mail.</li>\r\n  <li>If the ticket is upheld, you will have 21 days to pay your ticket or request an Administrative Hearing.</li>\r\n  <li>If you contested a parking ticket and you are not satisfied with the decision, you can <a href=\"{entry:182:url}\">request an Administrative Hearing</a>.</li>\r\n</ol>', NULL, NULL, NULL, NULL, NULL, NULL, '[]', NULL, NULL, NULL, 'information', NULL, NULL, NULL, NULL, NULL, NULL, NULL, NULL, NULL, NULL, NULL, '2015-12-18 22:46:27', '2016-01-07 00:52:21', '3218095c-9f09-4820-ad0e-a2e54c1973b6'),
 ('142', '142', 'en_us', 'Jobs', NULL, 'Finding jobs and employment services in Oakland.', NULL, NULL, NULL, NULL, NULL, NULL, NULL, NULL, '[]', NULL, NULL, NULL, 'information', NULL, NULL, NULL, NULL, NULL, NULL, NULL, NULL, '<p>\"It\'s a great place to work because of the quality of people who work here and because of the residents. You gotta love the variety and personality.\"</p><p>- Glassdoor&nbsp;Reviewer</p>', '<p>\"If you live in Oakland, it\'s great to be a public servant in your own town.\"</p><p>- Glassdoor&nbsp;Reviewer<br></p>', '<p>\"There is potential to do great things in this City and most of the employees want to do just that.\"</p><p>- Glassdoor&nbsp;Reviewer<br></p>', '2015-12-18 23:04:13', '2016-01-21 20:35:18', 'b31e230f-302e-49c2-a82a-c12e8a23cd89'),
 ('152', '152', 'en_us', 'Set up a Parking Citation Alert', 'Sign up for alerts', '', 'https://wmq1.etimspayments.com/pbw/include/vpportal/oakland/login_page.jsp', '<p>Parking citation alerts provide notifications to help manage your parking needs and avoid unnecessary penalties. When you create an account, it will alert you so you receive notifications about:</p>\r\n\r\n<ul>\r\n  <li>\r\n    <p>When a new citation is issued to your vehicle</p>\r\n  </li>\r\n  <li>\r\n    <p>Before a penalty are applied</p>\r\n  </li>\r\n  <li>\r\n    <p>After a mail-in payment is applied</p>\r\n  </li>\r\n  <li>\r\n    <p>About upcoming hearings</p>\r\n  </li>\r\n  <li>\r\n    <p>Before you become “Boot Eligible”</p>\r\n  </li>\r\n  <li>\r\n    <p>Upcoming Resident Parking Permit Renewal</p>\r\n  </li>\r\n  <li>\r\n    <p>City of Oakland Parking announcements</p></li></ul>', NULL, NULL, NULL, NULL, NULL, NULL, '[]', NULL, NULL, NULL, 'information', NULL, NULL, NULL, NULL, NULL, NULL, NULL, NULL, NULL, NULL, NULL, '2015-12-18 23:08:02', '2016-01-07 00:52:21', '1093efcd-b938-4a7f-ab26-567a53766b28'),
 ('162', '162', 'en_us', 'Apply for Jobs', NULL, 'The process of applying for a job with the City, requirements, job listings and applications', NULL, NULL, NULL, NULL, NULL, NULL, NULL, NULL, '[]', NULL, NULL, NULL, 'information', NULL, NULL, NULL, NULL, NULL, NULL, NULL, NULL, NULL, NULL, NULL, '2015-12-18 23:09:39', '2016-01-07 00:52:21', 'ae5a9777-75e0-47b4-86be-5b33c299d07e'),
 ('182', '182', 'en_us', 'Request an Administrative Hearing', '', '', '', '<p>If you contested a parking ticket and you are not satisfied with the decision, you can request an Administrative Hearing.</p>\r\n\r\n<h3 id=\"what-you-need-to-know\">What You Need to Know</h3>\r\n\r\n\r\n\r\n<ul>\r\n  <li>Once you receive the decision from contesting your ticket, you have 21 days to schedule a hearing.</li>\r\n  <li>You can request a hearing either in person or or by mail.</li>\r\n  <li>You must pay a deposit equal to the amount of the fine before scheduling a hearing.</li>\r\n</ul>\r\n\r\n\r\n\r\n\r\n\r\n<h3 id=\"request-a-hearing\">Request a Hearing</h3>\r\n\r\n\r\n\r\n\r\n\r\n<p><strong>Make your request in person or by mail to:</strong></p>\r\n\r\n\r\n\r\n\r\n\r\n<p>Parking Citation Assistance Center – Hearing Dept.</p>\r\n\r\n\r\n\r\n\r\n\r\n<p>250 Frank H. Ogawa Plaza, Suite 6300</p>\r\n\r\n\r\n\r\n\r\n\r\n<p>Oakland, CA 94612</p>\r\n\r\n\r\n\r\n\r\n\r\n<ol>\r\n  <li>Pay the deposit. If you cannot afford the deposit, you can request a hearing deposit fee waiver by phone or by mail.</li>\r\n</ol>\r\n\r\n\r\n\r\n\r\n\r\n<p><strong>By Mail:</strong> Click here to download the Hearing Deposit Waiver Form(http://www2.oaklandnet.com/oakca1/groups/ceda/documents/marketingmaterial/oak044809.pdf).</p>\r\n\r\n\r\n\r\n\r\n\r\n<p>Mail to the Administrative Hearing Dept., 250 Frank H. Ogawa Plaza, Suite 6300, Oakland, CA 94612.</p>\r\n\r\n\r\n\r\n\r\n\r\n<p><strong>By Phone:</strong> Call the Parking Citation Assistance Center at (800) 500-6484.</p>\r\n\r\n\r\n\r\n\r\n\r\n<h3 id=\"what-happens-next\">What Happens Next</h3>\r\n\r\n\r\n\r\n\r\n\r\n<ol>\r\n  <li>You will receive a notice by mail with the date and time of the hearing.</li>\r\n  <li>All hearings are held Monday through Friday between 9 a.m. and 4 p.m.</li>\r\n  <li>The hearing will be held at:</li>\r\n</ol>\r\n\r\n\r\n\r\n\r\n\r\n<p>Eastmont Mall Police Substation</p>\r\n\r\n\r\n\r\n\r\n\r\n<p>2651 73rd Avenue, Upper Level</p>\r\n\r\n\r\n\r\n\r\n\r\n<p>Oakland, CA</p>\r\n\r\n\r\n\r\n\r\n\r\n<p>If you cannot attend your scheduled hearing, you have two options:</p>\r\n\r\n\r\n\r\n\r\n\r\n<h3 id=\"rescheduling-a-hearing\">Rescheduling a Hearing</h3>\r\n\r\n\r\n\r\n\r\n\r\n<p>You have two options if you cannot attend the scheduled hearing:</p>\r\n\r\n\r\n\r\n\r\n\r\n<p><strong>Reschedule the hearing</strong></p>\r\n\r\n\r\n\r\n\r\n\r\n<p>Call the Hearing Department at (510) 238-4484 at least five calendar days before the scheduled hearing.</p>\r\n\r\n\r\n\r\n\r\n\r\n<p><strong>Request a hearing by mail</strong></p>\r\n\r\n\r\n\r\n\r\n\r\n<p>Send a letter detailing your dispute and include all the required documentation.</p>', NULL, NULL, NULL, NULL, NULL, NULL, '[]', NULL, NULL, NULL, 'information', NULL, NULL, NULL, NULL, NULL, NULL, NULL, NULL, NULL, NULL, NULL, '2015-12-18 23:16:35', '2016-01-07 00:52:21', '289a14de-aee8-44b4-8f89-bed398525d4b'),
 ('192', '192', 'en_us', 'Benefits & Perks', '', 'Salary information, benefits and compensation for City employees', '', '<h2>Health Care Coverage</h2>\r\n\r\n<p>All employees are eligible for health care coverage for themselves and their eligible dependents. These plans may include health insurance (medical coverage), dental care, and vision care.</p>\r\n\r\n\r\n\r\n<h2>Summary of Benefits</h2>\r\n\r\n\r\n\r\n\r\n\r\n<div class=\"table-wrap\">\r\n<table><thead><tr><th></th><th>Health</th><th>Dental</th><th>Vision Care</th><th>Worker\'s&nbsp;Comp</th><th>Disability Insurance</th><th>Life Insurance</th><th>Retirement</th><th>Professional Development</th><th>Unemployment Insurance</th></tr></thead><tbody><tr><td>Full-time employee (Not include fire and police)</td><td>x</td><td>x</td><td>x</td><td>x</td><td>x</td><td>x</td><td>x</td><td>x</td><td>x</td></tr><tr><td>Fire and&nbsp;Police (full-time)</td><td>x</td><td>x</td><td></td><td>x</td><td></td><td>x</td><td>x</td><td></td><td>x</td></tr><tr><td>Part-time</td><td>x</td><td></td><td></td><td>x</td><td>x</td><td></td><td>x</td><td></td><td>x</td></tr><tr><td>Part-time Senior Aides</td><td>x</td><td></td><td></td><td>x</td><td></td><td></td><td>x</td><td></td><td></td></tr></tbody></table>\r\n</div>\r\n\r\n\r\n\r\n\r\n\r\n<h3><br>What to Know</h3>\r\n\r\n\r\n\r\n\r\n\r\n\r\n\r\n\r\n\r\n<ul><li>You are eligible to enroll on the date you are hired.</li><li>Work with your department to enroll within 60 days.<p><br></p>\r\n<ul><li>If you wait more than 60 days to enroll, you will face a penalty of a 90 day waiting period.</li></ul></li><li>Your coverage starts on the first of the month after submission of your paperwork.</li><li>You can change your plan during open enrollment during the fall.</li><li>Any changes you make become effective in January of the following year.</li></ul>\r\n\r\n\r\n\r\n\r\n\r\n\r\n\r\n\r\n\r\n\r\n\r\n\r\n\r\n\r\n\r\n\r\n\r\n\r\n\r\n<h3>Medical Coverage</h3>\r\n\r\n\r\n\r\n\r\n\r\n\r\n\r\n\r\n\r\n<p>You can choose a medical plan through CalPERS (California Public Employees Retirement Systems) Health Benefit Services.<br>The City pays the full monthly premium for some plans. For other plans, the employee pays premiums with after-tax dollars.<br>For more information on medical plans, visit the CalPERS website.</p>\r\n\r\n\r\n\r\n\r\n\r\n\r\n\r\n<p><br></p>\r\n\r\n\r\n\r\n\r\n\r\n\r\n\r\n<h2>Dental Plans</h2>\r\n\r\n\r\n\r\n\r\n\r\n\r\n\r\n<p>All full time employees except fire and police can choose from two dental plans for themselves and their eligible dependents. The HMO dental plan includes no deductibles when visiting an authorized dentist. This plan is administered by DeltaCare.<br>The PPO plan covers a percentage of costs but gives members more flexibility. This plan is administered by Delta Dental. <br>Police and fire personnel have dental coverage through their respective unions.</p>\r\n\r\n\r\n\r\n\r\n\r\n\r\n\r\n<h2>Vision Care</h2>\r\n\r\n\r\n\r\n\r\n\r\n\r\n\r\n\r\n\r\n<p>All full time employees except fire and police have vision coverage for themselves and their eligible dependents. This plan is administered by Vision Service Plan.<br>Police and fire personnel do not have vision coverage.</p>\r\n\r\n\r\n\r\n\r\n\r\n\r\n\r\n\r\n\r\n<h2>Dependents</h2>\r\n\r\n\r\n\r\n\r\n\r\n\r\n\r\n\r\n\r\n<p>Your dependents may be eligible for the same health care coverage that you enroll in.</p>\r\n\r\n\r\n\r\n\r\n\r\n<p>Eligible dependents include:</p>\r\n\r\n\r\n\r\n\r\n\r\n<ul><li>Spouse</li><li>Domestic partner</li><li>Financially dependent children\r\n<ul><li>Medical benefits: Children under age 26</li></ul><ul><li>Dental and vision benefits: Children under age 18 or students age 19 - 25</li></ul></li></ul>\r\n\r\n\r\n\r\n\r\n\r\n\r\n\r\n\r\n\r\n\r\n\r\n\r\n\r\n\r\n\r\n\r\n\r\n<p>You need to provide documentation to add your dependents to your health plan.</p>\r\n\r\n\r\n\r\n\r\n\r\n\r\n\r\n\r\n\r\n<ul><li>Marriage certificate</li><li>Certificate of domestic partnership</li><li>Birth certificate</li><li>Legal adoption or guardianship papers</li><li>Affidavit for financially dependent children</li><li>Proof of full-time enrollment in school</li></ul>\r\n\r\n\r\n\r\n\r\n\r\n\r\n\r\n\r\n\r\n\r\n\r\n\r\n\r\n\r\n\r\n\r\n\r\n<h2>Continuing Your Benefits</h2>\r\n\r\n\r\n\r\n\r\n\r\n\r\n\r\n\r\n\r\n<p>Under COBRA, an employee and enrolled dependents may pay to continue medical, dental or vision coverage for a limited period of time if city-paid coverage ceases for reasons recognized under the law.<br>The cost for COBRA coverage equals the same premium the City pays monthly plus a 2% administrative fee.</p>\r\n\r\n\r\n\r\n\r\n\r\n\r\n\r\n<h2>Retirement</h2>\r\n\r\n\r\n\r\n\r\n\r\n\r\n\r\n\r\n\r\n<p>All employees of the City of Oakland have retirement benefits through the Public Employees\' Retirement System (CalPERS).<br>What happens to my CalPERS benefits if I leave the City?</p>\r\n\r\n\r\n\r\n\r\n\r\n\r\n\r\n\r\n\r\n<p>You may be able to take your retirement benefits with you. If you leave the City to work for another employer that also participates in CalPERS, your retirement benefit will continue. If your new employer does not participate in CalPERS, the funds may be rolled over into a qualified Individual Retirement Account (IRA). <br>Current and former City employees interested in learning more about their retirement benefits may contact CalPERS directly at (888)225-7377 or visit the CalPERS website at www.calpers.ca.gov. They may also contact the City of Oakland\'s Retirement Office at (510)238-6479, weekdays from 8:30am - 5:00pm.</p>\r\n\r\n\r\n\r\n\r\n\r\n<h3>Deferred Compensation</h3>\r\n\r\n\r\n\r\n\r\n\r\n\r\n\r\n\r\n\r\n<p>The Deferred Compensation Plan is a voluntary retirement plan. You can increase your retirement savings and reduce your tax burden by contributing to this 457(b) plan.<br>You can contribute as little as $10 per pay period. The maximum contribution allowed is defined by Federal regulations for the calendar year. You can choose from several investment options. The City does not contribute to nor match employee contributions to this plan.</p>\r\n\r\n\r\n\r\n\r\n\r\n<h2>Life Insurance</h2>\r\n\r\n\r\n\r\n\r\n\r\n\r\n\r\n\r\n\r\n<p>All full time employees including fire and police personnel have life insurance benefits. In the event of an employee\'s death, the beneficiary will receive an amount equal to the employee\'s current annual salary rounded up to the nearest $1,000. For example, if the annual salary is $35,500, the life insurance benefit would be $36,000.<br>If the death is the result of an accident, the beneficiary may receive an additional benefit equal to the life insurance amount.<br>The City pays the full premium cost for coverage. There is no employee contribution. Dependents are not eligible for this benefit.</p>\r\n\r\n\r\n\r\n\r\n\r\n<h2><br>Disability</h2>\r\n\r\n\r\n\r\n\r\n\r\n\r\n\r\n\r\n\r\n<p>Most part-time and full-time employees excluding police and fire personnel who experience a non-work-related illness or injury can apply for State Disability Insurance (SDI). This insurance is provided through the State of California\'s Employment Development Department.<br>Employees who do not qualify for SDI are covered by a third party administrator for both short- and long-term disability. Benefits begin after a seven-day period and are determined by several eligibility factors.</p>\r\n\r\n\r\n\r\n\r\n\r\n<h2><br>Medical Waivers</h2>\r\n\r\n\r\n\r\n\r\n\r\n\r\n\r\n\r\n\r\n<p>Upon proof of other medical coverage, employees may choose to waive or cancel medical benefits for themselves and eligible dependents and receive cash instead.</p>\r\n\r\n\r\n\r\n\r\n\r\n<h2><br>Flexible Spending Accounts</h2>\r\n\r\n\r\n\r\n\r\n\r\n\r\n\r\n\r\n\r\n<p>The City of Oakland offers three flexible spending programs: Medical Care Assistance Program (MCAP), Dependent Care Assistance Program (DCAP), Transit Program. <br>You contribute to these programs to pay for qualifying expenses with pre-tax dollars. This reduces the amount of tax dollars you pay. The IRS regulates these programs. Please visit the third party administrator website for specific information about the plans at http://www.cbadministrators.com.<br>The Medical Care Assistance Program (MCAP) allows an employee to pay for medical, dental and vision care expenses with pre-tax dollars up to $2,500 each year. Estimate your annual out-of-pocket medical costs to decide how much to contribute. The City will withhold contributions from your paycheck every two weeks.<br>The Dependent Care Assistance Program (DCAP) allows an employee to pay for dependent care expenses with pre-tax dollars up to $5000 per household. Only necessary dependent care that allows you, or both you and your spouse together, to work is eligible. Estimate your annual dependent-care costs to decide how much to contribute. The City will withhold contributions from your paycheck every two weeks.<br>After you pay for eligible expenses, submit a claim to the third party administrator for reimbursement.<br>The Transit Program allows an employee to pay for mass transit and parking with pre-tax dollars. Estimate your monthly transportation costs to decide how much to contribute. You may have to pay an administrative fee for the program.</p>\r\n\r\n\r\n\r\n\r\n\r\n\r\n\r\n\r\n\r\n<p>The third party administrator will mail you a monthly voucher or transit card. You may use vouchers or transit cards at locations that accept tickets and passes. For more information, visit CBA, the third party administrator\'s website at http://www.cbadministrators.com.</p>', NULL, NULL, NULL, NULL, NULL, NULL, '[]', NULL, NULL, NULL, 'information', NULL, NULL, NULL, NULL, NULL, NULL, NULL, NULL, NULL, NULL, NULL, '2015-12-18 23:26:06', '2016-01-07 00:52:22', '03462828-1ce3-4183-bdc5-eca1f4964153'),
 ('202', '202', 'en_us', 'Application Process & Support', '', '', '', '<p>Working for the City of Oakland comes with many benefits!</p><ul><li>Job security</li><li>Diverse workforce</li><li>Benefits including health care coverage for you and your family</li></ul>\r\n\r\n\r\n\r\n\r\n\r\n<p>The City manages hiring differently than private companies. Most hiring is guided by the Civil Service Board. Click here to learn more about the Civil Service Board.</p>\r\n\r\n<p>The information below is provided to guide you through the hiring process and answer frequently asked questions. These guidelines describe the AVERAGE process for hiring through the Civil Service Board. You may want to bookmark this page for reference.</p>\r\n\r\n<p>Your individual experience may differ from this process. If you have questions, please contact_______________________</p>\r\n\r\n<p>Stages of the hiring process<br></p>\r\n\r\n<ol><li>Search for open positions</li><li>Apply for a position</li><li>Application review</li><li>Civil service examination</li><li>Placement on eligibility list</li><li>Department interview</li><li>Receipt of job offer</li></ol>\r\n\r\n\r\n\r\n\r\n\r\n\r\n\r\n\r\n\r\n\r\n\r\n<p>Read more below for details about each step in the process.</p><h2><br>1. Search for open positions</h2><p>\r\n\r\nThere are four ways that you can search for current job openings with the City of Oakland.<br></p><ol><li>Search online at Apply Online for Current Job Openings.</li><li>Visit City of Oakland offices to see posted job announcements.</li><li>Visit one of our One-Stop Career Centers throughout the City of Oakland.</li><li>Visit the City of Oakland Human Resources Department at 150 Frank H. Ogawa Plaza, 2nd Floor Suite 2352 from 8:30 am to 5:00 pm, Monday - Friday.</li></ol>\r\n\r\n\r\n\r\n\r\n\r\n\r\n\r\n<p>If you don’t see a job you want yet, you can set up an alert to learn when a future job is posted. Complete a job interest card to receive this alert. For the next 12 months, you will receive an email when a new position matches the category you choose. &nbsp;</p><h2>2. Apply for a position</h2>\r\n\r\n<p>To apply to a specific position, you must submit your application online at Apply Online for Current Job Openings by the closing date. The Human Resources Department will email you to confirm receiving the application.</p>\r\n\r\n<p>If you do not have access to a computer or Internet access, you can use a computer at any location of the <a href=\"http://oaklandlibrary.org/using-library/locations-hours\">City of Oakland Public Library</a>. You can also use a work station of the City of Oakland Department of Human Resources Management at 150 Frank H. Ogawa Plaza, 2nd Floor, Oakland, CA 94612 from 9 am to 5 pm.</p>\r\n\r\n<p>Need help applying? Call NeoGov at (877) 204-4442 for technical questions. For all other questions, call (510) 238-3112, TTY 238-3254.</p>\r\n\r\n<p><strong>Veterans:</strong> You may be entitled to preference points which can help you get hired. To receive your points, you must have an honorable discharge. Submit Form DD214 with your application on or before the final filing date for the position. If you are a disabled veteran, submit proof of your disability from the Veteran’s Service with your application.</p>\r\n\r\n<p><strong>People with Criminal Convictions:</strong> You can still apply to a job with the City of Oakland. Each application will be given individual consideration, based on job-relatedness. All records of conviction(s) will be reviewed. This review may result in a request for additional information or termination if needed.</p><h2>3. Application review</h2>\r\n\r\n<p>Once your application is submitted, it will be reviewed in two stages.</p><ol><li>Review of minimum qualifications: The Human Resources Department will check that your experiences fits the qualifications listed in the job posting. If your application satisfies the criteria, it will move to the next stage.</li><li>Review of supplemental questions: Depending on the criteria of the job you applied to, you may be required to complete supplemental questions. You must complete these questions if the job announcement says that the questions are required. If these required questions are not answered, your application will not be considered. If the questions are optional, it is best to answer the questions as completely as possible. These responses may help your application move to the next stage of the hiring process.</li></ol>\r\n\r\n\r\n\r\n<h2>4. Civil service examination</h2>\r\n\r\n<p>Examinations may include any combination of the following activities:</p><ul><li>Application Reviews</li><li>Review for Minimum Qualifications</li><li>Supplemental Questionnaire</li><li>Multiple Choice/True-False Written Test</li><li>Problem Exercise/ Writing Sample Test</li><li>Performance Test</li><li>Oral Interview</li></ul>\r\n\r\n\r\n\r\n\r\n\r\n\r\n\r\n\r\n\r\n\r\n\r\n\r\n\r\n<p>The components of each examination are written in the job announcement for that examination.</p>\r\n\r\n<p>The purpose of the examination is to further assess your knowledge and ability as well as your education, experience and other factors related to the job for which you applied. </p>\r\n\r\nExam Preparation <br><ul><li>Refer to test booklets on general test taking available at Oakland Public Library and local bookstores. The City does not offer exam preparation materials.</li></ul>\r\n\r\nOral Interview Preparation<br><ul><li>Review the job description for the position to become familiar with the position duties.</li><li>Be prepared to tell the interviewer about your education, work experience and qualifications as it relates to the position you have applied for</li></ul>\r\n\r\n\r\n\r\n<p><strong>Persons with disabilities:</strong> Please contact the Human Resources Department if you need accommodations for the examination process. You will need to complete a form to share relevant information and what accommodation is required. &nbsp;Please attach a doctor\'s note.</p><h2><br>5. Placement on eligibility list</h2>\r\n\r\n<p>The eligibility list is a list of four people eligible for an open position in the hiring department. Candidates are listed in order based on their performance on the examination.</p>\r\n\r\n<p><strong>To learn your score and rank on the eligibility list,</strong> forward a self address stamped envelope to the Human Resource Department with your request.</p>\r\n\r\n<p>Once you are on an eligibility list, you can be sent on a maximum of four (4) job interviews with the hiring department. You can choose to decline up to three (3) different interviews for a position. After the third decline, your name will be removed from the eligibility list. </p>\r\n\r\n<p>If the hiring department does not select you, your name will stay on the eligibility list for up to two years for consideration for future positions in the hiring department.</p><h2><br>6. Department interview</h2>\r\n\r\n<h2>7. Receipt of job offer</h2>\r\n\r\n\r\n\r\n<p>Congratulations on your new role at the City of Oakland!</p>\r\n\r\n<h2>Frequently Asked Questions</h2>\r\n\r\n<p> &nbsp;&nbsp;<br>12. How do I report a change of address?<br>Applicants can update their contact information at any time after logging into their NeoGov account. Current employees should fill out a <a href=\"http://www2.oaklandnet.com/Government/o/HumanResources/a/FAQ/OAK039854\">change of address form</a> and submit it to the Department of Human Resources Management 150 Frank H. Ogawa Plaza, Suite 2352 Oakland CA, 94612.<br> <br>20. How do I obtain information about benefits for the job I am applying for?<br>Contact the Human Resource Department Benefits Unit at (510) 238-7295, TTY 238-3254 for Medical, Dental, Insurance, Employee Wellness and Deferred Compensation information.</p>', NULL, NULL, NULL, NULL, NULL, NULL, '[]', '[]', NULL, NULL, 'information', NULL, NULL, NULL, NULL, NULL, NULL, NULL, NULL, NULL, NULL, NULL, '2015-12-18 23:30:33', '2016-01-07 00:52:22', '10b9a05f-4c95-4660-aed3-2b05e7a07ed9'),
 ('212', '212', 'en_us', 'Apply Online for Current Job Openings', 'Apply Online for Current Job Openings', '', 'See all current job openings', '<p>Thank you for your interest in working for the City of Oakland!</p>\r\n\r\n\r\n\r\n\r\n\r\n<ul><li>For current City of Oakland or Port of Oakland employees, click here to view openings.</li><li>For&nbsp;Port of Oakland jobs, click here to see available openings.</li></ul>\r\n\r\n\r\n\r\n\r\n\r\n\r\n\r\n<h3 id=\"how-to-get-started-first-time-applicants\">How to Get Started: First-Time Applicants</h3>\r\n\r\n\r\n\r\n\r\n\r\n\r\n\r\n<ul>\r\n  <li>Search for jobs that fit your skills and interests.</li>\r\n  <li>Save your search by setting up a job alert in a Job Interest Card.</li>\r\n  <li>This will send you emails when new jobs open that fit your search criteria.</li>\r\n  <li>Click the “Apply” link of a job you are interested in.</li>\r\n  <li>Create an account.</li>\r\n  <li>Select a username and password.</li>\r\n  <li>Click the “Build Job Application” link to start your application.</li>\r\n  <li>Save your application as you complete sections.</li>\r\n  <li>The NeoGov system will save your information every 15 minutes.</li>\r\n  <li>You can save and use your application to apply for other job openings.</li>\r\n</ul>\r\n\r\n\r\n\r\n\r\n\r\n\r\n\r\n<p><em>Online applications are stored on a secure site. Only authorized employees and hiring authorities have access to the information submitted.</em></p>\r\n\r\n\r\n\r\n\r\n\r\n\r\n\r\n<h3 id=\"tips-for-completing-your-application\">Tips for Completing Your Application</h3>\r\n\r\n\r\n\r\n\r\n\r\n\r\n\r\n<ul>\r\n  <li>Review the supplemental questions, if any are included.</li>\r\n  <li>You may want to complete supplemental questions outside of the NeoGov system.</li>\r\n  <li>Other recommendations include:</li>\r\n  <li>Gather information about your education and work experience.</li>\r\n  <li>Provide specific information in your answers such as dates, locations, data, and references.</li>\r\n  <li>Write responses in a word processing program such as Microsoft Word.</li>\r\n  <li>Copy and paste these responses into the NeoGov system.</li>\r\n  <li>Complete and submit your application before the closing date for consideration.</li>\r\n</ul>', NULL, NULL, NULL, NULL, NULL, NULL, '[]', '[]', NULL, NULL, 'information', NULL, NULL, NULL, NULL, NULL, NULL, NULL, NULL, NULL, NULL, NULL, '2015-12-18 23:48:50', '2016-01-07 00:52:22', 'd0d060c4-c6a7-49de-8d42-5aa69e010c36'),
 ('222', '222', 'en_us', 'What To Do If Your Car Is Booted', '', '', '', '<aside>\r\n**Do not attempt to drive your vehicle because severe damage may occur.** \r\n</aside>\r\n\r\n<p>The parking boot program targets the most serious parking violators who have <strong>five (5) or more unpaid parking tickets</strong>.</p>\r\n\r\n\r\n\r\n\r\n\r\n<h3 id=\"what-to-know\">What to Know</h3>\r\n\r\n\r\n\r\n<ul>\r\n  <li>A sticker will be displayed on a window of your vehicle showing that your vehicle has been booted.</li>\r\n  <li>This sticker will include instructions in English, Chinese and Spanish.</li>\r\n  <li>Call the telephone number for the Help Center at (800) 500-6484 anytime for more information.</li>\r\n  <li>Phone assistance is available in multiple languages.</li>\r\n</ul>\r\n\r\n\r\n\r\n\r\n\r\n<h3 id=\"how-to-remove-the-boot-from-your-vehicle\">How to Remove the Boot from Your Vehicle</h3>\r\n\r\n\r\n\r\n\r\n\r\n<p>Pay the fines for the unpaid tickets. You can make payments by phone or in person. In most cases, you can drive your vehicle in about five minutes. Payment plan options are available. Please call the Help Center at (800) 500-6484 for more information.</p>\r\n\r\n\r\n\r\n\r\n\r\n<aside>By Phone: Call the Help Center at (800) 500-6484.</aside>\r\n\r\n\r\n\r\n\r\n\r\n<ol>\r\n  <li>Pay the fines with a credit/debit card or e-check.</li>\r\n  <li>The operator will provide a six-digit code.</li>\r\n  <li>This six-digit code will allow removal of the boot without damage to your vehicle.</li>\r\n  <li>Call the Help Center at (800) 500-6484 if you need assistance with boot removal steps.</li>\r\n  <li>Return the boot to the location provided by the Help Center.</li>\r\n</ol>\r\n\r\n\r\n\r\n\r\n\r\n<aside>In Person: Go to the Parking Citation Assistance Center, 250 Frank H. Ogawa Plaza, 6th Floor.</aside>\r\n\r\n\r\n\r\n<ol>\r\n  <li>Pay the fines in cash.</li>\r\n  <li>You will receive a six-digit code.</li>\r\n  <li>This six-digit code will allow removal of the boot without damage to your vehicle.</li>\r\n  <li>Call the Help Center if you need assistance with boot removal steps.</li>\r\n  <li>Return the boot to the location provided by the Parking Assistance Center.</li>\r\n</ol>\r\n\r\n\r\n\r\n\r\n\r\n<table>\r\n<thead>\r\n<tr><th>Location</th><th>Hours</th></tr>\r\n</thead>\r\n<tbody>\r\n<tr><td style=\"background-color:white\">\r\nParking Citation Assistance Center\r\n250 Frank H. Ogawa Plaza, Suite 6300\r\nOakland, CA 94612\r\nPhone: (800) 500-6484\r\n</td><td>\r\nMondays, Tuesdays, Thursdays and Fridays from 9 a.m. to 4:30 p.m.\r\nWednesdays from 9:30 a.m. to 4:30 p.m.\r\n</td></tr>\r\n</tbody>\r\n</table>', NULL, NULL, NULL, NULL, NULL, NULL, '[]', '[]', NULL, NULL, 'information', NULL, NULL, NULL, NULL, NULL, NULL, NULL, NULL, NULL, NULL, NULL, '2015-12-18 23:49:30', '2016-01-07 00:52:22', '30e7b84a-84a8-421a-9363-a3b563bc8d3a'),
 ('232', '232', 'en_us', 'What To Do If Your Car Is Towed', '', '', '', '<p>If you believe your vehicle has been towed, please call A&B Vehicle Processing at (510) 635-3211 or visit <a href=\"http://www.abimpound.com./towed.html\">http://www.abimpound.com./towed.html</a> to confirm.</p>\r\n\r\n<h3 id=\"what-to-know\">What to Know</h3>\r\n\r\n\r\n\r\n\r\n\r\n<p>A vehicle can be towed in Oakland for any of the following reasons:</p>\r\n\r\n\r\n\r\n\r\n\r\n<ul>\r\n  <li>A boot is placed on the vehicle, and payment for the boot fee and parking tickets have not been received</li>\r\n  <li>A vehicle registration (plate tag) has been expired for more than six (6) months</li>\r\n  <li>A vehicle has more than $2,500 in unpaid parking tickets</li>\r\n  <li>A vehicle has five (5) or more unpaid tickets in the State of California</li>\r\n</ul>\r\n\r\n\r\n\r\n\r\n\r\n<h3 id=\"how-to-get-your-vehicle-released\">How to Get Your Vehicle Released</h3>\r\n\r\n\r\n\r\n\r\n\r\n<ol>\r\n  <li>Pay all of your unpaid parking tickets in Oakland. Payment plans are not available for towed vehicles.</li>\r\n  <li>Visit or call the Parking Citation Assistance Center to make payments.</li>\r\n  <li>Pay fees for towing and storage directly to the tow company.</li>\r\n  <li>You may need to pay unpaid tickets from all other cities in California to have your vehicle released.</li>\r\n</ol>\r\n\r\n\r\n\r\n\r\n\r\n<h3 id=\"for-more-information\">For More Information</h3>\r\n\r\n\r\n\r\n<table>\r\n<thead>\r\n<tr><th>Location</th><th>Hours</th></tr>\r\n</thead>\r\n<tbody>\r\n<tr><td style=\"background-color:white\">\r\nParking Citation Assistance Center\r\n\r\n250 Frank H. Ogawa Plaza, Suite 6300\r\n\r\nOakland, CA 94612\r\n\r\nPhone: (800) 500-6484\r\n</td><td>\r\nMondays, Tuesdays, Thursdays and Fridays from 9 a.m. to 4:30 p.m.\r\nWednesdays from 9:30 a.m. to 4:30 p.m.\r\n</td></tr>\r\n</tbody>\r\n</table>\r\n\r\n\r\n\r\n\r\n\r\n<p>Only the registered owner of the towed vehicle can contest one or more of the unpaid tickets.</p>\r\n\r\n\r\n\r\n\r\n\r\n<p>Please visit the Parking Citation Assistance Center at 250 Frank H. Ogawa Plaza, Suite 6300 or call the Center at (510) 238-4484.</p>', NULL, NULL, NULL, NULL, NULL, NULL, '[]', '[]', NULL, NULL, 'information', NULL, NULL, NULL, NULL, NULL, NULL, NULL, NULL, NULL, NULL, NULL, '2015-12-18 23:50:15', '2016-01-07 00:52:22', '744f10fd-c4e8-43ba-99ae-8a3629e5d73a'),
 ('252', '252', 'en_us', 'Additional Parking Information', NULL, 'When, where and how to legally park', NULL, NULL, NULL, NULL, NULL, NULL, NULL, NULL, '[]', '[]', NULL, NULL, 'information', NULL, NULL, NULL, NULL, NULL, NULL, NULL, NULL, NULL, NULL, NULL, '2015-12-18 23:55:17', '2016-01-07 00:52:22', '76acd3a5-6305-4a8c-85a9-0c7bc4ca736f'),
 ('262', '262', 'en_us', 'Understanding Curb Colors', '', '', '', '<aside>\r\nPlease look for posted signs and curb colors when you park.\r\n\r\nFaded curb colors are still enforced.</aside>\r\n\r\n<table>\r\n<thead>\r\n<tr><th>Curb Color</th><th>Meaning</th></tr>\r\n</thead>\r\n<tbody>\r\n<tr><td><strong>Red</strong></td><td>No stopping, standing or parking at any time</td></tr>\r\n<tr><td><strong>Yellow</strong></td><td>For loading and unloading of passengers and materials between 7 a.m. and 6 p.m. The loading or unloading of passengers should not exceed 3 minutes and the loading or unloading of materials from a vehicle with commercial plates should not exceed 30 minutes. \r\n\r\nThis parking restriction does not apply on Sundays and parking holidays.</td></tr>\r\n<tr><td><strong>White</strong></td><td>For loading and unloading of passengers which should not exceed three minutes. Most white curb restrictions apply from 7 a.m. to 6 p.m. except:\r\n<ul>\r\n<li>Parking on a white curb in front of a hotel or hospital is restricted at all times.</li>\r\n<li>Parking in front of a theater, hall or other place of public assembly shall apply at all times except when the theater or hall is closed, and then a vehicle may park in the white zone for no longer than one hour.</li>\r\n</ul></td></tr>\r\n<tr><td><strong>Green</strong></td><td>No standing or parking for longer than 12 minutes at any time between 8 a.m and 6 p.m., excluding Sundays and parking holidays.</td></tr>\r\n<tr><td><strong>Blue</strong></td><td>For parking by physically handicapped person whose vehicles display either a valid placard or license plate for the disabled.</td></tr>\r\n</tbody>\r\n</table>\r\n\r\n\r\n\r\n\r\n\r\n<p><strong>Please note - faded curb colors are still enforced.</strong> You can report a curb that needs repainting by reporting it to:</p>\r\n\r\n\r\n\r\n\r\n\r\n<p><strong>Public Works Call Center</strong></p>\r\n\r\n\r\n\r\n\r\n\r\n<p>Phone: (510) 615-5566</p>\r\n\r\n\r\n\r\n\r\n\r\n<p>Email: <a href=\"mailto://opwcallcenter@oaklandnet.com\">opwcallcenter@oaklandnet.com</a></p>\r\n\r\n\r\n\r\n\r\n\r\n<p>Online: <a href=\"http://gismaps.oaklandnet.com/srwebsite/ServiceType.aspx\">Report a Problem</a></p>\r\n\r\n\r\n\r\n\r\n\r\n<p>Mobile App: <a href=\"http://en.seeclickfix.com/oakland\">SeeClickFix</a></p>\r\n\r\n\r\n\r\n\r\n\r\n<p>For additional assistance with parking limitations for each curb color, please contact the Parking Citation Assistance Center at (800) 500-6484.</p>', NULL, NULL, NULL, NULL, NULL, NULL, '[]', '[]', NULL, NULL, 'information', NULL, NULL, NULL, NULL, NULL, NULL, NULL, NULL, NULL, NULL, NULL, '2015-12-18 23:56:20', '2016-01-07 00:52:22', '9ddc7bca-2b6b-44b9-b3d7-c3537aebd6bc'),
 ('272', '272', 'en_us', 'Find a City Owned Parking Garage', '', '', '', '<p>To find a City-owned garage or lot, check out the Oakland Parking Map below.</p>\r\n\r\n<p>Please contact the parking operator if you have questions about a specific garage.</p>\r\n\r\n\r\n\r\n\r\n\r\n<p>You can find contact information on the map below by clicking on the “P” linked to the garage.</p>\r\n\r\n\r\n\r\n\r\n\r\n<p>A limited number of monthly parking permits are available at some metered outdoor lots. If you have questions about these permits, please call (510) 238-6154.</p>\r\n\r\n\r\n\r\n\r\n\r\n<iframe src=\"https://www.google.com/maps/d/embed?mid=zl4zo8vL6AEs.k8zY7kXNO4-A&hl=en\" width=\"640\" height=\"480\"></iframe>', NULL, NULL, NULL, NULL, NULL, NULL, '[]', '[]', NULL, NULL, 'information', NULL, NULL, NULL, NULL, NULL, NULL, NULL, NULL, NULL, NULL, NULL, '2015-12-18 23:57:44', '2016-01-07 00:52:22', '92d89807-5ec8-4a06-850d-307e25f58ccf'),
 ('282', '282', 'en_us', 'Parking Hours and Rates', '', '', '', '<aside>\r\nPlease look for posted signs and curb colors when you park.\r\n</aside>\r\n\r\n<p>Meter hours in Oakland, CA are Monday through Saturday from 8 a.m. to 6 p.m.</p>\r\n\r\n\r\n\r\n\r\n\r\n<p>It costs $2 per hour to park at a parking meter.</p>\r\n\r\n\r\n\r\n\r\n\r\n<p>Parking is free on the following holidays:</p>\r\n\r\n\r\n\r\n\r\n\r\n<ul>\r\n  <li>New Year’s Day - January 1</li>\r\n  <li>Martin Luther King, Jr. Birthday - Third Monday of January</li>\r\n  <li>President’s Day - Third Monday of February</li>\r\n  <li>Memorial Day - Last Monday of May</li>\r\n  <li>Independence Day - July 4</li>\r\n  <li>Labor Day - First Monday of September</li>\r\n  <li>Thanksgiving Day - Fourth Thursday of November</li>\r\n  <li>Christmas Day - December 25</li>\r\n</ul>\r\n\r\n\r\n\r\n\r\n\r\n<p>If any of these holidays falls upon a Sunday, the following Monday is a holiday.</p>', NULL, NULL, NULL, NULL, NULL, NULL, '[]', '[]', NULL, NULL, 'information', NULL, NULL, NULL, NULL, NULL, NULL, NULL, NULL, NULL, NULL, NULL, '2015-12-18 23:59:19', '2016-01-07 00:52:23', '3c7d954e-2e21-4576-92a4-14f29a325129'),
 ('292', '292', 'en_us', 'Street Sweeping Restrictions', '', '', '', '<p>Please look for street sweeping signs and curb colors when you park.The City cleans major roads and commercial areas at night. Residential areas are swept during the day.</p><p>You can see when street sweeping is scheduled for your block on official signage. These signs list restricted times for parks. Please move your vehicle accordingly.</p><p>[insert picture of a parking sign as an example] [insert map that city is working on that shows what time street sweeping is on each street]</p>', NULL, NULL, NULL, NULL, NULL, NULL, '[]', '[]', NULL, NULL, 'information', NULL, NULL, NULL, NULL, NULL, NULL, NULL, NULL, NULL, NULL, NULL, '2015-12-19 00:00:22', '2016-01-07 00:52:23', 'f1b9f49f-3f6f-4aef-a305-53a3e3277c56'),
 ('302', '302', 'en_us', 'Disabled Person Parking', '', '', '', '<h2 id=\"disabled-person-parking-privileges\">Disabled Person Parking Privileges</h2>\r\n\r\n<p>People with disabilities and Disabled Veterans with a valid license plate or placard issued by the California DMV may park in the following areas:</p>\r\n\r\n\r\n\r\n<ul>\r\n  <li>\r\n    <p>In parking spaces with the International Symbol of Access (wheelchair symbol).</p>\r\n  </li>\r\n  <li>\r\n    <p>Next to a blue curb authorized for persons with disabilities parking.</p>\r\n  </li>\r\n  <li>Next to a green curb (green curbs indicate limited time parking) for as long as you wish. There is no time limit with a DP placard, DP license plates or DV license plates.</li>\r\n  <li>In an on-street metered parking space at no charge for as long as you wish. There is no time limit with a DP placard, DP license plates or DV license plates.</li>\r\n  <li>In an area that indicates it requires a resident or merchant permit for as long as you wish. There is no time limit with a DP placard, DP license plates or DV license plates.</li>\r\n</ul>\r\n\r\n\r\n\r\n\r\n\r\n<h2 id=\"disabled-person-parking-limitations\">Disabled Person Parking Limitations</h2>\r\n\r\n\r\n\r\n\r\n\r\n<p>You may <strong>not park</strong>:</p>\r\n\r\n\r\n\r\n\r\n\r\n<ul>\r\n  <li>\r\n    <p>In spaces marked with a crosshatched pattern next to a parking space with the International Symbol of Access (wheelchair symbol). These spaces are for wheelchair and wheelchair lift access.</p>\r\n  </li>\r\n  <li>Next to red curbs, which indicate no stopping, standing or parking.</li>\r\n  <li>\r\n    <p>Next to yellow curbs, which are for commercial vehicles to load and unload passengers or freight.</p>\r\n  </li>\r\n  <li>Next to white curbs, which are for loading and unloading passengers or depositing mail in an adjacent mailbox.</li>\r\n</ul>\r\n\r\n\r\n\r\n\r\n\r\n<ul></ul>\r\n\r\n\r\n\r\n\r\n\r\n<table>\r\n<thead>\r\n<tr><th>Parking Areas</th><th>Meaning</th></tr>\r\n</thead>\r\n<tbody>\r\n<tr><td style=\"background-color:blue\"><strong>Handicapped symbol</strong></td><td>You can park in spaces with the International Symbol of Access</td></tr>\r\n<tr><td style=\"background-color:blue\"><strong>Blue</strong></td><td>This parking is reserved for persons with disabilities.</td></tr>\r\n<tr><td style=\"background-color:green\"><strong>Green</strong></td><td>You can park here as long as you want with a valid placard or license plate for the disabled.</td></tr>\r\n<tr><td style=\"background-color:white\"><strong>Parking Meter</strong></td><td>\r\nYou can park here as long as you want with a valid placard or license plate for the disabled. </td></tr>\r\n<tr><td style=\"background-color:white\"><strong>Resident and Merchant Permit Parking</strong></td><td>\r\nYou can park here as long as you want with a valid placard or license plate for the disabled. </td></tr>\r\n</tbody>\r\n</table>\r\n\r\n\r\n\r\n\r\n\r\n<h2 id=\"disabled-person-parking-limitations-1\">Disabled Person Parking Limitations</h2>\r\n\r\n\r\n\r\n\r\n\r\n<p>People with disabilities and Disabled Veterans with a valid license plate or placard issued by the California DMV may not park in the following areas:</p>\r\n\r\n\r\n\r\n\r\n\r\n<table>\r\n<thead>\r\n<tr><th>Parking Areas</th><th>Meaning</th></tr>\r\n</thead>\r\n<tbody>\r\n<tr><td style=\"background-color:white\"><strong>Crosshatched or Striped Areas</strong></td><td>\r\nYou can not park in spaces with a striped or crosshatched pattern.\r\n</td></tr>\r\n<tr><td style=\"background-color:red\"><strong>Red</strong></td><td>\r\nYou can not stop, idle or park your car.\r\n</td></tr>\r\n<tr><td style=\"background-color:yellow\"><strong>Yellow</strong></td><td>These areas are reserved for commercial vehicles.</td></tr>\r\n<tr><td style=\"background-color:white\"><strong>White</strong></td><td>These areas are reserved for picking up and dropping off passengers.\r\n</td></tr>\r\n</tbody>\r\n</table>', NULL, NULL, NULL, NULL, NULL, NULL, '[]', '[]', NULL, NULL, 'information', NULL, NULL, NULL, NULL, NULL, NULL, NULL, NULL, NULL, NULL, NULL, '2015-12-19 00:04:21', '2016-01-07 00:52:23', '30f5b603-80e1-4008-a72e-a1f5a6b67374'),
 ('312', '312', 'en_us', 'Apply for Disabled Persons Parking Placards and Plates', 'Apply with the California DMV', '', 'http://www.dmv.ca.gov/pubs%2Fbrochures/fast_facts/ffvr07.htm', '<p>You may qualify for a Disabled Person placard or license plates if you have one or more of the conditions below.</p>\r\n\r\n<ul>\r\n  <li>Inability to use one or more lower limbs, or both hands</li>\r\n  <li>Diagnosed disease that impairs or interferes with mobility</li>\r\n  <li>Severe disability that leaves you unable to move without an assistive device</li>\r\n  <li>Documented problems with your eyesight such as lower-vision or partial-sightedness</li>\r\n  <li>The City of Oakland does not issue Disabled Person placards or license plates</li></ul>\r\n\r\n\r\n\r\n\r\n\r\n\r\n\r\n\r\n\r\n<h3 id=\"illegal-use-of-disabled-parking\">Illegal Use of Disabled Parking</h3>\r\n\r\n\r\n\r\n\r\n\r\n\r\n\r\n\r\n\r\n<p>Only the disabled driver issued the placard or plates can use the parking placard or plates.</p>\r\n\r\n\r\n\r\n\r\n\r\n\r\n\r\n\r\n\r\n<p>A driver that does any of the actions below can receive tickets and fines.</p>\r\n\r\n\r\n\r\n\r\n\r\n\r\n\r\n\r\n\r\n<ul>\r\n  <li>Lend your Disabled Person placard to someone else</li>\r\n  <li>Use someone else’s Disabled Person placard</li>\r\n  <li>Have or display a fake Disabled Person placard or license plates</li>\r\n</ul>\r\n\r\n\r\n\r\n\r\n\r\n\r\n\r\n\r\n\r\n<p>Report illegal use of Disabled Person placards and plates. Please call Parking Enforcement at (510) 238-3099.</p>', NULL, NULL, NULL, NULL, NULL, NULL, '[]', '[]', NULL, NULL, 'information', NULL, NULL, NULL, NULL, NULL, NULL, NULL, NULL, NULL, NULL, NULL, '2015-12-19 00:06:15', '2016-01-07 00:52:23', '9fba885b-3aba-4ece-90b6-c45f9f37e79d'),
 ('322', '322', 'en_us', 'What to do with Booted or Towed Cars', NULL, 'Find out what to do and who to contact when your car is booted or towed', NULL, NULL, NULL, NULL, NULL, NULL, NULL, NULL, '[]', '[]', NULL, NULL, 'information', NULL, NULL, NULL, NULL, NULL, NULL, NULL, NULL, NULL, NULL, NULL, '2015-12-19 00:49:18', '2016-01-07 00:52:23', '8f8fe8d8-f32b-41fa-9137-f227b3595bb7'),
 ('332', '332', 'en_us', 'Costs of Common Parking Violations', '', '', '', '<h2>Common Violations</h2>\r\n\r\n\r\n\r\n\r\n\r\n<p>Parking fines depend on the type of parking violation. \r\nBelow are some common violations, including their legal reference and the fine.</p>\r\n\r\n\r\n\r\n\r\n\r\n\r\n\r\n\r\n\r\n<table>\r\n<thead>\r\n<tr><th>Common violations</th><th>Fine</th><th>\r\nOakland Municipal Code reference</th><th>Legal definition</th></tr>\r\n</thead>\r\n<tbody>\r\n<tr><td>\r\nYour meter time ran out\r\n</td><td>\r\n$58\r\n</td><td>\r\n10.36.050\r\n</td>\r\n<td>Expired meter</td>\r\n</tr><tr><td>\r\nYour parking receipt was not visible in your vehicle\r\n</td><td>\r\n$58\r\n</td><td>\r\n10.36.030B\r\n</td>\r\n<td>\r\nFailure to display parking receipt\r\n</td>\r\n</tr><tr><td>\r\nYou parked in a no parking zone</td><td>\r\n$83\r\n</td><td>\r\n10.40.020A1\r\n</td>\r\n<td>\r\nParking in a red zone\r\n</td>\r\n</tr><tr><td>\r\nYou parked in an area reserved for buses</td><td>\r\n$265\r\n</td><td>\r\n10.40.090E\r\n</td>\r\n<td>\r\nParking in a bus zone\r\n</td>\r\n</tr><tr><td>\r\nYou double parked your vehicle</td><td>\r\n$41\r\n</td><td>\r\n10.08.150\r\n</td>\r\n<td>\r\nImpeding a lane of traffic\r\n</td>\r\n</tr><tr><td>\r\nYou didn’t turn your wheels correctly to park on a hill\r\n</td><td>\r\n$45\r\n</td><td>\r\n10.16.090\r\n</td>\r\n<td>\r\nFailure to cramp wheels on grade\r\n</td>\r\n</tr><tr><td>\r\nYou parked in the wrong direction on a one-way street\r\n</td><td>\r\n$48\r\n</td><td>\r\n10.28.040\r\n</td>\r\n<td>\r\nParking in the wrong direction on a one-way street\r\n</td>\r\n</tr><tr><td>\r\nYou parked in the wrong direction on a two-way street\r\n</td><td>\r\n$63\r\n</td><td>\r\n10.28.040B\r\n</td>\r\n<td>\r\nParking in the wrong direction on a two-way street\r\n</td>\r\n</tr><tr><td>\r\nYou parked in an area with permit parking without the correct permit\r\n</td><td>\r\n$83\r\n</td><td>\r\n10.44.120A\r\n</td>\r\n<td>\r\nParking in a Residential Parking Permit Zone\r\n</td></tr></tbody></table>', NULL, NULL, NULL, NULL, NULL, NULL, '[]', '[]', NULL, NULL, 'information', NULL, NULL, NULL, NULL, NULL, NULL, NULL, NULL, NULL, NULL, NULL, '2015-12-19 01:00:21', '2016-01-07 00:52:23', '576d8deb-d02f-4131-b389-eb13502a09ed'),
 ('362', '362', 'en_us', 'Job Application Process', NULL, 'Includes information on the application process and employment regulations', NULL, NULL, NULL, NULL, NULL, NULL, NULL, NULL, '[]', '[]', NULL, NULL, 'information', NULL, NULL, NULL, NULL, NULL, NULL, NULL, NULL, NULL, NULL, NULL, '2016-01-07 00:48:03', '2016-01-07 00:52:24', 'a89b16b0-60a5-47aa-8c4b-81bc609b355c'),
 ('372', '372', 'en_us', 'Civil Service Board', '', '', '', '<h3 id=\"responsibilities\">Responsibilities</h3>\r\n\r\n<ul>\r\n  <li>Enforces the City’s personnel system and Civil Service Rules</li>\r\n  <li>Approve exemption of positions from competitive service</li>\r\n  <li>Approves classification specifications</li>\r\n  <li>Performs other duties described in specific City laws and the Personnel Manual of the Civil Service Board</li>\r\n  <li>Hears appeals on merit system issues.</li>\r\n</ul>\r\n\r\n\r\n\r\n<h3 id=\"membership\">Membership</h3>\r\n\r\n\r\n\r\n<ul>\r\n  <li>The Mayor appoints the seven members of the Civil Service Board.</li>\r\n  <li>A majority of City Council must confirm each member.</li>\r\n  <li>Each member can serve for a three-year term.</li>\r\n  <li>A member can serve up to two consecutive terms.</li>\r\n  <li>Other staff include the Personnel Director and an attorney from the Office of the City Attorney.</li>\r\n</ul>\r\n\r\n\r\n\r\n\r\n\r\n<h3 id=\"activities\">Activities</h3>\r\n\r\n\r\n\r\n\r\n\r\n<ul>\r\n  <li>The Civil Service Board meets every third Thursday at 5:30 P.M., at One Frank H. Ogawa Plaza, Hearing Room 1</li>\r\n  <li>All meetings are open unless a special closed session is scheduled.</li>\r\n  <li>The general public can comment on any agenda item and speak in an open forum.</li>\r\n</ul>\r\n\r\n\r\n\r\n\r\n\r\n<h3 id=\"more-resources\">More Resources</h3>\r\n\r\n\r\n\r\n<ul>\r\n  <li>Section 901 of the Charter of the City of Oakland (About the Civil Service Board)</li>\r\n  <li>Article IX of the Charter, Personnel Administration (City of Oakland Personnel System)</li>\r\n  <li>Ordinance No. 13120 CMS</li>\r\n  <li>Ordinance No. 11777 CMS</li>\r\n  <li>Personnel Manual of the Civil Service Board</li>\r\n  <li>Brown Act and the City’s Sunshine Ordinance (closed sessions)</li>\r\n</ul>', NULL, NULL, NULL, NULL, NULL, NULL, '[]', '[]', NULL, NULL, 'information', NULL, NULL, NULL, NULL, NULL, NULL, NULL, NULL, NULL, NULL, NULL, '2016-01-07 00:49:13', '2016-01-07 00:52:24', '66638691-47ae-4ce9-8f79-0efc3d68a075'),
 ('382', '382', 'en_us', 'Employee Assistance Program (EAP)', '', '', '', '<p>The employee assistance program (EAP) provides City of Oakland employees and their families with free resources. These benefits help address personal and work-related problems. City employees and their families may use these services confidentially.</p>\r\n\r\n<h3 id=\"examples-of-eap-services\">Examples of EAP Services</h3>\r\n\r\n\r\n\r\n\r\n\r\n<ul>\r\n  <li>In-person counseling</li>\r\n  <li>Substance abuse treatment</li>\r\n  <li>Free legal advice and referrals</li>\r\n  <li>Financial services</li>\r\n  <li>Services for your family</li>\r\n</ul>\r\n\r\n\r\n\r\n\r\n\r\n<p>Claremont EAP manages the EAP for the City of Oakland. Request services by contacting their counselors.</p>\r\n\r\n\r\n\r\n\r\n\r\n<h3 id=\"how-to-request-eap-services\">How to Request EAP Services</h3>\r\n\r\n\r\n\r\n\r\n\r\n<table>\r\n<thead>\r\n<tr><th>\r\nPhone</th><th>Online</th></tr>\r\n</thead>\r\n<tbody>\r\n<tr><td style=\"background-color:white\">\r\nClaremont EAP: (800) 834-3773\r\n</td><td>\r\n[Enroll online](http://claremonteap.personaladvantage.com/gateway.jsp?SingleSignIn:refid=10349826.)\r\n</td></tr>\r\n</tbody>\r\n</table>', NULL, NULL, NULL, NULL, NULL, NULL, '[]', '[]', NULL, NULL, 'information', NULL, NULL, NULL, NULL, NULL, NULL, NULL, NULL, NULL, NULL, NULL, '2016-01-07 00:50:18', '2016-01-07 00:52:24', '2b7f73d6-13a0-4cf2-bf7f-113ae45560fa'),
 ('392', '392', 'en_us', 'Requesting a Civil Service Board Hearing or Appeal', '', '', '', '<h3 id=\"what-to-know\">What to Know</h3>\r\n\r\n<p>If you are a <strong>permanent classified employee</strong>:</p>\r\n\r\n\r\n\r\n\r\n\r\n<ul>\r\n  <li>You can appeal the following disciplinary actions:</li>\r\n  <li>Suspension</li>\r\n  <li>Fine</li>\r\n  <li>Demotion</li>\r\n  <li>Discharge</li>\r\n  <li>The Personnel Director receives all notices of appeal.</li>\r\n  <li>Submit your notice of appeal within 10 working days of the final notice of discipline.</li>\r\n  <li>Your union has defined rules to file an appeal and request a hearing in a Memorandum of Understanding.</li>\r\n  <li>Click here to find your union’s Memorandum of Understanding (MOUs) http://www2.oaklandnet.com/Government/o/CityAdministration/d/EmployeeRelations/MOUsandCivilServiceRules/index.htm</li>\r\n</ul>\r\n\r\n\r\n\r\n\r\n\r\n<p>If you are a <strong>probationary classified employee</strong>:</p>\r\n\r\n\r\n\r\n\r\n\r\n<ul>\r\n  <li>You can appeal losing your job under certain conditions.</li>\r\n  <li>If you were not evaluated according to the rules of the Personnel Manual.</li>\r\n  <li>If you were not released according to the rules of the Personnel Manual.</li>\r\n  <li>The Personnel Director receives all notices of appeal.</li>\r\n  <li>Submit your notice of appeal within 5 working days of notice of losing your job.</li>\r\n  <li>Your union has defined rules to file an appeal and request a hearing in a Memorandum of Understanding.</li>\r\n  <li>Click here to find your union’s Memorandum of Understanding (MOUs) http://www2.oaklandnet.com/Government/o/CityAdministration/d/EmployeeRelations/MOUsandCivilServiceRules/index.htm</li>\r\n</ul>\r\n\r\n\r\n\r\n\r\n\r\n<h3 id=\"what-happens-next\">What Happens Next</h3>\r\n\r\n\r\n\r\n\r\n\r\n<ul>\r\n  <li>You will receive a response to your notice of appeal within 7 days.</li>\r\n  <li>Timely appeals must be submitted to the Civil Service Board.</li>\r\n  <li>The Board will decide who will hear the appeal.</li>\r\n  <li>Either the Board or an independent Hearing Officer will hear the appeal.</li>\r\n  <li>Hearings are usually closed to the public unless you request a public hearing.</li>\r\n  <li>The Board has the power to make a final decision.</li>\r\n</ul>\r\n\r\n\r\n\r\n\r\n\r\n<h3 id=\"contact-the-civil-service-board\">Contact the Civil Service Board</h3>\r\n\r\n\r\n\r\n\r\n\r\n<table>\r\n<thead>\r\n<tr><th>In Person</th><th>Phone</th><th>Email</th></tr>\r\n</thead>\r\n<tbody>\r\n<tr><td style=\"background-color:white\">\r\nHours: Monday through Friday from 8:30 a.m. to 5:00 p.m.\r\n</td><td>\r\nGeneral Information: (510) 238-6467\r\n\r\nAppeals: (510) 238-6467</td>\r\n<td>\r\n[civilservice@oaklandnet.com](mailto://civilservice@oaklandnet.com)\r\n</td> </tr>\r\n</tbody>\r\n</table>\r\n\r\n\r\n\r\n\r\n\r\n<h3 id=\"more-resources\">More Resources</h3>\r\n\r\n\r\n\r\n\r\n\r\n<ul>\r\n  <li>Ordinances 8979, 11777, the Personnel Manual - Civil Service Board and the Personnel Rules and Procedures of the Port of Oakland (Appellate duties of the Civil Service Board)</li>\r\n  <li>Rule 10 of the Personnel Manual (Permanent Classified Employee Rights for Appeal to the Civil Service Board)</li>\r\n  <li>Rule 6 of the Personnel Manual (Probationary Classified Employee Rights for Appeal to the Civil Service Board)</li>\r\n  <li>Protocol for Hearing Packet Submission http://www2.oaklandnet.com/oakca1/groups/hrm/documents/form/oak052475.pdf</li>\r\n  <li>Hearing Request Form http://www2.oaklandnet.com/oakca1/groups/hrm/documents/form/oak052473.pdf</li>\r\n  <li>Rule 6 Probationary Period Procedure in Appeals (PDF) http://www.oaklandnet.com/Civil%20Service/Rule6.pdf</li>\r\n</ul>', NULL, NULL, NULL, NULL, NULL, NULL, '[]', '[]', NULL, NULL, 'information', NULL, NULL, NULL, NULL, NULL, NULL, NULL, NULL, NULL, NULL, NULL, '2016-01-07 00:50:53', '2016-01-07 00:52:24', '1399fddf-f687-497e-b49a-210aa6e6de6c'),
 ('402', '402', 'en_us', 'Additional Employment Information', NULL, 'Pay Ranges, labor laws, regulations, equal access and assistance programs', NULL, NULL, NULL, NULL, NULL, NULL, NULL, NULL, '[]', '[]', NULL, NULL, 'information', NULL, NULL, NULL, NULL, NULL, NULL, NULL, NULL, NULL, NULL, NULL, '2016-01-07 00:52:02', '2016-01-07 00:57:25', '696a16b0-c01d-4565-a763-e942495b76ae'),
 ('412', '412', 'en_us', 'City Employee Pay Ranges', 'Download the Salary information sheet (pdf)', '', 'http://www2.oaklandnet.com/w/OAK032236', '<p>City Employees receive a range of pay based on their position and band. A full list of salary information is available to download.</p>', NULL, NULL, NULL, NULL, NULL, NULL, '[]', '[]', NULL, NULL, 'information', NULL, NULL, NULL, NULL, NULL, NULL, NULL, NULL, NULL, NULL, NULL, '2016-01-07 00:56:42', '2016-01-07 00:56:42', 'd91b3048-c46f-43bb-8225-c53551fa4990'),
 ('422', '422', 'en_us', 'Health', NULL, NULL, NULL, NULL, NULL, NULL, NULL, NULL, NULL, NULL, '[]', '[]', NULL, NULL, 'information', NULL, NULL, NULL, NULL, NULL, NULL, NULL, NULL, NULL, NULL, NULL, '2016-01-08 02:32:54', '2016-01-08 02:32:54', '7b12018e-6266-4027-9a0c-b0720f39c260'),
 ('432', '432', 'en_us', 'Economic D', NULL, NULL, NULL, NULL, NULL, NULL, NULL, NULL, NULL, NULL, '[]', '[]', NULL, NULL, 'information', NULL, NULL, NULL, NULL, NULL, NULL, NULL, NULL, NULL, NULL, NULL, '2016-01-08 02:33:03', '2016-01-08 02:33:03', '52f452ab-6c58-4518-9e0a-6f91308606d9'),
 ('442', '442', 'en_us', NULL, NULL, NULL, NULL, NULL, NULL, NULL, NULL, NULL, NULL, NULL, '[]', '[]', NULL, NULL, 'information', NULL, NULL, NULL, NULL, NULL, NULL, NULL, NULL, NULL, NULL, NULL, '2016-01-12 21:29:54', '2016-01-12 21:32:23', '3bc0aaa8-72ba-4119-80b7-3614c425de56'),
 ('452', '452', 'en_us', 'Emergency Services', NULL, 'Learn more about El Nino weather patterns, preparation and services in Oakland', NULL, NULL, NULL, NULL, NULL, NULL, NULL, NULL, '[]', '[]', NULL, NULL, 'information', NULL, NULL, NULL, NULL, NULL, NULL, NULL, NULL, NULL, NULL, NULL, '2016-01-12 22:30:48', '2016-01-20 23:14:47', '8ee4fdbb-ecc9-49a5-9952-9d3e7f926557'),
 ('462', '462', 'en_us', 'Prepare for Winter Weather in Oakland', NULL, 'Learn more about City services to help you prepare', NULL, NULL, NULL, NULL, NULL, NULL, NULL, NULL, '[]', '[]', NULL, NULL, 'information', NULL, NULL, NULL, NULL, NULL, NULL, NULL, NULL, NULL, NULL, NULL, '2016-01-12 22:32:20', '2016-01-19 05:45:34', '5cc02e95-5561-4965-9d99-e7d17962e81a'),
 ('472', '472', 'en_us', 'Sign Up for Emergency Alerts', 'Sign Up for Alerts', 'Sign Up to receive emergency updates about storm-related impacts throughout Oakland', 'https://public.govdelivery.com/accounts/CAOAKL/subscriber/new?topic_id=CAOAKL_2', '<p><strong>Stay informed!</strong>&nbsp;Sign up for Emergency Alerts to stay informed&nbsp;about storm-related impacts throughout Oakland, including significant flooding, closure of major roadways and threats to public health or safety.</p><br>', NULL, NULL, NULL, NULL, NULL, NULL, '[]', '[]', NULL, '', 'information', NULL, NULL, NULL, NULL, NULL, NULL, NULL, NULL, NULL, NULL, NULL, '2016-01-12 22:34:23', '2016-01-19 03:04:17', 'c1883990-4324-44de-8f75-e12c140272e4'),
 ('482', '482', 'en_us', 'Resource Library', NULL, 'Read reports, policies and other information', NULL, NULL, NULL, NULL, NULL, NULL, NULL, NULL, '[]', '[]', NULL, NULL, 'information', NULL, NULL, NULL, NULL, NULL, NULL, NULL, NULL, NULL, NULL, NULL, '2016-01-12 22:37:50', '2016-01-19 04:55:23', '1f8c944f-3583-44dc-928e-d3220e074b09'),
 ('492', '492', 'en_us', 'Report an Urgent Problem', 'Report a Problem', 'Report flooding, landslides, blocked roadways, overflowing storm drains, sewers and other debris to the City of Oakland.', 'http://en.seeclickfix.com/oakland', '<p><strong>Downed Power line? Smell gas?</strong>&nbsp;Leave the area immediately.</p>\r\n\r\n<p>Call 9-1-1 or PG&E at (800) 743-5000.</p><br>Power outage?&nbsp;Report and see maps of outages&nbsp;online by PG&E.&nbsp;Visit:&nbsp;<a href=\"http://m.pge.com/#outages\">http://m.pge.com/#outages</a><p><br></p>\r\n<p><br></p>\r\n\r\n<p><strong>Issues with water?&nbsp;</strong>(e.g., no water service, broken hydrants, broken water main pipes) Call&nbsp;East Bay Municipal Utility District&nbsp;at&nbsp;(866) 403-2683.</p>\r\n\r\n\r\n\r\n\r\n\r\n<p>Still need help?Email:&nbsp;<a href=\"mailto:opwcallcenter@oaklandnet.com\">opwcallcenter@oaklandnet.com</a><br></p>', NULL, NULL, NULL, NULL, NULL, NULL, '[]', '[]', NULL, '(510) 615-5566', 'information', NULL, NULL, NULL, NULL, NULL, NULL, NULL, NULL, NULL, NULL, NULL, '2016-01-12 22:56:52', '2016-01-19 02:56:50', '17361840-e0a5-4381-aacb-ea0db45f9182'),
 ('502', '502', 'en_us', NULL, NULL, NULL, NULL, NULL, NULL, NULL, NULL, NULL, NULL, NULL, '[]', '[]', NULL, NULL, 'info', 'Important', 'El Niño: Prepare for Winter Weather in Oakland', 'https://beta.oaklandca.gov/services/el-nino-101', 'show', NULL, NULL, NULL, NULL, NULL, NULL, NULL, '2016-01-14 00:04:33', '2016-01-19 01:51:40', 'ae059a6e-4574-4d71-8764-5e5e6ddd3027'),
 ('512', '512', 'en_us', NULL, NULL, NULL, NULL, NULL, NULL, NULL, NULL, NULL, NULL, NULL, '[]', '[]', NULL, NULL, 'info', NULL, NULL, NULL, 'hide', NULL, NULL, NULL, NULL, NULL, NULL, NULL, '2016-01-14 00:55:48', '2016-01-14 00:55:48', 'abc323cb-492d-49cf-accc-884aee7317e6'),
 ('522', '522', 'en_us', 'Hero 1', NULL, NULL, NULL, NULL, NULL, NULL, NULL, NULL, NULL, NULL, '[]', '[]', NULL, NULL, 'info', NULL, NULL, NULL, 'hide', NULL, NULL, NULL, NULL, NULL, NULL, NULL, '2016-01-14 01:16:52', '2016-01-14 01:59:06', '2f50df84-161d-4568-aa9b-348df631d955'),
 ('532', '532', 'en_us', 'Anil Comelo', NULL, NULL, NULL, NULL, NULL, NULL, NULL, NULL, NULL, NULL, '[]', '[]', NULL, NULL, 'info', NULL, NULL, NULL, 'hide', NULL, NULL, NULL, NULL, NULL, NULL, NULL, '2016-01-14 02:12:29', '2016-01-14 02:12:29', 'f30c19de-2d2e-445f-8d79-2fd7d9d496ca'),
 ('542', '542', 'en_us', 'Brooke Levin', NULL, NULL, NULL, NULL, NULL, NULL, NULL, NULL, NULL, NULL, '[]', '[]', NULL, NULL, 'info', NULL, NULL, NULL, 'hide', NULL, NULL, NULL, NULL, NULL, NULL, NULL, '2016-01-14 02:12:47', '2016-01-14 02:12:47', 'b231c7ae-a941-4d6a-a4b7-15dced79efa3'),
 ('552', '552', 'en_us', NULL, NULL, NULL, NULL, NULL, NULL, NULL, NULL, NULL, NULL, NULL, '[]', '[]', NULL, NULL, 'info', NULL, NULL, NULL, 'hide', NULL, NULL, NULL, NULL, NULL, NULL, NULL, '2016-01-16 00:04:44', '2016-01-16 00:04:44', '26544139-b286-4a46-9fb2-caec6cfa4ef3'),
 ('562', '562', 'en_us', 'Cxaz6 T6 Wc Aqt Ra Q', NULL, NULL, NULL, NULL, NULL, NULL, NULL, NULL, NULL, NULL, '[]', '[]', NULL, NULL, 'info', NULL, NULL, NULL, 'hide', NULL, NULL, NULL, NULL, NULL, NULL, NULL, '2016-01-19 02:38:29', '2016-01-19 02:38:29', 'b7aca5a3-0c89-4cc0-b440-a1651c50e6bb'),
 ('572', '572', 'en_us', 'winter', NULL, NULL, NULL, NULL, NULL, NULL, NULL, NULL, NULL, NULL, '[]', '[]', NULL, NULL, 'info', NULL, NULL, NULL, 'hide', NULL, NULL, NULL, NULL, NULL, NULL, NULL, '2016-01-19 02:40:35', '2016-01-19 02:40:35', '9f3e34a5-3bef-4de9-9fc2-12723fa45679'),
 ('582', '582', 'en_us', 'el nino', NULL, NULL, NULL, NULL, NULL, NULL, NULL, NULL, NULL, NULL, '[]', '[]', NULL, NULL, 'info', NULL, NULL, NULL, 'hide', NULL, NULL, NULL, NULL, NULL, NULL, NULL, '2016-01-19 02:40:39', '2016-01-19 02:40:39', '4394f9c7-099b-4f09-a4fe-6558595d3873'),
 ('592', '592', 'en_us', 'la nin', NULL, NULL, NULL, NULL, NULL, NULL, NULL, NULL, NULL, NULL, '[]', '[]', NULL, NULL, 'info', NULL, NULL, NULL, 'hide', NULL, NULL, NULL, NULL, NULL, NULL, NULL, '2016-01-19 02:40:41', '2016-01-19 02:40:41', '3d6a4777-fb25-47ea-a0a7-fe233787c799'),
 ('602', '602', 'en_us', 'ra', NULL, NULL, NULL, NULL, NULL, NULL, NULL, NULL, NULL, NULL, '[]', '[]', NULL, NULL, 'info', NULL, NULL, NULL, 'hide', NULL, NULL, NULL, NULL, NULL, NULL, NULL, '2016-01-19 02:40:43', '2016-01-19 02:40:43', '762874bc-388a-4168-a6f7-c77f5bc1fdd0'),
 ('612', '612', 'en_us', 'rain', NULL, NULL, NULL, NULL, NULL, NULL, NULL, NULL, NULL, NULL, '[]', '[]', NULL, NULL, 'info', NULL, NULL, NULL, 'hide', NULL, NULL, NULL, NULL, NULL, NULL, NULL, '2016-01-19 02:40:50', '2016-01-19 02:40:50', '89ef11c5-d25d-4a23-936e-a21dbe42bd74'),
 ('622', '622', 'en_us', 'weather', NULL, NULL, NULL, NULL, NULL, NULL, NULL, NULL, NULL, NULL, '[]', '[]', NULL, NULL, 'info', NULL, NULL, NULL, 'hide', NULL, NULL, NULL, NULL, NULL, NULL, NULL, '2016-01-19 02:40:57', '2016-01-19 02:40:57', 'fa894bc3-6acb-42a9-8646-890b75f366ca'),
 ('632', '632', 'en_us', 'Oakland Encourages Residents and Businesses to Prepare for El Niño Storm Safety with “How To” Videos ', NULL, NULL, NULL, '<p><strong>Oakland, CA</strong> – The City of Oakland encourages residents and businesses to&nbsp;prepare for El Niño and strong winter storms. Three “how to” videos produced&nbsp;by the City provide quick, usable information about some specific, important&nbsp;steps to prepare for storms:</p>\r\n\r\n<ol><li>Building and using sandbags to protect against storm runoff and&nbsp;flooding</li><li>Using plastic sheeting as an additional barrier</li><li>Signing up for the City’s Adopt a Drain program to help prevent storm</li><li>Drain blockages and flooding</li></ol><br><a href=\"https://www.youtube.com/channel/UC4_la5PrP_f7f_PZPXo7D_w\">Watch and download videos on YouTube.</a>\r\n\r\n<p>We are asking&nbsp;the media to share and post these three public service announcements as part&nbsp;of your coverage of the winter weather.</p>\r\n\r\n\r\n\r\n\r\n\r\n<p>El Niño is expected to bring winter storms significantly larger than normal, as&nbsp;well as the potential for flooding and other storm damage. Oaklanders need to&nbsp;work together to prepare and keep our city safe. It is vitally important that&nbsp;residents and businesses take steps to prepare for winter storms, and these&nbsp;videos show some effective steps.&nbsp;</p>\r\n\r\n\r\n\r\n\r\n\r\n<p><a href=\"http://www2.oaklandnet.com/oakca1/groups/pwa/documents/pressrelease/oak056422.pdf\" target=\"true\">Download the PDF press release.</a>&nbsp;</p>\r\n\r\n\r\n\r\n\r\n\r\n<p><strong>Media Contacts:&nbsp;<br></strong></p>\r\n\r\n\r\n\r\n\r\n\r\n<p>Sean Maher<br>Public Works El Niño<br>Spokesperson<br>(510) 238-7968<br>smaher@oaklandnet.com</p>\r\n\r\n\r\n\r\n\r\n\r\n\r\n\r\n<p>Kristine Shaff<br>Public Information Officer<br>(510) 238-2966<br>kshaff@oaklandnet.com</p>', '2016-01-12 00:00:00', 'Oakland Encourages Residents and Businesses to Prepare for El Niño Storm Safety with “How To” Videos ', NULL, NULL, NULL, NULL, '[]', '[]', NULL, NULL, 'info', NULL, NULL, NULL, 'hide', NULL, NULL, NULL, NULL, NULL, NULL, NULL, '2016-01-19 02:53:41', '2016-01-19 02:54:17', 'a60d15d9-fc75-4429-86f3-4754e398ca79'),
 ('642', '642', 'en_us', 'Register for Weather Ready Workshops', 'Sign Up for a Workshop', 'Winter Ready Workshops Help Oaklanders Prepare for El Nino', 'https://solar.oaklandnet.com/core/', '<p>Winter workshops&nbsp;highlight&nbsp;the preparation needed&nbsp;to keep your family, pets and property safe.&nbsp;Participants will learn important information and the steps to take to prepare for severe weather situations including heavy rains, flooding, high winds and power outages.&nbsp;</p>\r\n\r\n<p><b>Saturday, January 16, 2016, 10 a.m. to Noon</b><br>81st Avenue Library, 1021 81st&nbsp;Ave.&nbsp;<br>Workshop will be presented in English and Spanish. &nbsp; &nbsp; &nbsp; &nbsp; &nbsp; &nbsp; &nbsp; &nbsp; &nbsp; &nbsp; &nbsp; &nbsp; &nbsp; &nbsp; &nbsp; &nbsp; &nbsp; &nbsp; &nbsp; &nbsp; &nbsp; &nbsp; &nbsp; &nbsp; &nbsp; &nbsp; &nbsp; &nbsp; &nbsp; &nbsp; &nbsp; &nbsp; &nbsp; &nbsp; &nbsp; &nbsp; &nbsp; &nbsp; &nbsp; &nbsp; &nbsp; &nbsp; &nbsp; &nbsp; &nbsp; &nbsp; &nbsp; &nbsp; &nbsp; &nbsp; &nbsp; &nbsp; &nbsp; &nbsp; &nbsp; &nbsp; &nbsp; &nbsp; &nbsp; &nbsp; <a href=\"http://www2.oaklandnet.com/oakca1/groups/fire/documents/webcontent/oak056491.pdf\" target=\"true\">Download the workshop flyer.</a></p>\r\n\r\n<p><b>Wednesday, January 27, 2016, 6 to 8 p.m. &nbsp; &nbsp; &nbsp; &nbsp; &nbsp; &nbsp; &nbsp; &nbsp; &nbsp; &nbsp; &nbsp; &nbsp; &nbsp; &nbsp; &nbsp; &nbsp; &nbsp; &nbsp; &nbsp; &nbsp; &nbsp; &nbsp; &nbsp; &nbsp; &nbsp; &nbsp; &nbsp; &nbsp; &nbsp; &nbsp; &nbsp; &nbsp; &nbsp; &nbsp; &nbsp; &nbsp; &nbsp; &nbsp; &nbsp; &nbsp; &nbsp; &nbsp; &nbsp; &nbsp; &nbsp; &nbsp; &nbsp; &nbsp; &nbsp; &nbsp; &nbsp; &nbsp; &nbsp; &nbsp; &nbsp; &nbsp; &nbsp; &nbsp; &nbsp; &nbsp; &nbsp; </b>Chabot Space & Science Center, 10000 Skyline Blvd. &nbsp; &nbsp; &nbsp; &nbsp; &nbsp; &nbsp; &nbsp; &nbsp; &nbsp; &nbsp; &nbsp; &nbsp; &nbsp; &nbsp; &nbsp; &nbsp; &nbsp; &nbsp; &nbsp; &nbsp; &nbsp; &nbsp; &nbsp; &nbsp; &nbsp; &nbsp; &nbsp; &nbsp; &nbsp; &nbsp; &nbsp; &nbsp; &nbsp; &nbsp; &nbsp; &nbsp; &nbsp; &nbsp; &nbsp; &nbsp; &nbsp; &nbsp; &nbsp; &nbsp; &nbsp; &nbsp; &nbsp; &nbsp; &nbsp; &nbsp; &nbsp; &nbsp; Workshop will be presented in English. &nbsp; &nbsp; &nbsp; &nbsp; &nbsp; &nbsp; &nbsp; &nbsp; &nbsp; &nbsp; &nbsp; &nbsp; &nbsp; &nbsp; &nbsp; &nbsp; &nbsp; &nbsp; &nbsp; &nbsp; &nbsp; &nbsp; &nbsp; &nbsp; &nbsp; &nbsp; &nbsp; &nbsp; &nbsp; &nbsp; &nbsp; &nbsp; &nbsp; &nbsp; &nbsp; &nbsp; &nbsp; &nbsp; &nbsp; &nbsp; &nbsp; &nbsp; &nbsp; &nbsp; &nbsp; &nbsp; &nbsp; &nbsp; &nbsp; &nbsp; &nbsp; &nbsp; &nbsp; &nbsp; &nbsp; &nbsp; &nbsp; &nbsp; &nbsp; &nbsp; &nbsp; &nbsp; &nbsp; &nbsp; <a href=\"http://www2.oaklandnet.com/oakca1/groups/fire/documents/webcontent/oak056492.pdf\" target=\"true\">Download the workshop flyer.</a></p>\r\n\r\n<p>For a schedule of upcoming CORE workshops, <a href=\"http://www2.oaklandnet.com/oakca1/groups/fire/documents/webcontent/oak056303.pdf\" target=\"true\">download the schedule</a>.</p>\r\n\r\n<p><strong>Still have questions?&nbsp;</strong></p><ul><li>Call us at&nbsp;(510) 238-6351 &nbsp;</li><li>Email us at&nbsp;<a href=\"mailto:core@oaklandnet.com\">core@oaklandnet.com</a></li></ul>', NULL, NULL, NULL, NULL, NULL, NULL, '[]', '[]', NULL, '', 'info', NULL, NULL, NULL, 'hide', NULL, NULL, NULL, NULL, NULL, NULL, NULL, '2016-01-19 03:16:40', '2016-01-19 05:03:45', '3c333886-b5f2-4a93-ae63-74ff70735d71'),
 ('652', '652', 'en_us', 'Read the Latest Oakland Storm Reports', '', 'An Overview of Storm Related Service Requests & Reported Problems', '', '<p>The City of Oakland responds to thousands of requests to repair City infrastructure every year. Winter storms can often increase reports of drainage and sewer issues that impact community members. Additionally, the City continues to respond to issues on City buildings and offer support to the Oakland community. These issues and concerns&nbsp;are documented in City \'storm reports\' that are created at the end of a storm period.&nbsp;</p>\r\n\r\n<p>You can download PDF copies of storm reports for the following dates:</p>\r\n\r\n<ul><li><a href=\"http://www2.oaklandnet.com/oakca1/groups/pwa/documents/agenda/oak056633.pdf\" target=\"true\">Monday, January 11, 2016</a></li><li><a href=\"http://www2.oaklandnet.com/oakca1/groups/pwa/documents/report/oak056472.pdf\" target=\"true\">Monday, December 28, 2016</a></li><li><a href=\"http://www2.oaklandnet.com/oakca1/groups/pwa/documents/report/oak056403.pdf\" target=\"true\">Monday, December 21, 2016</a>.</li></ul>\r\n\r\n<p><br></p>', NULL, NULL, NULL, NULL, NULL, NULL, '[]', '[]', NULL, '', 'info', NULL, NULL, NULL, 'hide', NULL, NULL, NULL, NULL, NULL, NULL, NULL, '2016-01-19 05:14:38', '2016-01-19 05:16:50', '2f73a99a-4813-4a1d-bd60-1de325e1583d'),
 ('662', '662', 'en_us', 'Read El Nino Press Releases', '', 'Learn more about City-wide El Nino Preparation', '', '<p><strong>Oakland Press Releases & Presentations</strong></p>\r\n\r\n<ul><li>January 7, 2016:&nbsp;<a href=\"http://www2.oaklandnet.com/ElNino/OAK056596\"><strong>Oakland Offers El Nino Preparedness Workshops</strong></a></li><li>January 5, 2016:&nbsp;<a href=\"http://www2.oaklandnet.com/ElNino/OAK056594\"><strong>Presentation to Oakland City Council&nbsp;on Public Works&nbsp;El Niño Preparation</strong></a></li><li>December 22, 2015:&nbsp;<strong><a href=\"http://www2.oaklandnet.com/ElNino/OAK056422\">Three El Nino Safety \"How To\" Videos</a>\"</strong></li><li>December 9, 2015:<strong>&nbsp;</strong><a href=\"http://www2.oaklandnet.com/oakca1/groups/pwa/documents/pressrelease/oak056236.pdf\"><strong>Urging Residents & Businesses to Prepare&nbsp;for Winter Storms</strong></a></li></ul>', NULL, NULL, NULL, NULL, NULL, NULL, '[]', '[]', NULL, '', 'info', NULL, NULL, NULL, 'hide', NULL, NULL, NULL, NULL, NULL, NULL, NULL, '2016-01-19 05:19:22', '2016-01-19 05:20:56', 'd62f93c7-d3d5-4610-a2f2-4a8c2a22a77c'),
 ('672', '672', 'en_us', 'Preparation Tips & Tricks for Winter Storms', '', 'Prepare in Advance. Keep your family, pets and property safe.', '', '<p>Use this guide to prepare for severe weather situations<br>including heavy rains, flooding, high winds and power outages.<br>Follow these basic guidelines to prepare, respond and recover from<br>strong winter storms.</p><p><strong>For Your Family</strong></p>\r\n\r\n<ul><li>Be prepared for flooding, power outages and road closures</li><li>Watch this FEMA video:&nbsp;<a href=\"https://www.youtube.com/watch?v=LviZ4pZrqu8\">Family Communications Plan and Emergency Kit</a>&nbsp;&nbsp;</li><li>Make contingency plans for shelter should your home flood or become inaccessible</li><li>Discuss evacuation plans with your family now</li><li>Know emergency procedures and evacuation plans at your children\'s schools</li><li>Keep&nbsp;3-7 days of water, food, medicine and other supplies on hand for all family members and pets</li><li>Click on&nbsp;<a href=\"http://www.ready.gov/\">www.Ready.gov</a>&nbsp;for Family Plans, emergency kit lists, and so much more for you and yours!</li><li>Keep your pets safe and warm also, by&nbsp;<a href=\"http://www2.oaklandnet.com/Government/o/OFD/s/CORE/OAK026272\">preparing ahead of time with these tips</a>.</li></ul><strong>For Your Home</strong>\r\n\r\n<ul><li>Get flood insurance, now! It can take 30 days for policies to take effect</li><li><a href=\"http://www.ktvu.com/community/56230229-video\">Watch this video about flood insurance</a>, by Bay Area People</li><li>Watch this video:&nbsp;<a href=\"https://vimeo.com/147505317\">How to Create Sandbags</a></li><li><a href=\"https://www.floodsmart.gov/toolkits/flood/downloads/WestCoastRainySeason-OT2007.pdf\">FEMA\'s FloodSmart Tool Kit</a></li><li><a href=\"http://www.water.ca.gov/floodmgmt/docs/brochure_floodfightingathome.pdf\">How to Fight Flooding, by California Dept. of Water Resources</a></li><li>Know Your Flood Risk: Search your address&nbsp;at&nbsp;<a href=\"http://www.floodsmart.gov/floodsmart\">www.Floodsmart.gov</a></li><li>Check your roof, rain gutters and chimney for holes and clear debris</li><li>Inspect and clean drains around your home and its foundation</li><li>Make sure windows are watertight</li><li>If you rent, discuss any issues with the property manager</li><li>Place sandbags in flood-prone areas</li><li>Ensure outdoor lights are working</li><li>Check your fences, your gates and your driveway for sturdiness and&nbsp;clear debris</li><li>Clear your yard of debris</li><li>Secure patio furniture, garbage cans and other items that might move if flooded</li><li>Review your insurance and consider flood insurance.&nbsp;United&nbsp;Policy Holders&nbsp;Insurance&nbsp;has a helpful website at&nbsp;<a href=\"http://www.uphelp.org/\">www.uphelp.org</a>.&nbsp;</li></ul><p><a href=\"http://www2.oaklandnet.com/oakca1/groups/pwa/documents/agenda/oak056634.pdf\" target=\"true\">Download a copy of our \"Storm Ready\" brochure.</a></p><p><br></p>', NULL, NULL, NULL, NULL, NULL, NULL, '[]', '[]', NULL, '', 'info', NULL, NULL, NULL, 'hide', NULL, NULL, NULL, NULL, NULL, NULL, NULL, '2016-01-19 05:30:22', '2016-01-19 05:30:22', 'd1241635-f2b7-4ab8-aa20-1ff06f56f710'),
 ('682', '682', 'en_us', 'Adopt a City Storm Drain', 'Adopt a Drain', 'Volunteer to Adopt a Storm Drain in Your Neighborhood', 'www.adoptadrainoakland.com', '<p>The City \"Adopt a drain\" program<strong>&nbsp;</strong>seeks volunteers to help keep storm drains clear of debris. By keeping storm drain inlets clear, you can help prevent flooding during storms.&nbsp;</p>\r\n\r\n<p><strong>Want to learn more?&nbsp;</strong></p>\r\n\r\n\r\n\r\n<p>Watch this Bay Area People&nbsp;<a href=\"http://www.ktvu.com/community/56230465-video\">video about the Adopt a Drain Program</a>.</p>\r\n\r\n\r\n\r\n<p><strong>Still have questions?</strong></p>\r\n\r\n\r\n\r\n<p>Call:&nbsp;(510) 238-7630</p>', NULL, NULL, NULL, NULL, NULL, NULL, '[]', '[]', NULL, '', 'info', NULL, NULL, NULL, 'hide', NULL, NULL, NULL, NULL, NULL, NULL, NULL, '2016-01-19 05:35:44', '2016-01-19 05:35:44', '9fcccbc6-52d9-474a-b51b-d8ff4dd3b8da'),
 ('692', '692', 'en_us', 'Pick Up Sandbags & Plastic Sheeting for Your Neighborhood', '', 'The City of Oakland Offers Sandbags & Plastic Sheeting to Residents and Businesses', '', '<p>The City of Oakland will provide emergency sandbags and plastic sheeting when heavy rains are forecast. Each Oakland resident and business owner may pickup sandbags (up to 10)&nbsp;and plastic sheeting (up to 20 feet) at the following locations, as long as supplies last.&nbsp;Bring your ID to prove residency. Be prepared to fill your own if needed.<br>&nbsp;<br><strong>Municipal Service Center</strong>, 7101 Edgewater Drive<br>Monday – Friday, 8 a.m. – 4 p.m.<br>Saturday & Sunday, 8 a.m. – 4:30 p.m.<br>After Hours (at entry gate) 4:30 p.m. – 8 a.m.<br>&nbsp;<br><strong>Drainage Services Facility</strong>, 5921 Shepherd Canyon<br>Monday – Friday, 8 a.m. – 4 p.m.<br>After Hours (at entry gate) 4:30 p.m. – 8 a.m.</p><p><strong>Need more bags?&nbsp;</strong>You can pick up bags at your local hardware, garden or home improvement stores.&nbsp;</p><p><strong>Want to learn how to make a sandbag?</strong> <a href=\"https://www.youtube.com/watch?v=MRylOmhwgX8\" target=\"true\">Watch this video.</a></p><p><strong>Want to learn how to use plastic sheeting?</strong> <a href=\"https://www.youtube.com/watch?v=oKxRIr-qaV4\" target=\"true\">Watch this video.</a></p>', NULL, NULL, NULL, NULL, NULL, NULL, '[]', '[]', NULL, '', 'info', NULL, NULL, NULL, 'hide', NULL, NULL, NULL, NULL, NULL, NULL, NULL, '2016-01-19 05:40:46', '2016-01-19 05:40:46', '580cc4e3-f067-4edd-904a-2c9d9b30b3f1'),
 ('702', '702', 'en_us', 'News Articles & Other Resources', '', 'A Collection of Articles, Videos & Other Resources', '', '<ul><li><strong>Listen to this KQED broadcast:&nbsp;<a href=\"https://soundcloud.com/kqed/preparing-for-el-nino-will-drainage-systems-handle-the-deluge-of-rain\">Preparing for El Niño: Will Drainage Systems Handle the Deluge of Rain?</a></strong></li><li><strong>Bay Area People&nbsp;</strong><a href=\"http://www.ktvu.com/community/56230465-video\">video about the Adopt&nbsp;A Drain</a>&nbsp;Program&nbsp;<strong>or&nbsp;<a href=\"http://adoptadrainoakland.com/\">click here to volunteer</a>.</strong></li><li><strong>Tribune Newspaper December 9, 2015&nbsp;</strong><a href=\"http://www2.oaklandnet.com/ElNino/OAK056240\">Click here to read or download the pdf.</a>&nbsp;</li><li><strong>KRON 4 December 22, 2015</strong>&nbsp;Click on&nbsp;<a href=\"http://kron4.com/2015/12/23/el-nino-what-can-you-do-to-prepare/\">What you can do to prepare</a>.&nbsp;</li><li><a href=\"http://sanfrancisco.cbslocal.com/2015/08/17/5-things-you-should-do-now-to-prepare-for-a-strong-rainy-el-nino/\">5 Things You Should Do Now to Prepare</a></li><li>FEMA Video:&nbsp;<a href=\"https://www.youtube.com/watch?v=kXw1feTnkU4\">Severe Weather</a></li><li>FEMA Video:&nbsp;<a href=\"https://www.youtube.com/watch?v=XVpGJ_Xl__w&feature=youtu.be\">When The Sky Turns Gray</a>&nbsp;(Animated)</li><li><a href=\"http://www.ktvu.com/community/56229808-video\">Winter Weather Preparedness</a>, by Bay Area People</li><li>Watch this&nbsp;<a href=\"http://www.pge.com/en/safety/naturaldisaster/stormsoutagessafety/poweroutage/index.page\">PG&E video about how outages occur in stormy weather</a></li><li>Coastal Commission’s El Nino Resource website&nbsp;<a href=\"http://www.coastal.ca.gov/climate/extreme-weather/el-nino/\">http://www.coastal.ca.gov/climate/extreme-weather/el-nino/</a>&nbsp;includes preparedness checklists for cities, property owners, shoreline properties, etc.</li><li>Alameda County also has an excellent website for those wanting to learn more:<a href=\"http://www.acgov.org/pwa/info/elnino.htm\">http://www.acgov.org/pwa/info/elnino.htm</a></li><li>Click on this link for web article from&nbsp;<a href=\"http://oceanservice.noaa.gov/news/dec15/california-flooding.html\">NOAA about CA Tides and Flooding</a></li></ul>', NULL, NULL, NULL, NULL, NULL, NULL, '[]', '[]', NULL, '', 'info', NULL, NULL, NULL, 'hide', NULL, NULL, NULL, NULL, NULL, NULL, NULL, '2016-01-19 05:42:46', '2016-01-19 05:43:18', 'dc88b98c-279b-4de4-9dd6-9763bdb1925d'),
 ('712', '712', 'en_us', NULL, NULL, NULL, NULL, NULL, NULL, NULL, NULL, NULL, NULL, NULL, '[]', '[]', NULL, NULL, 'info', NULL, NULL, NULL, 'hide', NULL, NULL, NULL, NULL, NULL, NULL, NULL, '2016-01-19 21:18:27', '2016-01-19 21:18:27', '6c3de7bc-02e0-4f11-b543-a474412b17a4'),
 ('722', '722', 'en_us', 'Digital Playbook', NULL, NULL, NULL, NULL, NULL, NULL, NULL, NULL, NULL, NULL, '[]', '[]', NULL, NULL, 'info', NULL, NULL, NULL, 'hide', NULL, NULL, NULL, NULL, NULL, NULL, NULL, '2016-01-19 21:20:16', '2016-01-19 21:26:34', '60a91169-c16a-4020-b2bc-649701d379f7'),
 ('732', '732', 'en_us', 'Business', NULL, 'What you need to know to start or grow your business.', NULL, NULL, NULL, NULL, NULL, NULL, NULL, NULL, '[]', '[]', NULL, NULL, 'info', NULL, NULL, NULL, 'hide', NULL, NULL, NULL, NULL, NULL, NULL, NULL, '2016-01-19 21:57:06', '2016-01-19 21:57:26', '0f9f6134-05bf-4bb6-a384-dc364742da66'),
 ('742', '742', 'en_us', 'Start your business', NULL, 'Resources to help get you started. ', NULL, NULL, NULL, NULL, NULL, NULL, NULL, NULL, '[]', '[]', NULL, NULL, 'info', NULL, NULL, NULL, 'hide', NULL, NULL, NULL, NULL, NULL, NULL, NULL, '2016-01-19 21:59:19', '2016-01-19 21:59:19', 'e337c80d-8abf-4594-99da-ef1fe1c45e7f'),
 ('762', '762', 'en_us', 'Action Shot', NULL, NULL, NULL, NULL, NULL, NULL, NULL, NULL, NULL, NULL, '[]', '[]', NULL, NULL, 'info', NULL, NULL, NULL, 'hide', NULL, NULL, NULL, NULL, NULL, NULL, NULL, '2016-01-21 20:34:23', '2016-01-21 20:34:23', '147b4403-d8aa-4d41-a8e8-24a7bf6003be'),
 ('772', '772', 'en_us', 'Employee Recognition', NULL, NULL, NULL, NULL, NULL, NULL, NULL, NULL, NULL, NULL, '[]', '[]', NULL, NULL, 'info', NULL, NULL, NULL, 'hide', NULL, NULL, NULL, NULL, NULL, NULL, NULL, '2016-01-21 20:34:32', '2016-01-21 20:34:32', 'c78996e7-bc7f-4583-b8fd-6f0cb09317da'),
 ('782', '782', 'en_us', 'Oakland Grass Cutting', NULL, NULL, NULL, NULL, NULL, NULL, NULL, NULL, NULL, NULL, '[]', '[]', NULL, NULL, 'info', NULL, NULL, NULL, 'hide', NULL, NULL, NULL, NULL, NULL, NULL, NULL, '2016-01-21 20:34:41', '2016-01-21 20:34:41', '5d5b469a-1608-4d34-a37d-16f6a34989ea');



DROP TABLE IF EXISTS `craft_deprecationerrors`;


--
-- Schema for table `craft_deprecationerrors`
--
CREATE TABLE `craft_deprecationerrors` (
  `id` int(11) NOT NULL AUTO_INCREMENT,
  `key` varchar(255) COLLATE utf8_unicode_ci NOT NULL,
  `fingerprint` varchar(255) COLLATE utf8_unicode_ci NOT NULL,
  `lastOccurrence` datetime NOT NULL,
  `file` varchar(255) COLLATE utf8_unicode_ci NOT NULL,
  `line` smallint(6) unsigned NOT NULL,
  `class` varchar(255) COLLATE utf8_unicode_ci DEFAULT NULL,
  `method` varchar(255) COLLATE utf8_unicode_ci DEFAULT NULL,
  `template` varchar(255) COLLATE utf8_unicode_ci DEFAULT NULL,
  `templateLine` smallint(6) unsigned DEFAULT NULL,
  `message` varchar(255) COLLATE utf8_unicode_ci DEFAULT NULL,
  `traces` text COLLATE utf8_unicode_ci,
  `dateCreated` datetime NOT NULL,
  `dateUpdated` datetime NOT NULL,
  `uid` char(36) COLLATE utf8_unicode_ci NOT NULL DEFAULT '0',
  PRIMARY KEY (`id`),
  UNIQUE KEY `craft_deprecationerrors_key_fingerprint_unq_idx` (`key`,`fingerprint`)
) ENGINE=InnoDB DEFAULT CHARSET=utf8 COLLATE=utf8_unicode_ci;

DROP TABLE IF EXISTS `craft_elementindexsettings`;


--
-- Schema for table `craft_elementindexsettings`
--
CREATE TABLE `craft_elementindexsettings` (
  `id` int(11) NOT NULL AUTO_INCREMENT,
  `type` varchar(150) COLLATE utf8_unicode_ci NOT NULL,
  `settings` text COLLATE utf8_unicode_ci,
  `dateCreated` datetime NOT NULL,
  `dateUpdated` datetime NOT NULL,
  `uid` char(36) COLLATE utf8_unicode_ci NOT NULL DEFAULT '0',
  PRIMARY KEY (`id`),
  UNIQUE KEY `craft_elementindexsettings_type_unq_idx` (`type`)
) ENGINE=InnoDB AUTO_INCREMENT=2 DEFAULT CHARSET=utf8 COLLATE=utf8_unicode_ci;

--
-- Data for table `craft_elementindexsettings`
--

INSERT INTO `craft_elementindexsettings` (`id`, `type`, `settings`, `dateCreated`, `dateUpdated`, `uid`) VALUES
 ('1', 'Entry', '{\"sourceOrder\":[[\"key\",\"*\"],[\"key\",\"singles\"],[\"heading\",\"Content Types\"],[\"key\",\"section:3\"],[\"key\",\"section:2\"],[\"key\",\"section:4\"]],\"sources\":{\"*\":{\"tableAttributes\":{\"1\":\"section\",\"2\":\"postDate\",\"3\":\"expiryDate\",\"4\":\"link\"}},\"section:2\":{\"tableAttributes\":{\"1\":\"link\",\"2\":\"field:8\"}},\"singles\":{\"tableAttributes\":{\"1\":\"link\"}},\"section:4\":{\"tableAttributes\":{\"1\":\"link\"}}}}', '2015-12-04 20:03:21', '2015-12-10 19:48:24', '9adc4447-78a5-48d9-bd86-95e50b85d77f');



DROP TABLE IF EXISTS `craft_elements`;


--
-- Schema for table `craft_elements`
--
CREATE TABLE `craft_elements` (
  `id` int(11) NOT NULL AUTO_INCREMENT,
  `type` varchar(150) COLLATE utf8_unicode_ci NOT NULL,
  `enabled` tinyint(1) unsigned NOT NULL DEFAULT '1',
  `archived` tinyint(1) unsigned NOT NULL DEFAULT '0',
  `dateCreated` datetime NOT NULL,
  `dateUpdated` datetime NOT NULL,
  `uid` char(36) COLLATE utf8_unicode_ci NOT NULL DEFAULT '0',
  PRIMARY KEY (`id`),
  KEY `craft_elements_type_idx` (`type`),
  KEY `craft_elements_enabled_idx` (`enabled`),
  KEY `craft_elements_archived_dateCreated_idx` (`archived`,`dateCreated`)
) ENGINE=InnoDB AUTO_INCREMENT=792 DEFAULT CHARSET=utf8 COLLATE=utf8_unicode_ci;

--
-- Data for table `craft_elements`
--

INSERT INTO `craft_elements` (`id`, `type`, `enabled`, `archived`, `dateCreated`, `dateUpdated`, `uid`) VALUES
 ('1', 'User', '1', '0', '2015-12-04 00:22:44', '2016-01-14 00:56:20', '498d09ca-3de2-4a47-86e5-3fa442c2b9d1'),
 ('2', 'Entry', '1', '0', '2015-12-04 00:22:47', '2016-01-14 01:16:56', '6d6223bb-2d6e-479d-b2e3-6d0144f73193'),
 ('5', 'Entry', '1', '0', '2015-12-04 20:08:13', '2016-01-07 00:52:20', 'da00900f-970b-4e33-a0a6-4aa426413a84'),
 ('6', 'Entry', '1', '0', '2015-12-04 20:08:33', '2016-01-07 00:52:20', '79cb9c84-1d80-4759-b5c8-fd67af04619c'),
 ('7', 'MatrixBlock', '1', '0', '2015-12-04 23:22:29', '2015-12-04 23:48:13', '1c0fb3d4-2984-42c4-866f-f829ce8cff33'),
 ('8', 'MatrixBlock', '1', '0', '2015-12-04 23:22:29', '2015-12-04 23:48:13', '5361f148-7561-4c1c-acf9-ec5c3b70f6ec'),
 ('9', 'MatrixBlock', '1', '0', '2015-12-04 23:37:15', '2015-12-04 23:48:13', '3fa67870-1392-4877-8116-c4f585b16cf9'),
 ('10', 'MatrixBlock', '1', '0', '2015-12-04 23:37:15', '2015-12-04 23:48:13', '97e9ddf6-2de7-428b-89c3-bb6e238343a0'),
 ('11', 'Entry', '1', '0', '2015-12-10 19:26:54', '2015-12-10 22:58:01', 'a2fea34d-9ef6-44c1-bd27-cb20204287a6'),
 ('12', 'Entry', '1', '0', '2015-12-10 19:37:05', '2015-12-10 22:58:16', '58f4657b-dca1-4b00-92e3-9f1f38d9dca0'),
 ('13', 'Entry', '1', '0', '2015-12-10 19:52:47', '2016-01-21 00:02:47', 'fd81f998-40f2-4199-a8ad-a456d32a6d7f'),
 ('16', 'Entry', '1', '0', '2015-12-10 23:28:13', '2016-01-20 23:37:56', '7208b9b7-b38d-4b13-9003-84d5b7f2bd0f'),
 ('19', 'Entry', '1', '0', '2015-12-10 23:51:47', '2015-12-10 23:52:40', 'da979e23-32db-4bdb-ba64-8551592188ae'),
 ('52', 'Entry', '1', '0', '2015-12-18 21:37:59', '2016-01-07 00:52:20', 'cb30ce13-6197-4682-8451-60801771f5c1'),
 ('62', 'Entry', '1', '0', '2015-12-18 21:40:10', '2016-01-07 00:52:20', '0dee4cdf-bf89-41c5-9b70-7c2bc336f03f'),
 ('72', 'Entry', '1', '0', '2015-12-18 21:58:04', '2016-01-07 00:52:20', '11be7805-bf7b-4746-b46a-139d336e5f44'),
 ('92', 'Entry', '1', '0', '2015-12-18 22:05:30', '2016-01-07 00:52:21', '229ea378-b9c8-4fc2-920d-ca57fe96a9cd'),
 ('112', 'Entry', '1', '0', '2015-12-18 22:16:30', '2016-01-07 00:52:21', 'fbd963e9-e8ef-4974-a1eb-9c025e6c7bc0'),
 ('122', 'Entry', '1', '0', '2015-12-18 22:42:23', '2016-01-07 00:52:21', '7df17fb4-3726-47cb-8ebd-28ce867462d1'),
 ('132', 'Entry', '1', '0', '2015-12-18 22:46:27', '2016-01-07 00:52:21', '677c3b51-5886-4c09-a879-89ffcaad1e0a'),
 ('142', 'Entry', '1', '0', '2015-12-18 23:04:13', '2016-01-21 20:35:18', '4d3c2f2d-5e9e-46e2-b82f-9a3ef6312ddc'),
 ('152', 'Entry', '1', '0', '2015-12-18 23:08:02', '2016-01-07 00:52:21', 'a8d6db49-fad6-4d98-9948-4ecabb46ef39'),
 ('162', 'Entry', '1', '0', '2015-12-18 23:09:39', '2016-01-07 00:52:21', '4de6b5de-cffa-4b56-a9c9-32836da20491'),
 ('182', 'Entry', '1', '0', '2015-12-18 23:16:35', '2016-01-07 00:52:21', '3d4bb590-88e7-4f1f-bd99-14480a168fad'),
 ('192', 'Entry', '1', '0', '2015-12-18 23:26:06', '2016-01-07 00:52:22', 'af3401e4-c151-4402-994f-99fc605e69b8'),
 ('202', 'Entry', '1', '0', '2015-12-18 23:30:33', '2016-01-07 00:52:22', '8c4eb1d7-c40b-4d9a-8346-4b8976fdb017'),
 ('212', 'Entry', '1', '0', '2015-12-18 23:48:50', '2016-01-07 00:52:22', '19613a54-06ef-4b75-b9c8-26b5272d521e'),
 ('222', 'Entry', '1', '0', '2015-12-18 23:49:30', '2016-01-07 00:52:22', '6094c4d5-7033-47c4-bc02-e0c21481124a'),
 ('232', 'Entry', '1', '0', '2015-12-18 23:50:15', '2016-01-07 00:52:22', '07be2212-7715-4c83-8bc1-dd38ebb6fad9'),
 ('252', 'Entry', '1', '0', '2015-12-18 23:55:17', '2016-01-07 00:52:22', '9a5cbfa2-104d-48a1-b9eb-475d99108a9a'),
 ('262', 'Entry', '1', '0', '2015-12-18 23:56:20', '2016-01-07 00:52:22', '3d130505-b533-4607-a46a-7d0a36411ee9'),
 ('272', 'Entry', '1', '0', '2015-12-18 23:57:44', '2016-01-07 00:52:22', '92e7633f-7f33-4333-88c3-030cf4032475'),
 ('282', 'Entry', '1', '0', '2015-12-18 23:59:19', '2016-01-07 00:52:23', '7be3b2fe-2b49-4e17-8b11-ab4d761d3b77'),
 ('292', 'Entry', '1', '0', '2015-12-19 00:00:22', '2016-01-07 00:52:23', '4913c366-ddc7-42c3-a732-d1be03b2ab49'),
 ('302', 'Entry', '1', '0', '2015-12-19 00:04:21', '2016-01-07 00:52:23', '516d984d-59fb-4431-98fd-2e32ac57e378'),
 ('312', 'Entry', '1', '0', '2015-12-19 00:06:15', '2016-01-07 00:52:23', '7653bd1d-5dbb-40f0-b8fa-56ddab1f17fd'),
 ('322', 'Entry', '1', '0', '2015-12-19 00:49:18', '2016-01-07 00:52:23', '808d9e6a-5a5c-4502-be10-19c715866f95'),
 ('332', 'Entry', '1', '0', '2015-12-19 01:00:21', '2016-01-07 00:52:23', '1ce3bc44-1a00-4786-9f20-97dbbedb220f'),
 ('362', 'Entry', '1', '0', '2016-01-07 00:48:03', '2016-01-07 00:52:24', '9ad5b2d6-e016-4fa4-b291-3d1a634953df'),
 ('372', 'Entry', '1', '0', '2016-01-07 00:49:13', '2016-01-07 00:52:24', '3382c92e-adda-4caa-9e22-a2fbc2621ede'),
 ('382', 'Entry', '1', '0', '2016-01-07 00:50:18', '2016-01-07 00:52:24', '74d4667f-b791-4e0a-9348-18c77ef8c4c9'),
 ('392', 'Entry', '1', '0', '2016-01-07 00:50:53', '2016-01-07 00:52:24', 'c6d4d19d-091b-42dc-ba24-a7db403a551c'),
 ('402', 'Entry', '1', '0', '2016-01-07 00:52:02', '2016-01-07 00:57:25', '88a71979-cb7b-423f-ab43-468fd22cc705'),
 ('412', 'Entry', '1', '0', '2016-01-07 00:56:42', '2016-01-07 00:56:42', '79020a76-8b57-4831-8b91-e9d4c7119ac5'),
 ('422', 'Tag', '1', '0', '2016-01-08 02:32:53', '2016-01-08 02:32:53', 'a2350b69-2c76-486a-84d8-2fd3d8510b92'),
 ('432', 'Tag', '1', '0', '2016-01-08 02:33:03', '2016-01-08 02:33:03', '812ab78b-0fd3-40dc-8b31-51073c3c3d80'),
 ('442', 'User', '1', '0', '2016-01-12 21:29:54', '2016-01-12 21:32:23', '7200bcbc-6be0-48d3-8c7f-80789607b41f'),
 ('452', 'Entry', '1', '0', '2016-01-12 22:30:48', '2016-01-20 23:14:47', 'e3da76b1-8e2c-4e88-ab7d-c98970071b00'),
 ('462', 'Entry', '1', '0', '2016-01-12 22:32:20', '2016-01-19 05:45:34', '67de9cf0-6c3f-4971-ab6e-af75e4d63ffa'),
 ('472', 'Entry', '1', '0', '2016-01-12 22:34:23', '2016-01-19 03:04:17', '0b0412df-d122-498d-89e2-6462012a4fd6'),
 ('482', 'Entry', '1', '0', '2016-01-12 22:37:50', '2016-01-19 04:55:23', '8b54bcc2-c010-4f67-a493-539fe2667491'),
 ('492', 'Entry', '1', '0', '2016-01-12 22:56:52', '2016-01-19 02:56:50', '72b78c05-b263-4613-b304-8399e3c9e7af'),
 ('502', 'GlobalSet', '1', '0', '2016-01-14 00:04:33', '2016-01-19 01:51:40', '2554c4ac-7f01-4675-ba48-1ecb31516a5c'),
 ('512', 'User', '1', '0', '2016-01-14 00:55:48', '2016-01-14 00:55:48', '25924ac0-ac78-4efb-8c27-92014c244a8d'),
 ('522', 'Asset', '1', '0', '2016-01-14 01:16:52', '2016-01-14 01:59:06', 'ae6ce202-a2cd-46c4-8c5a-16c348c183d1'),
 ('532', 'Asset', '1', '0', '2016-01-14 02:12:29', '2016-01-14 02:12:29', '66f42dff-c92c-456f-b71b-5b164de8ac56'),
 ('542', 'Asset', '1', '0', '2016-01-14 02:12:47', '2016-01-14 02:12:47', 'bc4b74ef-1c85-43a7-a422-a31904767998'),
 ('552', 'User', '1', '0', '2016-01-16 00:04:44', '2016-01-16 00:04:44', '217a5e3f-f74e-4c11-a13a-5a06018b4f15'),
 ('562', 'Asset', '1', '0', '2016-01-19 02:38:29', '2016-01-19 02:38:29', '9598356b-343c-429a-b1e6-89e2b9b9efa9'),
 ('572', 'Tag', '1', '0', '2016-01-19 02:40:35', '2016-01-19 02:40:35', '271af920-2c5e-4403-8e62-f0d226f86856'),
 ('582', 'Tag', '1', '0', '2016-01-19 02:40:39', '2016-01-19 02:40:39', '16a3df63-0c7f-427d-88c0-16eaf70713d3'),
 ('592', 'Tag', '1', '0', '2016-01-19 02:40:41', '2016-01-19 02:40:41', 'ce08b03c-2eb1-4b02-a8de-6d9500872fe9'),
 ('602', 'Tag', '1', '0', '2016-01-19 02:40:43', '2016-01-19 02:40:43', '71c9d998-f267-4988-9c21-d925597848a3'),
 ('612', 'Tag', '1', '0', '2016-01-19 02:40:50', '2016-01-19 02:40:50', '58679a0f-859b-4e5a-89da-81769ba41874'),
 ('622', 'Tag', '1', '0', '2016-01-19 02:40:57', '2016-01-19 02:40:57', 'ed92c770-09bb-44b0-8751-c12bf3e90831'),
 ('632', 'Entry', '1', '0', '2016-01-19 02:53:41', '2016-01-19 02:54:17', 'c0eb95bd-b2bb-4511-8865-2a9349745995'),
 ('642', 'Entry', '1', '0', '2016-01-19 03:16:40', '2016-01-19 05:03:45', '3893f365-5df3-49cf-969f-5e4c794f5ff6'),
 ('652', 'Entry', '1', '0', '2016-01-19 05:14:38', '2016-01-19 05:16:49', '83ade57f-752c-475b-818c-cbbadfb4a1e6'),
 ('662', 'Entry', '1', '0', '2016-01-19 05:19:22', '2016-01-19 05:20:56', '85481cbf-fdfd-420b-a763-cb8596fd1a3f'),
 ('672', 'Entry', '1', '0', '2016-01-19 05:30:22', '2016-01-19 05:30:22', 'db59b7ec-f806-4cd6-bf97-39e1f7bfc469'),
 ('682', 'Entry', '1', '0', '2016-01-19 05:35:44', '2016-01-19 05:35:44', '0037e4c0-1c09-4b83-8bc0-9ed5a32d4c8f'),
 ('692', 'Entry', '1', '0', '2016-01-19 05:40:46', '2016-01-19 05:40:46', '6a7fe0b1-61ef-41db-afd3-b61a8d336641'),
 ('702', 'Entry', '1', '0', '2016-01-19 05:42:46', '2016-01-19 05:43:18', 'bc7e762b-c5b6-4758-a5ee-4fc7b9845d97'),
 ('712', 'User', '1', '0', '2016-01-19 21:18:27', '2016-01-19 21:18:27', '8bf22523-ccdd-4598-ab50-f524d628d920'),
 ('722', 'Entry', '1', '0', '2016-01-19 21:20:16', '2016-01-19 21:26:34', 'cb308627-80af-40d1-a76e-4682794de558'),
 ('732', 'Entry', '1', '0', '2016-01-19 21:57:06', '2016-01-19 21:57:26', '1b7f6f57-22c7-434c-a3c5-a08cef3ab631'),
 ('742', 'Entry', '1', '0', '2016-01-19 21:59:19', '2016-01-19 21:59:19', '350f2449-aee0-44dd-80f2-78d06df44a1b'),
 ('762', 'Asset', '1', '0', '2016-01-21 20:34:23', '2016-01-21 20:34:23', '104b6ca3-f922-4ea7-bd6e-1f02b85923ab'),
 ('772', 'Asset', '1', '0', '2016-01-21 20:34:32', '2016-01-21 20:34:32', 'dcc1eb35-f98d-4058-9e27-cb72ab11ae90'),
 ('782', 'Asset', '1', '0', '2016-01-21 20:34:41', '2016-01-21 20:34:41', 'b0cc44aa-d133-47f0-bea7-38bd65ed01bf');



DROP TABLE IF EXISTS `craft_elements_i18n`;


--
-- Schema for table `craft_elements_i18n`
--
CREATE TABLE `craft_elements_i18n` (
  `id` int(11) NOT NULL AUTO_INCREMENT,
  `elementId` int(11) NOT NULL,
  `locale` char(12) COLLATE utf8_unicode_ci NOT NULL,
  `slug` varchar(255) COLLATE utf8_unicode_ci DEFAULT NULL,
  `uri` varchar(255) COLLATE utf8_unicode_ci DEFAULT NULL,
  `enabled` tinyint(1) unsigned NOT NULL DEFAULT '1',
  `dateCreated` datetime NOT NULL,
  `dateUpdated` datetime NOT NULL,
  `uid` char(36) COLLATE utf8_unicode_ci NOT NULL DEFAULT '0',
  PRIMARY KEY (`id`),
  UNIQUE KEY `craft_elements_i18n_elementId_locale_unq_idx` (`elementId`,`locale`),
  UNIQUE KEY `craft_elements_i18n_uri_locale_unq_idx` (`uri`,`locale`),
  KEY `craft_elements_i18n_slug_locale_idx` (`slug`,`locale`),
  KEY `craft_elements_i18n_enabled_idx` (`enabled`),
  KEY `craft_elements_i18n_locale_fk` (`locale`)
) ENGINE=InnoDB AUTO_INCREMENT=792 DEFAULT CHARSET=utf8 COLLATE=utf8_unicode_ci;

--
-- Data for table `craft_elements_i18n`
--

INSERT INTO `craft_elements_i18n` (`id`, `elementId`, `locale`, `slug`, `uri`, `enabled`, `dateCreated`, `dateUpdated`, `uid`) VALUES
 ('1', '1', 'en_us', '', NULL, '1', '2015-12-04 00:22:44', '2016-01-14 00:56:20', '85e41016-0882-4d10-8017-2866cb73ae4f'),
 ('2', '2', 'en_us', 'homepage', '__home__', '1', '2015-12-04 00:22:47', '2016-01-14 01:16:56', '35217138-d49f-4797-b17b-c84ca8d6665a'),
 ('5', '5', 'en_us', 'parking', 'services/parking', '1', '2015-12-04 20:08:13', '2016-01-07 00:52:20', '473bf7c7-d897-46a9-82bf-70fe885298e1'),
 ('6', '6', 'en_us', 'pay-a-parking-ticket', 'services/parking/pay-a-ticket-and-other-parking-citation-problems/pay-a-parking-ticket', '1', '2015-12-04 20:08:33', '2016-01-07 00:52:20', 'a862612b-de7e-4322-b9b1-64c82b5830a0'),
 ('7', '7', 'en_us', '', NULL, '1', '2015-12-04 23:22:29', '2015-12-04 23:48:13', '4c239bee-0f7e-4cbc-a94b-7cd9ebd87fc6'),
 ('8', '8', 'en_us', '', NULL, '1', '2015-12-04 23:22:29', '2015-12-04 23:48:13', '95927505-b082-4b1b-8c24-2391e760ba4a'),
 ('9', '9', 'en_us', '', NULL, '1', '2015-12-04 23:37:15', '2015-12-04 23:48:13', 'e65e5492-fd2a-488c-b984-d672f0a2f044'),
 ('10', '10', 'en_us', '', NULL, '1', '2015-12-04 23:37:15', '2015-12-04 23:48:13', 'ab9399aa-19b6-445a-9368-71579ad07b22'),
 ('11', '11', 'en_us', 'free-parking-on-plaid-friday-saturdays-until-new-years', 'news/2015/free-parking-on-plaid-friday-saturdays-until-new-years', '1', '2015-12-10 19:26:54', '2015-12-10 22:58:01', '7e8d1602-6a4b-4b74-b759-26eff1f97fde'),
 ('12', '12', 'en_us', 'oaklands-minimum-wage-goes-up-january-1-deadline-for-noticing-requirement-is-december-15', 'news/2015/oaklands-minimum-wage-goes-up-january-1-deadline-for-noticing-requirement-is-december-15', '1', '2015-12-10 19:37:05', '2015-12-10 22:58:16', 'c27a5fce-291b-447f-8d50-26d6744c93f8'),
 ('13', '13', 'en_us', 'public-works', 'departments/public-works', '1', '2015-12-10 19:52:47', '2016-01-21 00:02:47', 'af053220-c032-46e5-b96f-3aeb8d156075'),
 ('16', '16', 'en_us', 'human-resources', 'departments/human-resources', '1', '2015-12-10 23:28:13', '2016-01-20 23:37:57', '13c37224-1b6b-4ca1-9ed7-637222305ec3'),
 ('19', '19', 'en_us', 'mayors-office', 'departments/mayors-office', '1', '2015-12-10 23:51:47', '2015-12-10 23:52:40', '23f48cd4-a95b-4bca-a3ce-538301c52067'),
 ('52', '52', 'en_us', 'apply-for-parking-permits', 'services/parking/apply-for-parking-permits', '1', '2015-12-18 21:37:59', '2016-01-07 00:52:20', '3e0fa5ab-847a-4fc1-a524-7d3299289072'),
 ('62', '62', 'en_us', 'apply-for-a-disabled-parking-blue-zone', 'services/parking/apply-for-parking-permits/apply-for-a-disabled-parking-blue-zone', '1', '2015-12-18 21:40:10', '2016-01-07 00:52:20', 'c79888cb-c866-43a0-aae5-b32e6cafac0a'),
 ('72', '72', 'en_us', 'apply-for-a-parking-obstruction-permit', 'services/parking/apply-for-parking-permits/apply-for-a-parking-obstruction-permit', '1', '2015-12-18 21:58:04', '2016-01-07 00:52:21', 'd6f88faa-43f0-460b-906d-12da47b0d2f9'),
 ('92', '92', 'en_us', 'apply-for-a-residential-parking-permit', 'services/parking/apply-for-parking-permits/apply-for-a-residential-parking-permit', '1', '2015-12-18 22:05:30', '2016-01-07 00:52:21', '00efe000-6620-4adf-a582-c36cb667bd1a'),
 ('112', '112', 'en_us', 'renew-your-residential-parking-permit', 'services/parking/apply-for-parking-permits/renew-your-residential-parking-permit', '1', '2015-12-18 22:16:30', '2016-01-07 00:52:21', '352700d5-2d56-44f8-b423-c059e59c42de'),
 ('122', '122', 'en_us', 'pay-a-ticket-and-other-parking-citation-problems', 'services/parking/pay-a-ticket-and-other-parking-citation-problems', '1', '2015-12-18 22:42:23', '2016-01-07 00:52:21', 'ec315ddd-53f6-4ea2-9359-c459acabe0e7'),
 ('132', '132', 'en_us', 'contest-a-parking-ticket', 'services/parking/pay-a-ticket-and-other-parking-citation-problems/contest-a-parking-ticket', '1', '2015-12-18 22:46:27', '2016-01-07 00:52:21', '30ea6cae-b9ac-4cfc-9ff0-49538dcf8656'),
 ('142', '142', 'en_us', 'jobs', 'services/jobs', '1', '2015-12-18 23:04:13', '2016-01-21 20:35:19', 'f1dde9ce-8b68-4398-9511-b0945c3d3486'),
 ('152', '152', 'en_us', 'create-your-own-parking-citation-alert', 'services/parking/find-parking/create-your-own-parking-citation-alert', '1', '2015-12-18 23:08:02', '2016-01-07 00:52:21', '5fd61d11-3869-4aee-93ee-f44540b6a357'),
 ('162', '162', 'en_us', 'apply-for-jobs', 'services/jobs/apply-for-jobs', '1', '2015-12-18 23:09:39', '2016-01-21 20:35:20', '68c94743-3e4a-450a-9a12-ed3b92e10d81'),
 ('182', '182', 'en_us', 'request-an-administrative-hearing', 'services/parking/find-parking/request-an-administrative-hearing', '1', '2015-12-18 23:16:35', '2016-01-07 00:52:22', 'fd0c0e95-a20c-4cd8-a3e8-6304db946ad4'),
 ('192', '192', 'en_us', 'pay-benefits', 'services/jobs/pay-benefits', '1', '2015-12-18 23:26:06', '2016-01-07 00:52:22', 'bf976a5b-a941-475c-96c8-f5e675821481'),
 ('202', '202', 'en_us', 'application-process-support', 'services/jobs/job-application-process/application-process-support', '1', '2015-12-18 23:30:33', '2016-01-07 00:52:22', '26b13ca6-0f06-4884-bd84-d3d2083ba152'),
 ('212', '212', 'en_us', 'apply-online-for-current-job-openings', 'services/jobs/apply-for-jobs/apply-online-for-current-job-openings', '1', '2015-12-18 23:48:50', '2016-01-07 00:52:22', '652560a1-f7b6-44de-9b8d-1fc5775310eb'),
 ('222', '222', 'en_us', 'what-to-do-if-your-car-is-booted', 'services/parking/what-to-do-with-booted-or-towed-cars/what-to-do-if-your-car-is-booted', '1', '2015-12-18 23:49:30', '2016-01-07 00:52:22', 'a7513929-714b-4ff3-b9ac-3530aa70b060'),
 ('232', '232', 'en_us', 'what-to-do-if-your-car-is-towed', 'services/parking/what-to-do-with-booted-or-towed-cars/what-to-do-if-your-car-is-towed', '1', '2015-12-18 23:50:15', '2016-01-07 00:52:22', '1a3d6cee-ee8c-466d-aa48-9462d5407a18'),
 ('252', '252', 'en_us', 'find-parking', 'services/parking/find-parking', '1', '2015-12-18 23:55:17', '2016-01-07 00:52:22', 'cb616f27-fa3c-4a8b-8912-64c5d91846a8'),
 ('262', '262', 'en_us', 'understanding-curb-colors', 'services/parking/find-parking/understanding-curb-colors', '1', '2015-12-18 23:56:20', '2016-01-07 00:52:22', '62e8254f-24b7-4b17-b77e-8ef80f2f271d'),
 ('272', '272', 'en_us', 'find-a-city-owned-parking-garage', 'services/parking/find-parking/find-a-city-owned-parking-garage', '1', '2015-12-18 23:57:44', '2016-01-07 00:52:23', 'eec4f7e5-6726-4904-bbf7-fcc9da2db0ff'),
 ('282', '282', 'en_us', 'parking-hours-and-rates', 'services/parking/find-parking/parking-hours-and-rates', '1', '2015-12-18 23:59:19', '2016-01-07 00:52:23', 'ad916483-707e-403a-b678-63aff2a4948f'),
 ('292', '292', 'en_us', 'street-sweeping-restrictions', 'services/parking/find-parking/street-sweeping-restrictions', '1', '2015-12-19 00:00:22', '2016-01-07 00:52:23', 'f3585bad-a926-4e9a-8de9-ee4f1c662fde'),
 ('302', '302', 'en_us', 'disabled-person-parking', 'services/parking/find-parking/disabled-person-parking', '1', '2015-12-19 00:04:21', '2016-01-07 00:52:23', '30677507-5b55-448c-b529-568a70036d85'),
 ('312', '312', 'en_us', 'apply-for-disabled-persons-parking-placards-and-plates', 'services/parking/apply-for-parking-permits/apply-for-disabled-persons-parking-placards-and-plates', '1', '2015-12-19 00:06:15', '2016-01-07 00:52:23', 'e124d2df-3340-4270-bd68-58c72bb81221'),
 ('322', '322', 'en_us', 'what-to-do-with-booted-or-towed-cars', 'services/parking/what-to-do-with-booted-or-towed-cars', '1', '2015-12-19 00:49:18', '2016-01-07 00:52:23', '3f37c206-5fda-42d4-8a3f-24e416d53e49'),
 ('332', '332', 'en_us', 'costs-of-common-parking-violations', 'services/parking/find-parking/costs-of-common-parking-violations', '1', '2015-12-19 01:00:21', '2016-01-07 00:52:24', '76a1e122-cbcd-4421-9b73-6ae100d51f13'),
 ('362', '362', 'en_us', 'job-application-process', 'services/jobs/job-application-process', '1', '2016-01-07 00:48:03', '2016-01-07 00:52:24', '5340f6d5-45ac-4631-8cc3-f7a075d838f1'),
 ('372', '372', 'en_us', 'civil-service-board', 'services/jobs/job-application-process/employment-regulations-and-support/civil-service-board', '1', '2016-01-07 00:49:13', '2016-01-07 00:52:27', '032089d9-44bf-451b-bea6-cf332d1a9eb7'),
 ('382', '382', 'en_us', 'employee-assistance-program-eap', 'services/jobs/job-application-process/employment-regulations-and-support/employee-assistance-program-eap', '1', '2016-01-07 00:50:18', '2016-01-07 00:52:28', 'f0453d89-41d3-416f-9b46-3534c3b8952a'),
 ('392', '392', 'en_us', 'requesting-a-civil-service-board-hearing-or-appeal', 'services/jobs/job-application-process/employment-regulations-and-support/requesting-a-civil-service-board-hearing-or-appeal', '1', '2016-01-07 00:50:53', '2016-01-07 00:52:29', 'bf127cf2-78da-4cee-96a2-4cac7e7f6594'),
 ('402', '402', 'en_us', 'employment-regulations-and-support', 'services/jobs/job-application-process/employment-regulations-and-support', '1', '2016-01-07 00:52:03', '2016-01-07 00:57:25', 'bbcc02a3-08f8-43bd-8555-f1e9d94304ea'),
 ('412', '412', 'en_us', 'city-employee-pay-ranges', 'services/jobs/job-application-process/employment-regulations-and-support/city-employee-pay-ranges', '1', '2016-01-07 00:56:42', '2016-01-07 00:57:30', '8b65c82b-f4cc-4fb5-8334-133afd976d1e'),
 ('422', '422', 'en_us', 'health', NULL, '1', '2016-01-08 02:32:54', '2016-01-08 02:32:54', 'cfc8a24d-43ac-4bf4-aa65-14dab51e25fc'),
 ('432', '432', 'en_us', 'economic-d', NULL, '1', '2016-01-08 02:33:03', '2016-01-08 02:33:03', 'cebc194a-ab54-467f-82b7-d892e723b19f'),
 ('442', '442', 'en_us', '', NULL, '1', '2016-01-12 21:29:54', '2016-01-12 21:32:23', '34d3abc3-5074-4b52-8443-4177e9b87b4f'),
 ('452', '452', 'en_us', 'el-nino-101', 'services/el-nino-101', '1', '2016-01-12 22:30:48', '2016-01-20 23:19:01', '7c50582c-01ea-4a43-be14-251186ab66a2'),
 ('462', '462', 'en_us', 'be-prepared-get-ready', 'services/el-nino-101/be-prepared-get-ready', '1', '2016-01-12 22:32:20', '2016-01-19 05:45:34', 'a493920b-f822-457d-8c51-7add87f4cbff'),
 ('472', '472', 'en_us', 'sign-up-for-emergency-alerts', 'services/el-nino-101/sign-up-for-emergency-alerts', '1', '2016-01-12 22:34:23', '2016-01-19 03:04:17', 'c7f58a34-b2bc-4e11-9950-53114240e12b'),
 ('482', '482', 'en_us', 'resource-library', 'services/el-nino-101/resource-library', '1', '2016-01-12 22:37:50', '2016-01-19 04:55:23', '610bb688-9f41-4ebb-855a-2f75d4659d91'),
 ('492', '492', 'en_us', 'report-a-problem', 'services/el-nino-101/report-a-problem', '1', '2016-01-12 22:56:52', '2016-01-20 23:14:48', 'd9a54758-ce23-497f-940c-6dc2fd384b72'),
 ('502', '502', 'en_us', '', NULL, '1', '2016-01-14 00:04:33', '2016-01-19 01:51:40', '7336cd4b-30c3-4078-9718-2966f272a86b'),
 ('512', '512', 'en_us', '', NULL, '1', '2016-01-14 00:55:48', '2016-01-14 00:55:48', '333bbe91-bd67-4312-80be-418bc85fb3ff'),
 ('522', '522', 'en_us', 'hero-1', NULL, '1', '2016-01-14 01:16:52', '2016-01-14 01:59:06', '1492a47a-637b-487c-be47-958008f888e0'),
 ('532', '532', 'en_us', 'anil-comelo', NULL, '1', '2016-01-14 02:12:29', '2016-01-14 02:12:29', '03917716-6bd1-4c7c-b59e-9a2b110d8197'),
 ('542', '542', 'en_us', 'brooke-levin', NULL, '1', '2016-01-14 02:12:47', '2016-01-14 02:12:47', 'b3062e2b-2913-45cd-82d3-c9ac31776222'),
 ('552', '552', 'en_us', '', NULL, '1', '2016-01-16 00:04:44', '2016-01-16 00:04:44', 'c6691531-36c4-4159-a109-500076529d00'),
 ('562', '562', 'en_us', 'cxaz6-t6-wc-aqt-ra-q', NULL, '1', '2016-01-19 02:38:29', '2016-01-19 02:38:29', '358324a6-ff33-479e-b0a9-3d2134573590'),
 ('572', '572', 'en_us', 'winter', NULL, '1', '2016-01-19 02:40:35', '2016-01-19 02:40:35', 'cb5d0d98-d156-4b91-99a5-d9f2fee0e389'),
 ('582', '582', 'en_us', 'el-nino', NULL, '1', '2016-01-19 02:40:39', '2016-01-19 02:40:39', '20fd8a98-0d83-4aae-a24e-62937aadab9f'),
 ('592', '592', 'en_us', 'la-nin', NULL, '1', '2016-01-19 02:40:41', '2016-01-19 02:40:41', '03b33558-5f22-47d1-99c2-2717bf1dccd9'),
 ('602', '602', 'en_us', 'ra', NULL, '1', '2016-01-19 02:40:43', '2016-01-19 02:40:43', 'bc8d4043-bada-4e8d-a307-21dc0238c251'),
 ('612', '612', 'en_us', 'rain', NULL, '1', '2016-01-19 02:40:50', '2016-01-19 02:40:50', '6dd71480-2e3a-4f70-8212-d0cdd950c254'),
 ('622', '622', 'en_us', 'weather', NULL, '1', '2016-01-19 02:40:57', '2016-01-19 02:40:57', '1d49ae08-b70b-42a3-9edc-778e33166162'),
 ('632', '632', 'en_us', 'oakland-encourages-residents-and-businesses-to-prepare-for-el-niño-storm-safety-with-how-to-videos', 'news/2016/oakland-encourages-residents-and-businesses-to-prepare-for-el-niño-storm-safety-with-how-to-videos', '1', '2016-01-19 02:53:41', '2016-01-19 02:54:17', '5e122c47-f6f6-4282-890b-ba67d18e5fe7'),
 ('642', '642', 'en_us', 'weather-ready-workshops-from-core-oakland-fire-department', 'services/el-nino-101/be-prepared-get-ready/weather-ready-workshops-from-core-oakland-fire-department', '1', '2016-01-19 03:16:41', '2016-01-19 05:45:37', 'c88d3d85-c580-43bc-9aab-3ab812e05fe8'),
 ('652', '652', 'en_us', 'read-the-latest-oakland-storm-reports', 'services/el-nino-101/resource-library/read-the-latest-oakland-storm-reports', '1', '2016-01-19 05:14:38', '2016-01-19 05:16:52', '943b4e48-ff86-4372-b8f7-1c01f6a49682'),
 ('662', '662', 'en_us', 'el-nino-press-releases', 'services/el-nino-101/resource-library/el-nino-press-releases', '1', '2016-01-19 05:19:22', '2016-01-19 05:20:56', '06d1cc76-f666-4b5c-addb-5e01fff779d8'),
 ('672', '672', 'en_us', 'preparation-tips-tricks-for-winter-storms', 'services/el-nino-101/be-prepared-get-ready/preparation-tips-tricks-for-winter-storms', '1', '2016-01-19 05:30:22', '2016-01-19 05:30:24', '36719a55-c4dc-45ba-bddc-b4757676292b'),
 ('682', '682', 'en_us', 'adopt-a-city-storm-drain', 'services/el-nino-101/be-prepared-get-ready/adopt-a-city-storm-drain', '1', '2016-01-19 05:35:44', '2016-01-19 05:35:57', '18c1ed62-cf1f-46bb-9c13-0bb013c49ec9'),
 ('692', '692', 'en_us', 'pick-up-sandbags-plastic-sheeting-for-your-neighborhood', 'services/el-nino-101/be-prepared-get-ready/pick-up-sandbags-plastic-sheeting-for-your-neighborhood', '1', '2016-01-19 05:40:46', '2016-01-19 05:40:49', 'd1430072-2415-4922-8644-ecfeb2d28796'),
 ('702', '702', 'en_us', 'news-articles-other-resources', 'services/el-nino-101/resource-library/news-articles-other-resources', '1', '2016-01-19 05:42:46', '2016-01-19 05:43:20', 'f5f97416-61b8-4320-94c8-ffe9445218db'),
 ('712', '712', 'en_us', '', NULL, '1', '2016-01-19 21:18:27', '2016-01-19 21:18:27', 'edbd1ceb-75be-4f44-b925-6bf8adacc984'),
 ('722', '722', 'en_us', 'digital-playbook', 'digital-playbook', '1', '2016-01-19 21:20:16', '2016-01-19 21:26:34', '2275c87c-01e1-4bfc-b422-515579906e56'),
 ('732', '732', 'en_us', 'businesses', 'services/businesses', '1', '2016-01-19 21:57:06', '2016-01-19 21:57:26', 'e5c351f8-3004-4753-9c66-6ad6dc9cbf29'),
 ('742', '742', 'en_us', 'start-your-business', 'services/businesses/start-your-business', '1', '2016-01-19 21:59:20', '2016-01-19 21:59:22', '68e52223-8bc8-463c-b952-5949ff44900d'),
 ('762', '762', 'en_us', 'action-shot', NULL, '1', '2016-01-21 20:34:23', '2016-01-21 20:34:23', 'ba5a2997-5807-4893-94bb-77229a26bbf5'),
 ('772', '772', 'en_us', 'employee-recognition', NULL, '1', '2016-01-21 20:34:32', '2016-01-21 20:34:32', 'e98940f7-1702-46ec-96ba-cfa22e858002'),
 ('782', '782', 'en_us', 'oakland-grass-cutting', NULL, '1', '2016-01-21 20:34:41', '2016-01-21 20:34:41', '28167d48-40c5-4d6d-9503-7efdab3cbbe7');



DROP TABLE IF EXISTS `craft_emailmessages`;


--
-- Schema for table `craft_emailmessages`
--
CREATE TABLE `craft_emailmessages` (
  `id` int(11) NOT NULL AUTO_INCREMENT,
  `key` char(150) COLLATE utf8_unicode_ci NOT NULL,
  `locale` char(12) COLLATE utf8_unicode_ci NOT NULL,
  `subject` varchar(1000) COLLATE utf8_unicode_ci NOT NULL,
  `body` text COLLATE utf8_unicode_ci NOT NULL,
  `dateCreated` datetime NOT NULL,
  `dateUpdated` datetime NOT NULL,
  `uid` char(36) COLLATE utf8_unicode_ci NOT NULL DEFAULT '0',
  PRIMARY KEY (`id`),
  UNIQUE KEY `craft_emailmessages_key_locale_unq_idx` (`key`,`locale`),
  KEY `craft_emailmessages_locale_fk` (`locale`)
) ENGINE=InnoDB DEFAULT CHARSET=utf8 COLLATE=utf8_unicode_ci;

DROP TABLE IF EXISTS `craft_entries`;


--
-- Schema for table `craft_entries`
--
CREATE TABLE `craft_entries` (
  `id` int(11) NOT NULL,
  `sectionId` int(11) NOT NULL,
  `typeId` int(11) DEFAULT NULL,
  `authorId` int(11) DEFAULT NULL,
  `postDate` datetime DEFAULT NULL,
  `expiryDate` datetime DEFAULT NULL,
  `dateCreated` datetime NOT NULL,
  `dateUpdated` datetime NOT NULL,
  `uid` char(36) COLLATE utf8_unicode_ci NOT NULL DEFAULT '0',
  PRIMARY KEY (`id`),
  KEY `craft_entries_sectionId_idx` (`sectionId`),
  KEY `craft_entries_typeId_idx` (`typeId`),
  KEY `craft_entries_postDate_idx` (`postDate`),
  KEY `craft_entries_expiryDate_idx` (`expiryDate`),
  KEY `craft_entries_authorId_fk` (`authorId`)
) ENGINE=InnoDB DEFAULT CHARSET=utf8 COLLATE=utf8_unicode_ci;

--
-- Data for table `craft_entries`
--

INSERT INTO `craft_entries` (`id`, `sectionId`, `typeId`, `authorId`, `postDate`, `expiryDate`, `dateCreated`, `dateUpdated`, `uid`) VALUES
 ('2', '1', NULL, NULL, '2015-12-04 00:22:46', NULL, '2015-12-04 00:22:47', '2016-01-14 01:16:56', '65380649-52a3-4fd5-9f5c-2dccd00bd137'),
 ('5', '3', '4', '1', '2015-12-04 20:08:00', NULL, '2015-12-04 20:08:13', '2015-12-04 21:34:11', '11a3aa6f-3036-4dcb-99e5-252660d621b3'),
 ('6', '3', '3', '1', '2015-12-04 20:08:00', NULL, '2015-12-04 20:08:33', '2015-12-19 01:02:11', '0c33dbc8-33f5-4025-8b7b-b06d07ac816b'),
 ('11', '2', '2', '1', '2015-12-10 19:26:00', NULL, '2015-12-10 19:26:54', '2015-12-10 22:58:01', '922514ba-404c-4438-a7e2-5d37cea9fa33'),
 ('12', '2', '2', '1', '2015-12-10 19:37:00', NULL, '2015-12-10 19:37:05', '2015-12-10 22:58:16', 'f7092fcb-c332-405c-bad2-6e1e4d788867'),
 ('13', '4', '5', '1', '2015-12-10 19:52:00', NULL, '2015-12-10 19:52:47', '2016-01-21 00:02:47', '285fd5fe-0c71-4012-8d56-f8f9df23c9b6'),
 ('16', '4', '5', '1', '2015-12-10 23:28:00', NULL, '2015-12-10 23:28:13', '2016-01-20 23:37:57', '1b66fc6d-6e11-4dd9-b483-1cfd2f0371ea'),
 ('19', '4', '5', '1', '2015-12-10 23:51:00', NULL, '2015-12-10 23:51:47', '2015-12-10 23:52:40', '0c561ee2-e4fe-4800-9011-5f98c7d75a45'),
 ('52', '3', '4', '1', '2015-12-18 21:37:59', NULL, '2015-12-18 21:37:59', '2015-12-18 21:37:59', '527cc07d-4a09-4551-aaed-bbbe7830bf02'),
 ('62', '3', '3', '1', '2015-12-18 21:40:10', NULL, '2015-12-18 21:40:10', '2015-12-18 21:40:10', '748bf382-43d2-4ec3-b21f-e8132aecee52'),
 ('72', '3', '3', '1', '2015-12-18 21:58:04', NULL, '2015-12-18 21:58:04', '2015-12-18 21:58:04', '792a1bdf-0293-4eaf-8578-28b31bd34e9e'),
 ('92', '3', '3', '1', '2015-12-18 22:04:00', NULL, '2015-12-18 22:05:31', '2015-12-18 22:05:31', 'fbf88560-b71a-4990-b183-a1ed364c48dd'),
 ('112', '3', '3', '1', '2015-12-18 22:16:30', NULL, '2015-12-18 22:16:30', '2015-12-18 22:16:30', 'f17c7bdf-e27e-49b3-9515-f8fbe1f94e41'),
 ('122', '3', '4', '1', '2015-12-18 22:42:00', NULL, '2015-12-18 22:42:23', '2015-12-19 00:50:38', '90434556-c0e7-4e60-8e40-0b116e7540fc'),
 ('132', '3', '3', '1', '2015-12-18 22:43:00', NULL, '2015-12-18 22:46:27', '2015-12-19 01:06:02', '9270349b-d223-437b-9a13-9ab25611fc3a'),
 ('142', '3', '22', '1', '2015-12-18 23:04:00', NULL, '2015-12-18 23:04:13', '2016-01-21 20:35:19', '86310eb5-cc03-4ee0-92bc-cf30bcfa7576'),
 ('152', '3', '3', '1', '2015-12-18 23:08:00', NULL, '2015-12-18 23:08:02', '2015-12-19 00:54:53', '2d3e61f4-af48-4aeb-84dd-b8ea86bea6c4'),
 ('162', '3', '4', '1', '2015-12-18 23:09:00', NULL, '2015-12-18 23:09:39', '2015-12-18 23:26:17', '99fafe29-8d8f-4c03-a322-6e5b26454e13'),
 ('182', '3', '3', '1', '2015-12-18 23:16:35', NULL, '2015-12-18 23:16:35', '2015-12-18 23:16:35', '16ccc198-5aa0-41ad-81d7-dc3840725829'),
 ('192', '3', '3', '1', '2015-12-18 23:26:00', NULL, '2015-12-18 23:26:06', '2016-01-05 23:32:03', '8acfabc5-8791-4b23-9c50-85f19d4c4243'),
 ('202', '3', '3', '1', '2015-12-18 23:30:00', NULL, '2015-12-18 23:30:33', '2016-01-05 22:23:16', '0f5c21f7-99ba-4e17-9b04-58fcf7f60b04'),
 ('212', '3', '3', '1', '2015-12-18 23:48:00', NULL, '2015-12-18 23:48:50', '2015-12-19 00:13:18', '7c70ce8a-5c0d-4e1c-84a4-0ee6186456ee'),
 ('222', '3', '3', '1', '2015-12-18 23:49:30', NULL, '2015-12-18 23:49:30', '2015-12-18 23:49:30', '4ba6884a-ca7d-47db-88b7-8dd5194cb134'),
 ('232', '3', '3', '1', '2015-12-18 23:50:15', NULL, '2015-12-18 23:50:15', '2015-12-18 23:50:15', '927ddc3f-daaf-4cd0-a836-72da8f605a8b'),
 ('252', '3', '4', '1', '2015-12-18 23:55:00', NULL, '2015-12-18 23:55:17', '2015-12-19 00:14:49', '77e2ba52-016a-404d-9e75-c4802a5609d7'),
 ('262', '3', '3', '1', '2015-12-18 23:56:20', NULL, '2015-12-18 23:56:20', '2015-12-18 23:56:20', '3a02765c-a751-4f88-82b1-14d3c885f92e'),
 ('272', '3', '3', '1', '2015-12-18 23:57:44', NULL, '2015-12-18 23:57:44', '2015-12-18 23:57:44', 'db8581fd-cef4-45a5-be3a-71384d75ed3f'),
 ('282', '3', '3', '1', '2015-12-18 23:59:19', NULL, '2015-12-18 23:59:19', '2015-12-18 23:59:19', 'b071fa20-5358-4b74-9ea0-7c28d902aa28'),
 ('292', '3', '3', '1', '2015-12-19 00:00:22', NULL, '2015-12-19 00:00:22', '2015-12-19 00:00:22', 'b648b124-b464-43e4-83ee-8db4f5061ea3'),
 ('302', '3', '3', '1', '2015-12-19 00:04:21', NULL, '2015-12-19 00:04:21', '2015-12-19 00:04:21', '7dbc6414-c42c-4574-bb2a-90f5388b2479'),
 ('312', '3', '3', '1', '2015-12-19 00:06:00', NULL, '2015-12-19 00:06:15', '2015-12-19 00:08:19', 'b5bceaa6-8bdd-4f44-bd1e-28b3d4656845'),
 ('322', '3', '4', '1', '2015-12-19 00:49:18', NULL, '2015-12-19 00:49:18', '2015-12-19 00:49:18', '1ee1a2a2-afca-410d-bf9d-715449d70ca4'),
 ('332', '3', '3', '1', '2015-12-19 01:00:21', NULL, '2015-12-19 01:00:21', '2015-12-19 01:00:21', '77a43ecf-543c-4423-b985-9d1ecbe2be0d'),
 ('362', '3', '4', '1', '2016-01-07 00:48:03', NULL, '2016-01-07 00:48:03', '2016-01-07 00:48:03', 'e0783901-8c7b-49b7-ad0e-1b371c492e63'),
 ('372', '3', '3', '1', '2016-01-07 00:49:13', NULL, '2016-01-07 00:49:13', '2016-01-07 00:49:13', '482681f4-27d6-4b36-8432-2b2d48e290f7'),
 ('382', '3', '3', '1', '2016-01-07 00:50:18', NULL, '2016-01-07 00:50:18', '2016-01-07 00:50:18', '896691a2-578d-4e0c-8a2a-0b3df1ae9ae7'),
 ('392', '3', '3', '1', '2016-01-07 00:50:53', NULL, '2016-01-07 00:50:53', '2016-01-07 00:50:53', '4446d11a-7907-43c4-9544-8864d2b1515b'),
 ('402', '3', '4', '1', '2016-01-07 00:52:00', NULL, '2016-01-07 00:52:03', '2016-01-07 00:57:25', '72c8153b-322b-4480-bbfe-5144e8b0d2ae'),
 ('412', '3', '3', '1', '2016-01-07 00:56:42', NULL, '2016-01-07 00:56:42', '2016-01-07 00:56:42', '6eafdda7-8783-4b07-8144-243442de11a2'),
 ('452', '3', '4', '512', '2016-01-12 22:30:00', '2016-03-31 00:00:00', '2016-01-12 22:30:48', '2016-01-20 23:14:47', '0175a263-e5fd-4e56-b03b-4f5a6fda4071'),
 ('462', '3', '4', '512', '2016-01-12 22:32:00', NULL, '2016-01-12 22:32:20', '2016-01-19 05:45:34', 'f767e6a7-c888-47f2-9940-69176f4f25a9'),
 ('472', '3', '3', '512', '2016-01-12 22:34:00', NULL, '2016-01-12 22:34:23', '2016-01-19 03:04:17', '08718006-f56a-442f-9483-7163f28eec67'),
 ('482', '3', '4', '512', '2016-01-12 22:37:00', NULL, '2016-01-12 22:37:50', '2016-01-19 04:55:23', '0b37028d-dcfb-4852-8234-66abc1c21396'),
 ('492', '3', '3', '512', '2016-01-12 22:56:00', NULL, '2016-01-12 22:56:53', '2016-01-19 02:56:50', 'e6d54b0b-952f-4b82-b088-2004af50c2a0'),
 ('632', '2', '2', '512', '2016-01-18 00:00:00', '2016-01-31 00:00:00', '2016-01-19 02:53:41', '2016-01-19 02:54:18', '14a33b30-bbd3-43e7-87fc-07b44776534a'),
 ('642', '3', '3', '512', '2016-01-19 03:16:00', NULL, '2016-01-19 03:16:41', '2016-01-19 05:03:45', '66de1904-b729-407f-a4a7-e0ddea555e37'),
 ('652', '3', '3', '512', '2016-01-19 05:14:00', NULL, '2016-01-19 05:14:38', '2016-01-19 05:16:50', '2fce94df-3d3f-4aa1-973e-38446f50c8f3'),
 ('662', '3', '3', '512', '2016-01-19 05:19:00', NULL, '2016-01-19 05:19:22', '2016-01-19 05:20:56', '4a7e1558-0873-4c8a-b3cb-49e18a997718'),
 ('672', '3', '3', '512', '2016-01-19 05:30:22', NULL, '2016-01-19 05:30:22', '2016-01-19 05:30:22', '29528e28-4578-456d-bf7c-3454483fba95'),
 ('682', '3', '3', '512', '2016-01-19 05:35:44', NULL, '2016-01-19 05:35:44', '2016-01-19 05:35:44', 'd46f33c1-fd6e-4c01-9fb7-472edc3856e1'),
 ('692', '3', '3', '512', '2016-01-19 05:40:45', NULL, '2016-01-19 05:40:46', '2016-01-19 05:40:46', '4151de8d-b314-4378-9d38-b64a24fea19b'),
 ('702', '3', '3', '512', '2016-01-19 05:42:00', NULL, '2016-01-19 05:42:46', '2016-01-19 05:43:18', 'd88095d5-5554-41e9-9c2f-5c9f3e2be5bd'),
 ('722', '22', NULL, NULL, '2016-01-19 21:20:16', NULL, '2016-01-19 21:20:16', '2016-01-19 21:20:16', 'bf3ea9da-940c-4b9f-96fd-99f5bc4ff271'),
 ('732', '3', '4', '712', '2016-01-19 21:57:00', NULL, '2016-01-19 21:57:07', '2016-01-19 21:57:26', 'bb785e17-8fca-44d3-8817-7419916a6258'),
 ('742', '3', '4', '712', '2016-01-19 21:59:19', NULL, '2016-01-19 21:59:20', '2016-01-19 21:59:20', '309c4cc2-2e6c-4ef5-a0a6-7851bea2a7bf');



DROP TABLE IF EXISTS `craft_entrydrafts`;


--
-- Schema for table `craft_entrydrafts`
--
CREATE TABLE `craft_entrydrafts` (
  `id` int(11) NOT NULL AUTO_INCREMENT,
  `entryId` int(11) NOT NULL,
  `sectionId` int(11) NOT NULL,
  `creatorId` int(11) NOT NULL,
  `locale` char(12) COLLATE utf8_unicode_ci NOT NULL,
  `name` varchar(255) COLLATE utf8_unicode_ci NOT NULL,
  `notes` tinytext COLLATE utf8_unicode_ci,
  `data` mediumtext COLLATE utf8_unicode_ci NOT NULL,
  `dateCreated` datetime NOT NULL,
  `dateUpdated` datetime NOT NULL,
  `uid` char(36) COLLATE utf8_unicode_ci NOT NULL DEFAULT '0',
  PRIMARY KEY (`id`),
  KEY `craft_entrydrafts_entryId_locale_idx` (`entryId`,`locale`),
  KEY `craft_entrydrafts_sectionId_fk` (`sectionId`),
  KEY `craft_entrydrafts_creatorId_fk` (`creatorId`),
  KEY `craft_entrydrafts_locale_fk` (`locale`)
) ENGINE=InnoDB DEFAULT CHARSET=utf8 COLLATE=utf8_unicode_ci;

DROP TABLE IF EXISTS `craft_entrytypes`;


--
-- Schema for table `craft_entrytypes`
--
CREATE TABLE `craft_entrytypes` (
  `id` int(11) NOT NULL AUTO_INCREMENT,
  `sectionId` int(11) NOT NULL,
  `fieldLayoutId` int(11) DEFAULT NULL,
  `name` varchar(255) COLLATE utf8_unicode_ci NOT NULL,
  `handle` varchar(255) COLLATE utf8_unicode_ci NOT NULL,
  `hasTitleField` tinyint(1) unsigned NOT NULL DEFAULT '1',
  `titleLabel` varchar(255) COLLATE utf8_unicode_ci DEFAULT 'Title',
  `titleFormat` varchar(255) COLLATE utf8_unicode_ci DEFAULT NULL,
  `sortOrder` tinyint(4) DEFAULT NULL,
  `dateCreated` datetime NOT NULL,
  `dateUpdated` datetime NOT NULL,
  `uid` char(36) COLLATE utf8_unicode_ci NOT NULL DEFAULT '0',
  PRIMARY KEY (`id`),
  UNIQUE KEY `craft_entrytypes_name_sectionId_unq_idx` (`name`,`sectionId`),
  UNIQUE KEY `craft_entrytypes_handle_sectionId_unq_idx` (`handle`,`sectionId`),
  KEY `craft_entrytypes_sectionId_fk` (`sectionId`),
  KEY `craft_entrytypes_fieldLayoutId_fk` (`fieldLayoutId`)
) ENGINE=InnoDB AUTO_INCREMENT=62 DEFAULT CHARSET=utf8 COLLATE=utf8_unicode_ci;

--
-- Data for table `craft_entrytypes`
--

INSERT INTO `craft_entrytypes` (`id`, `sectionId`, `fieldLayoutId`, `name`, `handle`, `hasTitleField`, `titleLabel`, `titleFormat`, `sortOrder`, `dateCreated`, `dateUpdated`, `uid`) VALUES
 ('1', '1', '34', 'Homepage', 'homepage', '1', 'Title', NULL, NULL, '2015-12-04 00:22:46', '2015-12-11 01:03:13', '39fc9aed-5948-4d15-89ca-dd95647996d8'),
 ('2', '2', '182', 'News', 'news', '1', 'Title', NULL, NULL, '2015-12-04 00:22:47', '2016-01-08 02:34:06', '2312536d-29f8-4776-935e-f8063c0d1c8d'),
 ('3', '3', '192', 'article', 'article', '1', 'Title', NULL, NULL, '2015-12-04 20:04:38', '2016-01-13 23:46:44', '4d4280dd-ffe6-48a8-88f7-9615ad715f98'),
 ('4', '3', '16', 'topic', 'topic', '1', 'Title', NULL, NULL, '2015-12-04 20:25:30', '2015-12-04 21:33:02', '218b5247-ea1d-4575-ace6-4614034a1359'),
 ('5', '4', '312', 'Department', 'department', '1', 'Title', NULL, NULL, '2015-12-10 19:40:23', '2016-01-20 23:36:39', '3e3c7ce3-e27f-4adf-bcd7-692bb61bf76d'),
 ('22', '3', '322', 'Jobs Landing', 'jobs', '1', 'Title', NULL, NULL, '2016-01-04 23:32:12', '2016-01-21 20:34:09', '3aeda02d-ed6b-4011-bd97-20174d4e7689'),
 ('42', '22', '292', 'Landing', 'digitalPlaybookLanding', '0', NULL, '{section.name|raw}', NULL, '2016-01-19 21:20:16', '2016-01-19 21:28:40', 'ce8e59b6-9f19-49de-962c-433b00705e1b'),
 ('52', '22', '302', 'Article', 'digitalPlaybookArticle', '1', 'Title', NULL, NULL, '2016-01-19 21:28:22', '2016-01-19 21:28:50', 'e9fe9a8e-cf4c-4557-a479-d97e4e68fc2c');



DROP TABLE IF EXISTS `craft_entryversions`;


--
-- Schema for table `craft_entryversions`
--
CREATE TABLE `craft_entryversions` (
  `id` int(11) NOT NULL AUTO_INCREMENT,
  `entryId` int(11) NOT NULL,
  `sectionId` int(11) NOT NULL,
  `creatorId` int(11) DEFAULT NULL,
  `locale` char(12) COLLATE utf8_unicode_ci NOT NULL,
  `num` smallint(6) unsigned NOT NULL,
  `notes` tinytext COLLATE utf8_unicode_ci,
  `data` mediumtext COLLATE utf8_unicode_ci NOT NULL,
  `dateCreated` datetime NOT NULL,
  `dateUpdated` datetime NOT NULL,
  `uid` char(36) COLLATE utf8_unicode_ci NOT NULL DEFAULT '0',
  PRIMARY KEY (`id`),
  KEY `craft_entryversions_entryId_locale_idx` (`entryId`,`locale`),
  KEY `craft_entryversions_sectionId_fk` (`sectionId`),
  KEY `craft_entryversions_creatorId_fk` (`creatorId`),
  KEY `craft_entryversions_locale_fk` (`locale`)
) ENGINE=InnoDB AUTO_INCREMENT=1362 DEFAULT CHARSET=utf8 COLLATE=utf8_unicode_ci;

--
-- Data for table `craft_entryversions`
--

INSERT INTO `craft_entryversions` (`id`, `entryId`, `sectionId`, `creatorId`, `locale`, `num`, `notes`, `data`, `dateCreated`, `dateUpdated`, `uid`) VALUES
 ('1', '2', '1', '1', 'en_us', '1', NULL, '{\"typeId\":\"1\",\"authorId\":null,\"title\":\"Homepage\",\"slug\":\"homepage\",\"postDate\":1449188566,\"expiryDate\":null,\"enabled\":1,\"parentId\":null,\"fields\":[]}', '2015-12-04 00:22:47', '2015-12-04 00:22:47', '456baa27-2265-4c45-ba8e-9edfc2cc10e0'),
 ('2', '2', '1', '1', 'en_us', '2', NULL, '{\"typeId\":null,\"authorId\":null,\"title\":\"Welcome to Localhost!\",\"slug\":\"homepage\",\"postDate\":1449188566,\"expiryDate\":null,\"enabled\":\"1\",\"parentId\":null,\"fields\":{\"1\":\"<p>It\\u2019s true, this site doesn\\u2019t have a whole lot of content yet, but don\\u2019t worry. Our web developers have just installed the CMS, and they\\u2019re setting things up for the content editors this very moment. Soon Localhost will be an oasis of fresh perspectives, sharp analyses, and astute opinions that will keep you coming back again and again.<\\/p>\"}}', '2015-12-04 00:22:47', '2015-12-04 00:22:47', '77641d04-7b62-445e-a763-629335b3e7b6'),
 ('4', '2', '1', '1', 'en_us', '3', '', '{\"typeId\":null,\"authorId\":null,\"title\":\"Welcome to Localhost!\",\"slug\":\"homepage\",\"postDate\":1449188566,\"expiryDate\":null,\"enabled\":1,\"parentId\":null,\"fields\":{\"1\":\"<p>It\\u2019s true, this site doesn\\u2019t have a whole lot of content yet, but don\\u2019t worry. Our web developers have just installed the CMS, and they\\u2019re setting things up for the content editors this very moment. Soon Localhost will be an oasis of fresh perspectives, sharp analyses, and astute opinions that will keep you coming back again and again.<\\/p>\"}}', '2015-12-04 19:59:00', '2015-12-04 19:59:00', '1881b981-1f8c-4079-b80a-130957b7a008'),
 ('5', '2', '1', '1', 'en_us', '4', '', '{\"typeId\":null,\"authorId\":null,\"title\":\"Welcome to Oakland, California\",\"slug\":\"homepage\",\"postDate\":1449188566,\"expiryDate\":null,\"enabled\":1,\"parentId\":null,\"fields\":{\"1\":\"<p>It\\u2019s true, this site doesn\\u2019t have a whole lot of content yet, but don\\u2019t worry. Our web developers have just installed the CMS, and they\\u2019re setting things up for the content editors this very moment. Soon Localhost will be an oasis of fresh perspectives, sharp analyses, and astute opinions that will keep you coming back again and again.<\\/p>\"}}', '2015-12-04 20:00:47', '2015-12-04 20:00:47', '304aaaae-69f0-43d4-b83e-e4ddc25eeb4f'),
 ('6', '2', '1', '1', 'en_us', '5', '', '{\"typeId\":null,\"authorId\":null,\"title\":\"Welcome to Oakland, California\",\"slug\":\"homepage\",\"postDate\":1449188566,\"expiryDate\":null,\"enabled\":1,\"parentId\":null,\"fields\":{\"1\":\"<p>It\\u2019s true, this site doesn\\u2019t have a whole lot of content yet, but don\\u2019t worry. Our web developers have just installed the CMS, and they\\u2019re setting things up for the content editors this very moment. Soon Localhost will be an oasis of fresh perspectives, sharp analyses, and astute opinions that will keep you coming back again and again.<\\/p>\"}}', '2015-12-04 20:00:49', '2015-12-04 20:00:49', 'ff0b6884-2964-47e3-aa49-832ecd5846bc'),
 ('7', '2', '1', '1', 'en_us', '6', '', '{\"typeId\":null,\"authorId\":null,\"title\":\"Welcome to Oakland, California\",\"slug\":\"homepage\",\"postDate\":1449188566,\"expiryDate\":null,\"enabled\":1,\"parentId\":null,\"fields\":{\"1\":\"<p>It\\u2019s true, this site doesn\\u2019t have a whole lot of content yet, but don\\u2019t worry. Our web developers have just installed the CMS, and they\\u2019re setting things up for the content editors this very moment. Soon Localhost will be an oasis of fresh perspectives, sharp analyses, and astute opinions that will keep you coming back again and again.<\\/p>\"}}', '2015-12-04 20:00:53', '2015-12-04 20:00:53', 'd5a99cad-5074-49de-8927-3daec5e9acfc'),
 ('9', '5', '3', '1', 'en_us', '1', NULL, '{\"typeId\":null,\"authorId\":null,\"title\":\"Parking\",\"slug\":\"parking\",\"postDate\":1449259693,\"expiryDate\":null,\"enabled\":1,\"parentId\":null,\"fields\":[]}', '2015-12-04 20:08:13', '2015-12-04 20:08:13', '04e043de-d01b-4b5c-924b-e89baebf0b36'),
 ('10', '6', '3', '1', 'en_us', '1', '', '{\"typeId\":null,\"authorId\":\"1\",\"title\":\"Pay a Parking Ticket\",\"slug\":\"pay-a-parking-ticket\",\"postDate\":1449259713,\"expiryDate\":null,\"enabled\":1,\"parentId\":\"5\",\"fields\":[]}', '2015-12-04 20:08:33', '2015-12-04 20:08:33', '93f0ca39-6762-4c7c-941c-14655e3730f4'),
 ('11', '6', '3', '1', 'en_us', '2', '', '{\"typeId\":\"3\",\"authorId\":\"1\",\"title\":\"Pay a Parking Ticket\",\"slug\":\"pay-a-parking-ticket\",\"postDate\":1449259680,\"expiryDate\":null,\"enabled\":1,\"parentId\":\"5\",\"fields\":{\"1\":\"<h2 id=\\\"what-you-need-to-know\\\">What You Need to Know<\\/h2>\\r\\n\\r\\n<ul>\\r\\n  <li>You can pay online using Visa, MasterCard, Discover or American Express<\\/li>\\r\\n  <li>You have 21 days after the date the ticket was written to make a payment.<\\/li>\\r\\n<\\/ul>\\r\\n\\r\\n\\r\\n\\r\\n<h2 id=\\\"ways-to-pay\\\">Ways to Pay<\\/h2>\\r\\n\\r\\n\\r\\n\\r\\n\\r\\n\\r\\n<h3 id=\\\"in-person\\\">In Person<\\/h3>\\r\\n\\r\\n\\r\\n\\r\\n\\r\\n\\r\\n<p>You can pay your ticket at the Parking Citation Assistance Center.<\\/p>\\r\\n\\r\\n\\r\\n\\r\\n\\r\\n\\r\\n<table>\\r\\n<thead>\\r\\n<tr><th>Location<\\/th><th>Hours<\\/th><\\/tr>\\r\\n<\\/thead>\\r\\n<tbody>\\r\\n<tr><td style=\\\"background-color:white\\\">\\r\\nParking Citation Assistance Center\\r\\n250 Frank H. Ogawa Plaza, Suite 6300\\r\\nOakland, CA 94612\\r\\nPhone: (800) 500-6484\\r\\n<\\/td><td>\\r\\nMondays, Tuesdays, Thursdays and Fridays from 9 a.m. to 4:30 p.m.\\r\\nWednesdays from 9:30 a.m. to 4:30 p.m.\\r\\n<\\/td><\\/tr>\\r\\n<\\/tbody>\\r\\n<\\/table>\\r\\n\\r\\n\\r\\n\\r\\n\\r\\n\\r\\n<p><strong>Additional locations:<\\/strong><\\/p>\\r\\n\\r\\n\\r\\n\\r\\n\\r\\n\\r\\n<ul>\\r\\n  <li>Parking ticket payment kiosks at 250 Frank H. Ogawa Plaza, Monday through Friday from 8:30 a.m. to 5 p.m.<\\/li>\\r\\n  <li>Eastmont Police Substation, 2651 73rd Avenue, Monday through Saturday from 8:00 a.m. to 4 p.m.<\\/li>\\r\\n<\\/ul>\\r\\n\\r\\n\\r\\n\\r\\n\\r\\n\\r\\n<h3 id=\\\"by-mail\\\">By Mail<\\/h3>\\r\\n\\r\\n\\r\\n\\r\\n\\r\\n\\r\\n<p>Mail your parking ticket and the full payment to:<\\/p>\\r\\n\\r\\n\\r\\n\\r\\n\\r\\n\\r\\n<p>Parking Citation Assistance Center<\\/p>\\r\\n\\r\\n\\r\\n\\r\\n\\r\\n\\r\\n<p>250 Frank H. Ogawa Plaza, Suite 6300<\\/p>\\r\\n\\r\\n\\r\\n\\r\\n\\r\\n\\r\\n<p>Oakland, CA 94612<\\/p><p><br><\\/p>\\r\\n\\r\\n\\r\\n\\r\\n\\r\\n\\r\\n<h3 id=\\\"by-phone\\\">By Phone<\\/h3>\\r\\n\\r\\n\\r\\n\\r\\n\\r\\n\\r\\n<table>\\r\\n<thead>\\r\\n<tr><th>Location<\\/th><th>Methods of Payment<\\/th><\\/tr>\\r\\n<\\/thead>\\r\\n<tbody>\\r\\n<tr><td style=\\\"background-color:white\\\">\\r\\nParking Citation Assistance Center\\r\\nPhone: (800) 500-6484\\r\\n<\\/td><td>\\r\\nCredit cards: Visa, Mastercard, Discover or American Express\\r\\n<\\/td><\\/tr>\\r\\n<\\/tbody>\\r\\n<\\/table>\",\"3\":\"Pay your Parking Ticket\",\"4\":\"This page provides information on how to pay a parking ticket in the City of Oakland\"}}', '2015-12-04 20:17:11', '2015-12-04 20:17:11', 'a3bf4edd-920b-452f-8cd6-965e4ba73c5a'),
 ('12', '6', '3', '1', 'en_us', '3', '', '{\"typeId\":\"3\",\"authorId\":\"1\",\"title\":\"Pay a Parking Ticket\",\"slug\":\"pay-a-parking-ticket\",\"postDate\":1449259680,\"expiryDate\":null,\"enabled\":1,\"parentId\":\"5\",\"fields\":{\"1\":\"<h2 id=\\\"what-you-need-to-know\\\">What You Need to Know<\\/h2>\\r\\n\\r\\n<ul>\\r\\n  <li>You can pay online using Visa, MasterCard, Discover or American Express<\\/li>\\r\\n  <li>You have 21 days after the date the ticket was written to make a payment.<\\/li>\\r\\n<\\/ul>\\r\\n\\r\\n\\r\\n\\r\\n\\r\\n\\r\\n<h2 id=\\\"ways-to-pay\\\">Ways to Pay<\\/h2>\\r\\n\\r\\n\\r\\n\\r\\n\\r\\n\\r\\n\\r\\n\\r\\n<h3 id=\\\"in-person\\\">In Person<\\/h3>\\r\\n\\r\\n\\r\\n\\r\\n\\r\\n\\r\\n\\r\\n\\r\\n<p>You can pay your ticket at the Parking Citation Assistance Center.<\\/p>\\r\\n\\r\\n\\r\\n\\r\\n\\r\\n\\r\\n\\r\\n\\r\\n<table>\\r\\n<thead>\\r\\n<tr><th>Location<\\/th><th>Hours<\\/th><\\/tr>\\r\\n<\\/thead>\\r\\n<tbody>\\r\\n<tr><td style=\\\"background-color:white\\\">\\r\\nParking Citation Assistance Center\\r\\n250 Frank H. Ogawa Plaza, Suite 6300\\r\\nOakland, CA 94612\\r\\nPhone: (800) 500-6484\\r\\n<\\/td><td>\\r\\nMondays, Tuesdays, Thursdays and Fridays from 9 a.m. to 4:30 p.m.\\r\\nWednesdays from 9:30 a.m. to 4:30 p.m.\\r\\n<\\/td><\\/tr>\\r\\n<\\/tbody>\\r\\n<\\/table>\\r\\n\\r\\n\\r\\n\\r\\n\\r\\n\\r\\n\\r\\n\\r\\n<p><strong>Additional locations:<\\/strong><\\/p>\\r\\n\\r\\n\\r\\n\\r\\n\\r\\n\\r\\n\\r\\n\\r\\n<ul>\\r\\n  <li>Parking ticket payment kiosks at 250 Frank H. Ogawa Plaza, Monday through Friday from 8:30 a.m. to 5 p.m.<\\/li>\\r\\n  <li>Eastmont Police Substation, 2651 73rd Avenue, Monday through Saturday from 8:00 a.m. to 4 p.m.<\\/li>\\r\\n<\\/ul>\\r\\n\\r\\n\\r\\n\\r\\n\\r\\n\\r\\n\\r\\n\\r\\n<h3 id=\\\"by-mail\\\">By Mail<\\/h3>\\r\\n\\r\\n\\r\\n\\r\\n\\r\\n\\r\\n\\r\\n\\r\\n<p>Mail your parking ticket and the full payment to:<\\/p>\\r\\n\\r\\n\\r\\n\\r\\n\\r\\n\\r\\n\\r\\n\\r\\n<p>Parking Citation Assistance Center<\\/p>\\r\\n\\r\\n\\r\\n\\r\\n\\r\\n\\r\\n\\r\\n\\r\\n<p>250 Frank H. Ogawa Plaza, Suite 6300<\\/p>\\r\\n\\r\\n\\r\\n\\r\\n\\r\\n\\r\\n\\r\\n\\r\\n<p>Oakland, CA 94612<\\/p>\\r\\n\\r\\n<p><br><\\/p>\\r\\n\\r\\n\\r\\n\\r\\n\\r\\n\\r\\n\\r\\n\\r\\n<h3 id=\\\"by-phone\\\">By Phone<\\/h3>\\r\\n\\r\\n\\r\\n\\r\\n\\r\\n\\r\\n\\r\\n\\r\\n<table>\\r\\n<thead>\\r\\n<tr><th>Location<\\/th><th>Methods of Payment<\\/th><\\/tr>\\r\\n<\\/thead>\\r\\n<tbody>\\r\\n<tr><td style=\\\"background-color:white\\\">\\r\\nParking Citation Assistance Center\\r\\nPhone: (800) 500-6484\\r\\n<\\/td><td>\\r\\nCredit cards: Visa, Mastercard, Discover or American Express\\r\\n<\\/td><\\/tr>\\r\\n<\\/tbody>\\r\\n<\\/table>\",\"5\":\"https:\\/\\/prodpci.etimspayments.com\\/pbw\\/include\\/oakland\\/input.jsp\",\"3\":\"Pay your Parking Ticket\",\"4\":\"This page provides information on how to pay a parking ticket in the City of Oakland\"}}', '2015-12-04 20:19:03', '2015-12-04 20:19:03', '62cf062f-3404-41c7-abdf-4c3d4506f90e'),
 ('13', '6', '3', '1', 'en_us', '4', '', '{\"typeId\":\"3\",\"authorId\":\"1\",\"title\":\"Pay a Parking Ticket\",\"slug\":\"pay-a-parking-ticket\",\"postDate\":1449259680,\"expiryDate\":null,\"enabled\":1,\"parentId\":\"5\",\"fields\":{\"1\":\"<h2 id=\\\"what-you-need-to-know\\\">What You Need to Know<\\/h2>\\r\\n\\r\\n<ul>\\r\\n  <li>You can pay online using Visa, MasterCard, Discover or American Express<\\/li>\\r\\n  <li>You have 21 days after the date the ticket was written to make a payment.<\\/li>\\r\\n<\\/ul>\\r\\n\\r\\n\\r\\n\\r\\n\\r\\n\\r\\n\\r\\n\\r\\n<h2 id=\\\"ways-to-pay\\\">Ways to Pay<\\/h2>\\r\\n\\r\\n\\r\\n\\r\\n\\r\\n\\r\\n\\r\\n\\r\\n\\r\\n\\r\\n<h3 id=\\\"in-person\\\">In Person<\\/h3>\\r\\n\\r\\n\\r\\n\\r\\n\\r\\n\\r\\n\\r\\n\\r\\n\\r\\n\\r\\n<p>You can pay your ticket at the Parking Citation Assistance Center.<\\/p>\\r\\n\\r\\n\\r\\n\\r\\n\\r\\n\\r\\n\\r\\n\\r\\n\\r\\n\\r\\n<table>\\r\\n<thead>\\r\\n<tr><th>Location<\\/th><th>Hours<\\/th><\\/tr>\\r\\n<\\/thead>\\r\\n<tbody>\\r\\n<tr><td style=\\\"background-color:white\\\">\\r\\nParking Citation Assistance Center\\r\\n250 Frank H. Ogawa Plaza, Suite 6300\\r\\nOakland, CA 94612\\r\\nPhone: (800) 500-6484\\r\\n<\\/td><td>\\r\\nMondays, Tuesdays, Thursdays and Fridays from 9 a.m. to 4:30 p.m.\\r\\nWednesdays from 9:30 a.m. to 4:30 p.m.\\r\\n<\\/td><\\/tr>\\r\\n<\\/tbody>\\r\\n<\\/table>\\r\\n\\r\\n\\r\\n\\r\\n\\r\\n\\r\\n\\r\\n\\r\\n\\r\\n\\r\\n<p><strong>Additional locations:<\\/strong><\\/p>\\r\\n\\r\\n\\r\\n\\r\\n\\r\\n\\r\\n\\r\\n\\r\\n\\r\\n\\r\\n<ul>\\r\\n  <li>Parking ticket payment kiosks at 250 Frank H. Ogawa Plaza, Monday through Friday from 8:30 a.m. to 5 p.m.<\\/li>\\r\\n  <li>Eastmont Police Substation, 2651 73rd Avenue, Monday through Saturday from 8:00 a.m. to 4 p.m.<\\/li>\\r\\n<\\/ul>\\r\\n\\r\\n\\r\\n\\r\\n\\r\\n\\r\\n\\r\\n\\r\\n\\r\\n\\r\\n<h3 id=\\\"by-mail\\\">By Mail<\\/h3>\\r\\n\\r\\n\\r\\n\\r\\n\\r\\n\\r\\n\\r\\n\\r\\n\\r\\n\\r\\n<p>Mail your parking ticket and the full payment to:<\\/p>\\r\\n\\r\\n\\r\\n\\r\\n\\r\\n\\r\\n\\r\\n\\r\\n\\r\\n\\r\\n<p>Parking Citation Assistance Center<\\/p>\\r\\n\\r\\n\\r\\n\\r\\n\\r\\n\\r\\n\\r\\n\\r\\n\\r\\n\\r\\n<p>250 Frank H. Ogawa Plaza, Suite 6300<\\/p>\\r\\n\\r\\n\\r\\n\\r\\n\\r\\n\\r\\n\\r\\n\\r\\n\\r\\n\\r\\n<p>Oakland, CA 94612<\\/p>\\r\\n\\r\\n\\r\\n\\r\\n<p><br><\\/p>\\r\\n\\r\\n\\r\\n\\r\\n\\r\\n\\r\\n\\r\\n\\r\\n\\r\\n\\r\\n<h3 id=\\\"by-phone\\\">By Phone<\\/h3>\\r\\n\\r\\n\\r\\n\\r\\n\\r\\n\\r\\n\\r\\n\\r\\n\\r\\n\\r\\n<table>\\r\\n<thead>\\r\\n<tr><th>Location<\\/th><th>Methods of Payment<\\/th><\\/tr>\\r\\n<\\/thead>\\r\\n<tbody>\\r\\n<tr><td style=\\\"background-color:white\\\">\\r\\nParking Citation Assistance Center\\r\\nPhone: (800) 500-6484\\r\\n<\\/td><td>\\r\\nCredit cards: Visa, Mastercard, Discover or American Express\\r\\n<\\/td><\\/tr>\\r\\n<\\/tbody>\\r\\n<\\/table>\",\"5\":\"https:\\/\\/prodpci.etimspayments.com\\/pbw\\/include\\/oakland\\/input.jsp\",\"3\":\"Pay your Parking Ticket\",\"4\":\"This page provides information on how to pay a parking ticket in the City of Oakland\"}}', '2015-12-04 20:19:10', '2015-12-04 20:19:10', '973677e3-4a3a-4960-a5d8-8e254b913b76'),
 ('14', '5', '3', '1', 'en_us', '2', '', '{\"typeId\":\"4\",\"authorId\":\"1\",\"title\":\"Parking\",\"slug\":\"parking\",\"postDate\":1449259680,\"expiryDate\":null,\"enabled\":1,\"parentId\":\"\",\"fields\":[]}', '2015-12-04 20:26:06', '2015-12-04 20:26:06', '0f3756cb-49a8-418a-8583-8b0c25967762'),
 ('15', '5', '3', '1', 'en_us', '3', '', '{\"typeId\":\"4\",\"authorId\":\"1\",\"title\":\"Parking\",\"slug\":\"parking\",\"postDate\":1449259680,\"expiryDate\":null,\"enabled\":1,\"parentId\":\"\",\"fields\":{\"4\":\"Including parking permits and paying parking citations\"}}', '2015-12-04 21:34:11', '2015-12-04 21:34:11', '013ad01e-24e3-4c5b-b3a3-c71dc5a7a2c1'),
 ('16', '6', '3', '1', 'en_us', '5', '', '{\"typeId\":\"3\",\"authorId\":\"1\",\"title\":\"Pay a Parking Ticket\",\"slug\":\"pay-a-parking-ticket\",\"postDate\":1449259680,\"expiryDate\":null,\"enabled\":1,\"parentId\":\"5\",\"fields\":{\"1\":\"<h2 id=\\\"what-you-need-to-know\\\">What You Need to Know<\\/h2>\\r\\n\\r\\n<ul>\\r\\n  <li>You can pay online using Visa, MasterCard, Discover or American Express<\\/li>\\r\\n  <li>You have 21 days after the date the ticket was written to make a payment.<\\/li>\\r\\n<\\/ul>\\r\\n\\r\\n\\r\\n\\r\\n\\r\\n\\r\\n\\r\\n\\r\\n\\r\\n\\r\\n<h2 id=\\\"ways-to-pay\\\">Ways to Pay<\\/h2>\\r\\n\\r\\n\\r\\n\\r\\n\\r\\n\\r\\n\\r\\n\\r\\n\\r\\n\\r\\n\\r\\n\\r\\n<h3 id=\\\"in-person\\\">In Person<\\/h3>\\r\\n\\r\\n\\r\\n\\r\\n\\r\\n\\r\\n\\r\\n\\r\\n\\r\\n\\r\\n\\r\\n\\r\\n<p>You can pay your ticket at the Parking Citation Assistance Center.<\\/p>\\r\\n\\r\\n\\r\\n\\r\\n\\r\\n\\r\\n\\r\\n\\r\\n\\r\\n\\r\\n\\r\\n\\r\\n<table>\\r\\n<thead>\\r\\n<tr><th>Location<\\/th><th>Hours<\\/th><\\/tr>\\r\\n<\\/thead>\\r\\n<tbody>\\r\\n<tr><td style=\\\"background-color:white\\\">\\r\\nParking Citation Assistance Center\\r\\n250 Frank H. Ogawa Plaza, Suite 6300\\r\\nOakland, CA 94612\\r\\nPhone: (800) 500-6484\\r\\n<\\/td><td>\\r\\nMondays, Tuesdays, Thursdays and Fridays from 9 a.m. to 4:30 p.m.\\r\\nWednesdays from 9:30 a.m. to 4:30 p.m.\\r\\n<\\/td><\\/tr>\\r\\n<\\/tbody>\\r\\n<\\/table>\\r\\n\\r\\n\\r\\n\\r\\n\\r\\n\\r\\n\\r\\n\\r\\n\\r\\n\\r\\n\\r\\n\\r\\n<p><strong>Additional locations:<\\/strong><\\/p>\\r\\n\\r\\n\\r\\n\\r\\n\\r\\n\\r\\n\\r\\n\\r\\n\\r\\n\\r\\n\\r\\n\\r\\n<ul>\\r\\n  <li>Parking ticket payment kiosks at 250 Frank H. Ogawa Plaza, Monday through Friday from 8:30 a.m. to 5 p.m.<\\/li>\\r\\n  <li>Eastmont Police Substation, 2651 73rd Avenue, Monday through Saturday from 8:00 a.m. to 4 p.m.<\\/li>\\r\\n<\\/ul>\\r\\n\\r\\n\\r\\n\\r\\n\\r\\n\\r\\n\\r\\n\\r\\n\\r\\n\\r\\n\\r\\n\\r\\n<h3 id=\\\"by-mail\\\">By Mail<\\/h3>\\r\\n\\r\\n\\r\\n\\r\\n\\r\\n\\r\\n\\r\\n\\r\\n\\r\\n\\r\\n\\r\\n\\r\\n<p>Mail your parking ticket and the full payment to:<\\/p>\\r\\n\\r\\n\\r\\n\\r\\n\\r\\n\\r\\n\\r\\n\\r\\n\\r\\n\\r\\n\\r\\n\\r\\n<p>Parking Citation Assistance Center<\\/p>\\r\\n\\r\\n\\r\\n\\r\\n\\r\\n\\r\\n\\r\\n\\r\\n\\r\\n\\r\\n\\r\\n\\r\\n<p>250 Frank H. Ogawa Plaza, Suite 6300<\\/p>\\r\\n\\r\\n\\r\\n\\r\\n\\r\\n\\r\\n\\r\\n\\r\\n\\r\\n\\r\\n\\r\\n\\r\\n<p>Oakland, CA 94612<\\/p>\\r\\n\\r\\n\\r\\n\\r\\n\\r\\n\\r\\n<p><br><\\/p>\\r\\n\\r\\n\\r\\n\\r\\n\\r\\n\\r\\n\\r\\n\\r\\n\\r\\n\\r\\n\\r\\n\\r\\n<h3 id=\\\"by-phone\\\">By Phone<\\/h3>\\r\\n\\r\\n\\r\\n\\r\\n\\r\\n\\r\\n\\r\\n\\r\\n\\r\\n\\r\\n\\r\\n\\r\\n<table>\\r\\n<thead>\\r\\n<tr><th>Location<\\/th><th>Methods of Payment<\\/th><\\/tr>\\r\\n<\\/thead>\\r\\n<tbody>\\r\\n<tr><td style=\\\"background-color:white\\\">\\r\\nParking Citation Assistance Center\\r\\nPhone: (800) 500-6484\\r\\n<\\/td><td>\\r\\nCredit cards: Visa, Mastercard, Discover or American Express\\r\\n<\\/td><\\/tr>\\r\\n<\\/tbody>\\r\\n<\\/table>\",\"5\":\"https:\\/\\/prodpci.etimspayments.com\\/pbw\\/include\\/oakland\\/input.jsp\",\"3\":\"Pay your Parking Ticket Online\",\"4\":\"This page provides information on how to pay a parking ticket in the City of Oakland\"}}', '2015-12-04 22:53:13', '2015-12-04 22:53:13', 'bff54630-038a-4d97-a94a-229bcc5b5234'),
 ('17', '6', '3', '1', 'en_us', '6', '', '{\"typeId\":\"3\",\"authorId\":\"1\",\"title\":\"Pay a Parking Ticket\",\"slug\":\"pay-a-parking-ticket\",\"postDate\":1449259680,\"expiryDate\":null,\"enabled\":1,\"parentId\":\"5\",\"fields\":{\"1\":\"<h2 id=\\\"what-you-need-to-know\\\">What You Need to Know<\\/h2>\\r\\n\\r\\n<ul>\\r\\n  <li>You can pay online using Visa, MasterCard, Discover or American Express<\\/li>\\r\\n  <li>You have 21 days after the date the ticket was written to make a payment.<\\/li>\\r\\n<\\/ul>\\r\\n\\r\\n\\r\\n\\r\\n\\r\\n\\r\\n\\r\\n\\r\\n\\r\\n\\r\\n\\r\\n\\r\\n<h2 id=\\\"ways-to-pay\\\">Ways to Pay<\\/h2>\\r\\n\\r\\n\\r\\n\\r\\n\\r\\n\\r\\n\\r\\n\\r\\n\\r\\n\\r\\n\\r\\n\\r\\n\\r\\n\\r\\n<h3 id=\\\"in-person\\\">In Person<\\/h3>\\r\\n\\r\\n\\r\\n\\r\\n\\r\\n\\r\\n\\r\\n\\r\\n\\r\\n\\r\\n\\r\\n\\r\\n\\r\\n\\r\\n<p>You can pay your ticket at the Parking Citation Assistance Center.<\\/p>\\r\\n\\r\\n\\r\\n\\r\\n\\r\\n\\r\\n\\r\\n\\r\\n\\r\\n\\r\\n\\r\\n\\r\\n\\r\\n\\r\\n<table>\\r\\n<thead>\\r\\n<tr><th>Location<\\/th><th>Hours<\\/th><\\/tr>\\r\\n<\\/thead>\\r\\n<tbody>\\r\\n<tr><td style=\\\"background-color:white\\\">\\r\\nParking Citation Assistance Center\\r\\n250 Frank H. Ogawa Plaza, Suite 6300\\r\\nOakland, CA 94612\\r\\nPhone: (800) 500-6484\\r\\n<\\/td><td>\\r\\nMondays, Tuesdays, Thursdays and Fridays from 9 a.m. to 4:30 p.m.\\r\\nWednesdays from 9:30 a.m. to 4:30 p.m.\\r\\n<\\/td><\\/tr>\\r\\n<\\/tbody>\\r\\n<\\/table>\\r\\n\\r\\n\\r\\n\\r\\n\\r\\n\\r\\n\\r\\n\\r\\n\\r\\n\\r\\n\\r\\n\\r\\n\\r\\n\\r\\n<p><strong>Additional locations:<\\/strong><\\/p>\\r\\n\\r\\n\\r\\n\\r\\n\\r\\n\\r\\n\\r\\n\\r\\n\\r\\n\\r\\n\\r\\n\\r\\n\\r\\n\\r\\n<ul>\\r\\n  <li>Parking ticket payment kiosks at 250 Frank H. Ogawa Plaza, Monday through Friday from 8:30 a.m. to 5 p.m.<\\/li>\\r\\n  <li>Eastmont Police Substation, 2651 73rd Avenue, Monday through Saturday from 8:00 a.m. to 4 p.m.<\\/li>\\r\\n<\\/ul>\\r\\n\\r\\n\\r\\n\\r\\n\\r\\n\\r\\n\\r\\n\\r\\n\\r\\n\\r\\n\\r\\n\\r\\n\\r\\n\\r\\n<h3 id=\\\"by-mail\\\">By Mail<\\/h3>\\r\\n\\r\\n\\r\\n\\r\\n\\r\\n\\r\\n\\r\\n\\r\\n\\r\\n\\r\\n\\r\\n\\r\\n\\r\\n\\r\\n<p>Mail your parking ticket and the full payment to:<\\/p>\\r\\n\\r\\n\\r\\n\\r\\n\\r\\n\\r\\n\\r\\n\\r\\n\\r\\n\\r\\n\\r\\n\\r\\n\\r\\n\\r\\n<p>Parking Citation Assistance Center<\\/p>\\r\\n\\r\\n\\r\\n\\r\\n\\r\\n\\r\\n\\r\\n\\r\\n\\r\\n\\r\\n\\r\\n\\r\\n\\r\\n\\r\\n<p>250 Frank H. Ogawa Plaza, Suite 6300<\\/p>\\r\\n\\r\\n\\r\\n\\r\\n\\r\\n\\r\\n\\r\\n\\r\\n\\r\\n\\r\\n\\r\\n\\r\\n\\r\\n\\r\\n<p>Oakland, CA 94612<\\/p>\\r\\n\\r\\n\\r\\n\\r\\n\\r\\n\\r\\n\\r\\n\\r\\n<p><br><\\/p>\\r\\n\\r\\n\\r\\n\\r\\n\\r\\n\\r\\n\\r\\n\\r\\n\\r\\n\\r\\n\\r\\n\\r\\n\\r\\n\\r\\n<h3 id=\\\"by-phone\\\">By Phone<\\/h3>\\r\\n\\r\\n\\r\\n\\r\\n\\r\\n\\r\\n\\r\\n\\r\\n\\r\\n\\r\\n\\r\\n\\r\\n\\r\\n\\r\\n<table>\\r\\n<thead>\\r\\n<tr><th>Location<\\/th><th>Methods of Payment<\\/th><\\/tr>\\r\\n<\\/thead>\\r\\n<tbody>\\r\\n<tr><td style=\\\"background-color:white\\\">\\r\\nParking Citation Assistance Center\\r\\nPhone: (800) 500-6484\\r\\n<\\/td><td>\\r\\nCredit cards: Visa, Mastercard, Discover or American Express\\r\\n<\\/td><\\/tr>\\r\\n<\\/tbody>\\r\\n<\\/table>\",\"5\":\"https:\\/\\/prodpci.etimspayments.com\\/pbw\\/include\\/oakland\\/input.jsp\",\"3\":\"Pay your ticket online\",\"4\":\"This page provides information on how to pay a parking ticket in the City of Oakland\"}}', '2015-12-04 22:55:25', '2015-12-04 22:55:25', 'c2175907-6a09-4e56-9bd3-90c58757105e'),
 ('18', '6', '3', '1', 'en_us', '7', '', '{\"typeId\":\"3\",\"authorId\":\"1\",\"title\":\"Pay a Parking Ticket\",\"slug\":\"pay-a-parking-ticket\",\"postDate\":1449259680,\"expiryDate\":null,\"enabled\":1,\"parentId\":\"5\",\"fields\":{\"1\":{\"new1\":{\"type\":\"mainBody\",\"enabled\":\"1\",\"fields\":{\"text\":\"\"}},\"new2\":{\"type\":\"table\",\"enabled\":\"1\",\"fields\":{\"table\":[{\"col1\":\"\"}]}}},\"5\":\"https:\\/\\/prodpci.etimspayments.com\\/pbw\\/include\\/oakland\\/input.jsp\",\"3\":\"Pay your ticket online\",\"4\":\"This page provides information on how to pay a parking ticket in the City of Oakland\"}}', '2015-12-04 23:22:29', '2015-12-04 23:22:29', '6080dc91-062f-4eb2-b75d-b146e4464179'),
 ('19', '6', '3', '1', 'en_us', '8', '', '{\"typeId\":\"3\",\"authorId\":\"1\",\"title\":\"Pay a Parking Ticket\",\"slug\":\"pay-a-parking-ticket\",\"postDate\":1449259680,\"expiryDate\":null,\"enabled\":1,\"parentId\":\"5\",\"fields\":{\"1\":{\"7\":{\"type\":\"text\",\"enabled\":\"1\",\"fields\":{\"text\":\"<h2>What You Need to Know<\\/h2>\\r\\n\\r\\n<p>You can pay online using Visa, MasterCard, Discover or American Express<br>You have 21 days after the date the ticket was written to make a payment.<br>Ways to Pay<\\/p>\\r\\n\\r\\n<h2>In Person<\\/h2>\\r\\n\\r\\n<p>You can pay your ticket at the Parking Citation Assistance Center<\\/p>\"}},\"8\":{\"type\":\"table\",\"enabled\":\"1\",\"fields\":{\"table\":[{\"col1\":\"Location\"},{\"col1\":\"Parking Citation Assistance Center 250 Frank H. Ogawa Plaza, Suite 6300 Oakland, CA 94612 Phone: (800) 500-6484\"}]}}},\"5\":\"https:\\/\\/prodpci.etimspayments.com\\/pbw\\/include\\/oakland\\/input.jsp\",\"3\":\"Pay your ticket online\",\"4\":\"This page provides information on how to pay a parking ticket in the City of Oakland\"}}', '2015-12-04 23:27:11', '2015-12-04 23:27:11', 'cda50ac3-df0e-4f94-9d6f-08f1ce29fb60'),
 ('20', '6', '3', '1', 'en_us', '9', '', '{\"typeId\":\"3\",\"authorId\":\"1\",\"title\":\"Pay a Parking Ticket\",\"slug\":\"pay-a-parking-ticket\",\"postDate\":1449259680,\"expiryDate\":null,\"enabled\":1,\"parentId\":\"5\",\"fields\":{\"1\":{\"7\":{\"type\":\"text\",\"enabled\":\"1\",\"fields\":{\"text\":\"<h2>What You Need to Know<\\/h2>\\r\\n\\r\\n<p>You can pay online using Visa, MasterCard, Discover or American Express<br>You have 21 days after the date the ticket was written to make a payment.<br>Ways to Pay<\\/p>\\r\\n\\r\\n\\r\\n\\r\\n<h2>In Person<\\/h2>\\r\\n\\r\\n\\r\\n\\r\\n<p>You can pay your ticket at the Parking Citation Assistance Center<\\/p>\"}},\"8\":{\"type\":\"table\",\"enabled\":\"1\",\"fields\":{\"table\":[{\"col1\":\"Location\"},{\"col1\":\"Parking Citation Assistance Center 250 Frank H. Ogawa Plaza, Suite 6300 Oakland, CA 94612 Phone: (800) 500-6484\"}]}}},\"5\":\"https:\\/\\/prodpci.etimspayments.com\\/pbw\\/include\\/oakland\\/input.jsp\",\"3\":\"Pay your ticket online\",\"4\":\"This page provides information on how to pay a parking ticket in the City of Oakland\"}}', '2015-12-04 23:28:57', '2015-12-04 23:28:57', 'cd5fa6fd-58d8-4ef1-a1f0-b48b1ef939cf'),
 ('21', '6', '3', '1', 'en_us', '10', '', '{\"typeId\":\"3\",\"authorId\":\"1\",\"title\":\"Pay a Parking Ticket\",\"slug\":\"pay-a-parking-ticket\",\"postDate\":1449259680,\"expiryDate\":null,\"enabled\":1,\"parentId\":\"5\",\"fields\":{\"1\":{\"7\":{\"type\":\"text\",\"enabled\":\"1\",\"fields\":{\"text\":\"<h2>What You Need to Know<\\/h2>\\r\\n\\r\\n<ul><li>You can pay online using Visa, MasterCard, Discover or American Express<\\/li><li>You have 21 days after the date the ticket was written to make a payment.<\\/li><\\/ul><h2>Ways to Pay<\\/h2>\\r\\n\\r\\n\\r\\n\\r\\n\\r\\n\\r\\n<h3>In Person<\\/h3>\\r\\n\\r\\n\\r\\n\\r\\n\\r\\n\\r\\n<p>You can pay your ticket at the Parking Citation Assistance Center<\\/p>\"}},\"8\":{\"type\":\"table\",\"enabled\":\"1\",\"fields\":{\"table\":\"{\\\"columns\\\":{\\\"col1\\\":{\\\"heading\\\":\\\"Location\\\",\\\"width\\\":\\\"\\\",\\\"align\\\":\\\"left\\\"},\\\"col2\\\":{\\\"heading\\\":\\\"Hours\\\",\\\"width\\\":\\\"\\\",\\\"align\\\":\\\"left\\\"}},\\\"rows\\\":{\\\"row1\\\":{\\\"col1\\\":\\\"Parking Citation Assistance Center 250 Frank H. Ogawa Plaza, Suite 6300 Oakland, CA 94612 Phone: (800) 500-6484\\\",\\\"col2\\\":\\\"Mondays, Tuesdays, Thursdays and Fridays from 9 a.m. to 4:30 p.m. Wednesdays from 9:30 a.m. to 4:30 p.m.\\\"}}}\",\"columns\":{\"col1\":{\"heading\":\"Location\",\"width\":\"\",\"align\":\"left\"},\"col2\":{\"heading\":\"Hours\",\"width\":\"\",\"align\":\"left\"}},\"rows\":{\"row1\":{\"col1\":\"Parking Citation Assistance Center 250 Frank H. Ogawa Plaza, Suite 6300 Oakland, CA 94612 Phone: (800) 500-6484\",\"col2\":\"Mondays, Tuesdays, Thursdays and Fridays from 9 a.m. to 4:30 p.m. Wednesdays from 9:30 a.m. to 4:30 p.m.\"}}}},\"new1\":{\"type\":\"text\",\"enabled\":\"1\",\"fields\":{\"text\":\"<h4>Additional locations:<\\/h4><p><br>Parking ticket payment kiosks at 250 Frank H. Ogawa Plaza, Monday through Friday from 8:30 a.m. to 5 p.m.<br>Eastmont Police Substation, 2651 73rd Avenue, Monday through Saturday from 8:00 a.m. to 4 p.m.<\\/p><h3><br>By Mail<\\/h3>\\r\\n\\r\\n<p>Mail your parking ticket and the full payment to:<\\/p><p><br>Parking Citation Assistance Center<br>250 Frank H. Ogawa Plaza, Suite 6300<br>Oakland, CA 94612<\\/p><h3><br>By Phone<\\/h3>\"}},\"new2\":{\"type\":\"table\",\"enabled\":\"1\",\"fields\":{\"table\":\"{\\\"columns\\\":{\\\"col1\\\":{\\\"heading\\\":\\\"Location\\\",\\\"width\\\":\\\"\\\",\\\"align\\\":\\\"left\\\"},\\\"col2\\\":{\\\"heading\\\":\\\"Methods of Payment\\\",\\\"width\\\":\\\"\\\",\\\"align\\\":\\\"left\\\"}},\\\"rows\\\":{\\\"row1\\\":{\\\"col1\\\":\\\"Parking Citation Assistance Center Phone: (800) 500-6484\\\",\\\"col2\\\":\\\"Credit cards: Visa, Mastercard, Discover or American Express\\\"}}}\",\"columns\":{\"col1\":{\"heading\":\"Location\",\"width\":\"\",\"align\":\"left\"},\"col2\":{\"heading\":\"Methods of Payment\",\"width\":\"\",\"align\":\"left\"}},\"rows\":{\"row1\":{\"col1\":\"Parking Citation Assistance Center Phone: (800) 500-6484\",\"col2\":\"Credit cards: Visa, Mastercard, Discover or American Express\"}}}}},\"5\":\"https:\\/\\/prodpci.etimspayments.com\\/pbw\\/include\\/oakland\\/input.jsp\",\"3\":\"Pay your ticket online\",\"4\":\"This page provides information on how to pay a parking ticket in the City of Oakland\"}}', '2015-12-04 23:37:15', '2015-12-04 23:37:15', 'd4d54b1a-8d4f-4dad-856e-3c2968524249'),
 ('22', '6', '3', '1', 'en_us', '11', '', '{\"typeId\":\"3\",\"authorId\":\"1\",\"title\":\"Pay a Parking Ticket\",\"slug\":\"pay-a-parking-ticket\",\"postDate\":1449259680,\"expiryDate\":null,\"enabled\":1,\"parentId\":\"5\",\"fields\":{\"1\":{\"7\":{\"type\":\"text\",\"enabled\":\"1\",\"fields\":{\"text\":\"<h2>What You Need to Know<\\/h2>\\r\\n\\r\\n<ul><li>You can pay online using Visa, MasterCard, Discover or American Express<\\/li><li>You have 21 days after the date the ticket was written to make a payment.<\\/li><\\/ul>\\r\\n\\r\\n\\r\\n\\r\\n\\r\\n\\r\\n<h2>Ways to Pay<\\/h2>\\r\\n\\r\\n\\r\\n\\r\\n\\r\\n\\r\\n\\r\\n\\r\\n\\r\\n\\r\\n\\r\\n\\r\\n<h3>In Person<\\/h3>\\r\\n\\r\\n\\r\\n\\r\\n\\r\\n\\r\\n\\r\\n\\r\\n\\r\\n\\r\\n\\r\\n\\r\\n<p>You can pay your ticket at the Parking Citation Assistance Center<\\/p>\"}},\"8\":{\"type\":\"table\",\"enabled\":\"1\",\"fields\":{\"table\":\"{\\\"columns\\\":{\\\"col0\\\":{\\\"heading\\\":\\\"Location\\\",\\\"width\\\":\\\"\\\",\\\"align\\\":\\\"left\\\"},\\\"col1\\\":{\\\"heading\\\":\\\"Hours\\\",\\\"width\\\":\\\"\\\",\\\"align\\\":\\\"left\\\"}},\\\"rows\\\":{\\\"row0\\\":{\\\"col0\\\":\\\"Parking Citation Assistance Center 250 Frank H. Ogawa Plaza, Suite 6300 Oakland, CA 94612 Phone: (800) 500-6484\\\",\\\"col1\\\":\\\"Mondays, Tuesdays, Thursdays and Fridays from 9 a.m. to 4:30 p.m. Wednesdays from 9:30 a.m. to 4:30 p.m.\\\"}}}\",\"columns\":{\"col0\":{\"heading\":\"Location\",\"width\":\"\",\"align\":\"left\"},\"col1\":{\"heading\":\"Hours\",\"width\":\"\",\"align\":\"left\"}},\"rows\":{\"row0\":{\"col0\":\"Parking Citation Assistance Center 250 Frank H. Ogawa Plaza, Suite 6300 Oakland, CA 94612 Phone: (800) 500-6484\",\"col1\":\"Mondays, Tuesdays, Thursdays and Fridays from 9 a.m. to 4:30 p.m. Wednesdays from 9:30 a.m. to 4:30 p.m.\"}}}},\"9\":{\"type\":\"text\",\"enabled\":\"1\",\"fields\":{\"text\":\"<h4>Additional locations:<\\/h4>\\r\\n\\r\\n<p>Parking ticket payment kiosks at 250 Frank H. Ogawa Plaza, Monday through Friday from 8:30 a.m. to 5 p.m.<br>Eastmont Police Substation, 2651 73rd Avenue, Monday through Saturday from 8:00 a.m. to 4 p.m.<\\/p>\\r\\n\\r\\n\\r\\n\\r\\n<h3><br>By Mail<\\/h3>\\r\\n\\r\\n\\r\\n\\r\\n\\r\\n\\r\\n<p>Mail your parking ticket and the full payment to:<\\/p>\\r\\n\\r\\n<p>Parking Citation Assistance Center<br>250 Frank H. Ogawa Plaza, Suite 6300<br>Oakland, CA 94612<\\/p>\\r\\n\\r\\n\\r\\n\\r\\n\\r\\n\\r\\n<h3><br>By Phone<\\/h3>\"}},\"10\":{\"type\":\"table\",\"enabled\":\"1\",\"fields\":{\"table\":\"{\\\"columns\\\":{\\\"col0\\\":{\\\"heading\\\":\\\"Location\\\",\\\"width\\\":\\\"\\\",\\\"align\\\":\\\"left\\\"},\\\"col1\\\":{\\\"heading\\\":\\\"Methods of Payment\\\",\\\"width\\\":\\\"\\\",\\\"align\\\":\\\"left\\\"}},\\\"rows\\\":{\\\"row0\\\":{\\\"col0\\\":\\\"Parking Citation Assistance Center Phone: (800) 500-6484\\\",\\\"col1\\\":\\\"Credit cards: Visa, Mastercard, Discover or American Express\\\"}}}\",\"columns\":{\"col0\":{\"heading\":\"Location\",\"width\":\"\",\"align\":\"left\"},\"col1\":{\"heading\":\"Methods of Payment\",\"width\":\"\",\"align\":\"left\"}},\"rows\":{\"row0\":{\"col0\":\"Parking Citation Assistance Center Phone: (800) 500-6484\",\"col1\":\"Credit cards: Visa, Mastercard, Discover or American Express\"}}}}},\"5\":\"https:\\/\\/prodpci.etimspayments.com\\/pbw\\/include\\/oakland\\/input.jsp\",\"3\":\"Pay your ticket online\",\"4\":\"This page provides information on how to pay a parking ticket in the City of Oakland\"}}', '2015-12-04 23:42:58', '2015-12-04 23:42:58', 'da960021-eca2-49a7-a119-8c2847f4fe38'),
 ('23', '6', '3', '1', 'en_us', '12', '', '{\"typeId\":\"3\",\"authorId\":\"1\",\"title\":\"Pay a Parking Ticket\",\"slug\":\"pay-a-parking-ticket\",\"postDate\":1449259680,\"expiryDate\":null,\"enabled\":1,\"parentId\":\"5\",\"fields\":{\"1\":{\"7\":{\"type\":\"text\",\"enabled\":\"1\",\"fields\":{\"text\":\"<h2>What You Need to Know<\\/h2>\\r\\n\\r\\n<ul><li>You can pay online using Visa, MasterCard, Discover or American Express<\\/li><li>You have 21 days after the date the ticket was written to make a payment.<\\/li><\\/ul>\\r\\n\\r\\n\\r\\n\\r\\n\\r\\n\\r\\n\\r\\n\\r\\n\\r\\n\\r\\n\\r\\n\\r\\n\\r\\n\\r\\n\\r\\n\\r\\n<h2>Ways to Pay<\\/h2>\\r\\n\\r\\n\\r\\n\\r\\n\\r\\n\\r\\n\\r\\n\\r\\n\\r\\n\\r\\n\\r\\n\\r\\n\\r\\n\\r\\n\\r\\n\\r\\n\\r\\n\\r\\n\\r\\n\\r\\n\\r\\n\\r\\n<h3>In Person<\\/h3>\\r\\n\\r\\n\\r\\n\\r\\n\\r\\n\\r\\n\\r\\n\\r\\n\\r\\n\\r\\n\\r\\n\\r\\n\\r\\n\\r\\n\\r\\n\\r\\n\\r\\n\\r\\n\\r\\n\\r\\n\\r\\n\\r\\n<p>You can pay your ticket at the Parking Citation Assistance Center<\\/p>\"}},\"8\":{\"type\":\"table\",\"enabled\":\"1\",\"fields\":{\"table\":\"{\\\"columns\\\":{\\\"col0\\\":{\\\"heading\\\":\\\"Location\\\",\\\"width\\\":\\\"\\\",\\\"align\\\":\\\"left\\\"},\\\"col1\\\":{\\\"heading\\\":\\\"Hours\\\",\\\"width\\\":\\\"\\\",\\\"align\\\":\\\"left\\\"}},\\\"rows\\\":{\\\"row0\\\":{\\\"col0\\\":\\\"Parking Citation Assistance Center 250 Frank H. Ogawa Plaza, Suite 6300 Oakland, CA 94612 Phone: (800) 500-6484\\\",\\\"col1\\\":\\\"Mondays, Tuesdays, Thursdays and Fridays from 9 a.m. to 4:30 p.m. Wednesdays from 9:30 a.m. to 4:30 p.m.\\\"}}}\",\"columns\":{\"col0\":{\"heading\":\"Location\",\"width\":\"\",\"align\":\"left\"},\"col1\":{\"heading\":\"Hours\",\"width\":\"\",\"align\":\"left\"}},\"rows\":{\"row0\":{\"col0\":\"Parking Citation Assistance Center 250 Frank H. Ogawa Plaza, Suite 6300 Oakland, CA 94612 Phone: (800) 500-6484\",\"col1\":\"Mondays, Tuesdays, Thursdays and Fridays from 9 a.m. to 4:30 p.m. Wednesdays from 9:30 a.m. to 4:30 p.m.\"}}}},\"9\":{\"type\":\"text\",\"enabled\":\"1\",\"fields\":{\"text\":\"<h4><\\/h4>\\r\\n\\r\\n<h4>Additional locations:<\\/h4>\\r\\n\\r\\n\\r\\n\\r\\n<p>Parking ticket payment kiosks at 250 Frank H. Ogawa Plaza, Monday through Friday from 8:30 a.m. to 5 p.m.<br>Eastmont Police Substation, 2651 73rd Avenue, Monday through Saturday from 8:00 a.m. to 4 p.m.<\\/p>\\r\\n\\r\\n\\r\\n\\r\\n\\r\\n\\r\\n\\r\\n\\r\\n\\r\\n\\r\\n\\r\\n\\r\\n\\r\\n\\r\\n<h3><br>By Mail<\\/h3>\\r\\n\\r\\n\\r\\n\\r\\n\\r\\n\\r\\n\\r\\n\\r\\n\\r\\n\\r\\n\\r\\n\\r\\n\\r\\n\\r\\n\\r\\n\\r\\n<p>Mail your parking ticket and the full payment to:<\\/p>\\r\\n\\r\\n\\r\\n\\r\\n\\r\\n\\r\\n\\r\\n\\r\\n\\r\\n\\r\\n\\r\\n\\r\\n<p>Parking Citation Assistance Center<br>250 Frank H. Ogawa Plaza, Suite 6300<br>Oakland, CA 94612<\\/p>\\r\\n\\r\\n\\r\\n\\r\\n\\r\\n\\r\\n\\r\\n\\r\\n\\r\\n\\r\\n\\r\\n\\r\\n\\r\\n\\r\\n\\r\\n\\r\\n<h3><br>By Phone<\\/h3>\"}},\"10\":{\"type\":\"table\",\"enabled\":\"1\",\"fields\":{\"table\":\"{\\\"columns\\\":{\\\"col0\\\":{\\\"heading\\\":\\\"Location\\\",\\\"width\\\":\\\"\\\",\\\"align\\\":\\\"left\\\"},\\\"col1\\\":{\\\"heading\\\":\\\"Methods of Payment\\\",\\\"width\\\":\\\"\\\",\\\"align\\\":\\\"left\\\"}},\\\"rows\\\":{\\\"row0\\\":{\\\"col0\\\":\\\"Parking Citation Assistance Center Phone: (800) 500-6484\\\",\\\"col1\\\":\\\"Credit cards: Visa, Mastercard, Discover or American Express\\\"}}}\",\"columns\":{\"col0\":{\"heading\":\"Location\",\"width\":\"\",\"align\":\"left\"},\"col1\":{\"heading\":\"Methods of Payment\",\"width\":\"\",\"align\":\"left\"}},\"rows\":{\"row0\":{\"col0\":\"Parking Citation Assistance Center Phone: (800) 500-6484\",\"col1\":\"Credit cards: Visa, Mastercard, Discover or American Express\"}}}}},\"5\":\"https:\\/\\/prodpci.etimspayments.com\\/pbw\\/include\\/oakland\\/input.jsp\",\"3\":\"Pay your ticket online\",\"4\":\"This page provides information on how to pay a parking ticket in the City of Oakland\"}}', '2015-12-04 23:48:13', '2015-12-04 23:48:13', '68d4bf55-cafe-40e1-894e-835ae865d4ff'),
 ('24', '6', '3', '1', 'en_us', '13', '', '{\"typeId\":\"3\",\"authorId\":\"1\",\"title\":\"Pay a Parking Ticket\",\"slug\":\"pay-a-parking-ticket\",\"postDate\":1449259680,\"expiryDate\":null,\"enabled\":1,\"parentId\":\"5\",\"fields\":{\"1\":\"<h2 id=\\\"what-you-need-to-know\\\">What You Need to Know<\\/h2>\\r\\n\\r\\n<ul>\\r\\n  <li>You can pay online using Visa, MasterCard, Discover or American Express<\\/li>\\r\\n  <li>You have 21 days after the date the ticket was written to make a payment.<\\/li>\\r\\n<\\/ul>\\r\\n\\r\\n\\r\\n\\r\\n\\r\\n\\r\\n<h2 id=\\\"ways-to-pay\\\">Ways to Pay<\\/h2>\\r\\n\\r\\n\\r\\n\\r\\n\\r\\n\\r\\n\\r\\n\\r\\n<h3 id=\\\"in-person\\\">In Person<\\/h3>\\r\\n\\r\\n\\r\\n\\r\\n\\r\\n\\r\\n\\r\\n\\r\\n<p>You can pay your ticket at the Parking Citation Assistance Center.<\\/p>\\r\\n\\r\\n\\r\\n\\r\\n\\r\\n\\r\\n\\r\\n\\r\\n<table>\\r\\n<thead>\\r\\n<tr><th>Location<\\/th><th>Hours<\\/th><\\/tr>\\r\\n<\\/thead>\\r\\n<tbody>\\r\\n<tr><td style=\\\"background-color:white\\\">\\r\\nParking Citation Assistance Center\\r\\n250 Frank H. Ogawa Plaza, Suite 6300\\r\\nOakland, CA 94612\\r\\nPhone: (800) 500-6484\\r\\n<\\/td><td>\\r\\nMondays, Tuesdays, Thursdays and Fridays from 9 a.m. to 4:30 p.m.\\r\\nWednesdays from 9:30 a.m. to 4:30 p.m.\\r\\n<\\/td><\\/tr>\\r\\n<\\/tbody>\\r\\n<\\/table>\\r\\n\\r\\n\\r\\n\\r\\n\\r\\n\\r\\n\\r\\n\\r\\n<p><strong>Additional locations:<\\/strong><\\/p>\\r\\n\\r\\n\\r\\n\\r\\n\\r\\n\\r\\n\\r\\n\\r\\n<ul>\\r\\n  <li>Parking ticket payment kiosks at 250 Frank H. Ogawa Plaza, Monday through Friday from 8:30 a.m. to 5 p.m.<\\/li>\\r\\n  <li>Eastmont Police Substation, 2651 73rd Avenue, Monday through Saturday from 8:00 a.m. to 4 p.m.<\\/li>\\r\\n<\\/ul>\\r\\n\\r\\n\\r\\n\\r\\n\\r\\n\\r\\n\\r\\n\\r\\n<h3 id=\\\"by-mail\\\">By Mail<\\/h3>\\r\\n\\r\\n\\r\\n\\r\\n\\r\\n\\r\\n\\r\\n\\r\\n<p>Mail your parking ticket and the full payment to:<\\/p>\\r\\n\\r\\n\\r\\n\\r\\n\\r\\n\\r\\n\\r\\n\\r\\n<p>Parking Citation Assistance Center<\\/p>\\r\\n\\r\\n\\r\\n\\r\\n\\r\\n\\r\\n\\r\\n\\r\\n<p>250 Frank H. Ogawa Plaza, Suite 6300<\\/p>\\r\\n\\r\\n\\r\\n\\r\\n\\r\\n\\r\\n\\r\\n\\r\\n<p>Oakland, CA 94612<\\/p>\\r\\n\\r\\n\\r\\n\\r\\n\\r\\n\\r\\n\\r\\n\\r\\n<h3 id=\\\"by-phone\\\">By Phone<\\/h3>\\r\\n\\r\\n\\r\\n\\r\\n\\r\\n\\r\\n\\r\\n\\r\\n<table>\\r\\n<thead>\\r\\n<tr><th>Location<\\/th><th>Methods of Payment<\\/th><\\/tr>\\r\\n<\\/thead>\\r\\n<tbody>\\r\\n<tr><td style=\\\"background-color:white\\\">\\r\\nParking Citation Assistance Center\\r\\nPhone: (800) 500-6484\\r\\n<\\/td><td>\\r\\nCredit cards: Visa, Mastercard, Discover or American Express\\r\\n<\\/td><\\/tr>\\r\\n<\\/tbody>\\r\\n<\\/table>\",\"5\":\"https:\\/\\/prodpci.etimspayments.com\\/pbw\\/include\\/oakland\\/input.jsp\",\"3\":\"Pay your ticket online\",\"4\":\"This page provides information on how to pay a parking ticket in the City of Oakland\"}}', '2015-12-05 00:33:38', '2015-12-05 00:33:38', 'b9f8eac0-a841-4271-bc84-40e4f4752413'),
 ('25', '6', '3', '1', 'en_us', '14', '', '{\"typeId\":\"3\",\"authorId\":\"1\",\"title\":\"Pay a Parking Ticket\",\"slug\":\"pay-a-parking-ticket\",\"postDate\":1449259680,\"expiryDate\":null,\"enabled\":1,\"parentId\":\"5\",\"fields\":{\"1\":\"<h2 id=\\\"what-you-need-to-know\\\">What You Need to Know<\\/h2>\\r\\n\\r\\n<ul>\\r\\n  <li>You can pay online using Visa, MasterCard, Discover or American Express<\\/li>\\r\\n  <li>You have 21 days after the date the ticket was written to make a payment.<\\/li>\\r\\n<\\/ul>\\r\\n\\r\\n\\r\\n\\r\\n\\r\\n\\r\\n\\r\\n\\r\\n\\r\\n\\r\\n\\r\\n\\r\\n<h2 id=\\\"ways-to-pay\\\">Ways to Pay<\\/h2>\\r\\n\\r\\n\\r\\n\\r\\n\\r\\n\\r\\n\\r\\n\\r\\n\\r\\n\\r\\n\\r\\n\\r\\n\\r\\n\\r\\n<h3 id=\\\"in-person\\\">In Person<\\/h3>\\r\\n\\r\\n\\r\\n\\r\\n\\r\\n\\r\\n\\r\\n\\r\\n\\r\\n\\r\\n\\r\\n\\r\\n\\r\\n\\r\\n<p>You can pay your ticket at the Parking Citation Assistance Center.<\\/p>\\r\\n\\r\\n\\r\\n\\r\\n\\r\\n\\r\\n\\r\\n\\r\\n\\r\\n\\r\\n\\r\\n\\r\\n\\r\\n\\r\\n<table>\\r\\n<thead>\\r\\n<tr><th>Location<\\/th><th>Hours<\\/th><\\/tr>\\r\\n<\\/thead>\\r\\n<tbody>\\r\\n<tr><td style=\\\"background-color:white\\\">\\r\\nParking Citation Assistance Center\\r\\n250 Frank H. Ogawa Plaza, Suite 6300\\r\\nOakland, CA 94612\\r\\nPhone: (800) 500-6484\\r\\n<\\/td><td>\\r\\nMondays, Tuesdays, Thursdays and Fridays from 9 a.m. to 4:30 p.m.\\r\\nWednesdays from 9:30 a.m. to 4:30 p.m.\\r\\n<\\/td><\\/tr>\\r\\n<\\/tbody>\\r\\n<\\/table>\\r\\n\\r\\n\\r\\n\\r\\n\\r\\n\\r\\n\\r\\n\\r\\n\\r\\n\\r\\n\\r\\n\\r\\n\\r\\n\\r\\n<p><strong>Additional locations:<\\/strong><\\/p>\\r\\n\\r\\n\\r\\n\\r\\n\\r\\n\\r\\n\\r\\n\\r\\n\\r\\n\\r\\n\\r\\n\\r\\n\\r\\n\\r\\n<ul>\\r\\n  <li>Parking ticket payment kiosks at 250 Frank H. Ogawa Plaza, Monday through Friday from 8:30 a.m. to 5 p.m.<\\/li>\\r\\n  <li>Eastmont Police Substation, 2651 73rd Avenue, Monday through Saturday from 8:00 a.m. to 4 p.m.<\\/li>\\r\\n<\\/ul>\\r\\n\\r\\n\\r\\n\\r\\n\\r\\n\\r\\n\\r\\n\\r\\n\\r\\n\\r\\n\\r\\n\\r\\n\\r\\n\\r\\n<h3 id=\\\"by-mail\\\">By Mail<\\/h3>\\r\\n\\r\\n\\r\\n\\r\\n\\r\\n\\r\\n\\r\\n\\r\\n\\r\\n\\r\\n\\r\\n\\r\\n\\r\\n\\r\\n<p>Mail your parking ticket and the full payment to:<\\/p>\\r\\n\\r\\n\\r\\n\\r\\n\\r\\n\\r\\n\\r\\n\\r\\n\\r\\n\\r\\n\\r\\n\\r\\n\\r\\n\\r\\n<p>Parking Citation Assistance Center<\\/p>\\r\\n\\r\\n\\r\\n\\r\\n\\r\\n\\r\\n\\r\\n\\r\\n\\r\\n\\r\\n\\r\\n\\r\\n\\r\\n\\r\\n<p>250 Frank H. Ogawa Plaza, Suite 6300<\\/p>\\r\\n\\r\\n\\r\\n\\r\\n\\r\\n\\r\\n\\r\\n\\r\\n\\r\\n\\r\\n\\r\\n\\r\\n\\r\\n\\r\\n<p>Oakland, CA 94612<\\/p>\\r\\n\\r\\n\\r\\n\\r\\n\\r\\n\\r\\n\\r\\n\\r\\n\\r\\n\\r\\n\\r\\n\\r\\n\\r\\n\\r\\n<h3 id=\\\"by-phone\\\">By Phone<\\/h3>\\r\\n\\r\\n\\r\\n\\r\\n\\r\\n\\r\\n\\r\\n\\r\\n\\r\\n\\r\\n\\r\\n\\r\\n\\r\\n\\r\\n<table>\\r\\n<thead>\\r\\n<tr><th>Location<\\/th><th>Methods of Payment<\\/th><\\/tr>\\r\\n<\\/thead>\\r\\n<tbody>\\r\\n<tr><td style=\\\"background-color:white\\\">\\r\\nParking Citation Assistance Center\\r\\nPhone: (800) 500-6484\\r\\n<\\/td><td>\\r\\nCredit cards: Visa, Mastercard, Discover or American Express\\r\\n<\\/td><\\/tr>\\r\\n<\\/tbody>\\r\\n<\\/table>\",\"5\":\"https:\\/\\/prodpci.etimspayments.com\\/pbw\\/include\\/oakland\\/input.jsp\",\"3\":\"Pay your ticket online\",\"4\":\"This page provides information on how to pay a parking ticket in the City of Oakland\"}}', '2015-12-05 00:40:55', '2015-12-05 00:40:55', '8272f282-55aa-4fa8-89eb-e19b204badff'),
 ('26', '11', '2', '1', 'en_us', '1', '', '{\"typeId\":null,\"authorId\":\"1\",\"title\":\"Free Parking on Plaid Friday & Saturdays until New Year\'s\",\"slug\":\"free-parking-on-plaid-friday-saturdays-until-new-years\",\"postDate\":1449775614,\"expiryDate\":null,\"enabled\":1,\"parentId\":null,\"fields\":{\"1\":\"<p>As part of the Shop Oakland Grown for the Holidays campaign, the City of Oakland will offer&nbsp;free parking every Saturday until New Year\'s Day plus Plaid Friday (November 27).&nbsp;The free parking applies to on-street meters (both individual meters and multi-space kiosks), four City-owned parking lots and four City-owned parking garages. Posted time limits&nbsp;at meters&nbsp;still apply.<\\/p>\",\"2\":\"\"}}', '2015-12-10 19:26:54', '2015-12-10 19:26:54', 'accd9455-2cf8-4165-a099-5f1b4f3f659e'),
 ('27', '12', '2', '1', 'en_us', '1', '', '{\"typeId\":null,\"authorId\":\"1\",\"title\":\"Oakland\\u2019s Minimum Wage Goes Up January 1, Deadline for noticing requirement is December 15\",\"slug\":\"oaklands-minimum-wage-goes-up-january-1-deadline-for-noticing-requirement-is-december-15\",\"postDate\":1449776225,\"expiryDate\":null,\"enabled\":1,\"parentId\":null,\"fields\":{\"1\":\"<p>Oakland\\u2019s Measure FF, a voter-enacted ballot measure passed in November 2014, provides annual increases to Oakland\\u2019s Minimum Wage based on the local Consumer Price Index (CPI). Effective January 1, 2016, the rate rises 30\\u00a2, from $12.25 to $12.55. The law requires that employers inform employees of the increase by December 15, 2015.<\\/p>\",\"2\":\"\"}}', '2015-12-10 19:37:05', '2015-12-10 19:37:05', '061ab6bd-a834-4421-9319-86f824065bc5'),
 ('28', '11', '2', '1', 'en_us', '2', '', '{\"typeId\":\"2\",\"authorId\":\"1\",\"title\":\"Free Parking on Plaid Friday & Saturdays until New Year\'s\",\"slug\":\"free-parking-on-plaid-friday-saturdays-until-new-years\",\"postDate\":1449775560,\"expiryDate\":null,\"enabled\":1,\"parentId\":null,\"fields\":{\"1\":\"<p>As part of the Shop Oakland Grown for the Holidays campaign, the City of Oakland will offer&nbsp;free parking every Saturday until New Year\'s Day plus Plaid Friday (November 27).&nbsp;The free parking applies to on-street meters (both individual meters and multi-space kiosks), four City-owned parking lots and four City-owned parking garages. Posted time limits&nbsp;at meters&nbsp;still apply.<\\/p>\",\"8\":{\"date\":\"12\\/9\\/2015\"},\"2\":\"\"}}', '2015-12-10 19:38:21', '2015-12-10 19:38:21', 'be4c5ee9-07c0-477c-ac14-94ffd440e818'),
 ('29', '12', '2', '1', 'en_us', '2', '', '{\"typeId\":\"2\",\"authorId\":\"1\",\"title\":\"Oakland\\u2019s Minimum Wage Goes Up January 1, Deadline for noticing requirement is December 15\",\"slug\":\"oaklands-minimum-wage-goes-up-january-1-deadline-for-noticing-requirement-is-december-15\",\"postDate\":1449776220,\"expiryDate\":null,\"enabled\":1,\"parentId\":null,\"fields\":{\"1\":\"<p>Oakland\\u2019s Measure FF, a voter-enacted ballot measure passed in November 2014, provides annual increases to Oakland\\u2019s Minimum Wage based on the local Consumer Price Index (CPI). Effective January 1, 2016, the rate rises 30\\u00a2, from $12.25 to $12.55. The law requires that employers inform employees of the increase by December 15, 2015.<\\/p>\",\"8\":{\"date\":\"12\\/9\\/2015\"},\"2\":\"\"}}', '2015-12-10 19:38:26', '2015-12-10 19:38:26', '469a8644-936c-42b0-a40a-c85f2cbbd62b'),
 ('30', '13', '4', '1', 'en_us', '1', '', '{\"typeId\":null,\"authorId\":\"1\",\"title\":\"Parking\",\"slug\":\"parking\",\"postDate\":1449777167,\"expiryDate\":null,\"enabled\":1,\"parentId\":null,\"fields\":{\"10\":\"Service to the public is our sole reason for existence. Oakland Public Works plans, builds and maintains Oakland\\u2019s physical and environmental infrastructure for the residents, businesses and visitors of the city, making it a sustainable and desirable place to live, work, invest and visit.\",\"12\":\"<p><strong>Brooke A. Levin<\\/strong><br>Director of Oakland Public Works<\\/p>\",\"13\":\"\",\"11\":[\"5\"],\"9\":\"Service to the public is our sole reason for existence.\"}}', '2015-12-10 19:52:47', '2015-12-10 19:52:47', '668c4616-2a4c-4087-b85a-49fd1377b24d'),
 ('31', '13', '4', '1', 'en_us', '2', '', '{\"typeId\":\"5\",\"authorId\":\"1\",\"title\":\"Public Works\",\"slug\":\"parking\",\"postDate\":1449777120,\"expiryDate\":null,\"enabled\":1,\"parentId\":null,\"fields\":{\"10\":\"Service to the public is our sole reason for existence. Oakland Public Works plans, builds and maintains Oakland\\u2019s physical and environmental infrastructure for the residents, businesses and visitors of the city, making it a sustainable and desirable place to live, work, invest and visit.\",\"12\":\"<p><strong>Brooke A. Levin<\\/strong><br>Director of Oakland Public Works<\\/p>\",\"13\":\"\",\"11\":[\"5\"],\"9\":\"Service to the public is our sole reason for existence.\"}}', '2015-12-10 19:54:39', '2015-12-10 19:54:39', '834ac640-5a83-4796-b561-801ff77fd0f5'),
 ('32', '13', '4', '1', 'en_us', '3', '', '{\"typeId\":\"5\",\"authorId\":\"1\",\"title\":\"Public Works\",\"slug\":\"public-works\",\"postDate\":1449777120,\"expiryDate\":null,\"enabled\":1,\"parentId\":null,\"fields\":{\"10\":\"Service to the public is our sole reason for existence. Oakland Public Works plans, builds and maintains Oakland\\u2019s physical and environmental infrastructure for the residents, businesses and visitors of the city, making it a sustainable and desirable place to live, work, invest and visit.\",\"12\":\"<p><strong>Brooke A. Levin<\\/strong><br>Director of Oakland Public Works<\\/p>\",\"13\":\"\",\"11\":[\"5\"],\"9\":\"Service to the public is our sole reason for existence.\"}}', '2015-12-10 19:54:47', '2015-12-10 19:54:47', '7ae5f15e-e1ea-4f1f-b912-769aa04f5f5f'),
 ('33', '2', '1', '1', 'en_us', '7', '', '{\"typeId\":null,\"authorId\":null,\"title\":\"Home\",\"slug\":\"homepage\",\"postDate\":1449188566,\"expiryDate\":null,\"enabled\":1,\"parentId\":null,\"fields\":{\"1\":\"<p>The best place to find information and services from the City of Oakland.<\\/p>\"}}', '2015-12-10 20:04:28', '2015-12-10 20:04:28', 'b2d3e76c-be77-43cd-92ec-4b8758472108'),
 ('34', '11', '2', '1', 'en_us', '3', '', '{\"typeId\":\"2\",\"authorId\":\"1\",\"title\":\"Free Parking on Plaid Friday & Saturdays until New Year\'s\",\"slug\":\"free-parking-on-plaid-friday-saturdays-until-new-years\",\"postDate\":1449775560,\"expiryDate\":null,\"enabled\":1,\"parentId\":null,\"fields\":{\"1\":\"<p>As part of the Shop Oakland Grown for the Holidays campaign, the City of Oakland will offer&nbsp;free parking every Saturday until New Year\'s Day plus Plaid Friday (November 27).&nbsp;The free parking applies to on-street meters (both individual meters and multi-space kiosks), four City-owned parking lots and four City-owned parking garages. Posted time limits&nbsp;at meters&nbsp;still apply.<\\/p>\",\"14\":[\"13\"],\"8\":{\"date\":\"12\\/9\\/2015\"},\"2\":\"\"}}', '2015-12-10 22:50:31', '2015-12-10 22:50:31', 'd3377224-e5a1-4d8c-8a77-528b81d09031'),
 ('35', '12', '2', '1', 'en_us', '3', '', '{\"typeId\":\"2\",\"authorId\":\"1\",\"title\":\"Oakland\\u2019s Minimum Wage Goes Up January 1, Deadline for noticing requirement is December 15\",\"slug\":\"oaklands-minimum-wage-goes-up-january-1-deadline-for-noticing-requirement-is-december-15\",\"postDate\":1449776220,\"expiryDate\":null,\"enabled\":1,\"parentId\":null,\"fields\":{\"1\":\"<p>Oakland\\u2019s Measure FF, a voter-enacted ballot measure passed in November 2014, provides annual increases to Oakland\\u2019s Minimum Wage based on the local Consumer Price Index (CPI). Effective January 1, 2016, the rate rises 30\\u00a2, from $12.25 to $12.55. The law requires that employers inform employees of the increase by December 15, 2015.<\\/p>\",\"14\":[\"13\"],\"8\":{\"date\":\"12\\/9\\/2015\"},\"2\":\"\"}}', '2015-12-10 22:52:59', '2015-12-10 22:52:59', 'b691984c-0013-4ba5-b79b-cfe27b9fa06b'),
 ('36', '11', '2', '1', 'en_us', '4', '', '{\"typeId\":\"2\",\"authorId\":\"1\",\"title\":\"Free Parking on Plaid Friday & Saturdays until New Year\'s\",\"slug\":\"free-parking-on-plaid-friday-saturdays-until-new-years\",\"postDate\":1449775560,\"expiryDate\":null,\"enabled\":1,\"parentId\":null,\"fields\":{\"1\":\"<p>As part of the Shop Oakland Grown for the Holidays campaign, the City of Oakland will offer&nbsp;free parking every Saturday until New Year\'s Day plus Plaid Friday (November 27).&nbsp;The free parking applies to on-street meters (both individual meters and multi-space kiosks), four City-owned parking lots and four City-owned parking garages. Posted time limits&nbsp;at meters&nbsp;still apply.<\\/p>\",\"14\":[\"13\"],\"8\":{\"date\":\"12\\/9\\/2015\"},\"9\":\"As part of the Shop Oakland Grown for the Holidays campaign, the City of Oakland will offer free parking every Saturday until New Year\'s Day plus Plaid Friday (November 27). The free parking applies to on-street meters (both individual meters and multi-space kiosks), four City-owned parking lots and four City-owned parking garages. Posted time limits at meters still apply.\",\"2\":\"\"}}', '2015-12-10 22:58:01', '2015-12-10 22:58:01', '841da547-fb3d-49f0-873d-abcc4dc7ef3a'),
 ('37', '12', '2', '1', 'en_us', '4', '', '{\"typeId\":\"2\",\"authorId\":\"1\",\"title\":\"Oakland\\u2019s Minimum Wage Goes Up January 1, Deadline for noticing requirement is December 15\",\"slug\":\"oaklands-minimum-wage-goes-up-january-1-deadline-for-noticing-requirement-is-december-15\",\"postDate\":1449776220,\"expiryDate\":null,\"enabled\":1,\"parentId\":null,\"fields\":{\"1\":\"<p>Oakland\\u2019s Measure FF, a voter-enacted ballot measure passed in November 2014, provides annual increases to Oakland\\u2019s Minimum Wage based on the local Consumer Price Index (CPI). Effective January 1, 2016, the rate rises 30\\u00a2, from $12.25 to $12.55. The law requires that employers inform employees of the increase by December 15, 2015.<\\/p>\",\"14\":[\"13\"],\"8\":{\"date\":\"12\\/9\\/2015\"},\"9\":\"Oakland\\u2019s Measure FF, a voter-enacted ballot measure passed in November 2014, provides annual increases to Oakland\\u2019s Minimum Wage based on the local Consumer Price Index (CPI). Effective January 1, 2016, the rate rises 30\\u00a2, from $12.25 to $12.55. The law requires that employers inform employees of the increase by December 15, 2015.\",\"2\":\"\"}}', '2015-12-10 22:58:16', '2015-12-10 22:58:16', 'f0808321-b6eb-4208-aca4-1f73f1f1d7c0'),
 ('39', '16', '4', '1', 'en_us', '1', '', '{\"typeId\":null,\"authorId\":\"1\",\"title\":\"Human Resources\",\"slug\":\"human-resources\",\"postDate\":1449790093,\"expiryDate\":null,\"enabled\":1,\"parentId\":null,\"fields\":{\"10\":\"\",\"12\":\"\",\"13\":\"\",\"11\":\"\",\"9\":\"\"}}', '2015-12-10 23:28:13', '2015-12-10 23:28:13', '467df017-0249-4e38-ab0a-da529557113b'),
 ('42', '19', '4', '1', 'en_us', '1', '', '{\"typeId\":null,\"authorId\":\"1\",\"title\":\"Mayor\'s Office\",\"slug\":\"mayors-office\",\"postDate\":1449791507,\"expiryDate\":null,\"enabled\":1,\"parentId\":null,\"fields\":{\"10\":\"\",\"12\":\"\",\"13\":\"\",\"11\":\"\",\"9\":\"\"}}', '2015-12-10 23:51:48', '2015-12-10 23:51:48', '27ef9a5d-b984-450e-8caf-2d6b6e7ddb0d'),
 ('43', '19', '4', '1', 'en_us', '2', '', '{\"typeId\":\"5\",\"authorId\":\"1\",\"title\":\"Mayor\'s Office\",\"slug\":\"mayors-office\",\"postDate\":1449791460,\"expiryDate\":null,\"enabled\":1,\"parentId\":null,\"fields\":{\"10\":\"\",\"12\":\"<p><strong>Mayor Libby Schaaf<\\/strong><br>Oakland City Council<\\/p><p>She is an American Public Works Association Leadership Fellow with more than 30 years of public and private sector experience, including the past 22 years with the City of Oakland.<br><\\/p>\",\"13\":\"\",\"11\":\"\",\"9\":\"\"}}', '2015-12-10 23:52:40', '2015-12-10 23:52:40', 'e4cbea95-b8cb-45cd-80d1-86321ea18af2'),
 ('44', '2', '1', '1', 'en_us', '8', '', '{\"typeId\":null,\"authorId\":null,\"title\":\"Home\",\"slug\":\"homepage\",\"postDate\":1449188566,\"expiryDate\":null,\"enabled\":1,\"parentId\":null,\"fields\":{\"1\":\"<p>The best place to find information and services from the City of Oakland.<\\/p>\",\"15\":\"Welcome to the City of Oakland, California\"}}', '2015-12-10 23:59:38', '2015-12-10 23:59:38', 'd77ea9e8-4522-420e-9eb2-98ffe2837296'),
 ('45', '2', '1', '1', 'en_us', '9', '', '{\"typeId\":null,\"authorId\":null,\"title\":\"Home\",\"slug\":\"homepage\",\"postDate\":1449188566,\"expiryDate\":null,\"enabled\":1,\"parentId\":null,\"fields\":{\"1\":\"<p>The best place to find information and services from the City of Oakland.<\\/p>\",\"15\":\"Welcome to Oakland, California\"}}', '2015-12-10 23:59:56', '2015-12-10 23:59:56', '7e932211-3974-4a2b-abf5-f2f89606736a'),
 ('52', '2', '1', '1', 'en_us', '10', '', '{\"typeId\":null,\"authorId\":null,\"title\":\"Home\",\"slug\":\"homepage\",\"postDate\":1449188566,\"expiryDate\":null,\"enabled\":1,\"parentId\":null,\"fields\":{\"1\":\"<p>The best place to find information and services from the City of Oakland.<\\/p>\",\"16\":[\"32\"],\"15\":\"Welcome to Oakland, California\"}}', '2015-12-11 23:44:14', '2015-12-11 23:44:14', 'b68a97a0-399c-49d9-a76e-b8b0d0f55edc'),
 ('62', '6', '3', '1', 'en_us', '15', '', '{\"typeId\":\"3\",\"authorId\":\"1\",\"title\":\"Pay a Parking Ticket\",\"slug\":\"pay-a-parking-ticket\",\"postDate\":1449259680,\"expiryDate\":null,\"enabled\":1,\"parentId\":\"5\",\"fields\":{\"1\":\"<h2 id=\\\"what-you-need-to-know\\\">What You Need to Know<\\/h2>\\r\\n\\r\\n<ul>\\r\\n  <li>You can pay online using Visa, MasterCard, Discover or American Express<\\/li>\\r\\n  <li>You have 21 days after the date the ticket was written to make a payment.<\\/li>\\r\\n<\\/ul>\\r\\n\\r\\n\\r\\n\\r\\n\\r\\n\\r\\n\\r\\n\\r\\n\\r\\n\\r\\n\\r\\n\\r\\n\\r\\n\\r\\n<h2 id=\\\"ways-to-pay\\\">Ways to Pay<\\/h2>\\r\\n\\r\\n\\r\\n\\r\\n\\r\\n\\r\\n\\r\\n\\r\\n\\r\\n\\r\\n\\r\\n\\r\\n\\r\\n\\r\\n\\r\\n\\r\\n<h3 id=\\\"in-person\\\">In Person<\\/h3>\\r\\n\\r\\n\\r\\n\\r\\n\\r\\n\\r\\n\\r\\n\\r\\n\\r\\n\\r\\n\\r\\n\\r\\n\\r\\n\\r\\n\\r\\n\\r\\n<p>You can pay your ticket at the Parking Citation Assistance Center.<\\/p>\\r\\n\\r\\n\\r\\n\\r\\n\\r\\n\\r\\n\\r\\n\\r\\n\\r\\n\\r\\n\\r\\n\\r\\n\\r\\n\\r\\n\\r\\n\\r\\n<table>\\r\\n<thead>\\r\\n<tr><th>Location<\\/th><th>Hours<\\/th><\\/tr>\\r\\n<\\/thead>\\r\\n<tbody>\\r\\n<tr><td>\\r\\nParking Citation Assistance Center\\r\\n250 Frank H. Ogawa Plaza, Suite 6300\\r\\nOakland, CA 94612\\r\\nPhone: (800) 500-6484\\r\\n<\\/td><td>\\r\\nMondays, Tuesdays, Thursdays and Fridays from 9 a.m. to 4:30 p.m.\\r\\nWednesdays from 9:30 a.m. to 4:30 p.m.\\r\\n<\\/td><\\/tr>\\r\\n<\\/tbody>\\r\\n<\\/table>\\r\\n\\r\\n\\r\\n\\r\\n\\r\\n\\r\\n\\r\\n\\r\\n\\r\\n\\r\\n\\r\\n\\r\\n\\r\\n\\r\\n\\r\\n\\r\\n<p><strong>Additional locations:<\\/strong><\\/p>\\r\\n\\r\\n\\r\\n\\r\\n\\r\\n\\r\\n\\r\\n\\r\\n\\r\\n\\r\\n\\r\\n\\r\\n\\r\\n\\r\\n\\r\\n\\r\\n<ul>\\r\\n  <li>Parking ticket payment kiosks at 250 Frank H. Ogawa Plaza, Monday through Friday from 8:30 a.m. to 5 p.m.<\\/li>\\r\\n  <li>Eastmont Police Substation, 2651 73rd Avenue, Monday through Saturday from 8:00 a.m. to 4 p.m.<\\/li>\\r\\n<\\/ul>\\r\\n\\r\\n\\r\\n\\r\\n\\r\\n\\r\\n\\r\\n\\r\\n\\r\\n\\r\\n\\r\\n\\r\\n\\r\\n\\r\\n\\r\\n\\r\\n<h3 id=\\\"by-mail\\\">By Mail<\\/h3>\\r\\n\\r\\n\\r\\n\\r\\n\\r\\n\\r\\n\\r\\n\\r\\n\\r\\n\\r\\n\\r\\n\\r\\n\\r\\n\\r\\n\\r\\n\\r\\n<p>Mail your parking tickets&nbsp;and the full payment to:<\\/p>\\r\\n\\r\\n\\r\\n\\r\\n\\r\\n\\r\\n\\r\\n\\r\\n\\r\\n\\r\\n\\r\\n\\r\\n\\r\\n\\r\\n\\r\\n\\r\\n<p>Parking Citation Assistance Center<\\/p>\\r\\n\\r\\n\\r\\n\\r\\n\\r\\n\\r\\n\\r\\n\\r\\n\\r\\n\\r\\n\\r\\n\\r\\n\\r\\n\\r\\n\\r\\n\\r\\n<p>250 Frank H. Ogawa Plaza, Suite 6300<\\/p>\\r\\n\\r\\n\\r\\n\\r\\n\\r\\n\\r\\n\\r\\n\\r\\n\\r\\n\\r\\n\\r\\n\\r\\n\\r\\n\\r\\n\\r\\n\\r\\n<p>Oakland, CA 94612<\\/p>\\r\\n\\r\\n\\r\\n\\r\\n\\r\\n\\r\\n\\r\\n\\r\\n\\r\\n\\r\\n\\r\\n\\r\\n\\r\\n\\r\\n\\r\\n\\r\\n<h3 id=\\\"by-phone\\\">By Phone<\\/h3>\\r\\n\\r\\n\\r\\n\\r\\n\\r\\n\\r\\n\\r\\n\\r\\n\\r\\n\\r\\n\\r\\n\\r\\n\\r\\n\\r\\n\\r\\n\\r\\n<table>\\r\\n<thead>\\r\\n<tr><th>Location<\\/th><th>Methods of Payment<\\/th><\\/tr>\\r\\n<\\/thead>\\r\\n<tbody>\\r\\n<tr><td>\\r\\nParking Citation Assistance Center\\r\\nPhone: (800) 500-6484\\r\\n<\\/td><td>\\r\\nCredit cards: Visa, Mastercard, Discover or American Express\\r\\n<\\/td><\\/tr>\\r\\n<\\/tbody>\\r\\n<\\/table>\",\"5\":\"https:\\/\\/prodpci.etimspayments.com\\/pbw\\/include\\/oakland\\/input.jsp\",\"3\":\"Pay your ticket online\",\"4\":\"This page provides information on how to pay a parking ticket in the City of Oakland\"}}', '2015-12-16 22:01:22', '2015-12-16 22:01:22', 'ec76333d-b519-4bce-ba3f-5788946edf21'),
 ('72', '6', '3', '1', 'en_us', '16', '', '{\"typeId\":\"3\",\"authorId\":\"1\",\"title\":\"Pay a Parking Ticket\",\"slug\":\"pay-a-parking-ticket\",\"postDate\":1449259680,\"expiryDate\":null,\"enabled\":1,\"parentId\":\"5\",\"fields\":{\"1\":\"<h2 id=\\\"what-you-need-to-know\\\">What You Need to Know<\\/h2>\\r\\n\\r\\n<ul>\\r\\n  <li>You can pay online using Visa, MasterCard, Discover or American Express<\\/li>\\r\\n  <li>You have 21 days after the date the ticket was written to make a payment.<\\/li>\\r\\n<\\/ul>\\r\\n\\r\\n\\r\\n\\r\\n\\r\\n\\r\\n\\r\\n\\r\\n\\r\\n\\r\\n\\r\\n\\r\\n\\r\\n\\r\\n\\r\\n\\r\\n<h2 id=\\\"ways-to-pay\\\">Ways to Pay<\\/h2>\\r\\n\\r\\n\\r\\n\\r\\n\\r\\n\\r\\n\\r\\n\\r\\n\\r\\n\\r\\n\\r\\n\\r\\n\\r\\n\\r\\n\\r\\n\\r\\n\\r\\n\\r\\n<h3 id=\\\"in-person\\\">In Person<\\/h3>\\r\\n\\r\\n\\r\\n\\r\\n\\r\\n\\r\\n\\r\\n\\r\\n\\r\\n\\r\\n\\r\\n\\r\\n\\r\\n\\r\\n\\r\\n\\r\\n\\r\\n\\r\\n<p>You can pay your ticket at the Parking Citation Assistance Center.<\\/p>\\r\\n\\r\\n\\r\\n\\r\\n\\r\\n\\r\\n\\r\\n\\r\\n\\r\\n\\r\\n\\r\\n\\r\\n\\r\\n\\r\\n\\r\\n\\r\\n\\r\\n\\r\\n<table>\\r\\n<thead>\\r\\n<tr><th>Location<\\/th><th>Hours<\\/th><\\/tr>\\r\\n<\\/thead>\\r\\n<tbody>\\r\\n<tr><td>\\r\\nParking Citation Assistance Center\\r\\n250 Frank H. Ogawa Plaza, Suite 6300\\r\\nOakland, CA 94612\\r\\nPhone: (800) 500-6484\\r\\n<\\/td><td>\\r\\nMondays, Tuesdays, Thursdays and Fridays from 9 a.m. to 4:30 p.m.\\r\\nWednesdays from 9:30 a.m. to 4:30 p.m.\\r\\n<\\/td><\\/tr>\\r\\n<\\/tbody>\\r\\n<\\/table>\\r\\n\\r\\n\\r\\n\\r\\n\\r\\n\\r\\n\\r\\n\\r\\n\\r\\n\\r\\n\\r\\n\\r\\n\\r\\n\\r\\n\\r\\n\\r\\n\\r\\n\\r\\n<p><strong>Additional locations:<\\/strong><\\/p>\\r\\n\\r\\n\\r\\n\\r\\n\\r\\n\\r\\n\\r\\n\\r\\n\\r\\n\\r\\n\\r\\n\\r\\n\\r\\n\\r\\n\\r\\n\\r\\n\\r\\n\\r\\n<ul>\\r\\n  <li>Parking ticket payment kiosks at 250 Frank H. Ogawa Plaza, Monday through Friday from 8:30 a.m. to 5 p.m.<\\/li>\\r\\n  <li>Eastmont Police Substation, 2651 73rd Avenue, Monday through Saturday from 8:00 a.m. to 4 p.m.<\\/li>\\r\\n<\\/ul>\\r\\n\\r\\n\\r\\n\\r\\n\\r\\n\\r\\n\\r\\n\\r\\n\\r\\n\\r\\n\\r\\n\\r\\n\\r\\n\\r\\n\\r\\n\\r\\n\\r\\n\\r\\n<h3 id=\\\"by-mail\\\">By Mail<\\/h3>\\r\\n\\r\\n\\r\\n\\r\\n\\r\\n\\r\\n\\r\\n\\r\\n\\r\\n\\r\\n\\r\\n\\r\\n\\r\\n\\r\\n\\r\\n\\r\\n\\r\\n\\r\\n<p>Mail your parking ticket&nbsp;and the full payment to:<\\/p>\\r\\n\\r\\n\\r\\n\\r\\n\\r\\n\\r\\n\\r\\n\\r\\n\\r\\n\\r\\n\\r\\n\\r\\n\\r\\n\\r\\n\\r\\n\\r\\n\\r\\n\\r\\n<p>Parking Citation Assistance Center<\\/p>\\r\\n\\r\\n\\r\\n\\r\\n\\r\\n\\r\\n\\r\\n\\r\\n\\r\\n\\r\\n\\r\\n\\r\\n\\r\\n\\r\\n\\r\\n\\r\\n\\r\\n\\r\\n<p>250 Frank H. Ogawa Plaza, Suite 6300<\\/p>\\r\\n\\r\\n\\r\\n\\r\\n\\r\\n\\r\\n\\r\\n\\r\\n\\r\\n\\r\\n\\r\\n\\r\\n\\r\\n\\r\\n\\r\\n\\r\\n\\r\\n\\r\\n<p>Oakland, CA 94612<\\/p>\\r\\n\\r\\n\\r\\n\\r\\n\\r\\n\\r\\n\\r\\n\\r\\n\\r\\n\\r\\n\\r\\n\\r\\n\\r\\n\\r\\n\\r\\n\\r\\n\\r\\n\\r\\n<h3 id=\\\"by-phone\\\">By Phone<\\/h3>\\r\\n\\r\\n\\r\\n\\r\\n\\r\\n\\r\\n\\r\\n\\r\\n\\r\\n\\r\\n\\r\\n\\r\\n\\r\\n\\r\\n\\r\\n\\r\\n\\r\\n\\r\\n<table>\\r\\n<thead>\\r\\n<tr><th>Location<\\/th><th>Methods of Payment<\\/th><\\/tr>\\r\\n<\\/thead>\\r\\n<tbody>\\r\\n<tr><td>\\r\\nParking Citation Assistance Center\\r\\nPhone: (800) 500-6484\\r\\n<\\/td><td>\\r\\nCredit cards: Visa, Mastercard, Discover or American Express\\r\\n<\\/td><\\/tr>\\r\\n<\\/tbody>\\r\\n<\\/table>\",\"5\":\"https:\\/\\/prodpci.etimspayments.com\\/pbw\\/include\\/oakland\\/input.jsp\",\"3\":\"Pay your ticket online\",\"4\":\"This page provides information on how to pay a parking ticket in the City of Oakland\"}}', '2015-12-16 22:02:16', '2015-12-16 22:02:16', 'f45cb6b7-1c17-4c0b-b7dd-17bd9a4d3fbf'),
 ('82', '6', '3', '1', 'en_us', '17', '', '{\"typeId\":\"3\",\"authorId\":\"1\",\"title\":\"Pay a Parking Tickets\",\"slug\":\"pay-a-parking-ticket\",\"postDate\":1449259680,\"expiryDate\":null,\"enabled\":1,\"parentId\":\"5\",\"fields\":{\"1\":\"<h2 id=\\\"what-you-need-to-know\\\">What You Need to Know<\\/h2>\\r\\n\\r\\n<ul>\\r\\n  <li>You can pay online using Visa, MasterCard, Discover or American Express<\\/li>\\r\\n  <li>You have 21 days after the date the ticket was written to make a payment.<\\/li>\\r\\n<\\/ul>\\r\\n\\r\\n\\r\\n\\r\\n\\r\\n\\r\\n\\r\\n\\r\\n\\r\\n\\r\\n\\r\\n\\r\\n\\r\\n\\r\\n\\r\\n\\r\\n<h2 id=\\\"ways-to-pay\\\">Ways to Pay<\\/h2>\\r\\n\\r\\n\\r\\n\\r\\n\\r\\n\\r\\n\\r\\n\\r\\n\\r\\n\\r\\n\\r\\n\\r\\n\\r\\n\\r\\n\\r\\n\\r\\n\\r\\n\\r\\n<h3 id=\\\"in-person\\\">In Person<\\/h3>\\r\\n\\r\\n\\r\\n\\r\\n\\r\\n\\r\\n\\r\\n\\r\\n\\r\\n\\r\\n\\r\\n\\r\\n\\r\\n\\r\\n\\r\\n\\r\\n\\r\\n\\r\\n<p>You can pay your ticket at the Parking Citation Assistance Center.<\\/p>\\r\\n\\r\\n\\r\\n\\r\\n\\r\\n\\r\\n\\r\\n\\r\\n\\r\\n\\r\\n\\r\\n\\r\\n\\r\\n\\r\\n\\r\\n\\r\\n\\r\\n\\r\\n<table>\\r\\n<thead>\\r\\n<tr><th>Location<\\/th><th>Hours<\\/th><\\/tr>\\r\\n<\\/thead>\\r\\n<tbody>\\r\\n<tr><td>\\r\\nParking Citation Assistance Center\\r\\n250 Frank H. Ogawa Plaza, Suite 6300\\r\\nOakland, CA 94612\\r\\nPhone: (800) 500-6484\\r\\n<\\/td><td>\\r\\nMondays, Tuesdays, Thursdays and Fridays from 9 a.m. to 4:30 p.m.\\r\\nWednesdays from 9:30 a.m. to 4:30 p.m.\\r\\n<\\/td><\\/tr>\\r\\n<\\/tbody>\\r\\n<\\/table>\\r\\n\\r\\n\\r\\n\\r\\n\\r\\n\\r\\n\\r\\n\\r\\n\\r\\n\\r\\n\\r\\n\\r\\n\\r\\n\\r\\n\\r\\n\\r\\n\\r\\n\\r\\n<p><strong>Additional locations:<\\/strong><\\/p>\\r\\n\\r\\n\\r\\n\\r\\n\\r\\n\\r\\n\\r\\n\\r\\n\\r\\n\\r\\n\\r\\n\\r\\n\\r\\n\\r\\n\\r\\n\\r\\n\\r\\n\\r\\n<ul>\\r\\n  <li>Parking ticket payment kiosks at 250 Frank H. Ogawa Plaza, Monday through Friday from 8:30 a.m. to 5 p.m.<\\/li>\\r\\n  <li>Eastmont Police Substation, 2651 73rd Avenue, Monday through Saturday from 8:00 a.m. to 4 p.m.<\\/li>\\r\\n<\\/ul>\\r\\n\\r\\n\\r\\n\\r\\n\\r\\n\\r\\n\\r\\n\\r\\n\\r\\n\\r\\n\\r\\n\\r\\n\\r\\n\\r\\n\\r\\n\\r\\n\\r\\n\\r\\n<h3 id=\\\"by-mail\\\">By Mail<\\/h3>\\r\\n\\r\\n\\r\\n\\r\\n\\r\\n\\r\\n\\r\\n\\r\\n\\r\\n\\r\\n\\r\\n\\r\\n\\r\\n\\r\\n\\r\\n\\r\\n\\r\\n\\r\\n<p>Mail your parking tickets&nbsp;and the full payment to:<\\/p>\\r\\n\\r\\n\\r\\n\\r\\n\\r\\n\\r\\n\\r\\n\\r\\n\\r\\n\\r\\n\\r\\n\\r\\n\\r\\n\\r\\n\\r\\n\\r\\n\\r\\n\\r\\n<p>Parking Citation Assistance Center<\\/p>\\r\\n\\r\\n\\r\\n\\r\\n\\r\\n\\r\\n\\r\\n\\r\\n\\r\\n\\r\\n\\r\\n\\r\\n\\r\\n\\r\\n\\r\\n\\r\\n\\r\\n\\r\\n<p>250 Frank H. Ogawa Plaza, Suite 6300<\\/p>\\r\\n\\r\\n\\r\\n\\r\\n\\r\\n\\r\\n\\r\\n\\r\\n\\r\\n\\r\\n\\r\\n\\r\\n\\r\\n\\r\\n\\r\\n\\r\\n\\r\\n\\r\\n<p>Oakland, CA 94612<\\/p>\\r\\n\\r\\n\\r\\n\\r\\n\\r\\n\\r\\n\\r\\n\\r\\n\\r\\n\\r\\n\\r\\n\\r\\n\\r\\n\\r\\n\\r\\n\\r\\n\\r\\n\\r\\n<h3 id=\\\"by-phone\\\">By Phone<\\/h3>\\r\\n\\r\\n\\r\\n\\r\\n\\r\\n\\r\\n\\r\\n\\r\\n\\r\\n\\r\\n\\r\\n\\r\\n\\r\\n\\r\\n\\r\\n\\r\\n\\r\\n\\r\\n<table>\\r\\n<thead>\\r\\n<tr><th>Location<\\/th><th>Methods of Payment<\\/th><\\/tr>\\r\\n<\\/thead>\\r\\n<tbody>\\r\\n<tr><td>\\r\\nParking Citation Assistance Center\\r\\nPhone: (800) 500-6484\\r\\n<\\/td><td>\\r\\nCredit cards: Visa, Mastercard, Discover or American Express\\r\\n<\\/td><\\/tr>\\r\\n<\\/tbody>\\r\\n<\\/table>\",\"5\":\"https:\\/\\/prodpci.etimspayments.com\\/pbw\\/include\\/oakland\\/input.jsp\",\"3\":\"Pay your ticket online\",\"4\":\"This page provides information on how to pay a parking ticket in the City of Oakland\"}}', '2015-12-16 22:02:27', '2015-12-16 22:02:27', 'e6d89223-53bd-473f-a1f7-92fdb7ebd10a'),
 ('92', '6', '3', '1', 'en_us', '18', '', '{\"typeId\":\"3\",\"authorId\":\"1\",\"title\":\"Pay a Parking Ticket\",\"slug\":\"pay-a-parking-ticket\",\"postDate\":1449259680,\"expiryDate\":null,\"enabled\":1,\"parentId\":\"5\",\"fields\":{\"1\":\"<h2 id=\\\"what-you-need-to-know\\\">What You Need to Know<\\/h2>\\r\\n\\r\\n<ul>\\r\\n  <li>You can pay online using Visa, MasterCard, Discover or American Express<\\/li>\\r\\n  <li>You have 21 days after the date the ticket was written to make a payment.<\\/li>\\r\\n<\\/ul>\\r\\n\\r\\n\\r\\n\\r\\n\\r\\n\\r\\n\\r\\n\\r\\n\\r\\n\\r\\n\\r\\n\\r\\n\\r\\n\\r\\n\\r\\n\\r\\n\\r\\n\\r\\n<h2 id=\\\"ways-to-pay\\\">Ways to Pay<\\/h2>\\r\\n\\r\\n\\r\\n\\r\\n\\r\\n\\r\\n\\r\\n\\r\\n\\r\\n\\r\\n\\r\\n\\r\\n\\r\\n\\r\\n\\r\\n\\r\\n\\r\\n\\r\\n\\r\\n\\r\\n<h3 id=\\\"in-person\\\">In Person<\\/h3>\\r\\n\\r\\n\\r\\n\\r\\n\\r\\n\\r\\n\\r\\n\\r\\n\\r\\n\\r\\n\\r\\n\\r\\n\\r\\n\\r\\n\\r\\n\\r\\n\\r\\n\\r\\n\\r\\n\\r\\n<p>You can pay your ticket at the Parking Citation Assistance Center.<\\/p>\\r\\n\\r\\n\\r\\n\\r\\n\\r\\n\\r\\n\\r\\n\\r\\n\\r\\n\\r\\n\\r\\n\\r\\n\\r\\n\\r\\n\\r\\n\\r\\n\\r\\n\\r\\n\\r\\n\\r\\n<table>\\r\\n<thead>\\r\\n<tr><th>Location<\\/th><th>Hours<\\/th><\\/tr>\\r\\n<\\/thead>\\r\\n<tbody>\\r\\n<tr><td>\\r\\nParking Citation Assistance Center\\r\\n250 Frank H. Ogawa Plaza, Suite 6300\\r\\nOakland, CA 94612\\r\\nPhone: (800) 500-6484\\r\\n<\\/td><td>\\r\\nMondays, Tuesdays, Thursdays and Fridays from 9 a.m. to 4:30 p.m.\\r\\nWednesdays from 9:30 a.m. to 4:30 p.m.\\r\\n<\\/td><\\/tr>\\r\\n<\\/tbody>\\r\\n<\\/table>\\r\\n\\r\\n\\r\\n\\r\\n\\r\\n\\r\\n\\r\\n\\r\\n\\r\\n\\r\\n\\r\\n\\r\\n\\r\\n\\r\\n\\r\\n\\r\\n\\r\\n\\r\\n\\r\\n\\r\\n<p><strong>Additional locations:<\\/strong><\\/p>\\r\\n\\r\\n\\r\\n\\r\\n\\r\\n\\r\\n\\r\\n\\r\\n\\r\\n\\r\\n\\r\\n\\r\\n\\r\\n\\r\\n\\r\\n\\r\\n\\r\\n\\r\\n\\r\\n\\r\\n<ul>\\r\\n  <li>Parking ticket payment kiosks at 250 Frank H. Ogawa Plaza, Monday through Friday from 8:30 a.m. to 5 p.m.<\\/li>\\r\\n  <li>Eastmont Police Substation, 2651 73rd Avenue, Monday through Saturday from 8:00 a.m. to 4 p.m.<\\/li>\\r\\n<\\/ul>\\r\\n\\r\\n\\r\\n\\r\\n\\r\\n\\r\\n\\r\\n\\r\\n\\r\\n\\r\\n\\r\\n\\r\\n\\r\\n\\r\\n\\r\\n\\r\\n\\r\\n\\r\\n\\r\\n\\r\\n<h3 id=\\\"by-mail\\\">By Mail<\\/h3>\\r\\n\\r\\n\\r\\n\\r\\n\\r\\n\\r\\n\\r\\n\\r\\n\\r\\n\\r\\n\\r\\n\\r\\n\\r\\n\\r\\n\\r\\n\\r\\n\\r\\n\\r\\n\\r\\n\\r\\n<p>Mail your parking tickets&nbsp;and the full payment to:<\\/p>\\r\\n\\r\\n\\r\\n\\r\\n\\r\\n\\r\\n\\r\\n\\r\\n\\r\\n\\r\\n\\r\\n\\r\\n\\r\\n\\r\\n\\r\\n\\r\\n\\r\\n\\r\\n\\r\\n\\r\\n<p>Parking Citation Assistance Center<\\/p>\\r\\n\\r\\n\\r\\n\\r\\n\\r\\n\\r\\n\\r\\n\\r\\n\\r\\n\\r\\n\\r\\n\\r\\n\\r\\n\\r\\n\\r\\n\\r\\n\\r\\n\\r\\n\\r\\n\\r\\n<p>250 Frank H. Ogawa Plaza, Suite 6300<\\/p>\\r\\n\\r\\n\\r\\n\\r\\n\\r\\n\\r\\n\\r\\n\\r\\n\\r\\n\\r\\n\\r\\n\\r\\n\\r\\n\\r\\n\\r\\n\\r\\n\\r\\n\\r\\n\\r\\n\\r\\n<p>Oakland, CA 94612<\\/p>\\r\\n\\r\\n\\r\\n\\r\\n\\r\\n\\r\\n\\r\\n\\r\\n\\r\\n\\r\\n\\r\\n\\r\\n\\r\\n\\r\\n\\r\\n\\r\\n\\r\\n\\r\\n\\r\\n\\r\\n<h3 id=\\\"by-phone\\\">By Phone<\\/h3>\\r\\n\\r\\n\\r\\n\\r\\n\\r\\n\\r\\n\\r\\n\\r\\n\\r\\n\\r\\n\\r\\n\\r\\n\\r\\n\\r\\n\\r\\n\\r\\n\\r\\n\\r\\n\\r\\n\\r\\n<table>\\r\\n<thead>\\r\\n<tr><th>Location<\\/th><th>Methods of Payment<\\/th><\\/tr>\\r\\n<\\/thead>\\r\\n<tbody>\\r\\n<tr><td>\\r\\nParking Citation Assistance Center\\r\\nPhone: (800) 500-6484\\r\\n<\\/td><td>\\r\\nCredit cards: Visa, Mastercard, Discover or American Express\\r\\n<\\/td><\\/tr>\\r\\n<\\/tbody>\\r\\n<\\/table>\",\"5\":\"https:\\/\\/prodpci.etimspayments.com\\/pbw\\/include\\/oakland\\/input.jsp\",\"3\":\"Pay your ticket online\",\"4\":\"This page provides information on how to pay a parking ticket in the City of Oakland\"}}', '2015-12-16 22:02:55', '2015-12-16 22:02:55', 'fcd98d1d-eb31-425c-ba91-1ae69a84f227'),
 ('102', '6', '3', '1', 'en_us', '19', '', '{\"typeId\":\"3\",\"authorId\":\"1\",\"title\":\"Pay a Parking Ticket\",\"slug\":\"pay-a-parking-ticket\",\"postDate\":1449259680,\"expiryDate\":null,\"enabled\":1,\"parentId\":\"5\",\"fields\":{\"1\":\"<h2 id=\\\"what-you-need-to-know\\\">What You Need to Know<\\/h2>\\r\\n\\r\\n<ul>\\r\\n  <li>You can pay online using Visa, MasterCard, Discover or American Express<\\/li>\\r\\n  <li>You have 21 days after the date the ticket was written to make a payment.<\\/li>\\r\\n<\\/ul>\\r\\n\\r\\n\\r\\n\\r\\n\\r\\n\\r\\n\\r\\n\\r\\n\\r\\n\\r\\n\\r\\n\\r\\n\\r\\n\\r\\n\\r\\n\\r\\n\\r\\n\\r\\n\\r\\n\\r\\n<h2 id=\\\"ways-to-pay\\\">Ways to Pay<\\/h2>\\r\\n\\r\\n\\r\\n\\r\\n\\r\\n\\r\\n\\r\\n\\r\\n\\r\\n\\r\\n\\r\\n\\r\\n\\r\\n\\r\\n\\r\\n\\r\\n\\r\\n\\r\\n\\r\\n\\r\\n\\r\\n\\r\\n<h3 id=\\\"in-person\\\">In Person<\\/h3>\\r\\n\\r\\n\\r\\n\\r\\n\\r\\n\\r\\n\\r\\n\\r\\n\\r\\n\\r\\n\\r\\n\\r\\n\\r\\n\\r\\n\\r\\n\\r\\n\\r\\n\\r\\n\\r\\n\\r\\n\\r\\n\\r\\n<p>You can pay your ticket at the Parking Citation Assistance Center.<\\/p>\\r\\n\\r\\n\\r\\n\\r\\n\\r\\n\\r\\n\\r\\n\\r\\n\\r\\n\\r\\n\\r\\n\\r\\n\\r\\n\\r\\n\\r\\n\\r\\n\\r\\n\\r\\n\\r\\n\\r\\n\\r\\n\\r\\n<table>\\r\\n<thead>\\r\\n<tr><th>Location<\\/th><th>Hours<\\/th><\\/tr>\\r\\n<\\/thead>\\r\\n<tbody>\\r\\n<tr><td>\\r\\nParking Citation Assistance Center\\r\\n250 Frank H. Ogawa Plaza, Suite 6300\\r\\nOakland, CA 94612\\r\\nPhone: (800) 500-6484\\r\\n<\\/td><td>\\r\\nMondays, Tuesdays, Thursdays and Fridays from 9 a.m. to 4:30 p.m.\\r\\nWednesdays from 9:30 a.m. to 4:30 p.m.\\r\\n<\\/td><\\/tr>\\r\\n<\\/tbody>\\r\\n<\\/table>\\r\\n\\r\\n\\r\\n\\r\\n\\r\\n\\r\\n\\r\\n\\r\\n\\r\\n\\r\\n\\r\\n\\r\\n\\r\\n\\r\\n\\r\\n\\r\\n\\r\\n\\r\\n\\r\\n\\r\\n\\r\\n\\r\\n<p><strong>Additional locations:<\\/strong><\\/p>\\r\\n\\r\\n\\r\\n\\r\\n\\r\\n\\r\\n\\r\\n\\r\\n\\r\\n\\r\\n\\r\\n\\r\\n\\r\\n\\r\\n\\r\\n\\r\\n\\r\\n\\r\\n\\r\\n\\r\\n\\r\\n\\r\\n<ul>\\r\\n  <li>Parking ticket payment kiosks at 250 Frank H. Ogawa Plaza, Monday through Friday from 8:30 a.m. to 5 p.m.<\\/li>\\r\\n  <li>Eastmont Police Substation, 2651 73rd Avenue, Monday through Saturday from 8:00 a.m. to 4 p.m.<\\/li>\\r\\n<\\/ul>\\r\\n\\r\\n\\r\\n\\r\\n\\r\\n\\r\\n\\r\\n\\r\\n\\r\\n\\r\\n\\r\\n\\r\\n\\r\\n\\r\\n\\r\\n\\r\\n\\r\\n\\r\\n\\r\\n\\r\\n\\r\\n\\r\\n<h3 id=\\\"by-mail\\\">By Mail<\\/h3>\\r\\n\\r\\n\\r\\n\\r\\n\\r\\n\\r\\n\\r\\n\\r\\n\\r\\n\\r\\n\\r\\n\\r\\n\\r\\n\\r\\n\\r\\n\\r\\n\\r\\n\\r\\n\\r\\n\\r\\n\\r\\n\\r\\n<p>Mail your parking ticket&nbsp;and the full payment to:<\\/p>\\r\\n\\r\\n\\r\\n\\r\\n\\r\\n\\r\\n\\r\\n\\r\\n\\r\\n\\r\\n\\r\\n\\r\\n\\r\\n\\r\\n\\r\\n\\r\\n\\r\\n\\r\\n\\r\\n\\r\\n\\r\\n\\r\\n<p>Parking Citation Assistance Center<\\/p>\\r\\n\\r\\n\\r\\n\\r\\n\\r\\n\\r\\n\\r\\n\\r\\n\\r\\n\\r\\n\\r\\n\\r\\n\\r\\n\\r\\n\\r\\n\\r\\n\\r\\n\\r\\n\\r\\n\\r\\n\\r\\n\\r\\n<p>250 Frank H. Ogawa Plaza, Suite 6300<\\/p>\\r\\n\\r\\n\\r\\n\\r\\n\\r\\n\\r\\n\\r\\n\\r\\n\\r\\n\\r\\n\\r\\n\\r\\n\\r\\n\\r\\n\\r\\n\\r\\n\\r\\n\\r\\n\\r\\n\\r\\n\\r\\n\\r\\n<p>Oakland, CA 94612<\\/p>\\r\\n\\r\\n\\r\\n\\r\\n\\r\\n\\r\\n\\r\\n\\r\\n\\r\\n\\r\\n\\r\\n\\r\\n\\r\\n\\r\\n\\r\\n\\r\\n\\r\\n\\r\\n\\r\\n\\r\\n\\r\\n\\r\\n<h3 id=\\\"by-phone\\\">By Phone<\\/h3>\\r\\n\\r\\n\\r\\n\\r\\n\\r\\n\\r\\n\\r\\n\\r\\n\\r\\n\\r\\n\\r\\n\\r\\n\\r\\n\\r\\n\\r\\n\\r\\n\\r\\n\\r\\n\\r\\n\\r\\n\\r\\n\\r\\n<table>\\r\\n<thead>\\r\\n<tr><th>Location<\\/th><th>Methods of Payment<\\/th><\\/tr>\\r\\n<\\/thead>\\r\\n<tbody>\\r\\n<tr><td>\\r\\nParking Citation Assistance Center\\r\\nPhone: (800) 500-6484\\r\\n<\\/td><td>\\r\\nCredit cards: Visa, Mastercard, Discover or American Express\\r\\n<\\/td><\\/tr>\\r\\n<\\/tbody>\\r\\n<\\/table>\",\"5\":\"https:\\/\\/prodpci.etimspayments.com\\/pbw\\/include\\/oakland\\/input.jsp\",\"3\":\"Pay your ticket online\",\"4\":\"This page provides information on how to pay a parking ticket in the City of Oakland\"}}', '2015-12-16 22:03:07', '2015-12-16 22:03:07', '00b7249c-4e5f-47f1-830f-3dccd6862ed6'),
 ('112', '6', '3', '1', 'en_us', '20', '', '{\"typeId\":\"3\",\"authorId\":\"1\",\"title\":\"Pay a Parking Ticket\",\"slug\":\"pay-a-parking-ticket\",\"postDate\":1449259680,\"expiryDate\":null,\"enabled\":1,\"parentId\":\"5\",\"fields\":{\"1\":\"<h2 id=\\\"what-you-need-to-know\\\">What You Need to Know<\\/h2>\\r\\n\\r\\n<ul>\\r\\n  <li>You can pay online using Visa, MasterCard, Discover or American Express<\\/li>\\r\\n  <li>You have 21 days after the date the ticket was written to make a payment.<\\/li>\\r\\n<\\/ul>\\r\\n\\r\\n\\r\\n\\r\\n\\r\\n\\r\\n\\r\\n\\r\\n\\r\\n\\r\\n\\r\\n\\r\\n\\r\\n\\r\\n\\r\\n\\r\\n\\r\\n\\r\\n\\r\\n\\r\\n\\r\\n\\r\\n<h2 id=\\\"ways-to-pay\\\">Ways to Pay<\\/h2>\\r\\n\\r\\n\\r\\n\\r\\n\\r\\n\\r\\n\\r\\n\\r\\n\\r\\n\\r\\n\\r\\n\\r\\n\\r\\n\\r\\n\\r\\n\\r\\n\\r\\n\\r\\n\\r\\n\\r\\n\\r\\n\\r\\n\\r\\n\\r\\n<h3 id=\\\"in-person\\\">In Person<\\/h3>\\r\\n\\r\\n\\r\\n\\r\\n\\r\\n\\r\\n\\r\\n\\r\\n\\r\\n\\r\\n\\r\\n\\r\\n\\r\\n\\r\\n\\r\\n\\r\\n\\r\\n\\r\\n\\r\\n\\r\\n\\r\\n\\r\\n\\r\\n\\r\\n<p>You can pay your ticket at the Parking Citation Assistance Center.<\\/p>\\r\\n\\r\\n\\r\\n\\r\\n\\r\\n\\r\\n\\r\\n\\r\\n\\r\\n\\r\\n\\r\\n\\r\\n\\r\\n\\r\\n\\r\\n\\r\\n\\r\\n\\r\\n\\r\\n\\r\\n\\r\\n\\r\\n\\r\\n\\r\\n<table>\\r\\n<thead>\\r\\n<tr><th>Location<\\/th><th>Hours<\\/th><\\/tr>\\r\\n<\\/thead>\\r\\n<tbody>\\r\\n<tr><td>\\r\\nParking Citation Assistance Center\\r\\n250 Frank H. Ogawa Plaza, Suite 6300\\r\\nOakland, CA 94612\\r\\nPhone: (800) 500-6484\\r\\n<\\/td><td>\\r\\nMondays, Tuesdays, Thursdays and Fridays from 9 a.m. to 4:30 p.m.\\r\\nWednesdays from 9:30 a.m. to 4:30 p.m.\\r\\n<\\/td><\\/tr>\\r\\n<\\/tbody>\\r\\n<\\/table>\\r\\n\\r\\n\\r\\n\\r\\n\\r\\n\\r\\n\\r\\n\\r\\n\\r\\n\\r\\n\\r\\n\\r\\n\\r\\n\\r\\n\\r\\n\\r\\n\\r\\n\\r\\n\\r\\n\\r\\n\\r\\n\\r\\n\\r\\n\\r\\n<p><strong>Additional locations:<\\/strong><\\/p>\\r\\n\\r\\n\\r\\n\\r\\n\\r\\n\\r\\n\\r\\n\\r\\n\\r\\n\\r\\n\\r\\n\\r\\n\\r\\n\\r\\n\\r\\n\\r\\n\\r\\n\\r\\n\\r\\n\\r\\n\\r\\n\\r\\n\\r\\n\\r\\n<ul>\\r\\n  <li>Parking ticket payment kiosks at 250 Frank H. Ogawa Plaza, Monday through Friday from 8:30 a.m. to 5 p.m.<\\/li>\\r\\n  <li>Eastmont Police Substation, 2651 73rd Avenue, Monday through Saturday from 8:00 a.m. to 4 p.m.<\\/li>\\r\\n<\\/ul>\\r\\n\\r\\n\\r\\n\\r\\n\\r\\n\\r\\n\\r\\n\\r\\n\\r\\n\\r\\n\\r\\n\\r\\n\\r\\n\\r\\n\\r\\n\\r\\n\\r\\n\\r\\n\\r\\n\\r\\n\\r\\n\\r\\n\\r\\n\\r\\n<h3 id=\\\"by-mail\\\">By Mail<\\/h3>\\r\\n\\r\\n\\r\\n\\r\\n\\r\\n\\r\\n\\r\\n\\r\\n\\r\\n\\r\\n\\r\\n\\r\\n\\r\\n\\r\\n\\r\\n\\r\\n\\r\\n\\r\\n\\r\\n\\r\\n\\r\\n\\r\\n\\r\\n\\r\\n<p>Mail your parking ticket&nbsp;and the full payment to:<\\/p>\\r\\n\\r\\n\\r\\n\\r\\n\\r\\n\\r\\n\\r\\n\\r\\n\\r\\n\\r\\n\\r\\n\\r\\n\\r\\n\\r\\n\\r\\n\\r\\n\\r\\n\\r\\n\\r\\n\\r\\n\\r\\n\\r\\n\\r\\n\\r\\n<p>Parking Citation Assistance Center<\\/p>\\r\\n\\r\\n\\r\\n\\r\\n\\r\\n\\r\\n\\r\\n\\r\\n\\r\\n\\r\\n\\r\\n\\r\\n\\r\\n\\r\\n\\r\\n\\r\\n\\r\\n\\r\\n\\r\\n\\r\\n\\r\\n\\r\\n\\r\\n\\r\\n<p>250 Frank H. Ogawa Plaza, Suite 6300<\\/p>\\r\\n\\r\\n\\r\\n\\r\\n\\r\\n\\r\\n\\r\\n\\r\\n\\r\\n\\r\\n\\r\\n\\r\\n\\r\\n\\r\\n\\r\\n\\r\\n\\r\\n\\r\\n\\r\\n\\r\\n\\r\\n\\r\\n\\r\\n\\r\\n<p>Oakland, CA 94612<\\/p>\\r\\n\\r\\n\\r\\n\\r\\n\\r\\n\\r\\n\\r\\n\\r\\n\\r\\n\\r\\n\\r\\n\\r\\n\\r\\n\\r\\n\\r\\n\\r\\n\\r\\n\\r\\n\\r\\n\\r\\n\\r\\n\\r\\n\\r\\n\\r\\n<h3 id=\\\"by-phone\\\">By Phone<\\/h3>\\r\\n\\r\\n\\r\\n\\r\\n\\r\\n\\r\\n\\r\\n\\r\\n\\r\\n\\r\\n\\r\\n\\r\\n\\r\\n\\r\\n\\r\\n\\r\\n\\r\\n\\r\\n\\r\\n\\r\\n\\r\\n\\r\\n\\r\\n\\r\\n<table>\\r\\n<thead>\\r\\n<tr><th>Location<\\/th><th>Methods of Payment<\\/th><\\/tr>\\r\\n<\\/thead>\\r\\n<tbody>\\r\\n<tr><td>\\r\\nParking Citation Assistance Center\\r\\nPhone: (800) 500-6484\\r\\n<\\/td><td>\\r\\nCredit cards: Visa, Mastercard, Discover or American Express\\r\\n<\\/td><\\/tr>\\r\\n<\\/tbody>\\r\\n<\\/table>\",\"5\":\"https:\\/\\/prodpci.etimspayments.com\\/pbw\\/include\\/oakland\\/input.jsp\",\"3\":\"Pay your ticket online\",\"4\":\"This page provides information on how to pay a parking ticket in the City of Oakland\",\"32\":[\"pinned\"]}}', '2015-12-16 22:11:01', '2015-12-16 22:11:01', '9c06a154-2558-400c-a37e-8ce042e5fe1b'),
 ('132', '52', '3', '1', 'en_us', '1', '', '{\"typeId\":\"4\",\"authorId\":\"1\",\"title\":\"Apply for Parking Permits\",\"slug\":\"apply-for-parking-permits\",\"postDate\":1450474679,\"expiryDate\":null,\"enabled\":1,\"parentId\":\"\",\"fields\":{\"4\":\"Apply for residential, disabled or other temporary permits\"}}', '2015-12-18 21:37:59', '2015-12-18 21:37:59', 'dfa9e3af-cf4a-4a31-8f3d-0049edde90b4'),
 ('142', '62', '3', '1', 'en_us', '1', '', '{\"typeId\":\"3\",\"authorId\":\"1\",\"title\":\"Apply for a Disabled Parking \\\"Blue Zone\\\"\",\"slug\":\"apply-for-a-disabled-parking-blue-zone\",\"postDate\":1450474810,\"expiryDate\":null,\"enabled\":1,\"parentId\":\"52\",\"fields\":{\"1\":\"<h3>Disabled Parking Zone \\u201cBlue Zone\\u201d Program<\\/h3>\\r\\n\\r\\n<p>A \\u201cblue zone\\u201d provides on-street parking for people with disabilities. The \\u201cblue zone\\u201d has a painted blue curb with a posted sign.<\\/p><p>Residents and businesses can request \\u201cblue zones\\u201d from the Disabled Parking Zone program.<br>The City does not install \\u201cblue zones\\u201d for paratransit drop-off and pick-up.<\\/p><h4>Download the application form to request a \\u201cblue zone.\\u201d<\\/h4><p><br><a href=\\\"http:\\/\\/www2.oaklandnet.com\\/oakca1\\/groups\\/pwa\\/documents\\/form\\/oak051831.pdf\\\">Residential Blue Zone Application Form<\\/a><br><a href=\\\"http:\\/\\/www2.oaklandnet.com\\/oakca1\\/groups\\/pwa\\/documents\\/form\\/oak051832.pdf\\\">Non-Residential Blue Zone Application Form<\\/a><\\/p><p><a href=\\\"http:\\/\\/www2.oaklandnet.com\\/oakca1\\/groups\\/pwa\\/documents\\/form\\/oak051832.pdf\\\"><\\/a><br>To learn more, please read the Policy summaries below.<\\/p><p><br><a href=\\\"http:\\/\\/www2.oaklandnet.com\\/oakca1\\/groups\\/pwa\\/documents\\/policy\\/oak051830.pdf\\\">Residential Blue Zone Policy Summary<br><\\/a><a href=\\\"http:\\/\\/www2.oaklandnet.com\\/oakca1\\/groups\\/pwa\\/documents\\/policy\\/oak051829.pdf\\\">Non-Residential Blue Zone Policy Summary<\\/a><\\/p>\",\"5\":\"\",\"3\":\"\",\"4\":\"\",\"32\":\"\"}}', '2015-12-18 21:40:10', '2015-12-18 21:40:10', 'c0f833fc-a328-40e6-9acd-6c9bf6dc38df'),
 ('152', '72', '3', '1', 'en_us', '1', '', '{\"typeId\":\"3\",\"authorId\":\"1\",\"title\":\"Apply for a Parking Obstruction Permit\",\"slug\":\"apply-for-a-parking-obstruction-permit\",\"postDate\":1450475884,\"expiryDate\":null,\"enabled\":1,\"parentId\":\"52\",\"fields\":{\"1\":\"<p>An Obstruction Permit allows you to park the pod, portable storage unit or moving truck in one site for a limited amount of time.<\\/p>\\r\\n\\r\\n<h3 id=\\\"how-the-obstruction-permit-works\\\">How the Obstruction Permit Works<\\/h3>\\r\\n\\r\\n\\r\\n\\r\\n\\r\\n\\r\\n<ul>\\r\\n  <li>The Obstruction Permit tells nearby property owners that they can not park in the permitted site for a limited amount of time.<\\/li>\\r\\n  <li>You may only block the street or right of way that you are moving from or to.<\\/li>\\r\\n  <li>You need to post the NO PARKING sign(s) that you receive with the Obstruction Permit at least 72 hours (3 days) before parking the portable storage unit or moving truck.<\\/li>\\r\\n<\\/ul>\\r\\n\\r\\n\\r\\n\\r\\n\\r\\n\\r\\n<h3 id=\\\"how-to-apply-for-an-obstruction-permit\\\">How to Apply for an Obstruction Permit<\\/h3>\\r\\n\\r\\n\\r\\n\\r\\n\\r\\n\\r\\n<p>You can only apply for an Obstruction Permit in person at the Permit Center. To avoid long line, visit the Permit Center early in the day before the busiest time from 11 a.m. to 4 p.m.<\\/p>\\r\\n\\r\\n\\r\\n\\r\\n\\r\\n\\r\\n<ol>\\r\\n  <li>Please bring the following information.<\\/li>\\r\\n  <li>Site address.<\\/li>\\r\\n  <li>Dates required.<\\/li>\\r\\n  <li>Number of parking spaces required. One parking space is 25 feet long.<\\/li>\\r\\n  <li>Meter numbers if you are blocking parking meters<\\/li>\\r\\n  <li>Contact phone number for the company or person applying.<\\/li>\\r\\n  <li>If related to work requiring permit, please reference permit application number.<\\/li>\\r\\n  <li>Traffic control plan (only required if you need to block traffic)<\\/li>\\r\\n  <li>Refer to the Traffic Engineering website(http:\\/\\/www2.oaklandnet.com\\/Government\\/o\\/PWA\\/o\\/EC\\/o\\/TS\\/OAK026469).<\\/li>\\r\\n  <li>Visit the Permit Center<\\/li>\\r\\n  <li>Once you arrive at the Permit Center\\u2019s Information Counter, ask for an Obstruction Permit.<\\/li>\\r\\n  <li>When your number is called, proceed to the indicated counter.<\\/li>\\r\\n  <li>Provide the required information<\\/li>\\r\\n  <li>Pay the permit fee<\\/li>\\r\\n  <li>The Permit Center accepts cash, checks payable to the City of Oakland and most major credit cards.<\\/li>\\r\\n<\\/ol>\\r\\n\\r\\n\\r\\n\\r\\n\\r\\n\\r\\n<h3 id=\\\"where-to-apply-for-an-obstruction-permit\\\">Where to Apply for an Obstruction Permit<\\/h3>\\r\\n\\r\\n\\r\\n\\r\\n\\r\\n\\r\\n<table>\\r\\n<thead>\\r\\n<tr><th>Location<\\/th><th>Hours<\\/th><\\/tr>\\r\\n<\\/thead>\\r\\n<tbody>\\r\\n<tr><td style=\\\"background-color:white\\\">\\r\\n\\r\\nPermit Center\\r\\n\\r\\n250 Frank H. Ogawa Plaza, 2nd Floor\\r\\n\\r\\nOakland, CA 94612\\r\\n\\r\\n<\\/td><td>\\r\\n\\r\\nMondays, Tuesdays, Thursdays and Fridays from 8 a.m. to 4 p.m.\\r\\nWednesdays from 9:30 a.m. to 4 p.m.*\\r\\n*last Wednesday of each month from 10 a.m. to 4 p.m.\\r\\n\\r\\n<\\/td><\\/tr>\\r\\n<\\/tbody>\\r\\n<\\/table>\\r\\n\\r\\n\\r\\n\\r\\n\\r\\n\\r\\n<h3 id=\\\"cost-of-the-obstruction-permit\\\">Cost of the Obstruction Permit<\\/h3>\\r\\n\\r\\n\\r\\n\\r\\n\\r\\n\\r\\n<p>The cost of an Obstruction Permit varies. The cost depends on the period of time for the permit, the number of parking spaces required and the type of parking spaces blocked. \\r\\nFor more information, please call the Permit Center at (510) 238-3443.<\\/p>\",\"5\":\"\",\"3\":\"\",\"4\":\"\\u200bDo you need to block parking spaces or traffic? If your portable storage unit or moving truck will block parking on a public street or right of way, you will need an Obstruction Permit.\",\"32\":\"\"}}', '2015-12-18 21:58:04', '2015-12-18 21:58:04', '4658ef81-fafc-4b78-9753-e63f4cb4502a'),
 ('172', '92', '3', '1', 'en_us', '1', '', '{\"typeId\":\"3\",\"authorId\":\"1\",\"title\":\"Apply for a Residential Parking Permit\",\"slug\":\"apply-for-a-residential-parking-permit\",\"postDate\":1450476240,\"expiryDate\":null,\"enabled\":1,\"parentId\":\"\",\"fields\":{\"1\":\"<p>You can apply for a parking permit through the Residential Parking Permit (RPP) program. This permit will allow you park your vehicle in certain neighborhoods in Oakland. You need to register your vehicle to an eligible address to receive the permit.<\\/p>\\r\\n\\r\\n<h3 id=\\\"what-you-need-to-know-before-applying\\\">What You Need to Know Before Applying<\\/h3>\\r\\n\\r\\n\\r\\n\\r\\n\\r\\n\\r\\n\\r\\n\\r\\n<ol>\\r\\n  <li>To see if your address is eligible, go to__<strong>__<\\/strong><strong>__<\\/strong>_____<\\/li>\\r\\n  <li>Update your address for your vehicle\\u2019s registration and driver\\u2019s license with the DMV.<\\/li>\\r\\n  <li>Click here to update your address with the DMV online. (http:\\/\\/dmv.ca.gov\\/online\\/onlinesvcs.htm)<\\/li>\\r\\n  <li>After updating your address, print the confirmation.<\\/li>\\r\\n  <li>Submit this confirmation with your application.<\\/li>\\r\\n  <li>Clear all unpaid parking tickets from the City of Oakland.<\\/li>\\r\\n  <li>For help, call the Parking Citation Assistance Center at (800) 500-6484.<\\/li>\\r\\n  <li>Click here to pay parking tickets online.<\\/li>\\r\\n  <li>To pay by phone, call the Parking Citation Assistance Center at (800) 500-6484.<\\/li>\\r\\n<\\/ol>\\r\\n\\r\\n\\r\\n\\r\\n\\r\\n\\r\\n\\r\\n\\r\\n<h3 id=\\\"how-to-apply-for-a-residential-parking-permit\\\">How to Apply for a Residential Parking Permit<\\/h3>\\r\\n\\r\\n\\r\\n\\r\\n\\r\\n\\r\\n\\r\\n\\r\\n<p>You need to submit an application, four supporting documents and the correct fee to apply. The address on your application must match the address on each supporting document.<\\/p>\\r\\n\\r\\n\\r\\n\\r\\n\\r\\n\\r\\n\\r\\n\\r\\n<p><strong>Application Process<\\/strong><\\/p>\\r\\n\\r\\n\\r\\n\\r\\n\\r\\n\\r\\n\\r\\n\\r\\n<ul>\\r\\n  <li>Click here to download the residential parking permit application.(http:\\/\\/www2.oaklandnet.com\\/oakca1\\/groups\\/fma\\/documents\\/form\\/oak046014.pdf)<\\/li>\\r\\n  <li>Complete the application.<\\/li>\\r\\n  <li>Include four supporting documents.<\\/li>\\r\\n  <li>Current vehicle registration<\\/li>\\r\\n  <li>Current California driver\\u2019s license<\\/li>\\r\\n  <li>Utility bill from the last 30 days. Choose one from the list below.<\\/li>\\r\\n  <li>Gas bill<\\/li>\\r\\n  <li>Electric bill<\\/li>\\r\\n  <li>Water bill<\\/li>\\r\\n  <li>Garbage bill<\\/li>\\r\\n  <li>Proof of your current address. Choose one from the list below.<\\/li>\\r\\n  <li>Rental agreement<\\/li>\\r\\n  <li>Lease<\\/li>\\r\\n  <li>Mortgage statement<\\/li>\\r\\n  <li>Property tax bill<\\/li>\\r\\n  <li>Deed<\\/li>\\r\\n  <li>Click here to find your permit fee for your address online (<strong>__<\\/strong><strong>__<\\/strong><em>__<\\/em>)<\\/li>\\r\\n  <li>For more information you can call the Parking Citation Assistance Center at (800) 500-6484.<\\/li>\\r\\n  <li>Methods of payment<\\/li>\\r\\n  <\\/ul>\\r\\n\\r\\n<p><br><\\/p>\\r\\n\\r\\n\\r\\n\\r\\n\\r\\n\\r\\n\\r\\n\\r\\n<p>You can submit your application, four supporting documents and payment in person or mail them to the Parking Citation Assistance Center:<\\/p>\\r\\n\\r\\n\\r\\n\\r\\n\\r\\n\\r\\n\\r\\n\\r\\n<table>\\r\\n<thead>\\r\\n<tr><th>Location<\\/th><th>Hours<\\/th><\\/tr>\\r\\n<\\/thead>\\r\\n<tbody>\\r\\n<tr><td style=\\\"background-color:white\\\">\\r\\nParking Citation Assistance Center\\r\\n250 Frank H. Ogawa Plaza, Suite 6300\\r\\nOakland, CA 94612\\r\\nPhone: (800) 500-6484\\r\\n<\\/td><td>\\r\\nMondays, Tuesdays, Thursdays and Fridays from 9 a.m. to 4:30 p.m.\\r\\nWednesdays from 9:30 a.m. to 4:30 p.m.\\r\\n<\\/td><\\/tr>\\r\\n<\\/tbody>\\r\\n<\\/table>\",\"5\":\"http:\\/\\/www2.oaklandnet.com\\/Parking\\/OAK046014\",\"3\":\"Download the permit applicatio\",\"4\":\"You can apply for a parking permit through the Residential Parking Permit (RPP) program. This permit will allow you park your vehicle in certain neighborhoods in Oakland. You need to register your vehicle to an eligible address to receive the permit.\",\"32\":\"\"}}', '2015-12-18 22:05:31', '2015-12-18 22:05:31', 'f6ba81c5-370b-4a86-9d75-a04ef5483be7'),
 ('192', '112', '3', '1', 'en_us', '1', '', '{\"typeId\":\"3\",\"authorId\":\"1\",\"title\":\"Renew Your Residential Parking Permit\",\"slug\":\"renew-your-residential-parking-permit\",\"postDate\":1450476990,\"expiryDate\":null,\"enabled\":1,\"parentId\":\"52\",\"fields\":{\"1\":\"<p>You can renew your permit online if you received a letter that says you are eligible for online renewal.<\\/p>\\r\\n\\r\\n<h3 id=\\\"in-person-or-by-mail\\\">In Person or by Mail<\\/h3>\\r\\n\\r\\n\\r\\n\\r\\n\\r\\n\\r\\n<table>\\r\\n<thead>\\r\\n<tr><th>Location<\\/th><th>Hours<\\/th><\\/tr>\\r\\n<\\/thead>\\r\\n<tbody>\\r\\n<tr><td style=\\\"background-color:white\\\">\\r\\nParking Citation Assistance Center\\r\\n\\r\\nAttn: Residential Parking Permits\\r\\n\\r\\n250 Frank H. Ogawa Plaza, Suite 6300\\r\\n\\r\\nOakland, CA 94612\\r\\n<\\/td><td>\\r\\n- Mondays, Tuesdays, Thursdays, Fridays from 9 a.m. to 4:30 p.m.\\r\\n- Wednesdays from 9:30 a.m. to 4:30 p.m.\\r\\n<\\/td><\\/tr>\\r\\n<\\/tbody>\\r\\n<\\/table>\",\"5\":\"https:\\/\\/pci.etimspayments.com\\/pbw\\/include\\/oakland\\/rppinput.jsp\",\"3\":\"Renew your permit online\",\"4\":\"\",\"32\":\"\"}}', '2015-12-18 22:16:31', '2015-12-18 22:16:31', 'c02c2f8f-d6c1-4762-a9e1-84ab08dd7f97'),
 ('202', '122', '3', '1', 'en_us', '1', '', '{\"typeId\":\"4\",\"authorId\":\"1\",\"title\":\"Pay a Ticket and Other Parking Citation Problems\",\"slug\":\"pay-a-ticket-and-other-parking-citation-problems\",\"postDate\":1450478543,\"expiryDate\":null,\"enabled\":1,\"parentId\":\"5\",\"fields\":{\"4\":\"What to do if you receive a citation, want to pay it and other info about illegally parked vehicles.\"}}', '2015-12-18 22:42:23', '2015-12-18 22:42:23', '24a0c616-fa6a-4f3e-ab7c-40daabbb7467'),
 ('212', '132', '3', '1', 'en_us', '1', '', '{\"typeId\":\"3\",\"authorId\":\"1\",\"title\":\"Contest a Parking Ticket\",\"slug\":\"contest-a-parking-ticket\",\"postDate\":1450478580,\"expiryDate\":null,\"enabled\":1,\"parentId\":\"\",\"fields\":{\"1\":\"<h2>What You Need to Know<\\/h2>\\r\\n\\r\\n<ul>\\r\\n  <li>Please wait 48 hours from the time of issuance to ensure your citation is entered into the online system.<\\/li>\\r\\n  <li>It may take handwritten tickets up to two weeks to be entered into the online system.<\\/li>\\r\\n  <li>You must contest your ticket within 21 days of the date of issuance.<\\/li>\\r\\n  <li>You\\u2019ll need to upload up to three documents that provide evidence to support your written testimony.<\\/li>\\r\\n<\\/ul>\\r\\n\\r\\n\\r\\n\\r\\n\\r\\n\\r\\n<h2 id=\\\"ways-to-contest-a-ticket\\\">Ways to Contest a Ticket<\\/h2>\\r\\n\\r\\n\\r\\n\\r\\n\\r\\n\\r\\n<p><a href=\\\"\\\">Download and complete the <\\/a><a href=\\\"http:\\/\\/www2.oaklandnet.com\\/oakca1\\/groups\\/cityadministrator\\/documents\\/form\\/oak041670.pdf\\\">Contest Form<\\/a> or write a letter of explanation for contesting your citation.\\r\\nPlease include your name, address, telephone number, current mailing address and parking ticket citation number.<\\/p>\\r\\n\\r\\n\\r\\n\\r\\n\\r\\n\\r\\n<p>Keep a copy of your ticket for your records.\\r\\nReturn your Contest Form or letter, along with the original parking ticket and additional documents:<\\/p>\\r\\n\\r\\n\\r\\n\\r\\n\\r\\n\\r\\n<p><strong>In person or by mail to:<\\/strong><\\/p>\\r\\n\\r\\n\\r\\n\\r\\n\\r\\n\\r\\n<p>Parking Citation Assistance Center<\\/p>\\r\\n\\r\\n\\r\\n\\r\\n\\r\\n\\r\\n<p>250 Frank H. Ogawa Plaza, Suite 6300<\\/p>\\r\\n\\r\\n\\r\\n\\r\\n\\r\\n\\r\\n<p>Oakland, CA 94612<\\/p>\\r\\n\\r\\n\\r\\n\\r\\n\\r\\n\\r\\n<p><strong>By fax:<\\/strong> (510) 986-2699<\\/p>\\r\\n\\r\\n\\r\\n\\r\\n\\r\\n\\r\\n<p>Emails are not acceptable for contesting a parking ticket.<\\/p>\\r\\n\\r\\n\\r\\n\\r\\n\\r\\n\\r\\n<h3 id=\\\"what-happens-next\\\">What Happens Next<\\/h3>\\r\\n\\r\\n\\r\\n\\r\\n\\r\\n\\r\\n<ol>\\r\\n  <li>The Parking Citation Assistance Center investigates your ticket.<\\/li>\\r\\n  <li>You will be notified of the decision by mail.<\\/li>\\r\\n  <li>If the ticket is upheld, you will have 21 days to pay your ticket or request an Administrative Hearing.<\\/li>\\r\\n  <li>Please refer to the Administrative Hearing section for details on requesting a hearing.<\\/li>\\r\\n<\\/ol>\",\"5\":\"https:\\/\\/wmq.etimspayments.com\\/pbw\\/include\\/oakland\\/dispute_request.jsp.\",\"3\":\"Contest your parking ticket online\",\"4\":\"\"}}', '2015-12-18 22:46:27', '2015-12-18 22:46:27', '6ea85d96-63ac-4bf4-b706-6f14251dac70'),
 ('222', '142', '3', '1', 'en_us', '1', '', '{\"typeId\":\"4\",\"authorId\":\"1\",\"title\":\"Jobs Info\",\"slug\":\"jobs-info\",\"postDate\":1450479852,\"expiryDate\":null,\"enabled\":1,\"parentId\":\"\",\"fields\":{\"4\":\"Information about getting a job with Oakland\"}}', '2015-12-18 23:04:13', '2015-12-18 23:04:13', 'f53cc6a9-d5b9-4e2f-8fa3-1ccfccdae43f'),
 ('232', '152', '3', '1', 'en_us', '1', '', '{\"typeId\":\"3\",\"authorId\":\"1\",\"title\":\"Create Your Own Parking Citation Alert\",\"slug\":\"create-your-own-parking-citation-alert\",\"postDate\":1450480082,\"expiryDate\":null,\"enabled\":1,\"parentId\":\"\",\"fields\":{\"1\":\"<p>Parking citation alerts provide notifications to help manage your parking needs and avoid unnecessary penalties. When you create an account, it will alert you so you receive notifications about:<\\/p>\\r\\n\\r\\n<ul>\\r\\n  <li>\\r\\n    <p>When a new citation is issued to your vehicle<\\/p>\\r\\n  <\\/li>\\r\\n  <li>\\r\\n    <p>Before a penalty are applied<\\/p>\\r\\n  <\\/li>\\r\\n  <li>\\r\\n    <p>After a mail-in payment is applied<\\/p>\\r\\n  <\\/li>\\r\\n  <li>\\r\\n    <p>About upcoming hearings<\\/p>\\r\\n  <\\/li>\\r\\n  <li>\\r\\n    <p>Before you become \\u201cBoot Eligible\\u201d<\\/p>\\r\\n  <\\/li>\\r\\n  <li>\\r\\n    <p>Upcoming Resident Parking Permit Renewal<\\/p>\\r\\n  <\\/li>\\r\\n  <li>\\r\\n    <p>City of Oakland Parking announcements<\\/p><\\/li><\\/ul>\",\"5\":\"https:\\/\\/wmq1.etimspayments.com\\/pbw\\/include\\/vpportal\\/oakland\\/login_page.jsp\",\"3\":\"Sign up for alerts\",\"4\":\"\"}}', '2015-12-18 23:08:02', '2015-12-18 23:08:02', '742fd8ce-19af-4701-8db6-f4bb8ba94623'),
 ('242', '162', '3', '1', 'en_us', '1', '', '{\"typeId\":\"4\",\"authorId\":\"1\",\"title\":\"Apply for Jobs\",\"slug\":\"apply-for-jobs\",\"postDate\":1450480179,\"expiryDate\":null,\"enabled\":1,\"parentId\":\"142\",\"fields\":{\"4\":\"The process of applying for a job with the City, requirements, job listings and applications.\"}}', '2015-12-18 23:09:39', '2015-12-18 23:09:39', 'c1597746-51aa-4958-9c47-f3c8c414ff52'),
 ('252', '152', '3', '1', 'en_us', '2', '', '{\"typeId\":\"3\",\"authorId\":\"1\",\"title\":\"Create Your Own Parking Citation Alert\",\"slug\":\"create-your-own-parking-citation-alert\",\"postDate\":1450480080,\"expiryDate\":null,\"enabled\":1,\"parentId\":\"122\",\"fields\":{\"1\":\"<p>Parking citation alerts provide notifications to help manage your parking needs and avoid unnecessary penalties. When you create an account, it will alert you so you receive notifications about:<\\/p>\\r\\n\\r\\n<ul>\\r\\n  <li>\\r\\n    <p>When a new citation is issued to your vehicle<\\/p>\\r\\n  <\\/li>\\r\\n  <li>\\r\\n    <p>Before a penalty are applied<\\/p>\\r\\n  <\\/li>\\r\\n  <li>\\r\\n    <p>After a mail-in payment is applied<\\/p>\\r\\n  <\\/li>\\r\\n  <li>\\r\\n    <p>About upcoming hearings<\\/p>\\r\\n  <\\/li>\\r\\n  <li>\\r\\n    <p>Before you become \\u201cBoot Eligible\\u201d<\\/p>\\r\\n  <\\/li>\\r\\n  <li>\\r\\n    <p>Upcoming Resident Parking Permit Renewal<\\/p>\\r\\n  <\\/li>\\r\\n  <li>\\r\\n    <p>City of Oakland Parking announcements<\\/p><\\/li><\\/ul>\",\"5\":\"https:\\/\\/wmq1.etimspayments.com\\/pbw\\/include\\/vpportal\\/oakland\\/login_page.jsp\",\"3\":\"Sign up for alerts\",\"4\":\"\"}}', '2015-12-18 23:09:42', '2015-12-18 23:09:42', 'ec1b82c9-3d5d-40ad-ac1d-4907a98d3677'),
 ('262', '142', '3', '1', 'en_us', '2', '', '{\"typeId\":\"4\",\"authorId\":\"1\",\"title\":\"Jobs\",\"slug\":\"jobs-info\",\"postDate\":1450479840,\"expiryDate\":null,\"enabled\":1,\"parentId\":\"\",\"fields\":{\"4\":\"Finding jobs and employment services in Oakland.\"}}', '2015-12-18 23:10:57', '2015-12-18 23:10:57', '1408b525-5b0a-4795-9ef2-f738f3000516'),
 ('282', '182', '3', '1', 'en_us', '1', '', '{\"typeId\":\"3\",\"authorId\":\"1\",\"title\":\"Request an Administrative Hearing\",\"slug\":\"request-an-administrative-hearing\",\"postDate\":1450480595,\"expiryDate\":null,\"enabled\":1,\"parentId\":\"122\",\"fields\":{\"1\":\"<p>If you contested a parking ticket and you are not satisfied with the decision, you can request an Administrative Hearing.<\\/p>\\r\\n\\r\\n<h3 id=\\\"what-you-need-to-know\\\">What You Need to Know<\\/h3>\\r\\n\\r\\n\\r\\n\\r\\n<ul>\\r\\n  <li>Once you receive the decision from contesting your ticket, you have 21 days to schedule a hearing.<\\/li>\\r\\n  <li>You can request a hearing either in person or or by mail.<\\/li>\\r\\n  <li>You must pay a deposit equal to the amount of the fine before scheduling a hearing.<\\/li>\\r\\n<\\/ul>\\r\\n\\r\\n\\r\\n\\r\\n\\r\\n\\r\\n<h3 id=\\\"request-a-hearing\\\">Request a Hearing<\\/h3>\\r\\n\\r\\n\\r\\n\\r\\n\\r\\n\\r\\n<p><strong>Make your request in person or by mail to:<\\/strong><\\/p>\\r\\n\\r\\n\\r\\n\\r\\n\\r\\n\\r\\n<p>Parking Citation Assistance Center \\u2013 Hearing Dept.<\\/p>\\r\\n\\r\\n\\r\\n\\r\\n\\r\\n\\r\\n<p>250 Frank H. Ogawa Plaza, Suite 6300<\\/p>\\r\\n\\r\\n\\r\\n\\r\\n\\r\\n\\r\\n<p>Oakland, CA 94612<\\/p>\\r\\n\\r\\n\\r\\n\\r\\n\\r\\n\\r\\n<ol>\\r\\n  <li>Pay the deposit. If you cannot afford the deposit, you can request a hearing deposit fee waiver by phone or by mail.<\\/li>\\r\\n<\\/ol>\\r\\n\\r\\n\\r\\n\\r\\n\\r\\n\\r\\n<p><strong>By Mail:<\\/strong> Click here to download the Hearing Deposit Waiver Form(http:\\/\\/www2.oaklandnet.com\\/oakca1\\/groups\\/ceda\\/documents\\/marketingmaterial\\/oak044809.pdf).<\\/p>\\r\\n\\r\\n\\r\\n\\r\\n\\r\\n\\r\\n<p>Mail to the Administrative Hearing Dept., 250 Frank H. Ogawa Plaza, Suite 6300, Oakland, CA 94612.<\\/p>\\r\\n\\r\\n\\r\\n\\r\\n\\r\\n\\r\\n<p><strong>By Phone:<\\/strong> Call the Parking Citation Assistance Center at (800) 500-6484.<\\/p>\\r\\n\\r\\n\\r\\n\\r\\n\\r\\n\\r\\n<h3 id=\\\"what-happens-next\\\">What Happens Next<\\/h3>\\r\\n\\r\\n\\r\\n\\r\\n\\r\\n\\r\\n<ol>\\r\\n  <li>You will receive a notice by mail with the date and time of the hearing.<\\/li>\\r\\n  <li>All hearings are held Monday through Friday between 9 a.m. and 4 p.m.<\\/li>\\r\\n  <li>The hearing will be held at:<\\/li>\\r\\n<\\/ol>\\r\\n\\r\\n\\r\\n\\r\\n\\r\\n\\r\\n<p>Eastmont Mall Police Substation<\\/p>\\r\\n\\r\\n\\r\\n\\r\\n\\r\\n\\r\\n<p>2651 73rd Avenue, Upper Level<\\/p>\\r\\n\\r\\n\\r\\n\\r\\n\\r\\n\\r\\n<p>Oakland, CA<\\/p>\\r\\n\\r\\n\\r\\n\\r\\n\\r\\n\\r\\n<p>If you cannot attend your scheduled hearing, you have two options:<\\/p>\\r\\n\\r\\n\\r\\n\\r\\n\\r\\n\\r\\n<h3 id=\\\"rescheduling-a-hearing\\\">Rescheduling a Hearing<\\/h3>\\r\\n\\r\\n\\r\\n\\r\\n\\r\\n\\r\\n<p>You have two options if you cannot attend the scheduled hearing:<\\/p>\\r\\n\\r\\n\\r\\n\\r\\n\\r\\n\\r\\n<p><strong>Reschedule the hearing<\\/strong><\\/p>\\r\\n\\r\\n\\r\\n\\r\\n\\r\\n\\r\\n<p>Call the Hearing Department at (510) 238-4484 at least five calendar days before the scheduled hearing.<\\/p>\\r\\n\\r\\n\\r\\n\\r\\n\\r\\n\\r\\n<p><strong>Request a hearing by mail<\\/strong><\\/p>\\r\\n\\r\\n\\r\\n\\r\\n\\r\\n\\r\\n<p>Send a letter detailing your dispute and include all the required documentation.<\\/p>\",\"5\":\"\",\"3\":\"\",\"4\":\"\"}}', '2015-12-18 23:16:35', '2015-12-18 23:16:35', 'cd4f4cd0-dcfb-4176-8548-87b5817b7ffd'),
 ('292', '192', '3', '1', 'en_us', '1', '', '{\"typeId\":\"4\",\"authorId\":\"1\",\"title\":\"Pay & Benefits\",\"slug\":\"pay-benefits\",\"postDate\":1450481166,\"expiryDate\":null,\"enabled\":1,\"parentId\":\"142\",\"fields\":{\"4\":\"Salary information, benefits and compensation for City employees\"}}', '2015-12-18 23:26:06', '2015-12-18 23:26:06', '1364f238-1395-43c2-a5cc-e043fd3df1f6'),
 ('302', '162', '3', '1', 'en_us', '2', '', '{\"typeId\":\"4\",\"authorId\":\"1\",\"title\":\"Apply for Jobs\",\"slug\":\"apply-for-jobs\",\"postDate\":1450480140,\"expiryDate\":null,\"enabled\":1,\"parentId\":\"142\",\"fields\":{\"4\":\"The process of applying for a job with the City, requirements, job listings and applications\"}}', '2015-12-18 23:26:17', '2015-12-18 23:26:17', '7ea492b9-ea07-4dcb-bddf-7dd2882559e4'),
 ('312', '192', '3', '1', 'en_us', '2', '', '{\"typeId\":\"4\",\"authorId\":\"1\",\"title\":\"Benefits & Perks\",\"slug\":\"pay-benefits\",\"postDate\":1450481160,\"expiryDate\":null,\"enabled\":1,\"parentId\":\"142\",\"fields\":{\"4\":\"Salary information, benefits and compensation for City employees\"}}', '2015-12-18 23:29:23', '2015-12-18 23:29:23', '043d9671-ee4a-4e8b-9c97-a5acc5ed25f6'),
 ('322', '202', '3', '1', 'en_us', '1', '', '{\"typeId\":\"4\",\"authorId\":\"1\",\"title\":\"Application Process & Support\",\"slug\":\"application-process-support\",\"postDate\":1450481433,\"expiryDate\":null,\"enabled\":1,\"parentId\":\"142\",\"fields\":{\"4\":\"\"}}', '2015-12-18 23:30:33', '2015-12-18 23:30:33', 'e07ac856-b77e-4c7e-8a5b-2c93247bd6ba'),
 ('332', '212', '3', '1', 'en_us', '1', '', '{\"typeId\":\"3\",\"authorId\":\"1\",\"title\":\"Apply Online for Current Job Openings\",\"slug\":\"apply-online-for-current-job-openings\",\"postDate\":1450482530,\"expiryDate\":null,\"enabled\":1,\"parentId\":\"\",\"fields\":{\"1\":\"<p>Thank you for your interest in working for the City of Oakland!<\\/p>\\r\\n\\r\\n\\r\\n\\r\\n\\r\\n\\r\\n<ul><li>For current City of Oakland or Port of Oakland employees, click here to view openings.<\\/li><li>For&nbsp;Port of Oakland jobs, click here to see available openings.<\\/li><\\/ul><p><span><\\/span><\\/p>\\r\\n\\r\\n\\r\\n\\r\\n\\r\\n\\r\\n<h3 id=\\\"how-to-get-started-first-time-applicants\\\">How to Get Started: First-Time Applicants<\\/h3>\\r\\n\\r\\n\\r\\n\\r\\n\\r\\n\\r\\n<ul>\\r\\n  <li>Search for jobs that fit your skills and interests.<\\/li>\\r\\n  <li>You can save your search by setting a job alert through&nbsp;&nbsp;in a Job Interest Card.<\\/li>\\r\\n  <li>This will send you emails when new jobs open that fit your search criteria.<\\/li>\\r\\n  <li>Click the \\u201cApply\\u201d link of a job you are interested in.<\\/li>\\r\\n  <li>Create an account.<\\/li>\\r\\n  <li>Select a username and password.<\\/li>\\r\\n  <li>Click the \\u201cBuild Job Application\\u201d link to start your application.<\\/li>\\r\\n  <li>Save your application as you complete sections.<\\/li>\\r\\n  <li>The NeoGov system will save your information every 15 minutes.<\\/li>\\r\\n  <li>You can save and use your application to apply for other job openings.<\\/li>\\r\\n<\\/ul>\\r\\n\\r\\n\\r\\n\\r\\n\\r\\n\\r\\n<p><em>Online applications are stored on a secure site. Only authorized employees and hiring authorities have access to the information submitted.<\\/em><\\/p>\\r\\n\\r\\n\\r\\n\\r\\n\\r\\n\\r\\n<h3 id=\\\"tips-for-completing-your-application\\\">Tips for Completing Your Application<\\/h3>\\r\\n\\r\\n\\r\\n\\r\\n\\r\\n\\r\\n<ul>\\r\\n  <li>Review the supplemental questions, if any are included.<\\/li>\\r\\n  <li>You may want to complete supplemental questions outside of the NeoGov system.<\\/li>\\r\\n  <li>Other recommendations include:<\\/li>\\r\\n  <li>Gather information about your education and work experience.<\\/li>\\r\\n  <li>Provide specific information in your answers such as dates, locations, data, and references.<\\/li>\\r\\n  <li>Write responses in a word processing program such as Microsoft Word.<\\/li>\\r\\n  <li>Copy and paste these responses into the NeoGov system.<\\/li>\\r\\n  <li>Complete and submit your application before the closing date for consideration.<\\/li>\\r\\n<\\/ul>\",\"5\":\"See all current job openings\",\"3\":\"Apply Online for Current Job Openings\",\"4\":\"\"}}', '2015-12-18 23:48:51', '2015-12-18 23:48:51', '846dfb94-b52e-4ad8-909a-79b5fe74e4a3'),
 ('342', '222', '3', '1', 'en_us', '1', '', '{\"typeId\":\"3\",\"authorId\":\"1\",\"title\":\"What To Do If Your Car Is Booted\",\"slug\":\"what-to-do-if-your-car-is-booted\",\"postDate\":1450482570,\"expiryDate\":null,\"enabled\":1,\"parentId\":\"122\",\"fields\":{\"1\":\"<aside>\\r\\n**Do not attempt to drive your vehicle because severe damage may occur.** \\r\\n<\\/aside>\\r\\n\\r\\n<p>The parking boot program targets the most serious parking violators who have <strong>five (5) or more unpaid parking tickets<\\/strong>.<\\/p>\\r\\n\\r\\n\\r\\n\\r\\n\\r\\n\\r\\n<h3 id=\\\"what-to-know\\\">What to Know<\\/h3>\\r\\n\\r\\n\\r\\n\\r\\n<ul>\\r\\n  <li>A sticker will be displayed on a window of your vehicle showing that your vehicle has been booted.<\\/li>\\r\\n  <li>This sticker will include instructions in English, Chinese and Spanish.<\\/li>\\r\\n  <li>Call the telephone number for the Help Center at (800) 500-6484 anytime for more information.<\\/li>\\r\\n  <li>Phone assistance is available in multiple languages.<\\/li>\\r\\n<\\/ul>\\r\\n\\r\\n\\r\\n\\r\\n\\r\\n\\r\\n<h3 id=\\\"how-to-remove-the-boot-from-your-vehicle\\\">How to Remove the Boot from Your Vehicle<\\/h3>\\r\\n\\r\\n\\r\\n\\r\\n\\r\\n\\r\\n<p>Pay the fines for the unpaid tickets. You can make payments by phone or in person. In most cases, you can drive your vehicle in about five minutes. Payment plan options are available. Please call the Help Center at (800) 500-6484 for more information.<\\/p>\\r\\n\\r\\n\\r\\n\\r\\n\\r\\n\\r\\n<aside>By Phone: Call the Help Center at (800) 500-6484.<\\/aside>\\r\\n\\r\\n\\r\\n\\r\\n\\r\\n\\r\\n<ol>\\r\\n  <li>Pay the fines with a credit\\/debit card or e-check.<\\/li>\\r\\n  <li>The operator will provide a six-digit code.<\\/li>\\r\\n  <li>This six-digit code will allow removal of the boot without damage to your vehicle.<\\/li>\\r\\n  <li>Call the Help Center at (800) 500-6484 if you need assistance with boot removal steps.<\\/li>\\r\\n  <li>Return the boot to the location provided by the Help Center.<\\/li>\\r\\n<\\/ol>\\r\\n\\r\\n\\r\\n\\r\\n\\r\\n\\r\\n<aside>In Person: Go to the Parking Citation Assistance Center, 250 Frank H. Ogawa Plaza, 6th Floor.<\\/aside>\\r\\n\\r\\n\\r\\n\\r\\n<ol>\\r\\n  <li>Pay the fines in cash.<\\/li>\\r\\n  <li>You will receive a six-digit code.<\\/li>\\r\\n  <li>This six-digit code will allow removal of the boot without damage to your vehicle.<\\/li>\\r\\n  <li>Call the Help Center if you need assistance with boot removal steps.<\\/li>\\r\\n  <li>Return the boot to the location provided by the Parking Assistance Center.<\\/li>\\r\\n<\\/ol>\\r\\n\\r\\n\\r\\n\\r\\n\\r\\n\\r\\n<table>\\r\\n<thead>\\r\\n<tr><th>Location<\\/th><th>Hours<\\/th><\\/tr>\\r\\n<\\/thead>\\r\\n<tbody>\\r\\n<tr><td style=\\\"background-color:white\\\">\\r\\nParking Citation Assistance Center\\r\\n250 Frank H. Ogawa Plaza, Suite 6300\\r\\nOakland, CA 94612\\r\\nPhone: (800) 500-6484\\r\\n<\\/td><td>\\r\\nMondays, Tuesdays, Thursdays and Fridays from 9 a.m. to 4:30 p.m.\\r\\nWednesdays from 9:30 a.m. to 4:30 p.m.\\r\\n<\\/td><\\/tr>\\r\\n<\\/tbody>\\r\\n<\\/table>\",\"5\":\"\",\"3\":\"\",\"4\":\"\"}}', '2015-12-18 23:49:30', '2015-12-18 23:49:30', '108a4eb8-40d8-4a7d-84a9-a46c1d94baec'),
 ('352', '232', '3', '1', 'en_us', '1', '', '{\"typeId\":\"3\",\"authorId\":\"1\",\"title\":\"What To Do If Your Car Is Towed\",\"slug\":\"what-to-do-if-your-car-is-towed\",\"postDate\":1450482615,\"expiryDate\":null,\"enabled\":1,\"parentId\":\"\",\"fields\":{\"1\":\"<p>If you believe your vehicle has been towed, please call A&B Vehicle Processing at (510) 635-3211 or visit <a href=\\\"http:\\/\\/www.abimpound.com.\\/towed.html\\\">http:\\/\\/www.abimpound.com.\\/towed.html<\\/a> to confirm.<\\/p>\\r\\n\\r\\n<h3 id=\\\"what-to-know\\\">What to Know<\\/h3>\\r\\n\\r\\n\\r\\n\\r\\n\\r\\n\\r\\n<p>A vehicle can be towed in Oakland for any of the following reasons:<\\/p>\\r\\n\\r\\n\\r\\n\\r\\n\\r\\n\\r\\n<ul>\\r\\n  <li>A boot is placed on the vehicle, and payment for the boot fee and parking tickets have not been received<\\/li>\\r\\n  <li>A vehicle registration (plate tag) has been expired for more than six (6) months<\\/li>\\r\\n  <li>A vehicle has more than $2,500 in unpaid parking tickets<\\/li>\\r\\n  <li>A vehicle has five (5) or more unpaid tickets in the State of California<\\/li>\\r\\n<\\/ul>\\r\\n\\r\\n\\r\\n\\r\\n\\r\\n\\r\\n<h3 id=\\\"how-to-get-your-vehicle-released\\\">How to Get Your Vehicle Released<\\/h3>\\r\\n\\r\\n\\r\\n\\r\\n\\r\\n\\r\\n<ol>\\r\\n  <li>Pay all of your unpaid parking tickets in Oakland. Payment plans are not available for towed vehicles.<\\/li>\\r\\n  <li>Visit or call the Parking Citation Assistance Center to make payments.<\\/li>\\r\\n  <li>Pay fees for towing and storage directly to the tow company.<\\/li>\\r\\n  <li>You may need to pay unpaid tickets from all other cities in California to have your vehicle released.<\\/li>\\r\\n<\\/ol>\\r\\n\\r\\n\\r\\n\\r\\n\\r\\n\\r\\n<h3 id=\\\"for-more-information\\\">For More Information<\\/h3>\\r\\n\\r\\n\\r\\n\\r\\n<table>\\r\\n<thead>\\r\\n<tr><th>Location<\\/th><th>Hours<\\/th><\\/tr>\\r\\n<\\/thead>\\r\\n<tbody>\\r\\n<tr><td style=\\\"background-color:white\\\">\\r\\nParking Citation Assistance Center\\r\\n\\r\\n250 Frank H. Ogawa Plaza, Suite 6300\\r\\n\\r\\nOakland, CA 94612\\r\\n\\r\\nPhone: (800) 500-6484\\r\\n<\\/td><td>\\r\\nMondays, Tuesdays, Thursdays and Fridays from 9 a.m. to 4:30 p.m.\\r\\nWednesdays from 9:30 a.m. to 4:30 p.m.\\r\\n<\\/td><\\/tr>\\r\\n<\\/tbody>\\r\\n<\\/table>\\r\\n\\r\\n\\r\\n\\r\\n\\r\\n\\r\\n<p>Only the registered owner of the towed vehicle can contest one or more of the unpaid tickets.<\\/p>\\r\\n\\r\\n\\r\\n\\r\\n\\r\\n\\r\\n<p>Please visit the Parking Citation Assistance Center at 250 Frank H. Ogawa Plaza, Suite 6300 or call the Center at (510) 238-4484.<\\/p>\",\"5\":\"\",\"3\":\"\",\"4\":\"\"}}', '2015-12-18 23:50:16', '2015-12-18 23:50:16', '6a6c431a-4c26-4c5e-b794-2d6d8917e963'),
 ('382', '252', '3', '1', 'en_us', '1', '', '{\"typeId\":\"4\",\"authorId\":\"1\",\"title\":\"Find Parking\",\"slug\":\"find-parking\",\"postDate\":1450482917,\"expiryDate\":null,\"enabled\":1,\"parentId\":\"5\",\"fields\":{\"4\":\"When, where and how to legally park\"}}', '2015-12-18 23:55:17', '2015-12-18 23:55:17', 'bd519fb2-d44e-4903-8de4-8df34d68bcf4'),
 ('392', '262', '3', '1', 'en_us', '1', '', '{\"typeId\":\"3\",\"authorId\":\"1\",\"title\":\"Understanding Curb Colors\",\"slug\":\"understanding-curb-colors\",\"postDate\":1450482980,\"expiryDate\":null,\"enabled\":1,\"parentId\":\"252\",\"fields\":{\"1\":\"<aside>\\r\\nPlease look for posted signs and curb colors when you park.\\r\\n\\r\\nFaded curb colors are still enforced.<\\/aside>\\r\\n\\r\\n<table>\\r\\n<thead>\\r\\n<tr><th>Curb Color<\\/th><th>Meaning<\\/th><\\/tr>\\r\\n<\\/thead>\\r\\n<tbody>\\r\\n<tr><td><strong>Red<\\/strong><\\/td><td>No stopping, standing or parking at any time<\\/td><\\/tr>\\r\\n<tr><td><strong>Yellow<\\/strong><\\/td><td>For loading and unloading of passengers and materials between 7 a.m. and 6 p.m. The loading or unloading of passengers should not exceed 3 minutes and the loading or unloading of materials from a vehicle with commercial plates should not exceed 30 minutes. \\r\\n\\r\\nThis parking restriction does not apply on Sundays and parking holidays.<\\/td><\\/tr>\\r\\n<tr><td><strong>White<\\/strong><\\/td><td>For loading and unloading of passengers which should not exceed three minutes. Most white curb restrictions apply from 7 a.m. to 6 p.m. except:\\r\\n<ul>\\r\\n<li>Parking on a white curb in front of a hotel or hospital is restricted at all times.<\\/li>\\r\\n<li>Parking in front of a theater, hall or other place of public assembly shall apply at all times except when the theater or hall is closed, and then a vehicle may park in the white zone for no longer than one hour.<\\/li>\\r\\n<\\/ul><\\/td><\\/tr>\\r\\n<tr><td><strong>Green<\\/strong><\\/td><td>No standing or parking for longer than 12 minutes at any time between 8 a.m and 6 p.m., excluding Sundays and parking holidays.<\\/td><\\/tr>\\r\\n<tr><td><strong>Blue<\\/strong><\\/td><td>For parking by physically handicapped person whose vehicles display either a valid placard or license plate for the disabled.<\\/td><\\/tr>\\r\\n<\\/tbody>\\r\\n<\\/table>\\r\\n\\r\\n\\r\\n\\r\\n\\r\\n\\r\\n<p><strong>Please note - faded curb colors are still enforced.<\\/strong> You can report a curb that needs repainting by reporting it to:<\\/p>\\r\\n\\r\\n\\r\\n\\r\\n\\r\\n\\r\\n<p><strong>Public Works Call Center<\\/strong><\\/p>\\r\\n\\r\\n\\r\\n\\r\\n\\r\\n\\r\\n<p>Phone: (510) 615-5566<\\/p>\\r\\n\\r\\n\\r\\n\\r\\n\\r\\n\\r\\n<p>Email: <a href=\\\"mailto:\\/\\/opwcallcenter@oaklandnet.com\\\">opwcallcenter@oaklandnet.com<\\/a><\\/p>\\r\\n\\r\\n\\r\\n\\r\\n\\r\\n\\r\\n<p>Online: <a href=\\\"http:\\/\\/gismaps.oaklandnet.com\\/srwebsite\\/ServiceType.aspx\\\">Report a Problem<\\/a><\\/p>\\r\\n\\r\\n\\r\\n\\r\\n\\r\\n\\r\\n<p>Mobile App: <a href=\\\"http:\\/\\/en.seeclickfix.com\\/oakland\\\">SeeClickFix<\\/a><\\/p>\\r\\n\\r\\n\\r\\n\\r\\n\\r\\n\\r\\n<p>For additional assistance with parking limitations for each curb color, please contact the Parking Citation Assistance Center at (800) 500-6484.<\\/p>\",\"5\":\"\",\"3\":\"\",\"4\":\"\"}}', '2015-12-18 23:56:20', '2015-12-18 23:56:20', 'bcdd58db-6110-487c-9955-ca02bed93452'),
 ('402', '272', '3', '1', 'en_us', '1', '', '{\"typeId\":\"3\",\"authorId\":\"1\",\"title\":\"Find a City Owned Parking Garage\",\"slug\":\"find-a-city-owned-parking-garage\",\"postDate\":1450483064,\"expiryDate\":null,\"enabled\":1,\"parentId\":\"252\",\"fields\":{\"1\":\"<p>To find a City-owned garage or lot, check out the Oakland Parking Map below.<\\/p>\\r\\n\\r\\n<p>Please contact the parking operator if you have questions about a specific garage.<\\/p>\\r\\n\\r\\n\\r\\n\\r\\n\\r\\n\\r\\n<p>You can find contact information on the map below by clicking on the \\u201cP\\u201d linked to the garage.<\\/p>\\r\\n\\r\\n\\r\\n\\r\\n\\r\\n\\r\\n<p>A limited number of monthly parking permits are available at some metered outdoor lots. If you have questions about these permits, please call (510) 238-6154.<\\/p>\\r\\n\\r\\n\\r\\n\\r\\n\\r\\n\\r\\n<iframe src=\\\"https:\\/\\/www.google.com\\/maps\\/d\\/embed?mid=zl4zo8vL6AEs.k8zY7kXNO4-A&hl=en\\\" width=\\\"640\\\" height=\\\"480\\\"><\\/iframe>\",\"5\":\"\",\"3\":\"\",\"4\":\"\"}}', '2015-12-18 23:57:45', '2015-12-18 23:57:45', 'e20ed67a-109a-4e9d-a5b6-779121799947'),
 ('412', '282', '3', '1', 'en_us', '1', '', '{\"typeId\":\"3\",\"authorId\":\"1\",\"title\":\"Parking Hours and Rates\",\"slug\":\"parking-hours-and-rates\",\"postDate\":1450483159,\"expiryDate\":null,\"enabled\":1,\"parentId\":\"\",\"fields\":{\"1\":\"<aside>\\r\\nPlease look for posted signs and curb colors when you park.\\r\\n<\\/aside>\\r\\n\\r\\n<p>Meter hours in Oakland, CA are Monday through Saturday from 8 a.m. to 6 p.m.<\\/p>\\r\\n\\r\\n\\r\\n\\r\\n\\r\\n\\r\\n<p>It costs $2 per hour to park at a parking meter.<\\/p>\\r\\n\\r\\n\\r\\n\\r\\n\\r\\n\\r\\n<p>Parking is free on the following holidays:<\\/p>\\r\\n\\r\\n\\r\\n\\r\\n\\r\\n\\r\\n<ul>\\r\\n  <li>New Year\\u2019s Day - January 1<\\/li>\\r\\n  <li>Martin Luther King, Jr. Birthday - Third Monday of January<\\/li>\\r\\n  <li>President\\u2019s Day - Third Monday of February<\\/li>\\r\\n  <li>Memorial Day - Last Monday of May<\\/li>\\r\\n  <li>Independence Day - July 4<\\/li>\\r\\n  <li>Labor Day - First Monday of September<\\/li>\\r\\n  <li>Thanksgiving Day - Fourth Thursday of November<\\/li>\\r\\n  <li>Christmas Day - December 25<\\/li>\\r\\n<\\/ul>\\r\\n\\r\\n\\r\\n\\r\\n\\r\\n\\r\\n<p>If any of these holidays falls upon a Sunday, the following Monday is a holiday.<\\/p>\",\"5\":\"\",\"3\":\"\",\"4\":\"\"}}', '2015-12-18 23:59:19', '2015-12-18 23:59:19', 'be227d99-6452-40c5-b8b2-a12e770aade1'),
 ('422', '292', '3', '1', 'en_us', '1', '', '{\"typeId\":\"3\",\"authorId\":\"1\",\"title\":\"Street Sweeping Restrictions\",\"slug\":\"street-sweeping-restrictions\",\"postDate\":1450483222,\"expiryDate\":null,\"enabled\":1,\"parentId\":\"252\",\"fields\":{\"1\":\"<p>Please look for street sweeping signs and curb colors when you park.The City cleans major roads and commercial areas at night. Residential areas are swept during the day.<\\/p><p>You can see when street sweeping is scheduled for your block on official signage. These signs list restricted times for parks. Please move your vehicle accordingly.<\\/p><p>[insert picture of a parking sign as an example] [insert map that city is working on that shows what time street sweeping is on each street]<\\/p>\",\"5\":\"\",\"3\":\"\",\"4\":\"\"}}', '2015-12-19 00:00:22', '2015-12-19 00:00:22', '89584893-228b-4af9-abaa-e05bbfa2d8ec'),
 ('432', '302', '3', '1', 'en_us', '1', '', '{\"typeId\":\"3\",\"authorId\":\"1\",\"title\":\"Disabled Person Parking\",\"slug\":\"disabled-person-parking\",\"postDate\":1450483461,\"expiryDate\":null,\"enabled\":1,\"parentId\":\"252\",\"fields\":{\"1\":\"<h2 id=\\\"disabled-person-parking-privileges\\\">Disabled Person Parking Privileges<\\/h2>\\r\\n\\r\\n<p>People with disabilities and Disabled Veterans with a valid license plate or placard issued by the California DMV may park in the following areas:<\\/p>\\r\\n\\r\\n\\r\\n\\r\\n<ul>\\r\\n  <li>\\r\\n    <p>In parking spaces with the International Symbol of Access (wheelchair symbol).<\\/p>\\r\\n  <\\/li>\\r\\n  <li>\\r\\n    <p>Next to a blue curb authorized for persons with disabilities parking.<\\/p>\\r\\n  <\\/li>\\r\\n  <li>Next to a green curb (green curbs indicate limited time parking) for as long as you wish. There is no time limit with a DP placard, DP license plates or DV license plates.<\\/li>\\r\\n  <li>In an on-street metered parking space at no charge for as long as you wish. There is no time limit with a DP placard, DP license plates or DV license plates.<\\/li>\\r\\n  <li>In an area that indicates it requires a resident or merchant permit for as long as you wish. There is no time limit with a DP placard, DP license plates or DV license plates.<\\/li>\\r\\n<\\/ul>\\r\\n\\r\\n\\r\\n\\r\\n\\r\\n\\r\\n<h2 id=\\\"disabled-person-parking-limitations\\\">Disabled Person Parking Limitations<\\/h2>\\r\\n\\r\\n\\r\\n\\r\\n\\r\\n\\r\\n<p>You may <strong>not park<\\/strong>:<\\/p>\\r\\n\\r\\n\\r\\n\\r\\n\\r\\n\\r\\n<ul>\\r\\n  <li>\\r\\n    <p>In spaces marked with a crosshatched pattern next to a parking space with the International Symbol of Access (wheelchair symbol). These spaces are for wheelchair and wheelchair lift access.<\\/p>\\r\\n  <\\/li>\\r\\n  <li>Next to red curbs, which indicate no stopping, standing or parking.<\\/li>\\r\\n  <li>\\r\\n    <p>Next to yellow curbs, which are for commercial vehicles to load and unload passengers or freight.<\\/p>\\r\\n  <\\/li>\\r\\n  <li>Next to white curbs, which are for loading and unloading passengers or depositing mail in an adjacent mailbox.<\\/li>\\r\\n<\\/ul>\\r\\n\\r\\n\\r\\n\\r\\n\\r\\n\\r\\n<ul><\\/ul>\\r\\n\\r\\n\\r\\n\\r\\n\\r\\n\\r\\n<table>\\r\\n<thead>\\r\\n<tr><th>Parking Areas<\\/th><th>Meaning<\\/th><\\/tr>\\r\\n<\\/thead>\\r\\n<tbody>\\r\\n<tr><td style=\\\"background-color:blue\\\"><strong>Handicapped symbol<\\/strong><\\/td><td>You can park in spaces with the International Symbol of Access<\\/td><\\/tr>\\r\\n<tr><td style=\\\"background-color:blue\\\"><strong>Blue<\\/strong><\\/td><td>This parking is reserved for persons with disabilities.<\\/td><\\/tr>\\r\\n<tr><td style=\\\"background-color:green\\\"><strong>Green<\\/strong><\\/td><td>You can park here as long as you want with a valid placard or license plate for the disabled.<\\/td><\\/tr>\\r\\n<tr><td style=\\\"background-color:white\\\"><strong>Parking Meter<\\/strong><\\/td><td>\\r\\nYou can park here as long as you want with a valid placard or license plate for the disabled. <\\/td><\\/tr>\\r\\n<tr><td style=\\\"background-color:white\\\"><strong>Resident and Merchant Permit Parking<\\/strong><\\/td><td>\\r\\nYou can park here as long as you want with a valid placard or license plate for the disabled. <\\/td><\\/tr>\\r\\n<\\/tbody>\\r\\n<\\/table>\\r\\n\\r\\n\\r\\n\\r\\n\\r\\n\\r\\n<h2 id=\\\"disabled-person-parking-limitations-1\\\">Disabled Person Parking Limitations<\\/h2>\\r\\n\\r\\n\\r\\n\\r\\n\\r\\n\\r\\n<p>People with disabilities and Disabled Veterans with a valid license plate or placard issued by the California DMV may not park in the following areas:<\\/p>\\r\\n\\r\\n\\r\\n\\r\\n\\r\\n\\r\\n<table>\\r\\n<thead>\\r\\n<tr><th>Parking Areas<\\/th><th>Meaning<\\/th><\\/tr>\\r\\n<\\/thead>\\r\\n<tbody>\\r\\n<tr><td style=\\\"background-color:white\\\"><strong>Crosshatched or Striped Areas<\\/strong><\\/td><td>\\r\\nYou can not park in spaces with a striped or crosshatched pattern.\\r\\n<\\/td><\\/tr>\\r\\n<tr><td style=\\\"background-color:red\\\"><strong>Red<\\/strong><\\/td><td>\\r\\nYou can not stop, idle or park your car.\\r\\n<\\/td><\\/tr>\\r\\n<tr><td style=\\\"background-color:yellow\\\"><strong>Yellow<\\/strong><\\/td><td>These areas are reserved for commercial vehicles.<\\/td><\\/tr>\\r\\n<tr><td style=\\\"background-color:white\\\"><strong>White<\\/strong><\\/td><td>These areas are reserved for picking up and dropping off passengers.\\r\\n<\\/td><\\/tr>\\r\\n<\\/tbody>\\r\\n<\\/table>\",\"5\":\"\",\"3\":\"\",\"4\":\"\"}}', '2015-12-19 00:04:21', '2015-12-19 00:04:21', '052d419c-53d5-4957-8112-7a0e97bd7dda'),
 ('442', '312', '3', '1', 'en_us', '1', '', '{\"typeId\":\"3\",\"authorId\":\"1\",\"title\":\"Apply for Disabled Persons Parking Placards and Plates\",\"slug\":\"apply-for-disabled-persons-parking-placards-and-plates\",\"postDate\":1450483575,\"expiryDate\":null,\"enabled\":1,\"parentId\":\"52\",\"fields\":{\"1\":\"<p>You may qualify for a Disabled Person placard or license plates if you have one or more of the conditions below.<\\/p>\\r\\n\\r\\n<ul>\\r\\n  <li>Inability to use one or more lower limbs, or both hands<\\/li>\\r\\n  <li>Diagnosed disease that impairs or interferes with mobility<\\/li>\\r\\n  <li>Severe disability that leaves you unable to move without an assistive device<\\/li>\\r\\n  <li>Documented problems with your eyesight such as lower-vision or partial-sightedness<\\/li>\\r\\n  <li>The City of Oakland does not issue Disabled Person placards or license plates.<\\/li>\\r\\n<\\/ul>\\r\\n\\r\\n\\r\\n\\r\\n\\r\\n\\r\\n<p>Apply with the California Department of Motor Vehicles at http:\\/\\/www.dmv.ca.gov\\/pubs%2Fbrochures\\/fast_facts\\/ffvr07.htm.<\\/p>\\r\\n\\r\\n\\r\\n\\r\\n\\r\\n\\r\\n<h3 id=\\\"illegal-use-of-disabled-parking\\\">Illegal Use of Disabled Parking<\\/h3>\\r\\n\\r\\n\\r\\n\\r\\n\\r\\n\\r\\n<p>Only the disabled driver issued the placard or plates can use the parking placard or plates.<\\/p>\\r\\n\\r\\n\\r\\n\\r\\n\\r\\n\\r\\n<p>A driver that does any of the actions below can receive tickets and fines.<\\/p>\\r\\n\\r\\n\\r\\n\\r\\n\\r\\n\\r\\n<ul>\\r\\n  <li>Lend your Disabled Person placard to someone else<\\/li>\\r\\n  <li>Use someone else\\u2019s Disabled Person placard<\\/li>\\r\\n  <li>Have or display a fake Disabled Person placard or license plates<\\/li>\\r\\n<\\/ul>\\r\\n\\r\\n\\r\\n\\r\\n\\r\\n\\r\\n<p>Report illegal use of Disabled Person placards and plates. Please call Parking Enforcement at (510) 238-3099.<\\/p>\",\"5\":\"\",\"3\":\"\",\"4\":\"\"}}', '2015-12-19 00:06:16', '2015-12-19 00:06:16', '9f511865-4b84-4a6c-8cfe-2a0ecb82c0ed'),
 ('462', '312', '3', '1', 'en_us', '2', '', '{\"typeId\":\"3\",\"authorId\":\"1\",\"title\":\"Apply for Disabled Persons Parking Placards and Plates\",\"slug\":\"apply-for-disabled-persons-parking-placards-and-plates\",\"postDate\":1450483560,\"expiryDate\":null,\"enabled\":1,\"parentId\":\"52\",\"fields\":{\"1\":\"<p>You may qualify for a Disabled Person placard or license plates if you have one or more of the conditions below.<\\/p>\\r\\n\\r\\n<ul>\\r\\n  <li>Inability to use one or more lower limbs, or both hands<\\/li>\\r\\n  <li>Diagnosed disease that impairs or interferes with mobility<\\/li>\\r\\n  <li>Severe disability that leaves you unable to move without an assistive device<\\/li>\\r\\n  <li>Documented problems with your eyesight such as lower-vision or partial-sightedness<\\/li>\\r\\n  <li>The City of Oakland does not issue Disabled Person placards or license plates<\\/li><\\/ul>\\r\\n\\r\\n\\r\\n\\r\\n\\r\\n\\r\\n\\r\\n\\r\\n<h3 id=\\\"illegal-use-of-disabled-parking\\\">Illegal Use of Disabled Parking<\\/h3>\\r\\n\\r\\n\\r\\n\\r\\n\\r\\n\\r\\n\\r\\n\\r\\n<p>Only the disabled driver issued the placard or plates can use the parking placard or plates.<\\/p>\\r\\n\\r\\n\\r\\n\\r\\n\\r\\n\\r\\n\\r\\n\\r\\n<p>A driver that does any of the actions below can receive tickets and fines.<\\/p>\\r\\n\\r\\n\\r\\n\\r\\n\\r\\n\\r\\n\\r\\n\\r\\n<ul>\\r\\n  <li>Lend your Disabled Person placard to someone else<\\/li>\\r\\n  <li>Use someone else\\u2019s Disabled Person placard<\\/li>\\r\\n  <li>Have or display a fake Disabled Person placard or license plates<\\/li>\\r\\n<\\/ul>\\r\\n\\r\\n\\r\\n\\r\\n\\r\\n\\r\\n\\r\\n\\r\\n<p>Report illegal use of Disabled Person placards and plates. Please call Parking Enforcement at (510) 238-3099.<\\/p>\",\"5\":\"http:\\/\\/www.dmv.ca.gov\\/pubs%2Fbrochures\\/fast_facts\\/ffvr07.htm\",\"3\":\"Apply with the California Department of Motor Vehicles\",\"4\":\"\"}}', '2015-12-19 00:07:38', '2015-12-19 00:07:38', '0745c93e-aefe-40ad-910a-97e9ed89b5d0'),
 ('472', '312', '3', '1', 'en_us', '3', '', '{\"typeId\":\"3\",\"authorId\":\"1\",\"title\":\"Apply for Disabled Persons Parking Placards and Plates\",\"slug\":\"apply-for-disabled-persons-parking-placards-and-plates\",\"postDate\":1450483560,\"expiryDate\":null,\"enabled\":1,\"parentId\":\"52\",\"fields\":{\"1\":\"<p>You may qualify for a Disabled Person placard or license plates if you have one or more of the conditions below.<\\/p>\\r\\n\\r\\n<ul>\\r\\n  <li>Inability to use one or more lower limbs, or both hands<\\/li>\\r\\n  <li>Diagnosed disease that impairs or interferes with mobility<\\/li>\\r\\n  <li>Severe disability that leaves you unable to move without an assistive device<\\/li>\\r\\n  <li>Documented problems with your eyesight such as lower-vision or partial-sightedness<\\/li>\\r\\n  <li>The City of Oakland does not issue Disabled Person placards or license plates<\\/li><\\/ul>\\r\\n\\r\\n\\r\\n\\r\\n\\r\\n\\r\\n\\r\\n\\r\\n\\r\\n\\r\\n<h3 id=\\\"illegal-use-of-disabled-parking\\\">Illegal Use of Disabled Parking<\\/h3>\\r\\n\\r\\n\\r\\n\\r\\n\\r\\n\\r\\n\\r\\n\\r\\n\\r\\n\\r\\n<p>Only the disabled driver issued the placard or plates can use the parking placard or plates.<\\/p>\\r\\n\\r\\n\\r\\n\\r\\n\\r\\n\\r\\n\\r\\n\\r\\n\\r\\n\\r\\n<p>A driver that does any of the actions below can receive tickets and fines.<\\/p>\\r\\n\\r\\n\\r\\n\\r\\n\\r\\n\\r\\n\\r\\n\\r\\n\\r\\n\\r\\n<ul>\\r\\n  <li>Lend your Disabled Person placard to someone else<\\/li>\\r\\n  <li>Use someone else\\u2019s Disabled Person placard<\\/li>\\r\\n  <li>Have or display a fake Disabled Person placard or license plates<\\/li>\\r\\n<\\/ul>\\r\\n\\r\\n\\r\\n\\r\\n\\r\\n\\r\\n\\r\\n\\r\\n\\r\\n\\r\\n<p>Report illegal use of Disabled Person placards and plates. Please call Parking Enforcement at (510) 238-3099.<\\/p>\",\"5\":\"http:\\/\\/www.dmv.ca.gov\\/pubs%2Fbrochures\\/fast_facts\\/ffvr07.htm\",\"3\":\"Apply with the California DMV\",\"4\":\"\"}}', '2015-12-19 00:08:19', '2015-12-19 00:08:19', 'cf5285ab-bbb8-4f40-ad6a-c16f95c92bf0'),
 ('482', '212', '3', '1', 'en_us', '2', '', '{\"typeId\":\"3\",\"authorId\":\"1\",\"title\":\"Apply Online for Current Job Openings\",\"slug\":\"apply-online-for-current-job-openings\",\"postDate\":1450482480,\"expiryDate\":null,\"enabled\":1,\"parentId\":\"162\",\"fields\":{\"1\":\"<p>Thank you for your interest in working for the City of Oakland!<\\/p>\\r\\n\\r\\n\\r\\n\\r\\n\\r\\n\\r\\n<ul><li>For current City of Oakland or Port of Oakland employees, click here to view openings.<\\/li><li>For&nbsp;Port of Oakland jobs, click here to see available openings.<\\/li><\\/ul>\\r\\n\\r\\n\\r\\n\\r\\n\\r\\n\\r\\n\\r\\n\\r\\n<h3 id=\\\"how-to-get-started-first-time-applicants\\\">How to Get Started: First-Time Applicants<\\/h3>\\r\\n\\r\\n\\r\\n\\r\\n\\r\\n\\r\\n\\r\\n\\r\\n<ul>\\r\\n  <li>Search for jobs that fit your skills and interests.<\\/li>\\r\\n  <li>Save your search by setting up a job alert in a Job Interest Card.<\\/li>\\r\\n  <li>This will send you emails when new jobs open that fit your search criteria.<\\/li>\\r\\n  <li>Click the \\u201cApply\\u201d link of a job you are interested in.<\\/li>\\r\\n  <li>Create an account.<\\/li>\\r\\n  <li>Select a username and password.<\\/li>\\r\\n  <li>Click the \\u201cBuild Job Application\\u201d link to start your application.<\\/li>\\r\\n  <li>Save your application as you complete sections.<\\/li>\\r\\n  <li>The NeoGov system will save your information every 15 minutes.<\\/li>\\r\\n  <li>You can save and use your application to apply for other job openings.<\\/li>\\r\\n<\\/ul>\\r\\n\\r\\n\\r\\n\\r\\n\\r\\n\\r\\n\\r\\n\\r\\n<p><em>Online applications are stored on a secure site. Only authorized employees and hiring authorities have access to the information submitted.<\\/em><\\/p>\\r\\n\\r\\n\\r\\n\\r\\n\\r\\n\\r\\n\\r\\n\\r\\n<h3 id=\\\"tips-for-completing-your-application\\\">Tips for Completing Your Application<\\/h3>\\r\\n\\r\\n\\r\\n\\r\\n\\r\\n\\r\\n\\r\\n\\r\\n<ul>\\r\\n  <li>Review the supplemental questions, if any are included.<\\/li>\\r\\n  <li>You may want to complete supplemental questions outside of the NeoGov system.<\\/li>\\r\\n  <li>Other recommendations include:<\\/li>\\r\\n  <li>Gather information about your education and work experience.<\\/li>\\r\\n  <li>Provide specific information in your answers such as dates, locations, data, and references.<\\/li>\\r\\n  <li>Write responses in a word processing program such as Microsoft Word.<\\/li>\\r\\n  <li>Copy and paste these responses into the NeoGov system.<\\/li>\\r\\n  <li>Complete and submit your application before the closing date for consideration.<\\/li>\\r\\n<\\/ul>\",\"5\":\"See all current job openings\",\"3\":\"Apply Online for Current Job Openings\",\"4\":\"\"}}', '2015-12-19 00:13:18', '2015-12-19 00:13:18', '989ac9d4-673f-42ee-94ec-a39b971ca60f'),
 ('492', '252', '3', '1', 'en_us', '2', '', '{\"typeId\":\"4\",\"authorId\":\"1\",\"title\":\"Additional Parking Information\",\"slug\":\"find-parking\",\"postDate\":1450482900,\"expiryDate\":null,\"enabled\":1,\"parentId\":\"5\",\"fields\":{\"4\":\"When, where and how to legally park\"}}', '2015-12-19 00:14:49', '2015-12-19 00:14:49', '6b42f618-183e-44dc-b3cb-b1ba81f4db56'),
 ('512', '6', '3', '1', 'en_us', '21', '', '{\"typeId\":\"3\",\"authorId\":\"1\",\"title\":\"Pay a Parking Ticket\",\"slug\":\"pay-a-parking-ticket\",\"postDate\":1449259680,\"expiryDate\":null,\"enabled\":1,\"parentId\":\"122\",\"fields\":{\"1\":\"<h2 id=\\\"what-you-need-to-know\\\">What You Need to Know<\\/h2>\\r\\n\\r\\n<ul>\\r\\n  <li>You can pay online using Visa, MasterCard, Discover or American Express<\\/li>\\r\\n  <li>You have 21 days after the date the ticket was written to make a payment.<\\/li>\\r\\n<\\/ul>\\r\\n\\r\\n\\r\\n\\r\\n\\r\\n\\r\\n\\r\\n\\r\\n\\r\\n\\r\\n\\r\\n\\r\\n\\r\\n\\r\\n\\r\\n\\r\\n\\r\\n\\r\\n\\r\\n\\r\\n\\r\\n\\r\\n\\r\\n\\r\\n<h2 id=\\\"ways-to-pay\\\">Ways to Pay<\\/h2>\\r\\n\\r\\n\\r\\n\\r\\n\\r\\n\\r\\n\\r\\n\\r\\n\\r\\n\\r\\n\\r\\n\\r\\n\\r\\n\\r\\n\\r\\n\\r\\n\\r\\n\\r\\n\\r\\n\\r\\n\\r\\n\\r\\n\\r\\n\\r\\n\\r\\n\\r\\n<h3 id=\\\"in-person\\\">In Person<\\/h3>\\r\\n\\r\\n\\r\\n\\r\\n\\r\\n\\r\\n\\r\\n\\r\\n\\r\\n\\r\\n\\r\\n\\r\\n\\r\\n\\r\\n\\r\\n\\r\\n\\r\\n\\r\\n\\r\\n\\r\\n\\r\\n\\r\\n\\r\\n\\r\\n\\r\\n\\r\\n<p>You can pay your ticket at the Parking Citation Assistance Center.<\\/p>\\r\\n\\r\\n\\r\\n\\r\\n\\r\\n\\r\\n\\r\\n\\r\\n\\r\\n\\r\\n\\r\\n\\r\\n\\r\\n\\r\\n\\r\\n\\r\\n\\r\\n\\r\\n\\r\\n\\r\\n\\r\\n\\r\\n\\r\\n\\r\\n\\r\\n\\r\\n<table>\\r\\n<thead>\\r\\n<tr><th>Location<\\/th><th>Hours<\\/th><\\/tr>\\r\\n<\\/thead>\\r\\n<tbody>\\r\\n<tr><td>\\r\\nParking Citation Assistance Center\\r\\n250 Frank H. Ogawa Plaza, Suite 6300\\r\\nOakland, CA 94612\\r\\nPhone: (800) 500-6484\\r\\n<\\/td><td>\\r\\nMondays, Tuesdays, Thursdays and Fridays from 9 a.m. to 4:30 p.m.\\r\\nWednesdays from 9:30 a.m. to 4:30 p.m.\\r\\n<\\/td><\\/tr>\\r\\n<\\/tbody>\\r\\n<\\/table>\\r\\n\\r\\n\\r\\n\\r\\n\\r\\n\\r\\n\\r\\n\\r\\n\\r\\n\\r\\n\\r\\n\\r\\n\\r\\n\\r\\n\\r\\n\\r\\n\\r\\n\\r\\n\\r\\n\\r\\n\\r\\n\\r\\n\\r\\n\\r\\n\\r\\n\\r\\n<p><strong>Additional locations:<\\/strong><\\/p>\\r\\n\\r\\n\\r\\n\\r\\n\\r\\n\\r\\n\\r\\n\\r\\n\\r\\n\\r\\n\\r\\n\\r\\n\\r\\n\\r\\n\\r\\n\\r\\n\\r\\n\\r\\n\\r\\n\\r\\n\\r\\n\\r\\n\\r\\n\\r\\n\\r\\n\\r\\n<ul>\\r\\n  <li>Parking ticket payment kiosks at 250 Frank H. Ogawa Plaza, Monday through Friday from 8:30 a.m. to 5 p.m.<\\/li>\\r\\n  <li>Eastmont Police Substation, 2651 73rd Avenue, Monday through Saturday from 8:00 a.m. to 4 p.m.<\\/li>\\r\\n<\\/ul>\\r\\n\\r\\n\\r\\n\\r\\n\\r\\n\\r\\n\\r\\n\\r\\n\\r\\n\\r\\n\\r\\n\\r\\n\\r\\n\\r\\n\\r\\n\\r\\n\\r\\n\\r\\n\\r\\n\\r\\n\\r\\n\\r\\n\\r\\n\\r\\n\\r\\n\\r\\n<h3 id=\\\"by-mail\\\">By Mail<\\/h3>\\r\\n\\r\\n\\r\\n\\r\\n\\r\\n\\r\\n\\r\\n\\r\\n\\r\\n\\r\\n\\r\\n\\r\\n\\r\\n\\r\\n\\r\\n\\r\\n\\r\\n\\r\\n\\r\\n\\r\\n\\r\\n\\r\\n\\r\\n\\r\\n\\r\\n\\r\\n<p>Mail your parking ticket&nbsp;and the full payment to:<\\/p>\\r\\n\\r\\n\\r\\n\\r\\n\\r\\n\\r\\n\\r\\n\\r\\n\\r\\n\\r\\n\\r\\n\\r\\n\\r\\n\\r\\n\\r\\n\\r\\n\\r\\n\\r\\n\\r\\n\\r\\n\\r\\n\\r\\n\\r\\n\\r\\n\\r\\n\\r\\n<p>Parking Citation Assistance Center<\\/p>\\r\\n\\r\\n\\r\\n\\r\\n\\r\\n\\r\\n\\r\\n\\r\\n\\r\\n\\r\\n\\r\\n\\r\\n\\r\\n\\r\\n\\r\\n\\r\\n\\r\\n\\r\\n\\r\\n\\r\\n\\r\\n\\r\\n\\r\\n\\r\\n\\r\\n\\r\\n<p>250 Frank H. Ogawa Plaza, Suite 6300<\\/p>\\r\\n\\r\\n\\r\\n\\r\\n\\r\\n\\r\\n\\r\\n\\r\\n\\r\\n\\r\\n\\r\\n\\r\\n\\r\\n\\r\\n\\r\\n\\r\\n\\r\\n\\r\\n\\r\\n\\r\\n\\r\\n\\r\\n\\r\\n\\r\\n\\r\\n\\r\\n<p>Oakland, CA 94612<\\/p>\\r\\n\\r\\n\\r\\n\\r\\n\\r\\n\\r\\n\\r\\n\\r\\n\\r\\n\\r\\n\\r\\n\\r\\n\\r\\n\\r\\n\\r\\n\\r\\n\\r\\n\\r\\n\\r\\n\\r\\n\\r\\n\\r\\n\\r\\n\\r\\n\\r\\n\\r\\n<h3 id=\\\"by-phone\\\">By Phone<\\/h3>\\r\\n\\r\\n\\r\\n\\r\\n\\r\\n\\r\\n\\r\\n\\r\\n\\r\\n\\r\\n\\r\\n\\r\\n\\r\\n\\r\\n\\r\\n\\r\\n\\r\\n\\r\\n\\r\\n\\r\\n\\r\\n\\r\\n\\r\\n\\r\\n\\r\\n\\r\\n<table>\\r\\n<thead>\\r\\n<tr><th>Location<\\/th><th>Methods of Payment<\\/th><\\/tr>\\r\\n<\\/thead>\\r\\n<tbody>\\r\\n<tr><td>\\r\\nParking Citation Assistance Center\\r\\nPhone: (800) 500-6484\\r\\n<\\/td><td>\\r\\nCredit cards: Visa, Mastercard, Discover or American Express\\r\\n<\\/td><\\/tr>\\r\\n<\\/tbody>\\r\\n<\\/table>\",\"5\":\"https:\\/\\/prodpci.etimspayments.com\\/pbw\\/include\\/oakland\\/input.jsp\",\"3\":\"Pay your ticket online\",\"4\":\"This page provides information on how to pay a parking ticket in the City of Oakland\"}}', '2015-12-19 00:17:11', '2015-12-19 00:17:11', '274fa2e2-ccb6-4fb4-b264-9d29a0c1c3fe'),
 ('522', '6', '3', '1', 'en_us', '22', '', '{\"typeId\":\"3\",\"authorId\":\"1\",\"title\":\"Pay a Parking Ticket\",\"slug\":\"pay-a-parking-ticket\",\"postDate\":1449259680,\"expiryDate\":null,\"enabled\":1,\"parentId\":\"122\",\"fields\":{\"1\":\"<h2 id=\\\"what-you-need-to-know\\\">What You Need to Know<\\/h2>\\r\\n\\r\\n<ul>\\r\\n  <li>You can pay online using Visa, MasterCard, Discover or American Express<\\/li>\\r\\n  <li>You have 21 days after the date the ticket was written to make a payment.<\\/li>\\r\\n<\\/ul>\\r\\n\\r\\n\\r\\n\\r\\n\\r\\n\\r\\n\\r\\n\\r\\n\\r\\n\\r\\n\\r\\n\\r\\n\\r\\n\\r\\n<h2 id=\\\"ways-to-pay\\\">Ways to Pay<\\/h2>\\r\\n\\r\\n\\r\\n\\r\\n\\r\\n\\r\\n\\r\\n\\r\\n\\r\\n\\r\\n\\r\\n\\r\\n\\r\\n\\r\\n\\r\\n\\r\\n\\r\\n\\r\\n<h3 id=\\\"in-person\\\">In Person<\\/h3>\\r\\n\\r\\n\\r\\n\\r\\n\\r\\n\\r\\n\\r\\n\\r\\n\\r\\n\\r\\n\\r\\n\\r\\n\\r\\n\\r\\n\\r\\n\\r\\n\\r\\n\\r\\n<p>You can pay your ticket at the Parking Citation Assistance Center.<\\/p>\\r\\n\\r\\n\\r\\n\\r\\n\\r\\n\\r\\n\\r\\n\\r\\n\\r\\n\\r\\n\\r\\n\\r\\n\\r\\n\\r\\n\\r\\n\\r\\n\\r\\n\\r\\n<table>\\r\\n<thead>\\r\\n<tr><th>Location<\\/th><th>Hours<\\/th><\\/tr>\\r\\n<\\/thead>\\r\\n<tbody>\\r\\n<tr><td>\\r\\nParking Citation Assistance Center\\r\\n250 Frank H. Ogawa Plaza, Suite 6300\\r\\nOakland, CA 94612\\r\\nPhone: (800) 500-6484\\r\\n<\\/td><td>\\r\\nMondays, Tuesdays, Thursdays and Fridays from 9 a.m. to 4:30 p.m.\\r\\nWednesdays from 9:30 a.m. to 4:30 p.m.\\r\\n<\\/td><\\/tr>\\r\\n<\\/tbody>\\r\\n<\\/table>\\r\\n\\r\\n\\r\\n\\r\\n\\r\\n\\r\\n\\r\\n\\r\\n\\r\\n\\r\\n\\r\\n\\r\\n\\r\\n\\r\\n\\r\\n\\r\\n\\r\\n\\r\\n<p><strong>Additional locations:<\\/strong><\\/p>\\r\\n\\r\\n\\r\\n\\r\\n\\r\\n\\r\\n\\r\\n\\r\\n\\r\\n\\r\\n\\r\\n\\r\\n\\r\\n\\r\\n\\r\\n\\r\\n\\r\\n\\r\\n<ul>\\r\\n  <li>Parking ticket payment kiosks at 250 Frank H. Ogawa Plaza, Monday through Friday from 8:30 a.m. to 5 p.m.<\\/li>\\r\\n  <li>Eastmont Police Substation, 2651 73rd Avenue, Monday through Saturday from 8:00 a.m. to 4 p.m.<\\/li>\\r\\n<\\/ul>\\r\\n\\r\\n\\r\\n\\r\\n\\r\\n\\r\\n\\r\\n\\r\\n\\r\\n\\r\\n\\r\\n\\r\\n\\r\\n\\r\\n\\r\\n\\r\\n\\r\\n\\r\\n<h3 id=\\\"by-mail\\\">By Mail<\\/h3>\\r\\n\\r\\n\\r\\n\\r\\n\\r\\n\\r\\n\\r\\n\\r\\n\\r\\n\\r\\n\\r\\n\\r\\n\\r\\n\\r\\n\\r\\n\\r\\n\\r\\n\\r\\n<p>Mail your parking ticket&nbsp;and the full payment to:<\\/p>\\r\\n\\r\\n\\r\\n\\r\\n\\r\\n\\r\\n\\r\\n\\r\\n\\r\\n\\r\\n\\r\\n\\r\\n\\r\\n\\r\\n\\r\\n\\r\\n\\r\\n\\r\\n<p>Parking Citation Assistance Center<\\/p>\\r\\n\\r\\n\\r\\n\\r\\n\\r\\n\\r\\n\\r\\n\\r\\n\\r\\n\\r\\n\\r\\n\\r\\n\\r\\n\\r\\n\\r\\n\\r\\n\\r\\n\\r\\n<p>250 Frank H. Ogawa Plaza, Suite 6300<\\/p>\\r\\n\\r\\n\\r\\n\\r\\n\\r\\n\\r\\n\\r\\n\\r\\n\\r\\n\\r\\n\\r\\n\\r\\n\\r\\n\\r\\n\\r\\n\\r\\n\\r\\n\\r\\n<p>Oakland, CA 94612<\\/p>\\r\\n\\r\\n\\r\\n\\r\\n\\r\\n\\r\\n\\r\\n\\r\\n\\r\\n\\r\\n\\r\\n\\r\\n\\r\\n\\r\\n\\r\\n\\r\\n\\r\\n\\r\\n<h3 id=\\\"by-phone\\\">By Phone<\\/h3>\\r\\n\\r\\n\\r\\n\\r\\n\\r\\n\\r\\n\\r\\n\\r\\n\\r\\n\\r\\n\\r\\n\\r\\n\\r\\n\\r\\n\\r\\n\\r\\n\\r\\n\\r\\n<table>\\r\\n<thead>\\r\\n<tr><th>Location<\\/th><th>Methods of Payment<\\/th><\\/tr>\\r\\n<\\/thead>\\r\\n<tbody>\\r\\n<tr><td>\\r\\nParking Citation Assistance Center\\r\\nPhone: (800) 500-6484\\r\\n<\\/td><td>\\r\\nCredit cards: Visa, Mastercard, Discover or American Express\\r\\n<\\/td><\\/tr>\\r\\n<\\/tbody>\\r\\n<\\/table>\\r\\n\\r\\n\\r\\n\\r\\n\\r\\n\\r\\n<p>Parking fines depend on the type of parking violation. \\r\\nBelow are some common violations, including their legal reference and the fine.<\\/p>\\r\\n\\r\\n\\r\\n\\r\\n<h3>Additional References<\\/h3>\\r\\n\\r\\n\\r\\n\\r\\n\\r\\n\\r\\n\\r\\n\\r\\n<ul><li><a href=\\\"http:\\/\\/www2.oaklandnet.com\\/oakca1\\/groups\\/ceda\\/documents\\/marketingmaterial\\/oak044797.pdf\\\">Click here to see a complete roster of parking violation fines from the OMC and California Vehicle Code<\\/a><\\/li><li><a href=\\\"http:\\/\\/library.municode.com\\/index.aspx?clientId=16308&stateId=5&stateName=California\\\">Visit here to see Oakland Municipal Code about parking violations<\\/a><\\/li><li><a href=\\\"http:\\/\\/www.leginfo.ca.gov\\/cgi-bin\\/calawquery?codesection=veh\\\">Visit here to see California Vehicle Code<\\/a><\\/li><li>Call the Parking Citation Assistance Center at (800) 500-6484.<\\/li><\\/ul>\\r\\n\\r\\n\\r\\n\\r\\n\\r\\n\\r\\n\\r\\n\\r\\n<table>\\r\\n<thead>\\r\\n<tr><th>Common violations<\\/th><th>Fine<\\/th><th>\\r\\nOakland Municipal Code reference<\\/th><th>Legal definition<\\/th><\\/tr>\\r\\n<\\/thead>\\r\\n<tbody>\\r\\n<tr><td>\\r\\nYour meter time ran out\\r\\n<\\/td><td>\\r\\n$58\\r\\n<\\/td><td>\\r\\n10.36.050\\r\\n<\\/td>\\r\\n<td>Expired meter<\\/td>\\r\\n<\\/tr><tr><td>\\r\\nYour parking receipt was not visible in your vehicle\\r\\n<\\/td><td>\\r\\n$58\\r\\n<\\/td><td>\\r\\n10.36.030B\\r\\n<\\/td>\\r\\n<td>\\r\\nFailure to display parking receipt\\r\\n<\\/td>\\r\\n<\\/tr><tr><td>\\r\\nYou parked in a no parking zone<\\/td><td>\\r\\n$83\\r\\n<\\/td><td>\\r\\n10.40.020A1\\r\\n<\\/td>\\r\\n<td>\\r\\nParking in a red zone\\r\\n<\\/td>\\r\\n<\\/tr><tr><td>\\r\\nYou parked in an area reserved for buses<\\/td><td>\\r\\n$265\\r\\n<\\/td><td>\\r\\n10.40.090E\\r\\n<\\/td>\\r\\n<td>\\r\\nParking in a bus zone\\r\\n<\\/td>\\r\\n<\\/tr><tr><td>\\r\\nYou double parked your vehicle<\\/td><td>\\r\\n$41\\r\\n<\\/td><td>\\r\\n10.08.150\\r\\n<\\/td>\\r\\n<td>\\r\\nImpeding a lane of traffic\\r\\n<\\/td>\\r\\n<\\/tr><tr><td>\\r\\nYou didn\\u2019t turn your wheels correctly to park on a hill\\r\\n<\\/td><td>\\r\\n$45\\r\\n<\\/td><td>\\r\\n10.16.090\\r\\n<\\/td>\\r\\n<td>\\r\\nFailure to cramp wheels on grade\\r\\n<\\/td>\\r\\n<\\/tr><tr><td>\\r\\nYou parked in the wrong direction on a one-way street\\r\\n<\\/td><td>\\r\\n$48\\r\\n<\\/td><td>\\r\\n10.28.040\\r\\n<\\/td>\\r\\n<td>\\r\\nParking in the wrong direction on a one-way street\\r\\n<\\/td>\\r\\n<\\/tr><tr><td>\\r\\nYou parked in the wrong direction on a two-way street\\r\\n<\\/td><td>\\r\\n$63\\r\\n<\\/td><td>\\r\\n10.28.040B\\r\\n<\\/td>\\r\\n<td>\\r\\nParking in the wrong direction on a two-way street\\r\\n<\\/td>\\r\\n<\\/tr><tr><td>\\r\\nYou parked in an area with permit parking without the correct permit\\r\\n<\\/td><td>\\r\\n$83\\r\\n<\\/td><td>\\r\\n10.44.120A\\r\\n<\\/td>\\r\\n<td>\\r\\nParking in a Residential Parking Permit Zone\\r\\n<\\/td><\\/tr><\\/tbody><\\/table>\",\"5\":\"https:\\/\\/prodpci.etimspayments.com\\/pbw\\/include\\/oakland\\/input.jsp\",\"3\":\"Pay your ticket online\",\"4\":\"This page provides information on how to pay a parking ticket in the City of Oakland\"}}', '2015-12-19 00:17:34', '2015-12-19 00:17:34', '98c6fe59-653a-4d1e-8084-0dddfb3dbd60'),
 ('532', '6', '3', '1', 'en_us', '23', '', '{\"typeId\":\"3\",\"authorId\":\"1\",\"title\":\"Pay a Parking Ticket\",\"slug\":\"pay-a-parking-ticket\",\"postDate\":1449259680,\"expiryDate\":null,\"enabled\":1,\"parentId\":\"122\",\"fields\":{\"1\":\"<h2 id=\\\"what-you-need-to-know\\\">What You Need to Know<\\/h2>\\r\\n\\r\\n<ul>\\r\\n  <li>You can pay online using Visa, MasterCard, Discover or American Express<\\/li>\\r\\n  <li>You have 21 days after the date the ticket was written to make a payment.<\\/li>\\r\\n<\\/ul>\\r\\n\\r\\n\\r\\n\\r\\n\\r\\n\\r\\n\\r\\n\\r\\n\\r\\n\\r\\n<h2 id=\\\"ways-to-pay\\\">Additional&nbsp;Ways to Pay<\\/h2><p><br><\\/p><h3>By Phone<\\/h3>\\r\\n\\r\\n<p><strong>Parking Citation Assistance Center<\\/strong><br>Phone: (800) 500-6484<br>Please have your&nbsp;credit card on hand&nbsp;(Visa, Mastercard, Discover or American Express)<\\/p><p><br><\\/p><h3 id=\\\"in-person\\\">In Person<\\/h3>\\r\\n\\r\\n\\r\\n\\r\\n<p><strong>Parking Citation Assistance Center<\\/strong><br>250 Frank H. Ogawa Plaza, Suite 6300<br>Oakland, CA 94612<br><\\/p><p>Phone: (800) 500-6484<br>Mondays, Tuesdays, Thursdays and Fridays from 9 a.m. to 4:30 p.m.<br>Wednesdays from 9:30 a.m. to 4:30 p.m.<\\/p>\\r\\n\\r\\n<p><strong>Parking ticket payment kiosks<\\/strong><br>250 Frank H. Ogawa Plaza<br>Monday through Friday from 8:30 a.m. to 5 p.m.<\\/p><p><br><strong>Eastmont Police Substation<\\/strong><br>2651 73rd Avenue<br>Monday through Saturday from 8:00 a.m. to 4 p.m.<\\/p><p><br><\\/p>\\r\\n\\r\\n\\r\\n\\r\\n\\r\\n\\r\\n\\r\\n\\r\\n\\r\\n\\r\\n\\r\\n\\r\\n\\r\\n\\r\\n<h3 id=\\\"by-mail\\\">By Mail<\\/h3>\\r\\n\\r\\n\\r\\n\\r\\n\\r\\n\\r\\n\\r\\n\\r\\n\\r\\n\\r\\n\\r\\n\\r\\n\\r\\n\\r\\n<p>Mail your parking ticket&nbsp;and the full payment to:<\\/p>\\r\\n\\r\\n\\r\\n\\r\\n\\r\\n\\r\\n\\r\\n\\r\\n\\r\\n\\r\\n\\r\\n\\r\\n\\r\\n\\r\\n<p>Parking Citation Assistance Center<br>250 Frank H. Ogawa Plaza, Suite 6300<br>Oakland, CA 94612<\\/p><p><br><\\/p>\\r\\n\\r\\n\\r\\n\\r\\n\\r\\n\\r\\n\\r\\n\\r\\n\\r\\n\\r\\n\\r\\n\\r\\n\\r\\n\\r\\n<h2>Common Violations<\\/h2><p>Parking fines depend on the type of parking violation. \\r\\nBelow are some common violations, including their legal reference and the fine.<\\/p>\\r\\n\\r\\n\\r\\n\\r\\n\\r\\n\\r\\n\\r\\n\\r\\n<table>\\r\\n<thead>\\r\\n<tr><th>Common violations<\\/th><th>Fine<\\/th><th>\\r\\nOakland Municipal Code reference<\\/th><th>Legal definition<\\/th><\\/tr>\\r\\n<\\/thead>\\r\\n<tbody>\\r\\n<tr><td>\\r\\nYour meter time ran out\\r\\n<\\/td><td>\\r\\n$58\\r\\n<\\/td><td>\\r\\n10.36.050\\r\\n<\\/td>\\r\\n<td>Expired meter<\\/td>\\r\\n<\\/tr><tr><td>\\r\\nYour parking receipt was not visible in your vehicle\\r\\n<\\/td><td>\\r\\n$58\\r\\n<\\/td><td>\\r\\n10.36.030B\\r\\n<\\/td>\\r\\n<td>\\r\\nFailure to display parking receipt\\r\\n<\\/td>\\r\\n<\\/tr><tr><td>\\r\\nYou parked in a no parking zone<\\/td><td>\\r\\n$83\\r\\n<\\/td><td>\\r\\n10.40.020A1\\r\\n<\\/td>\\r\\n<td>\\r\\nParking in a red zone\\r\\n<\\/td>\\r\\n<\\/tr><tr><td>\\r\\nYou parked in an area reserved for buses<\\/td><td>\\r\\n$265\\r\\n<\\/td><td>\\r\\n10.40.090E\\r\\n<\\/td>\\r\\n<td>\\r\\nParking in a bus zone\\r\\n<\\/td>\\r\\n<\\/tr><tr><td>\\r\\nYou double parked your vehicle<\\/td><td>\\r\\n$41\\r\\n<\\/td><td>\\r\\n10.08.150\\r\\n<\\/td>\\r\\n<td>\\r\\nImpeding a lane of traffic\\r\\n<\\/td>\\r\\n<\\/tr><tr><td>\\r\\nYou didn\\u2019t turn your wheels correctly to park on a hill\\r\\n<\\/td><td>\\r\\n$45\\r\\n<\\/td><td>\\r\\n10.16.090\\r\\n<\\/td>\\r\\n<td>\\r\\nFailure to cramp wheels on grade\\r\\n<\\/td>\\r\\n<\\/tr><tr><td>\\r\\nYou parked in the wrong direction on a one-way street\\r\\n<\\/td><td>\\r\\n$48\\r\\n<\\/td><td>\\r\\n10.28.040\\r\\n<\\/td>\\r\\n<td>\\r\\nParking in the wrong direction on a one-way street\\r\\n<\\/td>\\r\\n<\\/tr><tr><td>\\r\\nYou parked in the wrong direction on a two-way street\\r\\n<\\/td><td>\\r\\n$63\\r\\n<\\/td><td>\\r\\n10.28.040B\\r\\n<\\/td>\\r\\n<td>\\r\\nParking in the wrong direction on a two-way street\\r\\n<\\/td>\\r\\n<\\/tr><tr><td>\\r\\nYou parked in an area with permit parking without the correct permit\\r\\n<\\/td><td>\\r\\n$83\\r\\n<\\/td><td>\\r\\n10.44.120A\\r\\n<\\/td>\\r\\n<td>\\r\\nParking in a Residential Parking Permit Zone\\r\\n<\\/td><\\/tr><\\/tbody><\\/table><p><br><\\/p><h2>Additional References<\\/h2>\\r\\n\\r\\n<ul><li><a href=\\\"http:\\/\\/www2.oaklandnet.com\\/oakca1\\/groups\\/ceda\\/documents\\/marketingmaterial\\/oak044797.pdf\\\">Click here to see a complete roster of parking violation fines from the OMC and California Vehicle Code<\\/a><\\/li><li><a href=\\\"http:\\/\\/library.municode.com\\/index.aspx?clientId=16308&stateId=5&stateName=California\\\">Visit here to see Oakland Municipal Code about parking violations<\\/a><\\/li><li><a href=\\\"http:\\/\\/www.leginfo.ca.gov\\/cgi-bin\\/calawquery?codesection=veh\\\">Visit here to see California Vehicle Code<\\/a><\\/li><li>Call the Parking Citation Assistance Center at (800) 500-6484.<\\/li><\\/ul>\",\"5\":\"https:\\/\\/prodpci.etimspayments.com\\/pbw\\/include\\/oakland\\/input.jsp\",\"3\":\"Pay your ticket online\",\"4\":\"This page provides information on how to pay a parking ticket in the City of Oakland\"}}', '2015-12-19 00:24:04', '2015-12-19 00:24:04', '854b4243-0e5f-4a7e-901f-e94963b817bb'),
 ('542', '6', '3', '1', 'en_us', '24', '', '{\"typeId\":\"3\",\"authorId\":\"1\",\"title\":\"Pay a Parking Ticket\",\"slug\":\"pay-a-parking-ticket\",\"postDate\":1449259680,\"expiryDate\":null,\"enabled\":1,\"parentId\":\"122\",\"fields\":{\"1\":\"<h2 id=\\\"what-you-need-to-know\\\">What You Need to Know<\\/h2>\\r\\n\\r\\n<ul>\\r\\n  <li>You can pay online using Visa, MasterCard, Discover or American Express<\\/li>\\r\\n  <li>You have 21 days after the date the ticket was written to make a payment.<\\/li>\\r\\n<\\/ul>\\r\\n\\r\\n\\r\\n\\r\\n\\r\\n\\r\\n\\r\\n\\r\\n\\r\\n\\r\\n\\r\\n\\r\\n<h2 id=\\\"ways-to-pay\\\">Additional&nbsp;Ways to Pay<\\/h2>\\r\\n\\r\\n<p><br><\\/p>\\r\\n\\r\\n<h3>By Phone<\\/h3>\\r\\n\\r\\n\\r\\n\\r\\n<p><strong>Parking Citation Assistance Center<\\/strong><br>Phone: (800) 500-6484<br>Please have your&nbsp;credit card on hand&nbsp;(Visa, Mastercard, Discover or American Express)<\\/p>\\r\\n\\r\\n<p><br><\\/p>\\r\\n\\r\\n<h3 id=\\\"in-person\\\">In Person<\\/h3>\\r\\n\\r\\n\\r\\n\\r\\n\\r\\n\\r\\n<p><strong>Parking Citation Assistance Center<\\/strong><br>250 Frank H. Ogawa Plaza, Suite 6300<br>Oakland, CA 94612<br><\\/p>\\r\\n\\r\\n<p>Phone: (800) 500-6484<br>Mondays, Tuesdays, Thursdays and Fridays from 9 a.m. to 4:30 p.m.<br>Wednesdays from 9:30 a.m. to 4:30 p.m.<\\/p>\\r\\n\\r\\n\\r\\n\\r\\n<p><strong>Parking ticket payment kiosks<\\/strong><br>250 Frank H. Ogawa Plaza<br>Monday through Friday from 8:30 a.m. to 5 p.m.<\\/p>\\r\\n\\r\\n<p><br><strong>Eastmont Police Substation<\\/strong><br>2651 73rd Avenue<br>Monday through Saturday from 8:00 a.m. to 4 p.m.<\\/p>\\r\\n\\r\\n<p><br><\\/p>\\r\\n\\r\\n\\r\\n\\r\\n\\r\\n\\r\\n\\r\\n\\r\\n\\r\\n\\r\\n\\r\\n\\r\\n\\r\\n\\r\\n\\r\\n\\r\\n<h3 id=\\\"by-mail\\\">By Mail<\\/h3>\\r\\n\\r\\n\\r\\n\\r\\n\\r\\n\\r\\n\\r\\n\\r\\n\\r\\n\\r\\n\\r\\n\\r\\n\\r\\n\\r\\n\\r\\n\\r\\n<p>Mail your parking ticket&nbsp;and the full payment to:<\\/p>\\r\\n\\r\\n\\r\\n\\r\\n\\r\\n\\r\\n\\r\\n\\r\\n\\r\\n\\r\\n\\r\\n\\r\\n\\r\\n\\r\\n\\r\\n\\r\\n<p>Parking Citation Assistance Center<br>250 Frank H. Ogawa Plaza, Suite 6300<br>Oakland, CA 94612<\\/p>\\r\\n\\r\\n<p><br><\\/p>\\r\\n\\r\\n\\r\\n\\r\\n\\r\\n\\r\\n\\r\\n\\r\\n\\r\\n\\r\\n\\r\\n\\r\\n\\r\\n\\r\\n\\r\\n\\r\\n<h2>Common Violations<\\/h2>\\r\\n\\r\\n<p>Parking fines depend on the type of parking violation. \\r\\nBelow are some common violations, including their legal reference and the fine.<\\/p>\\r\\n\\r\\n\\r\\n\\r\\n\\r\\n\\r\\n\\r\\n\\r\\n\\r\\n\\r\\n<table>\\r\\n<thead>\\r\\n<tr><th>Common violations<\\/th><th>Fine<\\/th><th>\\r\\nOakland Municipal Code reference<\\/th><th>Legal definition<\\/th><\\/tr>\\r\\n<\\/thead>\\r\\n<tbody>\\r\\n<tr><td>\\r\\nYour meter time ran out\\r\\n<\\/td><td>\\r\\n$58\\r\\n<\\/td><td>\\r\\n10.36.050\\r\\n<\\/td>\\r\\n<td>Expired meter<\\/td>\\r\\n<\\/tr><tr><td>\\r\\nYour parking receipt was not visible in your vehicle\\r\\n<\\/td><td>\\r\\n$58\\r\\n<\\/td><td>\\r\\n10.36.030B\\r\\n<\\/td>\\r\\n<td>\\r\\nFailure to display parking receipt\\r\\n<\\/td>\\r\\n<\\/tr><tr><td>\\r\\nYou parked in a no parking zone<\\/td><td>\\r\\n$83\\r\\n<\\/td><td>\\r\\n10.40.020A1\\r\\n<\\/td>\\r\\n<td>\\r\\nParking in a red zone\\r\\n<\\/td>\\r\\n<\\/tr><tr><td>\\r\\nYou parked in an area reserved for buses<\\/td><td>\\r\\n$265\\r\\n<\\/td><td>\\r\\n10.40.090E\\r\\n<\\/td>\\r\\n<td>\\r\\nParking in a bus zone\\r\\n<\\/td>\\r\\n<\\/tr><tr><td>\\r\\nYou double parked your vehicle<\\/td><td>\\r\\n$41\\r\\n<\\/td><td>\\r\\n10.08.150\\r\\n<\\/td>\\r\\n<td>\\r\\nImpeding a lane of traffic\\r\\n<\\/td>\\r\\n<\\/tr><tr><td>\\r\\nYou didn\\u2019t turn your wheels correctly to park on a hill\\r\\n<\\/td><td>\\r\\n$45\\r\\n<\\/td><td>\\r\\n10.16.090\\r\\n<\\/td>\\r\\n<td>\\r\\nFailure to cramp wheels on grade\\r\\n<\\/td>\\r\\n<\\/tr><tr><td>\\r\\nYou parked in the wrong direction on a one-way street\\r\\n<\\/td><td>\\r\\n$48\\r\\n<\\/td><td>\\r\\n10.28.040\\r\\n<\\/td>\\r\\n<td>\\r\\nParking in the wrong direction on a one-way street\\r\\n<\\/td>\\r\\n<\\/tr><tr><td>\\r\\nYou parked in the wrong direction on a two-way street\\r\\n<\\/td><td>\\r\\n$63\\r\\n<\\/td><td>\\r\\n10.28.040B\\r\\n<\\/td>\\r\\n<td>\\r\\nParking in the wrong direction on a two-way street\\r\\n<\\/td>\\r\\n<\\/tr><tr><td>\\r\\nYou parked in an area with permit parking without the correct permit\\r\\n<\\/td><td>\\r\\n$83\\r\\n<\\/td><td>\\r\\n10.44.120A\\r\\n<\\/td>\\r\\n<td>\\r\\nParking in a Residential Parking Permit Zone\\r\\n<\\/td><\\/tr><\\/tbody><\\/table>\\r\\n\\r\\n<p><br><\\/p>\\r\\n\\r\\n<h2>Additional References<\\/h2>\\r\\n\\r\\n\\r\\n\\r\\n<ul><li><a href=\\\"http:\\/\\/www2.oaklandnet.com\\/oakca1\\/groups\\/ceda\\/documents\\/marketingmaterial\\/oak044797.pdf\\\">Click here to see a complete roster of parking violation fines from the OMC and California Vehicle Code<\\/a><\\/li><li><a href=\\\"http:\\/\\/library.municode.com\\/index.aspx?clientId=16308&stateId=5&stateName=California\\\">Visit here to see Oakland Municipal Code about parking violations<\\/a><\\/li><li><a href=\\\"http:\\/\\/www.leginfo.ca.gov\\/cgi-bin\\/calawquery?codesection=veh\\\">Visit here to see California Vehicle Code<\\/a><\\/li><li>Call the Parking Citation Assistance Center at (800) 500-6484.<\\/li><\\/ul>\",\"5\":\"https:\\/\\/prodpci.etimspayments.com\\/pbw\\/include\\/oakland\\/input.jsp\",\"3\":\"Pay your ticket online\",\"4\":\"\"}}', '2015-12-19 00:24:25', '2015-12-19 00:24:25', '711ffb61-6c33-41d8-a38e-d805a4102a27'),
 ('552', '6', '3', '1', 'en_us', '25', '', '{\"typeId\":\"3\",\"authorId\":\"1\",\"title\":\"Pay a Parking Ticket\",\"slug\":\"pay-a-parking-ticket\",\"postDate\":1449259680,\"expiryDate\":null,\"enabled\":1,\"parentId\":\"122\",\"fields\":{\"1\":\"<h2 id=\\\"what-you-need-to-know\\\">What You Need to Know<\\/h2>\\r\\n\\r\\n<ul>\\r\\n  <li>You have 21 days after the date the ticket was written to make a payment.<\\/li><li>You can pay online using Visa, MasterCard, Discover or American Express<\\/li>\\r\\n  <\\/ul><p><br><\\/p>\\r\\n\\r\\n\\r\\n\\r\\n\\r\\n\\r\\n\\r\\n\\r\\n\\r\\n\\r\\n\\r\\n\\r\\n\\r\\n\\r\\n<h2 id=\\\"ways-to-pay\\\">Additional&nbsp;Ways to Pay<\\/h2>\\r\\n\\r\\n\\r\\n\\r\\n<p><br><\\/p>\\r\\n\\r\\n\\r\\n\\r\\n<h3>By Phone<\\/h3>\\r\\n\\r\\n\\r\\n\\r\\n\\r\\n\\r\\n<p><strong>Parking Citation Assistance Center<\\/strong><br>Phone: (800) 500-6484<br>Please have your&nbsp;credit card on hand&nbsp;(Visa, Mastercard, Discover or American Express)<\\/p>\\r\\n\\r\\n\\r\\n\\r\\n<p><br><\\/p>\\r\\n\\r\\n\\r\\n\\r\\n<h3 id=\\\"in-person\\\">In Person<\\/h3>\\r\\n\\r\\n\\r\\n\\r\\n\\r\\n\\r\\n\\r\\n\\r\\n<p><strong>Parking Citation Assistance Center<\\/strong><br>250 Frank H. Ogawa Plaza, Suite 6300<br>Oakland, CA 94612<br><\\/p>\\r\\n\\r\\n\\r\\n\\r\\n<p>Phone: (800) 500-6484<br>Mondays, Tuesdays, Thursdays and Fridays from 9 a.m. to 4:30 p.m.<br>Wednesdays from 9:30 a.m. to 4:30 p.m.<\\/p>\\r\\n\\r\\n\\r\\n\\r\\n\\r\\n\\r\\n<p><strong>Parking ticket payment kiosks<\\/strong><br>250 Frank H. Ogawa Plaza<br>Monday through Friday from 8:30 a.m. to 5 p.m.<\\/p>\\r\\n\\r\\n\\r\\n\\r\\n<p><br><strong>Eastmont Police Substation<\\/strong><br>2651 73rd Avenue<br>Monday through Saturday from 8:00 a.m. to 4 p.m.<\\/p>\\r\\n\\r\\n\\r\\n\\r\\n<p><br><\\/p>\\r\\n\\r\\n\\r\\n\\r\\n\\r\\n\\r\\n\\r\\n\\r\\n\\r\\n\\r\\n\\r\\n\\r\\n\\r\\n\\r\\n\\r\\n\\r\\n\\r\\n\\r\\n<h3 id=\\\"by-mail\\\">By Mail<\\/h3>\\r\\n\\r\\n\\r\\n\\r\\n\\r\\n\\r\\n\\r\\n\\r\\n\\r\\n\\r\\n\\r\\n\\r\\n\\r\\n\\r\\n\\r\\n\\r\\n\\r\\n\\r\\n<p>Mail your parking ticket&nbsp;and the full payment to:<\\/p>\\r\\n\\r\\n\\r\\n\\r\\n\\r\\n\\r\\n\\r\\n\\r\\n\\r\\n\\r\\n\\r\\n\\r\\n\\r\\n\\r\\n\\r\\n\\r\\n\\r\\n\\r\\n<p>Parking Citation Assistance Center<br>250 Frank H. Ogawa Plaza, Suite 6300<br>Oakland, CA 94612<\\/p>\\r\\n\\r\\n\\r\\n\\r\\n<p><br><\\/p>\\r\\n\\r\\n\\r\\n\\r\\n\\r\\n\\r\\n\\r\\n\\r\\n\\r\\n\\r\\n\\r\\n\\r\\n\\r\\n\\r\\n\\r\\n\\r\\n\\r\\n\\r\\n<h2>Common Violations<\\/h2>\\r\\n\\r\\n\\r\\n\\r\\n<p>Parking fines depend on the type of parking violation. \\r\\nBelow are some common violations, including their legal reference and the fine.<\\/p>\\r\\n\\r\\n\\r\\n\\r\\n\\r\\n\\r\\n\\r\\n\\r\\n\\r\\n\\r\\n\\r\\n\\r\\n<table>\\r\\n<thead>\\r\\n<tr><th>Common violations<\\/th><th>Fine<\\/th><th>\\r\\nOakland Municipal Code reference<\\/th><th>Legal definition<\\/th><\\/tr>\\r\\n<\\/thead>\\r\\n<tbody>\\r\\n<tr><td>\\r\\nYour meter time ran out\\r\\n<\\/td><td>\\r\\n$58\\r\\n<\\/td><td>\\r\\n10.36.050\\r\\n<\\/td>\\r\\n<td>Expired meter<\\/td>\\r\\n<\\/tr><tr><td>\\r\\nYour parking receipt was not visible in your vehicle\\r\\n<\\/td><td>\\r\\n$58\\r\\n<\\/td><td>\\r\\n10.36.030B\\r\\n<\\/td>\\r\\n<td>\\r\\nFailure to display parking receipt\\r\\n<\\/td>\\r\\n<\\/tr><tr><td>\\r\\nYou parked in a no parking zone<\\/td><td>\\r\\n$83\\r\\n<\\/td><td>\\r\\n10.40.020A1\\r\\n<\\/td>\\r\\n<td>\\r\\nParking in a red zone\\r\\n<\\/td>\\r\\n<\\/tr><tr><td>\\r\\nYou parked in an area reserved for buses<\\/td><td>\\r\\n$265\\r\\n<\\/td><td>\\r\\n10.40.090E\\r\\n<\\/td>\\r\\n<td>\\r\\nParking in a bus zone\\r\\n<\\/td>\\r\\n<\\/tr><tr><td>\\r\\nYou double parked your vehicle<\\/td><td>\\r\\n$41\\r\\n<\\/td><td>\\r\\n10.08.150\\r\\n<\\/td>\\r\\n<td>\\r\\nImpeding a lane of traffic\\r\\n<\\/td>\\r\\n<\\/tr><tr><td>\\r\\nYou didn\\u2019t turn your wheels correctly to park on a hill\\r\\n<\\/td><td>\\r\\n$45\\r\\n<\\/td><td>\\r\\n10.16.090\\r\\n<\\/td>\\r\\n<td>\\r\\nFailure to cramp wheels on grade\\r\\n<\\/td>\\r\\n<\\/tr><tr><td>\\r\\nYou parked in the wrong direction on a one-way street\\r\\n<\\/td><td>\\r\\n$48\\r\\n<\\/td><td>\\r\\n10.28.040\\r\\n<\\/td>\\r\\n<td>\\r\\nParking in the wrong direction on a one-way street\\r\\n<\\/td>\\r\\n<\\/tr><tr><td>\\r\\nYou parked in the wrong direction on a two-way street\\r\\n<\\/td><td>\\r\\n$63\\r\\n<\\/td><td>\\r\\n10.28.040B\\r\\n<\\/td>\\r\\n<td>\\r\\nParking in the wrong direction on a two-way street\\r\\n<\\/td>\\r\\n<\\/tr><tr><td>\\r\\nYou parked in an area with permit parking without the correct permit\\r\\n<\\/td><td>\\r\\n$83\\r\\n<\\/td><td>\\r\\n10.44.120A\\r\\n<\\/td>\\r\\n<td>\\r\\nParking in a Residential Parking Permit Zone\\r\\n<\\/td><\\/tr><\\/tbody><\\/table>\\r\\n\\r\\n\\r\\n\\r\\n<p><br><\\/p>\\r\\n\\r\\n\\r\\n\\r\\n<h2>Additional References<\\/h2>\\r\\n\\r\\n\\r\\n\\r\\n\\r\\n\\r\\n<ul><li><a href=\\\"http:\\/\\/www2.oaklandnet.com\\/oakca1\\/groups\\/ceda\\/documents\\/marketingmaterial\\/oak044797.pdf\\\">Click here to see a complete roster of parking violation fines from the OMC and California Vehicle Code<\\/a><\\/li><li><a href=\\\"http:\\/\\/library.municode.com\\/index.aspx?clientId=16308&stateId=5&stateName=California\\\">Visit here to see Oakland Municipal Code about parking violations<\\/a><\\/li><li><a href=\\\"http:\\/\\/www.leginfo.ca.gov\\/cgi-bin\\/calawquery?codesection=veh\\\">Visit here to see California Vehicle Code<\\/a><\\/li><li>Call the Parking Citation Assistance Center at (800) 500-6484.<\\/li><\\/ul>\",\"5\":\"https:\\/\\/prodpci.etimspayments.com\\/pbw\\/include\\/oakland\\/input.jsp\",\"3\":\"Pay your ticket online\",\"4\":\"\"}}', '2015-12-19 00:25:14', '2015-12-19 00:25:14', '1607fd4b-f526-45de-86ef-3d29558751a9'),
 ('562', '6', '3', '1', 'en_us', '26', '', '{\"typeId\":\"3\",\"authorId\":\"1\",\"title\":\"Pay a Parking Ticket\",\"slug\":\"pay-a-parking-ticket\",\"postDate\":1449259680,\"expiryDate\":null,\"enabled\":1,\"parentId\":\"122\",\"fields\":{\"1\":\"<h2>Pay&nbsp;Online<\\/h2>\\r\\n\\r\\n<p>You have 21 days after the date the ticket was written to make a payment.<\\/p>\\r\\n\\r\\n\\r\\n\\r\\n<p>You can pay online using Visa, MasterCard, Discover or American Express<\\/p>\\r\\n\\r\\n\\r\\n\\r\\n<p><br><\\/p>\\r\\n\\r\\n\\r\\n\\r\\n\\r\\n\\r\\n\\r\\n\\r\\n\\r\\n\\r\\n\\r\\n\\r\\n<h2 id=\\\"ways-to-pay\\\">Pay by Phone<\\/h2>\\r\\n\\r\\n\\r\\n\\r\\n\\r\\n\\r\\n\\r\\n\\r\\n<p><strong>Parking Citation Assistance Center<\\/strong><br>Phone: (800) 500-6484<br>Please have your&nbsp;credit card on hand&nbsp;(Visa, Mastercard, Discover or American Express)<\\/p>\\r\\n\\r\\n\\r\\n\\r\\n\\r\\n\\r\\n\\r\\n\\r\\n<p><br><\\/p>\\r\\n\\r\\n\\r\\n\\r\\n\\r\\n\\r\\n\\r\\n\\r\\n<h2 id=\\\"in-person\\\">Pay in Person<\\/h2>\\r\\n\\r\\n\\r\\n\\r\\n\\r\\n\\r\\n\\r\\n\\r\\n\\r\\n\\r\\n<p><strong>Parking Citation Assistance Center<\\/strong><br>250 Frank H. Ogawa Plaza, Suite 6300<br>Oakland, CA 94612<br>Mondays, Tuesdays, Thursdays and Fridays from 9 a.m. to 4:30 p.m<br>Wednesdays from 9:30 a.m. to 4:30 p.m.<\\/p>\\r\\n\\r\\n\\r\\n\\r\\n\\r\\n\\r\\n\\r\\n\\r\\n<p><strong>Parking ticket payment kiosks<\\/strong><br>250 Frank H. Ogawa Plaza<br>Monday through Friday from 8:30 a.m. to 5 p.m.<\\/p><p><strong>Eastmont Police Substation<\\/strong><br>2651 73rd Avenue<br>Monday through Saturday from 8:00 a.m. to 4 p.m.<\\/p>\\r\\n\\r\\n\\r\\n\\r\\n\\r\\n\\r\\n\\r\\n\\r\\n<p><br><\\/p>\\r\\n\\r\\n\\r\\n\\r\\n\\r\\n\\r\\n\\r\\n\\r\\n\\r\\n\\r\\n\\r\\n\\r\\n\\r\\n\\r\\n<h2 id=\\\"by-mail\\\">Pay by Mail<\\/h2>\\r\\n\\r\\n\\r\\n\\r\\n\\r\\n\\r\\n\\r\\n\\r\\n\\r\\n\\r\\n\\r\\n\\r\\n\\r\\n\\r\\n<p>Mail your parking ticket&nbsp;and the full payment to:<\\/p>\\r\\n\\r\\n\\r\\n\\r\\n\\r\\n\\r\\n\\r\\n\\r\\n\\r\\n\\r\\n\\r\\n\\r\\n\\r\\n\\r\\n<p>Parking Citation Assistance Center<br>250 Frank H. Ogawa Plaza, Suite 6300<br>Oakland, CA 94612<\\/p>\\r\\n\\r\\n\\r\\n\\r\\n\\r\\n\\r\\n\\r\\n\\r\\n<p><br><\\/p>\\r\\n\\r\\n\\r\\n\\r\\n\\r\\n\\r\\n\\r\\n\\r\\n\\r\\n\\r\\n\\r\\n\\r\\n\\r\\n\\r\\n<h2>Common Violations<\\/h2>\\r\\n\\r\\n\\r\\n\\r\\n\\r\\n\\r\\n\\r\\n\\r\\n<p>Parking fines depend on the type of parking violation. \\r\\nBelow are some common violations, including their legal reference and the fine.<\\/p>\\r\\n\\r\\n\\r\\n\\r\\n\\r\\n\\r\\n\\r\\n\\r\\n\\r\\n\\r\\n\\r\\n\\r\\n<table>\\r\\n<thead>\\r\\n<tr><th>Common violations<\\/th><th>Fine<\\/th><th>\\r\\nOakland Municipal Code reference<\\/th><th>Legal definition<\\/th><\\/tr>\\r\\n<\\/thead>\\r\\n<tbody>\\r\\n<tr><td>\\r\\nYour meter time ran out\\r\\n<\\/td><td>\\r\\n$58\\r\\n<\\/td><td>\\r\\n10.36.050\\r\\n<\\/td>\\r\\n<td>Expired meter<\\/td>\\r\\n<\\/tr><tr><td>\\r\\nYour parking receipt was not visible in your vehicle\\r\\n<\\/td><td>\\r\\n$58\\r\\n<\\/td><td>\\r\\n10.36.030B\\r\\n<\\/td>\\r\\n<td>\\r\\nFailure to display parking receipt\\r\\n<\\/td>\\r\\n<\\/tr><tr><td>\\r\\nYou parked in a no parking zone<\\/td><td>\\r\\n$83\\r\\n<\\/td><td>\\r\\n10.40.020A1\\r\\n<\\/td>\\r\\n<td>\\r\\nParking in a red zone\\r\\n<\\/td>\\r\\n<\\/tr><tr><td>\\r\\nYou parked in an area reserved for buses<\\/td><td>\\r\\n$265\\r\\n<\\/td><td>\\r\\n10.40.090E\\r\\n<\\/td>\\r\\n<td>\\r\\nParking in a bus zone\\r\\n<\\/td>\\r\\n<\\/tr><tr><td>\\r\\nYou double parked your vehicle<\\/td><td>\\r\\n$41\\r\\n<\\/td><td>\\r\\n10.08.150\\r\\n<\\/td>\\r\\n<td>\\r\\nImpeding a lane of traffic\\r\\n<\\/td>\\r\\n<\\/tr><tr><td>\\r\\nYou didn\\u2019t turn your wheels correctly to park on a hill\\r\\n<\\/td><td>\\r\\n$45\\r\\n<\\/td><td>\\r\\n10.16.090\\r\\n<\\/td>\\r\\n<td>\\r\\nFailure to cramp wheels on grade\\r\\n<\\/td>\\r\\n<\\/tr><tr><td>\\r\\nYou parked in the wrong direction on a one-way street\\r\\n<\\/td><td>\\r\\n$48\\r\\n<\\/td><td>\\r\\n10.28.040\\r\\n<\\/td>\\r\\n<td>\\r\\nParking in the wrong direction on a one-way street\\r\\n<\\/td>\\r\\n<\\/tr><tr><td>\\r\\nYou parked in the wrong direction on a two-way street\\r\\n<\\/td><td>\\r\\n$63\\r\\n<\\/td><td>\\r\\n10.28.040B\\r\\n<\\/td>\\r\\n<td>\\r\\nParking in the wrong direction on a two-way street\\r\\n<\\/td>\\r\\n<\\/tr><tr><td>\\r\\nYou parked in an area with permit parking without the correct permit\\r\\n<\\/td><td>\\r\\n$83\\r\\n<\\/td><td>\\r\\n10.44.120A\\r\\n<\\/td>\\r\\n<td>\\r\\nParking in a Residential Parking Permit Zone\\r\\n<\\/td><\\/tr><\\/tbody><\\/table>\\r\\n\\r\\n\\r\\n\\r\\n\\r\\n\\r\\n\\r\\n\\r\\n<p><br><\\/p>\\r\\n\\r\\n\\r\\n\\r\\n\\r\\n\\r\\n\\r\\n\\r\\n<h2>Additional References<\\/h2>\\r\\n\\r\\n\\r\\n\\r\\n\\r\\n\\r\\n\\r\\n\\r\\n<ul><li><a href=\\\"http:\\/\\/www2.oaklandnet.com\\/oakca1\\/groups\\/ceda\\/documents\\/marketingmaterial\\/oak044797.pdf\\\">Click here to see a complete roster of parking violation fines from the OMC and California Vehicle Code<\\/a><\\/li><li><a href=\\\"http:\\/\\/library.municode.com\\/index.aspx?clientId=16308&stateId=5&stateName=California\\\">Visit here to see Oakland Municipal Code about parking violations<\\/a><\\/li><li><a href=\\\"http:\\/\\/www.leginfo.ca.gov\\/cgi-bin\\/calawquery?codesection=veh\\\">Visit here to see California Vehicle Code<\\/a><\\/li><li>Call the Parking Citation Assistance Center at (800) 500-6484.<\\/li><\\/ul>\",\"5\":\"https:\\/\\/prodpci.etimspayments.com\\/pbw\\/include\\/oakland\\/input.jsp\",\"3\":\"Pay your ticket online\",\"4\":\"\"}}', '2015-12-19 00:31:35', '2015-12-19 00:31:35', '77386ff3-df60-40ab-8798-779a8fa3b503'),
 ('582', '6', '3', '1', 'en_us', '27', '', '{\"typeId\":\"3\",\"authorId\":\"1\",\"title\":\"Pay a Parking Ticket\",\"slug\":\"pay-a-parking-ticket\",\"postDate\":1449259680,\"expiryDate\":null,\"enabled\":1,\"parentId\":\"122\",\"fields\":{\"1\":\"<h2><\\/h2>\\r\\n\\r\\n<p>You have 21 days after the date the ticket was written to make a payment.<\\/p><p><br><\\/p>\\r\\n\\r\\n\\r\\n\\r\\n\\r\\n\\r\\n\\r\\n\\r\\n\\r\\n\\r\\n<h2 id=\\\"ways-to-pay\\\">Pay by Phone<\\/h2>\\r\\n\\r\\n\\r\\n\\r\\n\\r\\n\\r\\n\\r\\n\\r\\n\\r\\n\\r\\n<p><strong>Parking Citation Assistance Center<\\/strong><br>Phone: (800) 500-6484<br>Please have your&nbsp;credit card on hand&nbsp;(Visa, Mastercard, Discover or American Express)<\\/p><p><br><\\/p>\\r\\n\\r\\n\\r\\n\\r\\n\\r\\n\\r\\n\\r\\n\\r\\n\\r\\n\\r\\n<h2>Pay by&nbsp;Mail or&nbsp;In Person<\\/h2>\\r\\n\\r\\n\\r\\n\\r\\n\\r\\n\\r\\n<p><strong>Parking Citation Assistance Center<\\/strong><br>250 Frank H. Ogawa Plaza, Suite 6300 Oakland, CA 94612<br>Mondays, Tuesdays, Thursdays and Fridays from 9 a.m. to 4:30 p.m.<br>Wednesdays from 9:30 a.m. to 4:30 p.m.<\\/p><p><br><\\/p>\\r\\n\\r\\n<h3>Additional In Person Locations<\\/h3>\\r\\n\\r\\n<p><strong>Parking ticket payment kiosks<\\/strong><br>250 Frank H. Ogawa Plaza<br>Monday through Friday from 8:30 a.m. to 5 p.m.<\\/p>\\r\\n\\r\\n\\r\\n\\r\\n\\r\\n\\r\\n\\r\\n\\r\\n<p><strong>Eastmont Police Substation<\\/strong><br>2651 73rd Avenue<br>Monday through Saturday from 8:00 a.m. to 4 p.m.<\\/p>\\r\\n\\r\\n\\r\\n\\r\\n\\r\\n\\r\\n\\r\\n\\r\\n\\r\\n\\r\\n<p><br><\\/p>\\r\\n\\r\\n\\r\\n\\r\\n\\r\\n\\r\\n\\r\\n\\r\\n\\r\\n\\r\\n<h2 id=\\\"by-mail\\\">Pay by Mail<\\/h2>\\r\\n\\r\\n\\r\\n\\r\\n\\r\\n\\r\\n\\r\\n\\r\\n\\r\\n\\r\\n<p>Mail your parking ticket&nbsp;and the full payment to:<\\/p>\\r\\n\\r\\n\\r\\n\\r\\n\\r\\n\\r\\n\\r\\n\\r\\n\\r\\n\\r\\n<p><strong>Parking Citation Assistance Center<\\/strong><br>250 Frank H. Ogawa Plaza, Suite 6300<br>Oakland, CA 94612<\\/p>\\r\\n\\r\\n\\r\\n\\r\\n\\r\\n\\r\\n\\r\\n\\r\\n\\r\\n\\r\\n<p><br><\\/p>\\r\\n\\r\\n\\r\\n\\r\\n\\r\\n\\r\\n\\r\\n\\r\\n\\r\\n\\r\\n<h2>Common Violations<\\/h2>\\r\\n\\r\\n\\r\\n\\r\\n\\r\\n\\r\\n\\r\\n\\r\\n\\r\\n\\r\\n<p>Parking fines depend on the type of parking violation. \\r\\nBelow are some common violations, including their legal reference and the fine.<\\/p>\\r\\n\\r\\n\\r\\n\\r\\n\\r\\n\\r\\n\\r\\n\\r\\n\\r\\n\\r\\n<table>\\r\\n<thead>\\r\\n<tr><th>Common violations<\\/th><th>Fine<\\/th><th>\\r\\nOakland Municipal Code reference<\\/th><th>Legal definition<\\/th><\\/tr>\\r\\n<\\/thead>\\r\\n<tbody>\\r\\n<tr><td>\\r\\nYour meter time ran out\\r\\n<\\/td><td>\\r\\n$58\\r\\n<\\/td><td>\\r\\n10.36.050\\r\\n<\\/td>\\r\\n<td>Expired meter<\\/td>\\r\\n<\\/tr><tr><td>\\r\\nYour parking receipt was not visible in your vehicle\\r\\n<\\/td><td>\\r\\n$58\\r\\n<\\/td><td>\\r\\n10.36.030B\\r\\n<\\/td>\\r\\n<td>\\r\\nFailure to display parking receipt\\r\\n<\\/td>\\r\\n<\\/tr><tr><td>\\r\\nYou parked in a no parking zone<\\/td><td>\\r\\n$83\\r\\n<\\/td><td>\\r\\n10.40.020A1\\r\\n<\\/td>\\r\\n<td>\\r\\nParking in a red zone\\r\\n<\\/td>\\r\\n<\\/tr><tr><td>\\r\\nYou parked in an area reserved for buses<\\/td><td>\\r\\n$265\\r\\n<\\/td><td>\\r\\n10.40.090E\\r\\n<\\/td>\\r\\n<td>\\r\\nParking in a bus zone\\r\\n<\\/td>\\r\\n<\\/tr><tr><td>\\r\\nYou double parked your vehicle<\\/td><td>\\r\\n$41\\r\\n<\\/td><td>\\r\\n10.08.150\\r\\n<\\/td>\\r\\n<td>\\r\\nImpeding a lane of traffic\\r\\n<\\/td>\\r\\n<\\/tr><tr><td>\\r\\nYou didn\\u2019t turn your wheels correctly to park on a hill\\r\\n<\\/td><td>\\r\\n$45\\r\\n<\\/td><td>\\r\\n10.16.090\\r\\n<\\/td>\\r\\n<td>\\r\\nFailure to cramp wheels on grade\\r\\n<\\/td>\\r\\n<\\/tr><tr><td>\\r\\nYou parked in the wrong direction on a one-way street\\r\\n<\\/td><td>\\r\\n$48\\r\\n<\\/td><td>\\r\\n10.28.040\\r\\n<\\/td>\\r\\n<td>\\r\\nParking in the wrong direction on a one-way street\\r\\n<\\/td>\\r\\n<\\/tr><tr><td>\\r\\nYou parked in the wrong direction on a two-way street\\r\\n<\\/td><td>\\r\\n$63\\r\\n<\\/td><td>\\r\\n10.28.040B\\r\\n<\\/td>\\r\\n<td>\\r\\nParking in the wrong direction on a two-way street\\r\\n<\\/td>\\r\\n<\\/tr><tr><td>\\r\\nYou parked in an area with permit parking without the correct permit\\r\\n<\\/td><td>\\r\\n$83\\r\\n<\\/td><td>\\r\\n10.44.120A\\r\\n<\\/td>\\r\\n<td>\\r\\nParking in a Residential Parking Permit Zone\\r\\n<\\/td><\\/tr><\\/tbody><\\/table>\\r\\n\\r\\n\\r\\n\\r\\n\\r\\n\\r\\n\\r\\n\\r\\n\\r\\n\\r\\n<h2>Refund Request Form<\\/h2>\\r\\n\\r\\n\\r\\n\\r\\n\\r\\n\\r\\n\\r\\n\\r\\n<p>If you feel you are due a refund for overpayment for a parking ticket associated with your license plate, please complete and return a Refund Request Form.\\r\\nClick here to download the Refund Request Form.\\r\\nProvide proof of payment as detailed on the form.\\r\\nPlease allow four to six weeks for processing.\\r\\nCompleted forms and proof of payment can be submitted by mail, in person or by fax.<\\/p>\\r\\n\\r\\n\\r\\n\\r\\n\\r\\n\\r\\n\\r\\n\\r\\n<h3 id=\\\"mailin-person\\\">Mail\\/In Person<\\/h3>\\r\\n\\r\\n\\r\\n\\r\\n\\r\\n\\r\\n\\r\\n\\r\\n<p>Parking Citation Assistance Center<br>250 Frank H. Ogawa Plaza, Suite 6300 Oakland, CA 94612<br>Mondays, Tuesdays, Thursdays and Fridays from 9 a.m. to 4:30 p.m.<br>Wednesdays from 9:30 a.m. to 4:30 p.m.<br><\\/p>\\r\\n\\r\\n\\r\\n\\r\\n\\r\\n\\r\\n\\r\\n\\r\\n\\r\\n\\r\\n<h2>Additional References<\\/h2>\\r\\n\\r\\n\\r\\n\\r\\n\\r\\n\\r\\n\\r\\n\\r\\n\\r\\n\\r\\n<ul><li><a href=\\\"http:\\/\\/www2.oaklandnet.com\\/oakca1\\/groups\\/ceda\\/documents\\/marketingmaterial\\/oak044797.pdf\\\">Click here to see a complete roster of parking violation fines from the OMC and California Vehicle Code<\\/a><\\/li><li><a href=\\\"http:\\/\\/library.municode.com\\/index.aspx?clientId=16308&stateId=5&stateName=California\\\">Visit here to see Oakland Municipal Code about parking violations<\\/a><\\/li><li><a href=\\\"http:\\/\\/www.leginfo.ca.gov\\/cgi-bin\\/calawquery?codesection=veh\\\">Visit here to see California Vehicle Code<\\/a><\\/li><li>Call the Parking Citation Assistance Center at (800) 500-6484.<\\/li><\\/ul>\",\"5\":\"https:\\/\\/prodpci.etimspayments.com\\/pbw\\/include\\/oakland\\/input.jsp\",\"3\":\"Pay your ticket online\",\"4\":\"\"}}', '2015-12-19 00:41:20', '2015-12-19 00:41:20', '7ef3a91b-db20-4965-8f52-0a3d21c34c57'),
 ('592', '322', '3', '1', 'en_us', '1', '', '{\"typeId\":\"4\",\"authorId\":\"1\",\"title\":\"What to do with Booted or Towed Cars\",\"slug\":\"what-to-do-with-booted-or-towed-cars\",\"postDate\":1450486158,\"expiryDate\":null,\"enabled\":1,\"parentId\":\"\",\"fields\":{\"4\":\"Find out what to do and who to contact when your car is booted or towed\"}}', '2015-12-19 00:49:18', '2015-12-19 00:49:18', '426f5d3c-f92d-4bf0-8221-0aa055c742a2'),
 ('602', '122', '3', '1', 'en_us', '2', '', '{\"typeId\":\"4\",\"authorId\":\"1\",\"title\":\"Pay and Content Parking Citations\",\"slug\":\"pay-a-ticket-and-other-parking-citation-problems\",\"postDate\":1450478520,\"expiryDate\":null,\"enabled\":1,\"parentId\":\"5\",\"fields\":{\"4\":\"What to do if you receive a citation, want to pay it and other info about illegally parked vehicles.\"}}', '2015-12-19 00:50:19', '2015-12-19 00:50:19', '7688b7b9-b9a3-4954-a10e-4a8537dc4102'),
 ('612', '122', '3', '1', 'en_us', '3', '', '{\"typeId\":\"4\",\"authorId\":\"1\",\"title\":\"Pay or Contest Parking Tickets\",\"slug\":\"pay-a-ticket-and-other-parking-citation-problems\",\"postDate\":1450478520,\"expiryDate\":null,\"enabled\":1,\"parentId\":\"5\",\"fields\":{\"4\":\"What to do if you receive a citation, want to pay it and other info about illegally parked vehicles.\"}}', '2015-12-19 00:50:38', '2015-12-19 00:50:38', 'd31d95c5-b1e5-4cc1-9180-967edddabfa0'),
 ('622', '152', '3', '1', 'en_us', '3', '', '{\"typeId\":\"3\",\"authorId\":\"1\",\"title\":\"Set up a Parking Citation Alert\",\"slug\":\"create-your-own-parking-citation-alert\",\"postDate\":1450480080,\"expiryDate\":null,\"enabled\":1,\"parentId\":\"122\",\"fields\":{\"1\":\"<p>Parking citation alerts provide notifications to help manage your parking needs and avoid unnecessary penalties. When you create an account, it will alert you so you receive notifications about:<\\/p>\\r\\n\\r\\n<ul>\\r\\n  <li>\\r\\n    <p>When a new citation is issued to your vehicle<\\/p>\\r\\n  <\\/li>\\r\\n  <li>\\r\\n    <p>Before a penalty are applied<\\/p>\\r\\n  <\\/li>\\r\\n  <li>\\r\\n    <p>After a mail-in payment is applied<\\/p>\\r\\n  <\\/li>\\r\\n  <li>\\r\\n    <p>About upcoming hearings<\\/p>\\r\\n  <\\/li>\\r\\n  <li>\\r\\n    <p>Before you become \\u201cBoot Eligible\\u201d<\\/p>\\r\\n  <\\/li>\\r\\n  <li>\\r\\n    <p>Upcoming Resident Parking Permit Renewal<\\/p>\\r\\n  <\\/li>\\r\\n  <li>\\r\\n    <p>City of Oakland Parking announcements<\\/p><\\/li><\\/ul>\",\"5\":\"https:\\/\\/wmq1.etimspayments.com\\/pbw\\/include\\/vpportal\\/oakland\\/login_page.jsp\",\"3\":\"Sign up for alerts\",\"4\":\"\"}}', '2015-12-19 00:54:53', '2015-12-19 00:54:53', '9cb01145-f076-4899-9050-5976064a717e'),
 ('632', '6', '3', '1', 'en_us', '28', '', '{\"typeId\":\"3\",\"authorId\":\"1\",\"title\":\"Pay a Parking Ticket\",\"slug\":\"pay-a-parking-ticket\",\"postDate\":1449259680,\"expiryDate\":null,\"enabled\":1,\"parentId\":\"122\",\"fields\":{\"1\":\"<p>You have 21 days after the date the ticket was written to make a payment.<\\/p>\\r\\n\\r\\n<p><br><\\/p>\\r\\n\\r\\n\\r\\n\\r\\n\\r\\n\\r\\n\\r\\n\\r\\n\\r\\n\\r\\n<h2 id=\\\"ways-to-pay\\\">Pay by Phone<\\/h2>\\r\\n\\r\\n\\r\\n\\r\\n\\r\\n\\r\\n\\r\\n\\r\\n\\r\\n\\r\\n\\r\\n\\r\\n<p><strong>Parking Citation Assistance Center<\\/strong><br>Phone: (800) 500-6484<br>Please have your&nbsp;credit card on hand&nbsp;(Visa, Mastercard, Discover or American Express)<\\/p>\\r\\n\\r\\n<p><br><\\/p>\\r\\n\\r\\n\\r\\n\\r\\n\\r\\n\\r\\n\\r\\n\\r\\n\\r\\n\\r\\n\\r\\n\\r\\n<h2>Pay by&nbsp;Mail or&nbsp;In Person<\\/h2>\\r\\n\\r\\n\\r\\n\\r\\n\\r\\n\\r\\n\\r\\n\\r\\n<p><strong>Parking Citation Assistance Center<\\/strong><br>250 Frank H. Ogawa Plaza, Suite 6300 Oakland, CA 94612<br>Mondays, Tuesdays, Thursdays and Fridays from 9 a.m. to 4:30 p.m.<br>Wednesdays from 9:30 a.m. to 4:30 p.m.<\\/p>\\r\\n\\r\\n<p><br><\\/p>\\r\\n\\r\\n\\r\\n\\r\\n<h3>Additional In Person Locations<\\/h3>\\r\\n\\r\\n\\r\\n\\r\\n<p><strong>Parking ticket payment kiosks<\\/strong><br>250 Frank H. Ogawa Plaza<br>Monday through Friday from 8:30 a.m. to 5 p.m.<\\/p>\\r\\n\\r\\n\\r\\n\\r\\n\\r\\n\\r\\n\\r\\n\\r\\n\\r\\n\\r\\n<p><strong>Eastmont Police Substation<\\/strong><br>2651 73rd Avenue<br>Monday through Saturday from 8:00 a.m. to 4 p.m.<\\/p>\\r\\n\\r\\n\\r\\n\\r\\n\\r\\n\\r\\n\\r\\n\\r\\n\\r\\n\\r\\n\\r\\n\\r\\n<p><br><\\/p>\\r\\n\\r\\n\\r\\n\\r\\n\\r\\n\\r\\n\\r\\n\\r\\n\\r\\n\\r\\n\\r\\n\\r\\n<h2 id=\\\"by-mail\\\">Pay by Mail<\\/h2>\\r\\n\\r\\n\\r\\n\\r\\n\\r\\n\\r\\n\\r\\n\\r\\n\\r\\n\\r\\n\\r\\n\\r\\n<p>Mail your parking ticket&nbsp;and the full payment to:<\\/p>\\r\\n\\r\\n\\r\\n\\r\\n\\r\\n\\r\\n\\r\\n\\r\\n\\r\\n\\r\\n\\r\\n\\r\\n<p><strong>Parking Citation Assistance Center<\\/strong><br>250 Frank H. Ogawa Plaza, Suite 6300<br>Oakland, CA 94612<\\/p>\\r\\n\\r\\n\\r\\n\\r\\n\\r\\n\\r\\n\\r\\n\\r\\n\\r\\n\\r\\n\\r\\n\\r\\n<p><br><\\/p>\\r\\n\\r\\n\\r\\n\\r\\n\\r\\n\\r\\n\\r\\n\\r\\n\\r\\n\\r\\n\\r\\n\\r\\n<h2>Common Violations<\\/h2>\\r\\n\\r\\n\\r\\n\\r\\n\\r\\n\\r\\n\\r\\n\\r\\n\\r\\n\\r\\n\\r\\n\\r\\n<p>Parking fines depend on the type of parking violation. \\r\\nBelow are some common violations, including their legal reference and the fine.<\\/p>\\r\\n\\r\\n\\r\\n\\r\\n\\r\\n\\r\\n\\r\\n\\r\\n\\r\\n\\r\\n\\r\\n\\r\\n<table>\\r\\n<thead>\\r\\n<tr><th>Common violations<\\/th><th>Fine<\\/th><th>\\r\\nOakland Municipal Code reference<\\/th><th>Legal definition<\\/th><\\/tr>\\r\\n<\\/thead>\\r\\n<tbody>\\r\\n<tr><td>\\r\\nYour meter time ran out\\r\\n<\\/td><td>\\r\\n$58\\r\\n<\\/td><td>\\r\\n10.36.050\\r\\n<\\/td>\\r\\n<td>Expired meter<\\/td>\\r\\n<\\/tr><tr><td>\\r\\nYour parking receipt was not visible in your vehicle\\r\\n<\\/td><td>\\r\\n$58\\r\\n<\\/td><td>\\r\\n10.36.030B\\r\\n<\\/td>\\r\\n<td>\\r\\nFailure to display parking receipt\\r\\n<\\/td>\\r\\n<\\/tr><tr><td>\\r\\nYou parked in a no parking zone<\\/td><td>\\r\\n$83\\r\\n<\\/td><td>\\r\\n10.40.020A1\\r\\n<\\/td>\\r\\n<td>\\r\\nParking in a red zone\\r\\n<\\/td>\\r\\n<\\/tr><tr><td>\\r\\nYou parked in an area reserved for buses<\\/td><td>\\r\\n$265\\r\\n<\\/td><td>\\r\\n10.40.090E\\r\\n<\\/td>\\r\\n<td>\\r\\nParking in a bus zone\\r\\n<\\/td>\\r\\n<\\/tr><tr><td>\\r\\nYou double parked your vehicle<\\/td><td>\\r\\n$41\\r\\n<\\/td><td>\\r\\n10.08.150\\r\\n<\\/td>\\r\\n<td>\\r\\nImpeding a lane of traffic\\r\\n<\\/td>\\r\\n<\\/tr><tr><td>\\r\\nYou didn\\u2019t turn your wheels correctly to park on a hill\\r\\n<\\/td><td>\\r\\n$45\\r\\n<\\/td><td>\\r\\n10.16.090\\r\\n<\\/td>\\r\\n<td>\\r\\nFailure to cramp wheels on grade\\r\\n<\\/td>\\r\\n<\\/tr><tr><td>\\r\\nYou parked in the wrong direction on a one-way street\\r\\n<\\/td><td>\\r\\n$48\\r\\n<\\/td><td>\\r\\n10.28.040\\r\\n<\\/td>\\r\\n<td>\\r\\nParking in the wrong direction on a one-way street\\r\\n<\\/td>\\r\\n<\\/tr><tr><td>\\r\\nYou parked in the wrong direction on a two-way street\\r\\n<\\/td><td>\\r\\n$63\\r\\n<\\/td><td>\\r\\n10.28.040B\\r\\n<\\/td>\\r\\n<td>\\r\\nParking in the wrong direction on a two-way street\\r\\n<\\/td>\\r\\n<\\/tr><tr><td>\\r\\nYou parked in an area with permit parking without the correct permit\\r\\n<\\/td><td>\\r\\n$83\\r\\n<\\/td><td>\\r\\n10.44.120A\\r\\n<\\/td>\\r\\n<td>\\r\\nParking in a Residential Parking Permit Zone\\r\\n<\\/td><\\/tr><\\/tbody><\\/table>\\r\\n\\r\\n\\r\\n\\r\\n\\r\\n\\r\\n\\r\\n\\r\\n\\r\\n\\r\\n\\r\\n\\r\\n<h2>Refund Request Form<\\/h2>\\r\\n\\r\\n\\r\\n\\r\\n\\r\\n\\r\\n\\r\\n\\r\\n\\r\\n\\r\\n<p>If you feel you are due a refund for overpayment for a parking ticket associated with your license plate, please complete and return a Refund Request Form.\\r\\nClick here to download the Refund Request Form.\\r\\nProvide proof of payment as detailed on the form.\\r\\nPlease allow four to six weeks for processing.\\r\\nCompleted forms and proof of payment can be submitted by mail, in person or by fax.<\\/p>\\r\\n\\r\\n\\r\\n\\r\\n\\r\\n\\r\\n\\r\\n\\r\\n\\r\\n\\r\\n<h3 id=\\\"mailin-person\\\">Mail\\/In Person<\\/h3>\\r\\n\\r\\n\\r\\n\\r\\n\\r\\n\\r\\n\\r\\n\\r\\n\\r\\n\\r\\n<p>Parking Citation Assistance Center<br>250 Frank H. Ogawa Plaza, Suite 6300 Oakland, CA 94612<br>Mondays, Tuesdays, Thursdays and Fridays from 9 a.m. to 4:30 p.m.<br>Wednesdays from 9:30 a.m. to 4:30 p.m.<br><\\/p>\\r\\n\\r\\n\\r\\n\\r\\n\\r\\n\\r\\n\\r\\n\\r\\n\\r\\n\\r\\n\\r\\n\\r\\n<h2>Additional References<\\/h2>\\r\\n\\r\\n\\r\\n\\r\\n\\r\\n\\r\\n\\r\\n\\r\\n\\r\\n\\r\\n\\r\\n\\r\\n<ul><li><a href=\\\"http:\\/\\/www2.oaklandnet.com\\/oakca1\\/groups\\/ceda\\/documents\\/marketingmaterial\\/oak044797.pdf\\\">Click here to see a complete roster of parking violation fines from the OMC and California Vehicle Code<\\/a><\\/li><li><a href=\\\"http:\\/\\/library.municode.com\\/index.aspx?clientId=16308&stateId=5&stateName=California\\\">Visit here to see Oakland Municipal Code about parking violations<\\/a><\\/li><li><a href=\\\"http:\\/\\/www.leginfo.ca.gov\\/cgi-bin\\/calawquery?codesection=veh\\\">Visit here to see California Vehicle Code<\\/a><\\/li><li>Call the Parking Citation Assistance Center at (800) 500-6484.<\\/li><\\/ul>\",\"5\":\"https:\\/\\/prodpci.etimspayments.com\\/pbw\\/include\\/oakland\\/input.jsp\",\"3\":\"Pay your ticket online\",\"4\":\"\"}}', '2015-12-19 00:58:52', '2015-12-19 00:58:52', '37555b4e-5b61-4eb3-9c17-478e4d4e0b34'),
 ('642', '332', '3', '1', 'en_us', '1', '', '{\"typeId\":\"3\",\"authorId\":\"1\",\"title\":\"Costs of Common Parking Violations\",\"slug\":\"costs-of-common-parking-violations\",\"postDate\":1450486821,\"expiryDate\":null,\"enabled\":1,\"parentId\":\"252\",\"fields\":{\"1\":\"<h2>Common Violations<\\/h2>\\r\\n\\r\\n\\r\\n\\r\\n\\r\\n\\r\\n<p>Parking fines depend on the type of parking violation. \\r\\nBelow are some common violations, including their legal reference and the fine.<\\/p>\\r\\n\\r\\n\\r\\n\\r\\n\\r\\n\\r\\n\\r\\n\\r\\n\\r\\n\\r\\n<table>\\r\\n<thead>\\r\\n<tr><th>Common violations<\\/th><th>Fine<\\/th><th>\\r\\nOakland Municipal Code reference<\\/th><th>Legal definition<\\/th><\\/tr>\\r\\n<\\/thead>\\r\\n<tbody>\\r\\n<tr><td>\\r\\nYour meter time ran out\\r\\n<\\/td><td>\\r\\n$58\\r\\n<\\/td><td>\\r\\n10.36.050\\r\\n<\\/td>\\r\\n<td>Expired meter<\\/td>\\r\\n<\\/tr><tr><td>\\r\\nYour parking receipt was not visible in your vehicle\\r\\n<\\/td><td>\\r\\n$58\\r\\n<\\/td><td>\\r\\n10.36.030B\\r\\n<\\/td>\\r\\n<td>\\r\\nFailure to display parking receipt\\r\\n<\\/td>\\r\\n<\\/tr><tr><td>\\r\\nYou parked in a no parking zone<\\/td><td>\\r\\n$83\\r\\n<\\/td><td>\\r\\n10.40.020A1\\r\\n<\\/td>\\r\\n<td>\\r\\nParking in a red zone\\r\\n<\\/td>\\r\\n<\\/tr><tr><td>\\r\\nYou parked in an area reserved for buses<\\/td><td>\\r\\n$265\\r\\n<\\/td><td>\\r\\n10.40.090E\\r\\n<\\/td>\\r\\n<td>\\r\\nParking in a bus zone\\r\\n<\\/td>\\r\\n<\\/tr><tr><td>\\r\\nYou double parked your vehicle<\\/td><td>\\r\\n$41\\r\\n<\\/td><td>\\r\\n10.08.150\\r\\n<\\/td>\\r\\n<td>\\r\\nImpeding a lane of traffic\\r\\n<\\/td>\\r\\n<\\/tr><tr><td>\\r\\nYou didn\\u2019t turn your wheels correctly to park on a hill\\r\\n<\\/td><td>\\r\\n$45\\r\\n<\\/td><td>\\r\\n10.16.090\\r\\n<\\/td>\\r\\n<td>\\r\\nFailure to cramp wheels on grade\\r\\n<\\/td>\\r\\n<\\/tr><tr><td>\\r\\nYou parked in the wrong direction on a one-way street\\r\\n<\\/td><td>\\r\\n$48\\r\\n<\\/td><td>\\r\\n10.28.040\\r\\n<\\/td>\\r\\n<td>\\r\\nParking in the wrong direction on a one-way street\\r\\n<\\/td>\\r\\n<\\/tr><tr><td>\\r\\nYou parked in the wrong direction on a two-way street\\r\\n<\\/td><td>\\r\\n$63\\r\\n<\\/td><td>\\r\\n10.28.040B\\r\\n<\\/td>\\r\\n<td>\\r\\nParking in the wrong direction on a two-way street\\r\\n<\\/td>\\r\\n<\\/tr><tr><td>\\r\\nYou parked in an area with permit parking without the correct permit\\r\\n<\\/td><td>\\r\\n$83\\r\\n<\\/td><td>\\r\\n10.44.120A\\r\\n<\\/td>\\r\\n<td>\\r\\nParking in a Residential Parking Permit Zone\\r\\n<\\/td><\\/tr><\\/tbody><\\/table>\",\"5\":\"\",\"3\":\"\",\"4\":\"\"}}', '2015-12-19 01:00:21', '2015-12-19 01:00:21', '757e37eb-5cb1-484a-850c-a163c4e431bf'),
 ('652', '6', '3', '1', 'en_us', '29', '', '{\"typeId\":\"3\",\"authorId\":\"1\",\"title\":\"Pay a Parking Ticket\",\"slug\":\"pay-a-parking-ticket\",\"postDate\":1449259680,\"expiryDate\":null,\"enabled\":1,\"parentId\":\"122\",\"fields\":{\"1\":\"<p>You have 21 days after the date the ticket was written to make a payment.<\\/p>\\r\\n\\r\\n<p><br><\\/p>\\r\\n\\r\\n\\r\\n\\r\\n\\r\\n\\r\\n\\r\\n\\r\\n\\r\\n\\r\\n\\r\\n\\r\\n<h2 id=\\\"ways-to-pay\\\">Pay by Phone<\\/h2>\\r\\n\\r\\n\\r\\n\\r\\n\\r\\n\\r\\n\\r\\n\\r\\n\\r\\n\\r\\n\\r\\n\\r\\n\\r\\n\\r\\n<p><strong>Parking Citation Assistance Center<\\/strong><br>Phone: (800) 500-6484<br>Please have your&nbsp;credit card on hand&nbsp;(Visa, Mastercard, Discover or American Express)<\\/p>\\r\\n\\r\\n\\r\\n\\r\\n<p><br><\\/p>\\r\\n\\r\\n\\r\\n\\r\\n\\r\\n\\r\\n\\r\\n\\r\\n\\r\\n\\r\\n\\r\\n\\r\\n\\r\\n\\r\\n<h2>Pay by&nbsp;Mail or&nbsp;In Person<\\/h2>\\r\\n\\r\\n\\r\\n\\r\\n\\r\\n\\r\\n\\r\\n\\r\\n\\r\\n\\r\\n<p><strong>Parking Citation Assistance Center<\\/strong><br>250 Frank H. Ogawa Plaza, Suite 6300 Oakland, CA 94612<br>Mondays, Tuesdays, Thursdays and Fridays from 9 a.m. to 4:30 p.m.<br>Wednesdays from 9:30 a.m. to 4:30 p.m.<\\/p>\\r\\n\\r\\n\\r\\n\\r\\n<p><br><\\/p>\\r\\n\\r\\n\\r\\n\\r\\n\\r\\n\\r\\n<h3>Additional In Person Locations<\\/h3>\\r\\n\\r\\n\\r\\n\\r\\n\\r\\n\\r\\n<p><strong>Parking ticket payment kiosks<\\/strong><br>250 Frank H. Ogawa Plaza<br>Monday through Friday from 8:30 a.m. to 5 p.m.<\\/p>\\r\\n\\r\\n\\r\\n\\r\\n\\r\\n\\r\\n\\r\\n\\r\\n\\r\\n\\r\\n\\r\\n\\r\\n<p><strong>Eastmont Police Substation<\\/strong><br>2651 73rd Avenue<br>Monday through Saturday from 8:00 a.m. to 4 p.m.<\\/p>\\r\\n\\r\\n\\r\\n\\r\\n\\r\\n\\r\\n\\r\\n\\r\\n\\r\\n\\r\\n\\r\\n\\r\\n\\r\\n\\r\\n<p><br><\\/p>\\r\\n\\r\\n\\r\\n\\r\\n\\r\\n\\r\\n\\r\\n\\r\\n\\r\\n\\r\\n\\r\\n\\r\\n\\r\\n\\r\\n<h2 id=\\\"by-mail\\\">Pay by Mail<\\/h2>\\r\\n\\r\\n\\r\\n\\r\\n\\r\\n\\r\\n\\r\\n\\r\\n\\r\\n\\r\\n\\r\\n\\r\\n\\r\\n\\r\\n<p>Mail your parking ticket&nbsp;and the full payment to:<\\/p>\\r\\n\\r\\n\\r\\n\\r\\n\\r\\n\\r\\n\\r\\n\\r\\n\\r\\n\\r\\n\\r\\n\\r\\n\\r\\n\\r\\n<p><strong>Parking Citation Assistance Center<\\/strong><br>250 Frank H. Ogawa Plaza, Suite 6300<br>Oakland, CA 94612<\\/p>\\r\\n\\r\\n\\r\\n\\r\\n\\r\\n\\r\\n\\r\\n\\r\\n\\r\\n\\r\\n\\r\\n\\r\\n\\r\\n\\r\\n<p><br><\\/p>\\r\\n\\r\\n\\r\\n\\r\\n\\r\\n\\r\\n\\r\\n\\r\\n\\r\\n\\r\\n\\r\\n\\r\\n\\r\\n\\r\\n<h2>Refund Request Form<\\/h2>\\r\\n\\r\\n\\r\\n\\r\\n\\r\\n\\r\\n\\r\\n\\r\\n\\r\\n\\r\\n\\r\\n\\r\\n<p>If you feel you are due a refund for overpayment for a parking ticket associated with your license plate, please complete and return a Refund Request Form.\\r\\nClick here to download the Refund Request Form.\\r\\nProvide proof of payment as detailed on the form.\\r\\nPlease allow four to six weeks for processing.\\r\\nCompleted forms and proof of payment can be submitted by mail, in person or by fax.<\\/p>\\r\\n\\r\\n\\r\\n\\r\\n\\r\\n\\r\\n\\r\\n\\r\\n\\r\\n\\r\\n\\r\\n\\r\\n<h3 id=\\\"mailin-person\\\">Mail\\/In Person<\\/h3>\\r\\n\\r\\n\\r\\n\\r\\n\\r\\n\\r\\n\\r\\n\\r\\n\\r\\n\\r\\n\\r\\n\\r\\n<p>Parking Citation Assistance Center<br>250 Frank H. Ogawa Plaza, Suite 6300 Oakland, CA 94612<br>Mondays, Tuesdays, Thursdays and Fridays from 9 a.m. to 4:30 p.m.<br>Wednesdays from 9:30 a.m. to 4:30 p.m.<br><\\/p><p><br><\\/p>\\r\\n\\r\\n\\r\\n\\r\\n\\r\\n\\r\\n\\r\\n\\r\\n\\r\\n\\r\\n\\r\\n\\r\\n\\r\\n\\r\\n<h2>Additional References<\\/h2>\\r\\n\\r\\n\\r\\n\\r\\n\\r\\n\\r\\n\\r\\n\\r\\n\\r\\n\\r\\n\\r\\n\\r\\n\\r\\n\\r\\n<ul><li><a href=\\\"https:\\/\\/oakland-beta.herokuapp.com\\/services\\/parking\\/find-parking\\/costs-of-common-parking-violations#entry:332\\\">Costs of Common Parking Violations<\\/a><\\/li><li><a href=\\\"http:\\/\\/www2.oaklandnet.com\\/oakca1\\/groups\\/ceda\\/documents\\/marketingmaterial\\/oak044797.pdf\\\">Complete roster of parking violation fines from the OMC and California Vehicle Code<\\/a><\\/li><li><a href=\\\"http:\\/\\/library.municode.com\\/index.aspx?clientId=16308&stateId=5&stateName=California\\\">Oakland Municipal Code about parking violations<\\/a><\\/li><li><a href=\\\"http:\\/\\/www.leginfo.ca.gov\\/cgi-bin\\/calawquery?codesection=veh\\\">California Vehicle Code<\\/a><\\/li><\\/ul>\",\"5\":\"https:\\/\\/prodpci.etimspayments.com\\/pbw\\/include\\/oakland\\/input.jsp\",\"3\":\"Pay your ticket online\",\"4\":\"\"}}', '2015-12-19 01:02:11', '2015-12-19 01:02:11', 'ce924278-dc20-4f71-a686-f4d2ef2a4bf1'),
 ('662', '132', '3', '1', 'en_us', '2', '', '{\"typeId\":\"3\",\"authorId\":\"1\",\"title\":\"Contest a Parking Ticket\",\"slug\":\"contest-a-parking-ticket\",\"postDate\":1450478580,\"expiryDate\":null,\"enabled\":1,\"parentId\":\"122\",\"fields\":{\"1\":\"<h2>What You Need to Know<\\/h2>\\r\\n\\r\\n<ul>\\r\\n  <li>Please wait 48 hours from the time of issuance to ensure your citation is entered into the online system.<\\/li>\\r\\n  <li>It may take handwritten tickets up to two weeks to be entered into the online system.<\\/li>\\r\\n  <li>You must contest your ticket within 21 days of the date of issuance.<\\/li>\\r\\n  <li>You\\u2019ll need to upload up to three documents that provide evidence to support your written testimony.<\\/li>\\r\\n<\\/ul>\\r\\n\\r\\n\\r\\n\\r\\n\\r\\n\\r\\n\\r\\n\\r\\n<h2 id=\\\"ways-to-contest-a-ticket\\\">Ways to Contest a Ticket<\\/h2>\\r\\n\\r\\n\\r\\n\\r\\n\\r\\n\\r\\n\\r\\n\\r\\n<p><a href=\\\"\\\">Download and complete the <\\/a><a href=\\\"http:\\/\\/www2.oaklandnet.com\\/oakca1\\/groups\\/cityadministrator\\/documents\\/form\\/oak041670.pdf\\\">Contest Form<\\/a> or write a letter of explanation for contesting your citation.\\r\\nPlease include your name, address, telephone number, current mailing address and parking ticket citation number.<\\/p>\\r\\n\\r\\n\\r\\n\\r\\n\\r\\n\\r\\n\\r\\n\\r\\n<p>Keep a copy of your ticket for your records.\\r\\nReturn your Contest Form or letter, along with the original parking ticket and additional documents:<\\/p>\\r\\n\\r\\n\\r\\n\\r\\n\\r\\n\\r\\n\\r\\n\\r\\n<p><strong>In person or by mail<\\/strong><\\/p>\\r\\n\\r\\n\\r\\n\\r\\n\\r\\n\\r\\n\\r\\n\\r\\n<p>Parking Citation Assistance Center<br>250 Frank H. Ogawa Plaza, Suite 6300<br>Oakland, CA 94612<\\/p>\\r\\n\\r\\n\\r\\n\\r\\n\\r\\n\\r\\n\\r\\n\\r\\n<p><strong>By fax<\\/strong><\\/p><p><strong><\\/strong>(510) 986-2699<\\/p>\\r\\n\\r\\n\\r\\n\\r\\n\\r\\n\\r\\n\\r\\n\\r\\n<p>Contesting a parking ticket by email is not possible at this time.<\\/p>\\r\\n\\r\\n\\r\\n\\r\\n\\r\\n\\r\\n\\r\\n\\r\\n<h3 id=\\\"what-happens-next\\\">What Happens Next<\\/h3>\\r\\n\\r\\n\\r\\n\\r\\n\\r\\n\\r\\n\\r\\n\\r\\n<ol>\\r\\n  <li>The Parking Citation Assistance Center investigates your ticket.<\\/li>\\r\\n  <li>You will be notified of the decision by mail.<\\/li>\\r\\n  <li>If the ticket is upheld, you will have 21 days to pay your ticket or request an Administrative Hearing.<\\/li>\\r\\n  <li>If you contested a parking ticket and you are not satisfied with the decision, you can <a href=\\\"https:\\/\\/oakland-beta.herokuapp.com\\/services\\/parking\\/find-parking\\/request-an-administrative-hearing#entry:182\\\">request an Administrative Hearing<\\/a>.<\\/li>\\r\\n<\\/ol>\",\"5\":\"https:\\/\\/wmq.etimspayments.com\\/pbw\\/include\\/oakland\\/dispute_request.jsp.\",\"3\":\"Contest your parking ticket online\",\"4\":\"\"}}', '2015-12-19 01:06:02', '2015-12-19 01:06:02', '5c873ba8-3377-4794-b28b-8e807ab530ee'),
 ('672', '2', '1', '1', 'en_us', '11', '', '{\"typeId\":null,\"authorId\":null,\"title\":\"Home\",\"slug\":\"homepage\",\"postDate\":1449188566,\"expiryDate\":null,\"enabled\":1,\"parentId\":null,\"fields\":{\"1\":\"<p>The best place to find official services and information&nbsp;from the City of Oakland.<\\/p>\",\"16\":[\"32\"],\"15\":\"Welcome to Oakland, California\"}}', '2015-12-19 01:10:16', '2015-12-19 01:10:16', '4aa93d2b-0ce2-4edf-af33-7e5672213e6c'),
 ('682', '142', '3', '1', 'en_us', '3', '', '{\"typeId\":\"22\",\"authorId\":\"1\",\"title\":\"Jobs\",\"slug\":\"jobs\",\"postDate\":1450479840,\"expiryDate\":null,\"enabled\":1,\"parentId\":\"\",\"fields\":[]}', '2016-01-04 23:32:31', '2016-01-04 23:32:31', 'f7643d50-7dd3-41fa-b6aa-04ad090dcf53'),
 ('692', '192', '3', '1', 'en_us', '3', '', '{\"typeId\":\"3\",\"authorId\":\"1\",\"title\":\"Benefits & Perks\",\"slug\":\"pay-benefits\",\"postDate\":1450481160,\"expiryDate\":null,\"enabled\":1,\"parentId\":\"142\",\"fields\":{\"1\":\"<h2>Health Care Coverage<\\/h2>\\r\\n\\r\\n\\r\\n\\r\\n<p>All employees are eligible for health care coverage for themselves and their eligible dependents. These plans may include health insurance (medical coverage), dental care, and vision care.<\\/p>\\r\\n\\r\\n<h3><br>What to Know<\\/h3>\\r\\n\\r\\n\\r\\n\\r\\n\\r\\n\\r\\n<ul><li>You are eligible to enroll on the date you are hired.<\\/li><li>Work with your department to enroll within 60 days.<p><br><\\/p>\\r\\n<ul><li>If you wait more than 60 days to enroll, you will face a penalty of a 90 day waiting period.<\\/li><\\/ul><\\/li><li>Your coverage starts on the first of the month after submission of your paperwork.<\\/li><li>You can change your plan during open enrollment during the fall.<\\/li><li>Any changes you make become effective in January of the following year.<\\/li><\\/ul>\\r\\n\\r\\n\\r\\n\\r\\n\\r\\n\\r\\n\\r\\n\\r\\n\\r\\n\\r\\n\\r\\n\\r\\n\\r\\n\\r\\n\\r\\n\\r\\n\\r\\n\\r\\n\\r\\n\\r\\n\\r\\n\\r\\n\\r\\n\\r\\n\\r\\n\\r\\n<h3>Medical Coverage<\\/h3>\\r\\n\\r\\n\\r\\n\\r\\n\\r\\n\\r\\n<p>You can choose a medical plan through CalPERS (California Public Employees Retirement Systems) Health Benefit Services.<br>The City pays the full monthly premium for some plans. For other plans, the employee pays premiums with after-tax dollars.<br>For more information on medical plans, visit the CalPERS website.<\\/p>\\r\\n\\r\\n<p><br><\\/p>\\r\\n\\r\\n<h2>Dental Plans<\\/h2>\\r\\n\\r\\n<p>All full time employees except fire and police can choose from two dental plans for themselves and their eligible dependents. The HMO dental plan includes no deductibles when visiting an authorized dentist. This plan is administered by DeltaCare.<br>The PPO plan covers a percentage of costs but gives members more flexibility. This plan is administered by Delta Dental. <br>Police and fire personnel have dental coverage through their respective unions.<\\/p>\\r\\n\\r\\n<h2>Vision Care<\\/h2>\\r\\n\\r\\n\\r\\n\\r\\n\\r\\n\\r\\n<p>All full time employees except fire and police have vision coverage for themselves and their eligible dependents. This plan is administered by Vision Service Plan.<br>Police and fire personnel do not have vision coverage.<\\/p>\\r\\n\\r\\n\\r\\n\\r\\n\\r\\n\\r\\n<h2>Dependents<\\/h2>\\r\\n\\r\\n\\r\\n\\r\\n\\r\\n\\r\\n<p>Your dependents may be eligible for the same health care coverage that you enroll in.<\\/p><br><p>Eligible dependents include:<\\/p>\\r\\n<ul><li>Spouse<\\/li><li>Domestic partner<\\/li><li>Financially dependent children\\r\\n<ul><li>Medical benefits: Children under age 26<\\/li><\\/ul><ul><li>Dental and vision benefits: Children under age 18 or students age 19 - 25<\\/li><\\/ul><\\/li><\\/ul>\\r\\n\\r\\n\\r\\n\\r\\n\\r\\n\\r\\n\\r\\n\\r\\n\\r\\n\\r\\n\\r\\n\\r\\n\\r\\n\\r\\n\\r\\n\\r\\n\\r\\n\\r\\n\\r\\n\\r\\n\\r\\n\\r\\n<p>You need to provide documentation to add your dependents to your health plan.<\\/p>\\r\\n\\r\\n\\r\\n\\r\\n\\r\\n\\r\\n<ul><li>Marriage certificate<\\/li><li>Certificate of domestic partnership<\\/li><li>Birth certificate<\\/li><li>Legal adoption or guardianship papers<\\/li><li>Affidavit for financially dependent children<\\/li><li>Proof of full-time enrollment in school<\\/li><\\/ul>\\r\\n\\r\\n\\r\\n\\r\\n\\r\\n\\r\\n\\r\\n\\r\\n\\r\\n\\r\\n\\r\\n\\r\\n\\r\\n\\r\\n\\r\\n\\r\\n\\r\\n\\r\\n\\r\\n\\r\\n\\r\\n\\r\\n<h2>Continuing Your Benefits<\\/h2>\\r\\n\\r\\n\\r\\n\\r\\n\\r\\n\\r\\n<p>Under COBRA, an employee and enrolled dependents may pay to continue medical, dental or vision coverage for a limited period of time if city-paid coverage ceases for reasons recognized under the law.<br>The cost for COBRA coverage equals the same premium the City pays monthly plus a 2% administrative fee.<\\/p>\\r\\n\\r\\n<h2>Retirement<\\/h2>\\r\\n\\r\\n\\r\\n\\r\\n\\r\\n\\r\\n<p>All employees of the City of Oakland have retirement benefits through the Public Employees\' Retirement System (CalPERS).<br>What happens to my CalPERS benefits if I leave the City?<\\/p>\\r\\n\\r\\n\\r\\n\\r\\n\\r\\n\\r\\n<p>You may be able to take your retirement benefits with you. If you leave the City to work for another employer that also participates in CalPERS, your retirement benefit will continue. If your new employer does not participate in CalPERS, the funds may be rolled over into a qualified Individual Retirement Account (IRA). <br>Current and former City employees interested in learning more about their retirement benefits may contact CalPERS directly at (888)225-7377 or visit the CalPERS website at www.calpers.ca.gov. They may also contact the City of Oakland\'s Retirement Office at (510)238-6479, weekdays from 8:30am - 5:00pm.<\\/p>\\r\\n\\r\\n<h3><br>Deferred Compensation<\\/h3>\\r\\n\\r\\n\\r\\n\\r\\n\\r\\n\\r\\n<p>The Deferred Compensation Plan is a voluntary retirement plan. You can increase your retirement savings and reduce your tax burden by contributing to this 457(b) plan.<br>You can contribute as little as $10 per pay period. The maximum contribution allowed is defined by Federal regulations for the calendar year. You can choose from several investment options. The City does not contribute to nor match employee contributions to this plan.<\\/p><h2>Life Insurance<\\/h2>\\r\\n\\r\\n\\r\\n\\r\\n\\r\\n\\r\\n<p>All full time employees including fire and police personnel have life insurance benefits. In the event of an employee\'s death, the beneficiary will receive an amount equal to the employee\'s current annual salary rounded up to the nearest $1,000. For example, if the annual salary is $35,500, the life insurance benefit would be $36,000.<br>If the death is the result of an accident, the beneficiary may receive an additional benefit equal to the life insurance amount.<br>The City pays the full premium cost for coverage. There is no employee contribution. Dependents are not eligible for this benefit.<\\/p><h2><br>Disability<\\/h2>\\r\\n\\r\\n\\r\\n\\r\\n\\r\\n\\r\\n<p>Most part-time and full-time employees excluding police and fire personnel who experience a non-work-related illness or injury can apply for State Disability Insurance (SDI). This insurance is provided through the State of California\'s Employment Development Department.<br>Employees who do not qualify for SDI are covered by a third party administrator for both short- and long-term disability. Benefits begin after a seven-day period and are determined by several eligibility factors.<\\/p><h2><br>Medical Waivers<\\/h2>\\r\\n\\r\\n\\r\\n\\r\\n\\r\\n\\r\\n<p>Upon proof of other medical coverage, employees may choose to waive or cancel medical benefits for themselves and eligible dependents and receive cash instead.<\\/p><h2><br>Flexible Spending Accounts<\\/h2>\\r\\n\\r\\n\\r\\n\\r\\n\\r\\n\\r\\n<p>The City of Oakland offers three flexible spending programs: Medical Care Assistance Program (MCAP), Dependent Care Assistance Program (DCAP), Transit Program. <br>You contribute to these programs to pay for qualifying expenses with pre-tax dollars. This reduces the amount of tax dollars you pay. The IRS regulates these programs. Please visit the third party administrator website for specific information about the plans at http:\\/\\/www.cbadministrators.com.<br>The Medical Care Assistance Program (MCAP) allows an employee to pay for medical, dental and vision care expenses with pre-tax dollars up to $2,500 each year. Estimate your annual out-of-pocket medical costs to decide how much to contribute. The City will withhold contributions from your paycheck every two weeks.<br>The Dependent Care Assistance Program (DCAP) allows an employee to pay for dependent care expenses with pre-tax dollars up to $5000 per household. Only necessary dependent care that allows you, or both you and your spouse together, to work is eligible. Estimate your annual dependent-care costs to decide how much to contribute. The City will withhold contributions from your paycheck every two weeks.<br>After you pay for eligible expenses, submit a claim to the third party administrator for reimbursement.<br>The Transit Program allows an employee to pay for mass transit and parking with pre-tax dollars. Estimate your monthly transportation costs to decide how much to contribute. You may have to pay an administrative fee for the program.<\\/p>\\r\\n\\r\\n\\r\\n\\r\\n\\r\\n\\r\\n<p>The third party administrator will mail you a monthly voucher or transit card. You may use vouchers or transit cards at locations that accept tickets and passes. For more information, visit CBA, the third party administrator\'s website at http:\\/\\/www.cbadministrators.com.<\\/p>\",\"5\":\"\",\"3\":\"\",\"4\":\"Salary information, benefits and compensation for City employees\"}}', '2016-01-04 23:49:56', '2016-01-04 23:49:56', 'f790d489-b6bc-4e67-a13c-e7c36f273e72'),
 ('702', '192', '3', '1', 'en_us', '4', '', '{\"typeId\":\"3\",\"authorId\":\"1\",\"title\":\"Benefits & Perks\",\"slug\":\"pay-benefits\",\"postDate\":1450481160,\"expiryDate\":null,\"enabled\":1,\"parentId\":\"142\",\"fields\":{\"1\":\"<h2>Health Care Coverage<\\/h2>\\r\\n\\r\\n\\r\\n\\r\\n<p>All employees are eligible for health care coverage for themselves and their eligible dependents. These plans may include health insurance (medical coverage), dental care, and vision care.<\\/p>\\r\\n\\r\\n\\r\\n\\r\\n<h3><br>What to Know<\\/h3>\\r\\n\\r\\n\\r\\n\\r\\n\\r\\n\\r\\n\\r\\n\\r\\n<ul><li>You are eligible to enroll on the date you are hired.<\\/li><li>Work with your department to enroll within 60 days.<p><br><\\/p>\\r\\n<ul><li>If you wait more than 60 days to enroll, you will face a penalty of a 90 day waiting period.<\\/li><\\/ul><\\/li><li>Your coverage starts on the first of the month after submission of your paperwork.<\\/li><li>You can change your plan during open enrollment during the fall.<\\/li><li>Any changes you make become effective in January of the following year.<\\/li><\\/ul>\\r\\n\\r\\n\\r\\n\\r\\n\\r\\n\\r\\n\\r\\n\\r\\n\\r\\n\\r\\n\\r\\n\\r\\n\\r\\n\\r\\n\\r\\n\\r\\n\\r\\n\\r\\n\\r\\n\\r\\n\\r\\n\\r\\n\\r\\n\\r\\n\\r\\n\\r\\n\\r\\n\\r\\n<h3>Medical Coverage<\\/h3>\\r\\n\\r\\n\\r\\n\\r\\n\\r\\n\\r\\n\\r\\n\\r\\n<p>You can choose a medical plan through CalPERS (California Public Employees Retirement Systems) Health Benefit Services.<br>The City pays the full monthly premium for some plans. For other plans, the employee pays premiums with after-tax dollars.<br>For more information on medical plans, visit the CalPERS website.<\\/p>\\r\\n\\r\\n\\r\\n\\r\\n<p><br><\\/p>\\r\\n\\r\\n\\r\\n\\r\\n<h2>Dental Plans<\\/h2>\\r\\n\\r\\n\\r\\n\\r\\n<p>All full time employees except fire and police can choose from two dental plans for themselves and their eligible dependents. The HMO dental plan includes no deductibles when visiting an authorized dentist. This plan is administered by DeltaCare.<br>The PPO plan covers a percentage of costs but gives members more flexibility. This plan is administered by Delta Dental. <br>Police and fire personnel have dental coverage through their respective unions.<\\/p>\\r\\n\\r\\n\\r\\n\\r\\n<h2>Vision Care<\\/h2>\\r\\n\\r\\n\\r\\n\\r\\n\\r\\n\\r\\n\\r\\n\\r\\n<p>All full time employees except fire and police have vision coverage for themselves and their eligible dependents. This plan is administered by Vision Service Plan.<br>Police and fire personnel do not have vision coverage.<\\/p>\\r\\n\\r\\n\\r\\n\\r\\n\\r\\n\\r\\n\\r\\n\\r\\n<h2>Dependents<\\/h2>\\r\\n\\r\\n\\r\\n\\r\\n\\r\\n\\r\\n\\r\\n\\r\\n<p>Your dependents may be eligible for the same health care coverage that you enroll in.<\\/p>\\r\\n<p>Eligible dependents include:<\\/p>\\r\\n\\r\\n<ul><li>Spouse<\\/li><li>Domestic partner<\\/li><li>Financially dependent children\\r\\n<ul><li>Medical benefits: Children under age 26<\\/li><\\/ul><ul><li>Dental and vision benefits: Children under age 18 or students age 19 - 25<\\/li><\\/ul><\\/li><\\/ul>\\r\\n\\r\\n\\r\\n\\r\\n\\r\\n\\r\\n\\r\\n\\r\\n\\r\\n\\r\\n\\r\\n\\r\\n\\r\\n\\r\\n\\r\\n\\r\\n\\r\\n\\r\\n\\r\\n\\r\\n\\r\\n\\r\\n\\r\\n\\r\\n<p>You need to provide documentation to add your dependents to your health plan.<\\/p>\\r\\n\\r\\n\\r\\n\\r\\n\\r\\n\\r\\n\\r\\n\\r\\n<ul><li>Marriage certificate<\\/li><li>Certificate of domestic partnership<\\/li><li>Birth certificate<\\/li><li>Legal adoption or guardianship papers<\\/li><li>Affidavit for financially dependent children<\\/li><li>Proof of full-time enrollment in school<\\/li><\\/ul>\\r\\n\\r\\n\\r\\n\\r\\n\\r\\n\\r\\n\\r\\n\\r\\n\\r\\n\\r\\n\\r\\n\\r\\n\\r\\n\\r\\n\\r\\n\\r\\n\\r\\n\\r\\n\\r\\n\\r\\n\\r\\n\\r\\n\\r\\n\\r\\n<h2>Continuing Your Benefits<\\/h2>\\r\\n\\r\\n\\r\\n\\r\\n\\r\\n\\r\\n\\r\\n\\r\\n<p>Under COBRA, an employee and enrolled dependents may pay to continue medical, dental or vision coverage for a limited period of time if city-paid coverage ceases for reasons recognized under the law.<br>The cost for COBRA coverage equals the same premium the City pays monthly plus a 2% administrative fee.<\\/p>\\r\\n\\r\\n\\r\\n\\r\\n<h2>Retirement<\\/h2>\\r\\n\\r\\n\\r\\n\\r\\n\\r\\n\\r\\n\\r\\n\\r\\n<p>All employees of the City of Oakland have retirement benefits through the Public Employees\' Retirement System (CalPERS).<br>What happens to my CalPERS benefits if I leave the City?<\\/p>\\r\\n\\r\\n\\r\\n\\r\\n\\r\\n\\r\\n\\r\\n\\r\\n<p>You may be able to take your retirement benefits with you. If you leave the City to work for another employer that also participates in CalPERS, your retirement benefit will continue. If your new employer does not participate in CalPERS, the funds may be rolled over into a qualified Individual Retirement Account (IRA). <br>Current and former City employees interested in learning more about their retirement benefits may contact CalPERS directly at (888)225-7377 or visit the CalPERS website at www.calpers.ca.gov. They may also contact the City of Oakland\'s Retirement Office at (510)238-6479, weekdays from 8:30am - 5:00pm.<\\/p><h3>Deferred Compensation<\\/h3>\\r\\n\\r\\n\\r\\n\\r\\n\\r\\n\\r\\n\\r\\n\\r\\n<p>The Deferred Compensation Plan is a voluntary retirement plan. You can increase your retirement savings and reduce your tax burden by contributing to this 457(b) plan.<br>You can contribute as little as $10 per pay period. The maximum contribution allowed is defined by Federal regulations for the calendar year. You can choose from several investment options. The City does not contribute to nor match employee contributions to this plan.<\\/p>\\r\\n\\r\\n<h2>Life Insurance<\\/h2>\\r\\n\\r\\n\\r\\n\\r\\n\\r\\n\\r\\n\\r\\n\\r\\n<p>All full time employees including fire and police personnel have life insurance benefits. In the event of an employee\'s death, the beneficiary will receive an amount equal to the employee\'s current annual salary rounded up to the nearest $1,000. For example, if the annual salary is $35,500, the life insurance benefit would be $36,000.<br>If the death is the result of an accident, the beneficiary may receive an additional benefit equal to the life insurance amount.<br>The City pays the full premium cost for coverage. There is no employee contribution. Dependents are not eligible for this benefit.<\\/p>\\r\\n\\r\\n<h2><br>Disability<\\/h2>\\r\\n\\r\\n\\r\\n\\r\\n\\r\\n\\r\\n\\r\\n\\r\\n<p>Most part-time and full-time employees excluding police and fire personnel who experience a non-work-related illness or injury can apply for State Disability Insurance (SDI). This insurance is provided through the State of California\'s Employment Development Department.<br>Employees who do not qualify for SDI are covered by a third party administrator for both short- and long-term disability. Benefits begin after a seven-day period and are determined by several eligibility factors.<\\/p>\\r\\n\\r\\n<h2><br>Medical Waivers<\\/h2>\\r\\n\\r\\n\\r\\n\\r\\n\\r\\n\\r\\n\\r\\n\\r\\n<p>Upon proof of other medical coverage, employees may choose to waive or cancel medical benefits for themselves and eligible dependents and receive cash instead.<\\/p>\\r\\n\\r\\n<h2><br>Flexible Spending Accounts<\\/h2>\\r\\n\\r\\n\\r\\n\\r\\n\\r\\n\\r\\n\\r\\n\\r\\n<p>The City of Oakland offers three flexible spending programs: Medical Care Assistance Program (MCAP), Dependent Care Assistance Program (DCAP), Transit Program. <br>You contribute to these programs to pay for qualifying expenses with pre-tax dollars. This reduces the amount of tax dollars you pay. The IRS regulates these programs. Please visit the third party administrator website for specific information about the plans at http:\\/\\/www.cbadministrators.com.<br>The Medical Care Assistance Program (MCAP) allows an employee to pay for medical, dental and vision care expenses with pre-tax dollars up to $2,500 each year. Estimate your annual out-of-pocket medical costs to decide how much to contribute. The City will withhold contributions from your paycheck every two weeks.<br>The Dependent Care Assistance Program (DCAP) allows an employee to pay for dependent care expenses with pre-tax dollars up to $5000 per household. Only necessary dependent care that allows you, or both you and your spouse together, to work is eligible. Estimate your annual dependent-care costs to decide how much to contribute. The City will withhold contributions from your paycheck every two weeks.<br>After you pay for eligible expenses, submit a claim to the third party administrator for reimbursement.<br>The Transit Program allows an employee to pay for mass transit and parking with pre-tax dollars. Estimate your monthly transportation costs to decide how much to contribute. You may have to pay an administrative fee for the program.<\\/p>\\r\\n\\r\\n\\r\\n\\r\\n\\r\\n\\r\\n\\r\\n\\r\\n<p>The third party administrator will mail you a monthly voucher or transit card. You may use vouchers or transit cards at locations that accept tickets and passes. For more information, visit CBA, the third party administrator\'s website at http:\\/\\/www.cbadministrators.com.<\\/p>\",\"5\":\"\",\"3\":\"\",\"4\":\"Salary information, benefits and compensation for City employees\"}}', '2016-01-04 23:52:10', '2016-01-04 23:52:10', '9eb613f5-ef44-42ef-8b9c-e7ba72554621'),
 ('712', '202', '3', '1', 'en_us', '2', '', '{\"typeId\":\"3\",\"authorId\":\"1\",\"title\":\"Application Process & Support\",\"slug\":\"application-process-support\",\"postDate\":1450481400,\"expiryDate\":null,\"enabled\":1,\"parentId\":\"142\",\"fields\":{\"1\":\"<p>Working for the City of Oakland comes with many benefits!<\\/p><ul><li>Job security<\\/li><li>Diverse workforce<\\/li><li>Benefits including health care coverage for you and your family<\\/li><\\/ul>\\r\\n\\r\\n\\r\\n\\r\\n\\r\\n\\r\\n<p>The City manages hiring differently than private companies. Most hiring is guided by the Civil Service Board. Click here to learn more about the Civil Service Board.<\\/p>\\r\\n\\r\\n<p>The information below is provided to guide you through the hiring process and answer frequently asked questions. These guidelines describe the AVERAGE process for hiring through the Civil Service Board. You may want to bookmark this page for reference.<\\/p>\\r\\n\\r\\n<p>Your individual experience may differ from this process. If you have questions, please contact_______________________<\\/p>\\r\\n\\r\\n<p>Stages of the hiring process<br><\\/p>\\r\\n\\r\\n<ol><li>Search for open positions<\\/li><li>Apply for a position<\\/li><li>Application review<\\/li><li>Civil service examination<\\/li><li>Placement on eligibility list<\\/li><li>Department interview<\\/li><li>Receipt of job offer<\\/li><\\/ol>\\r\\n\\r\\n\\r\\n\\r\\n\\r\\n\\r\\n\\r\\n\\r\\n\\r\\n\\r\\n\\r\\n\\r\\n<p>Read more below for details about each step in the process.<\\/p><h2><br>1. Search for open positions<\\/h2><p>\\r\\n\\r\\nThere are four ways that you can search for current job openings with the City of Oakland.<br><\\/p><ol><li>Search online at Apply Online for Current Job Openings.<\\/li><li>Visit City of Oakland offices to see posted job announcements.<\\/li><li>Visit one of our One-Stop Career Centers throughout the City of Oakland.<\\/li><li>Visit the City of Oakland Human Resources Department at 150 Frank H. Ogawa Plaza, 2nd Floor Suite 2352 from 8:30 am to 5:00 pm, Monday - Friday.<\\/li><\\/ol>\\r\\n\\r\\n\\r\\n\\r\\n\\r\\n\\r\\n\\r\\n\\r\\n<p>If you don\\u2019t see a job you want yet, you can set up an alert to learn when a future job is posted. Complete a job interest card to receive this alert. For the next 12 months, you will receive an email when a new position matches the category you choose. &nbsp;<\\/p><h2>2. Apply for a position<\\/h2>\\r\\n\\r\\n<p>To apply to a specific position, you must submit your application online at Apply Online for Current Job Openings by the closing date. The Human Resources Department will email you to confirm receiving the application.<\\/p>\\r\\n\\r\\n<p>If you do not have access to a computer or Internet access, you can use a computer at any location of the <a href=\\\"http:\\/\\/oaklandlibrary.org\\/using-library\\/locations-hours\\\">City of Oakland Public Library<\\/a>. You can also use a work station of the City of Oakland Department of Human Resources Management at 150 Frank H. Ogawa Plaza, 2nd Floor, Oakland, CA 94612 from 9 am to 5 pm.<\\/p>\\r\\n\\r\\n<p>Need help applying? Call NeoGov at (877) 204-4442 for technical questions. For all other questions, call (510) 238-3112, TTY 238-3254.<\\/p>\\r\\n\\r\\n<p><strong>Veterans:<\\/strong> You may be entitled to preference points which can help you get hired. To receive your points, you must have an honorable discharge. Submit Form DD214 with your application on or before the final filing date for the position. If you are a disabled veteran, submit proof of your disability from the Veteran\\u2019s Service with your application.<\\/p>\\r\\n\\r\\n<p><strong>People with Criminal Convictions:<\\/strong> You can still apply to a job with the City of Oakland. Each application will be given individual consideration, based on job-relatedness. All records of conviction(s) will be reviewed. This review may result in a request for additional information or termination if needed.<\\/p><h2>3. Application review<\\/h2>\\r\\n\\r\\n<p>Once your application is submitted, it will be reviewed in two stages.<\\/p><ol><li>Review of minimum qualifications: The Human Resources Department will check that your experiences fits the qualifications listed in the job posting. If your application satisfies the criteria, it will move to the next stage.<\\/li><li>Review of supplemental questions: Depending on the criteria of the job you applied to, you may be required to complete supplemental questions. You must complete these questions if the job announcement says that the questions are required. If these required questions are not answered, your application will not be considered. If the questions are optional, it is best to answer the questions as completely as possible. These responses may help your application move to the next stage of the hiring process.<\\/li><\\/ol>\\r\\n\\r\\n\\r\\n\\r\\n<h2>4. Civil service examination<\\/h2>\\r\\n\\r\\n<p>Examinations may include any combination of the following activities:<\\/p><ul><li>Application Reviews<\\/li><li>Review for Minimum Qualifications<\\/li><li>Supplemental Questionnaire<\\/li><li>Multiple Choice\\/True-False Written Test<\\/li><li>Problem Exercise\\/ Writing Sample Test<\\/li><li>Performance Test<\\/li><li>Oral Interview<\\/li><\\/ul>\\r\\n\\r\\n\\r\\n\\r\\n\\r\\n\\r\\n\\r\\n\\r\\n\\r\\n\\r\\n\\r\\n\\r\\n\\r\\n\\r\\n<p>The components of each examination are written in the job announcement for that examination.<\\/p>\\r\\n\\r\\n<p>The purpose of the examination is to further assess your knowledge and ability as well as your education, experience and other factors related to the job for which you applied. <\\/p>\\r\\n\\r\\nExam Preparation <br><ul><li>Refer to test booklets on general test taking available at Oakland Public Library and local bookstores. The City does not offer exam preparation materials.<\\/li><\\/ul>\\r\\n\\r\\nOral Interview Preparation<br><ul><li>Review the job description for the position to become familiar with the position duties.<\\/li><li>Be prepared to tell the interviewer about your education, work experience and qualifications as it relates to the position you have applied for<\\/li><\\/ul>\\r\\n\\r\\n\\r\\n\\r\\n<p><strong>Persons with disabilities:<\\/strong> Please contact the Human Resources Department if you need accommodations for the examination process. You will need to complete a form to share relevant information and what accommodation is required. &nbsp;Please attach a doctor\'s note.<\\/p><h2><br>5. Placement on eligibility list<\\/h2>\\r\\n\\r\\n<p>The eligibility list is a list of four people eligible for an open position in the hiring department. Candidates are listed in order based on their performance on the examination.<\\/p>\\r\\n\\r\\n<p><strong>To learn your score and rank on the eligibility list,<\\/strong> forward a self address stamped envelope to the Human Resource Department with your request.<\\/p>\\r\\n\\r\\n<p>Once you are on an eligibility list, you can be sent on a maximum of four (4) job interviews with the hiring department. You can choose to decline up to three (3) different interviews for a position. After the third decline, your name will be removed from the eligibility list. <\\/p>\\r\\n\\r\\n<p>If the hiring department does not select you, your name will stay on the eligibility list for up to two years for consideration for future positions in the hiring department.<\\/p><h2><br>6. Department interview<\\/h2>\\r\\n\\r\\n<h2>7. Receipt of job offer<\\/h2>\\r\\n\\r\\n\\r\\n\\r\\n<p>Congratulations on your new role at the City of Oakland!<\\/p>\\r\\n\\r\\n<h2>Frequently Asked Questions<\\/h2>\\r\\n\\r\\n<p> &nbsp;&nbsp;<br>12. How do I report a change of address?<br>Applicants can update their contact information at any time after logging into their NeoGov account. Current employees should fill out a <a href=\\\"http:\\/\\/www2.oaklandnet.com\\/Government\\/o\\/HumanResources\\/a\\/FAQ\\/OAK039854\\\">change of address form<\\/a> and submit it to the Department of Human Resources Management 150 Frank H. Ogawa Plaza, Suite 2352 Oakland CA, 94612.<br> <br>20. How do I obtain information about benefits for the job I am applying for?<br>Contact the Human Resource Department Benefits Unit at (510) 238-7295, TTY 238-3254 for Medical, Dental, Insurance, Employee Wellness and Deferred Compensation information.<\\/p>\",\"5\":\"\",\"3\":\"\",\"4\":\"\"}}', '2016-01-05 22:23:16', '2016-01-05 22:23:16', 'ed660b3b-936d-44ee-a27b-dbd7308620bd'),
 ('722', '192', '3', '1', 'en_us', '5', '', '{\"typeId\":\"3\",\"authorId\":\"1\",\"title\":\"Benefits & Perks\",\"slug\":\"pay-benefits\",\"postDate\":1450481160,\"expiryDate\":null,\"enabled\":1,\"parentId\":\"142\",\"fields\":{\"1\":\"<h2>Health Care Coverage<\\/h2>\\r\\n\\r\\n\\r\\n\\r\\n<p>All employees are eligible for health care coverage for themselves and their eligible dependents. These plans may include health insurance (medical coverage), dental care, and vision care.<\\/p><h2>Summary of Benefits<\\/h2><table><thead><tr><th><\\/th><th>Health<\\/th><th>Dental<\\/th><th>Vision Care<\\/th><th>Worker\'s&nbsp;Comp<\\/th><th>Disability Insurance<\\/th><th>Life Insurance<\\/th><th>Retirement<\\/th><th>Professional Development<\\/th><th>Unemployment Insurance<\\/th><\\/tr><\\/thead><tbody><tr><td>Full-time employee (Not include fire and police)<\\/td><td>x<\\/td><td>x<\\/td><td>x<\\/td><td>x<\\/td><td>x<\\/td><td>x<\\/td><td>x<\\/td><td>x<\\/td><td>x<\\/td><\\/tr><tr><td>Fire and&nbsp;Police (full-time)<\\/td><td>x<\\/td><td>x<\\/td><td><\\/td><td>x<\\/td><td><\\/td><td>x<\\/td><td>x<\\/td><td><\\/td><td>x<\\/td><\\/tr><tr><td>Part-time<\\/td><td>x<\\/td><td><\\/td><td><\\/td><td>x<\\/td><td>x<\\/td><td><\\/td><td>x<\\/td><td><\\/td><td>x<\\/td><\\/tr><tr><td>Part-time Senior Aides<\\/td><td>x<\\/td><td><\\/td><td><\\/td><td>x<\\/td><td><\\/td><td><\\/td><td>x<\\/td><td><\\/td><td><\\/td><\\/tr><\\/tbody><\\/table>\\r\\n\\r\\n\\r\\n\\r\\n\\r\\n\\r\\n<h3><br>What to Know<\\/h3>\\r\\n\\r\\n\\r\\n\\r\\n\\r\\n\\r\\n\\r\\n\\r\\n\\r\\n\\r\\n<ul><li>You are eligible to enroll on the date you are hired.<\\/li><li>Work with your department to enroll within 60 days.<p><br><\\/p>\\r\\n<ul><li>If you wait more than 60 days to enroll, you will face a penalty of a 90 day waiting period.<\\/li><\\/ul><\\/li><li>Your coverage starts on the first of the month after submission of your paperwork.<\\/li><li>You can change your plan during open enrollment during the fall.<\\/li><li>Any changes you make become effective in January of the following year.<\\/li><\\/ul>\\r\\n\\r\\n\\r\\n\\r\\n\\r\\n\\r\\n\\r\\n\\r\\n\\r\\n\\r\\n\\r\\n\\r\\n\\r\\n\\r\\n\\r\\n\\r\\n\\r\\n\\r\\n\\r\\n\\r\\n\\r\\n\\r\\n\\r\\n\\r\\n\\r\\n\\r\\n\\r\\n\\r\\n\\r\\n\\r\\n<h3>Medical Coverage<\\/h3>\\r\\n\\r\\n\\r\\n\\r\\n\\r\\n\\r\\n\\r\\n\\r\\n\\r\\n\\r\\n<p>You can choose a medical plan through CalPERS (California Public Employees Retirement Systems) Health Benefit Services.<br>The City pays the full monthly premium for some plans. For other plans, the employee pays premiums with after-tax dollars.<br>For more information on medical plans, visit the CalPERS website.<\\/p>\\r\\n\\r\\n\\r\\n\\r\\n\\r\\n\\r\\n<p><br><\\/p>\\r\\n\\r\\n\\r\\n\\r\\n\\r\\n\\r\\n<h2>Dental Plans<\\/h2>\\r\\n\\r\\n\\r\\n\\r\\n\\r\\n\\r\\n<p>All full time employees except fire and police can choose from two dental plans for themselves and their eligible dependents. The HMO dental plan includes no deductibles when visiting an authorized dentist. This plan is administered by DeltaCare.<br>The PPO plan covers a percentage of costs but gives members more flexibility. This plan is administered by Delta Dental. <br>Police and fire personnel have dental coverage through their respective unions.<\\/p>\\r\\n\\r\\n\\r\\n\\r\\n\\r\\n\\r\\n<h2>Vision Care<\\/h2>\\r\\n\\r\\n\\r\\n\\r\\n\\r\\n\\r\\n\\r\\n\\r\\n\\r\\n\\r\\n<p>All full time employees except fire and police have vision coverage for themselves and their eligible dependents. This plan is administered by Vision Service Plan.<br>Police and fire personnel do not have vision coverage.<\\/p>\\r\\n\\r\\n\\r\\n\\r\\n\\r\\n\\r\\n\\r\\n\\r\\n\\r\\n\\r\\n<h2>Dependents<\\/h2>\\r\\n\\r\\n\\r\\n\\r\\n\\r\\n\\r\\n\\r\\n\\r\\n\\r\\n\\r\\n<p>Your dependents may be eligible for the same health care coverage that you enroll in.<\\/p>\\r\\n\\r\\n<p>Eligible dependents include:<\\/p>\\r\\n\\r\\n\\r\\n\\r\\n<ul><li>Spouse<\\/li><li>Domestic partner<\\/li><li>Financially dependent children\\r\\n<ul><li>Medical benefits: Children under age 26<\\/li><\\/ul><ul><li>Dental and vision benefits: Children under age 18 or students age 19 - 25<\\/li><\\/ul><\\/li><\\/ul>\\r\\n\\r\\n\\r\\n\\r\\n\\r\\n\\r\\n\\r\\n\\r\\n\\r\\n\\r\\n\\r\\n\\r\\n\\r\\n\\r\\n\\r\\n\\r\\n\\r\\n\\r\\n\\r\\n\\r\\n\\r\\n\\r\\n\\r\\n\\r\\n\\r\\n\\r\\n<p>You need to provide documentation to add your dependents to your health plan.<\\/p>\\r\\n\\r\\n\\r\\n\\r\\n\\r\\n\\r\\n\\r\\n\\r\\n\\r\\n\\r\\n<ul><li>Marriage certificate<\\/li><li>Certificate of domestic partnership<\\/li><li>Birth certificate<\\/li><li>Legal adoption or guardianship papers<\\/li><li>Affidavit for financially dependent children<\\/li><li>Proof of full-time enrollment in school<\\/li><\\/ul>\\r\\n\\r\\n\\r\\n\\r\\n\\r\\n\\r\\n\\r\\n\\r\\n\\r\\n\\r\\n\\r\\n\\r\\n\\r\\n\\r\\n\\r\\n\\r\\n\\r\\n\\r\\n\\r\\n\\r\\n\\r\\n\\r\\n\\r\\n\\r\\n\\r\\n\\r\\n<h2>Continuing Your Benefits<\\/h2>\\r\\n\\r\\n\\r\\n\\r\\n\\r\\n\\r\\n\\r\\n\\r\\n\\r\\n\\r\\n<p>Under COBRA, an employee and enrolled dependents may pay to continue medical, dental or vision coverage for a limited period of time if city-paid coverage ceases for reasons recognized under the law.<br>The cost for COBRA coverage equals the same premium the City pays monthly plus a 2% administrative fee.<\\/p>\\r\\n\\r\\n\\r\\n\\r\\n\\r\\n\\r\\n<h2>Retirement<\\/h2>\\r\\n\\r\\n\\r\\n\\r\\n\\r\\n\\r\\n\\r\\n\\r\\n\\r\\n\\r\\n<p>All employees of the City of Oakland have retirement benefits through the Public Employees\' Retirement System (CalPERS).<br>What happens to my CalPERS benefits if I leave the City?<\\/p>\\r\\n\\r\\n\\r\\n\\r\\n\\r\\n\\r\\n\\r\\n\\r\\n\\r\\n\\r\\n<p>You may be able to take your retirement benefits with you. If you leave the City to work for another employer that also participates in CalPERS, your retirement benefit will continue. If your new employer does not participate in CalPERS, the funds may be rolled over into a qualified Individual Retirement Account (IRA). <br>Current and former City employees interested in learning more about their retirement benefits may contact CalPERS directly at (888)225-7377 or visit the CalPERS website at www.calpers.ca.gov. They may also contact the City of Oakland\'s Retirement Office at (510)238-6479, weekdays from 8:30am - 5:00pm.<\\/p>\\r\\n\\r\\n<h3>Deferred Compensation<\\/h3>\\r\\n\\r\\n\\r\\n\\r\\n\\r\\n\\r\\n\\r\\n\\r\\n\\r\\n\\r\\n<p>The Deferred Compensation Plan is a voluntary retirement plan. You can increase your retirement savings and reduce your tax burden by contributing to this 457(b) plan.<br>You can contribute as little as $10 per pay period. The maximum contribution allowed is defined by Federal regulations for the calendar year. You can choose from several investment options. The City does not contribute to nor match employee contributions to this plan.<\\/p>\\r\\n\\r\\n\\r\\n\\r\\n<h2>Life Insurance<\\/h2>\\r\\n\\r\\n\\r\\n\\r\\n\\r\\n\\r\\n\\r\\n\\r\\n\\r\\n\\r\\n<p>All full time employees including fire and police personnel have life insurance benefits. In the event of an employee\'s death, the beneficiary will receive an amount equal to the employee\'s current annual salary rounded up to the nearest $1,000. For example, if the annual salary is $35,500, the life insurance benefit would be $36,000.<br>If the death is the result of an accident, the beneficiary may receive an additional benefit equal to the life insurance amount.<br>The City pays the full premium cost for coverage. There is no employee contribution. Dependents are not eligible for this benefit.<\\/p>\\r\\n\\r\\n\\r\\n\\r\\n<h2><br>Disability<\\/h2>\\r\\n\\r\\n\\r\\n\\r\\n\\r\\n\\r\\n\\r\\n\\r\\n\\r\\n\\r\\n<p>Most part-time and full-time employees excluding police and fire personnel who experience a non-work-related illness or injury can apply for State Disability Insurance (SDI). This insurance is provided through the State of California\'s Employment Development Department.<br>Employees who do not qualify for SDI are covered by a third party administrator for both short- and long-term disability. Benefits begin after a seven-day period and are determined by several eligibility factors.<\\/p>\\r\\n\\r\\n\\r\\n\\r\\n<h2><br>Medical Waivers<\\/h2>\\r\\n\\r\\n\\r\\n\\r\\n\\r\\n\\r\\n\\r\\n\\r\\n\\r\\n\\r\\n<p>Upon proof of other medical coverage, employees may choose to waive or cancel medical benefits for themselves and eligible dependents and receive cash instead.<\\/p>\\r\\n\\r\\n\\r\\n\\r\\n<h2><br>Flexible Spending Accounts<\\/h2>\\r\\n\\r\\n\\r\\n\\r\\n\\r\\n\\r\\n\\r\\n\\r\\n\\r\\n\\r\\n<p>The City of Oakland offers three flexible spending programs: Medical Care Assistance Program (MCAP), Dependent Care Assistance Program (DCAP), Transit Program. <br>You contribute to these programs to pay for qualifying expenses with pre-tax dollars. This reduces the amount of tax dollars you pay. The IRS regulates these programs. Please visit the third party administrator website for specific information about the plans at http:\\/\\/www.cbadministrators.com.<br>The Medical Care Assistance Program (MCAP) allows an employee to pay for medical, dental and vision care expenses with pre-tax dollars up to $2,500 each year. Estimate your annual out-of-pocket medical costs to decide how much to contribute. The City will withhold contributions from your paycheck every two weeks.<br>The Dependent Care Assistance Program (DCAP) allows an employee to pay for dependent care expenses with pre-tax dollars up to $5000 per household. Only necessary dependent care that allows you, or both you and your spouse together, to work is eligible. Estimate your annual dependent-care costs to decide how much to contribute. The City will withhold contributions from your paycheck every two weeks.<br>After you pay for eligible expenses, submit a claim to the third party administrator for reimbursement.<br>The Transit Program allows an employee to pay for mass transit and parking with pre-tax dollars. Estimate your monthly transportation costs to decide how much to contribute. You may have to pay an administrative fee for the program.<\\/p>\\r\\n\\r\\n\\r\\n\\r\\n\\r\\n\\r\\n\\r\\n\\r\\n\\r\\n\\r\\n<p>The third party administrator will mail you a monthly voucher or transit card. You may use vouchers or transit cards at locations that accept tickets and passes. For more information, visit CBA, the third party administrator\'s website at http:\\/\\/www.cbadministrators.com.<\\/p>\",\"5\":\"\",\"3\":\"\",\"4\":\"Salary information, benefits and compensation for City employees\"}}', '2016-01-05 23:10:33', '2016-01-05 23:10:33', 'e1ad5c0d-9591-417d-b2bf-0dcfcf27e22d'),
 ('732', '192', '3', '1', 'en_us', '6', '', '{\"typeId\":\"3\",\"authorId\":\"1\",\"title\":\"Benefits & Perks\",\"slug\":\"pay-benefits\",\"postDate\":1450481160,\"expiryDate\":null,\"enabled\":1,\"parentId\":\"142\",\"fields\":{\"1\":\"<h2>Health Care Coverage<\\/h2>\\r\\n\\r\\n<p>All employees are eligible for health care coverage for themselves and their eligible dependents. These plans may include health insurance (medical coverage), dental care, and vision care.<\\/p>\\r\\n\\r\\n\\r\\n\\r\\n<h2>Summary of Benefits<\\/h2>\\r\\n\\r\\n\\r\\n\\r\\n\\r\\n\\r\\n<div class=\\\"table-wrap\\\">\\r\\n<table><thead><tr><th><\\/th><th>Health<\\/th><th>Dental<\\/th><th>Vision Care<\\/th><th>Worker\'s&nbsp;Comp<\\/th><th>Disability Insurance<\\/th><th>Life Insurance<\\/th><th>Retirement<\\/th><th>Professional Development<\\/th><th>Unemployment Insurance<\\/th><\\/tr><\\/thead><tbody><tr><td>Full-time employee (Not include fire and police)<\\/td><td>x<\\/td><td>x<\\/td><td>x<\\/td><td>x<\\/td><td>x<\\/td><td>x<\\/td><td>x<\\/td><td>x<\\/td><td>x<\\/td><\\/tr><tr><td>Fire and&nbsp;Police (full-time)<\\/td><td>x<\\/td><td>x<\\/td><td><\\/td><td>x<\\/td><td><\\/td><td>x<\\/td><td>x<\\/td><td><\\/td><td>x<\\/td><\\/tr><tr><td>Part-time<\\/td><td>x<\\/td><td><\\/td><td><\\/td><td>x<\\/td><td>x<\\/td><td><\\/td><td>x<\\/td><td><\\/td><td>x<\\/td><\\/tr><tr><td>Part-time Senior Aides<\\/td><td>x<\\/td><td><\\/td><td><\\/td><td>x<\\/td><td><\\/td><td><\\/td><td>x<\\/td><td><\\/td><td><\\/td><\\/tr><\\/tbody><\\/table>\\r\\n<\\/div>\\r\\n\\r\\n\\r\\n\\r\\n\\r\\n\\r\\n<h3><br>What to Know<\\/h3>\\r\\n\\r\\n\\r\\n\\r\\n\\r\\n\\r\\n\\r\\n\\r\\n\\r\\n\\r\\n<ul><li>You are eligible to enroll on the date you are hired.<\\/li><li>Work with your department to enroll within 60 days.<p><br><\\/p>\\r\\n<ul><li>If you wait more than 60 days to enroll, you will face a penalty of a 90 day waiting period.<\\/li><\\/ul><\\/li><li>Your coverage starts on the first of the month after submission of your paperwork.<\\/li><li>You can change your plan during open enrollment during the fall.<\\/li><li>Any changes you make become effective in January of the following year.<\\/li><\\/ul>\\r\\n\\r\\n\\r\\n\\r\\n\\r\\n\\r\\n\\r\\n\\r\\n\\r\\n\\r\\n\\r\\n\\r\\n\\r\\n\\r\\n\\r\\n\\r\\n\\r\\n\\r\\n\\r\\n\\r\\n<h3>Medical Coverage<\\/h3>\\r\\n\\r\\n\\r\\n\\r\\n\\r\\n\\r\\n\\r\\n\\r\\n\\r\\n\\r\\n<p>You can choose a medical plan through CalPERS (California Public Employees Retirement Systems) Health Benefit Services.<br>The City pays the full monthly premium for some plans. For other plans, the employee pays premiums with after-tax dollars.<br>For more information on medical plans, visit the CalPERS website.<\\/p>\\r\\n\\r\\n\\r\\n\\r\\n\\r\\n\\r\\n\\r\\n\\r\\n<p><br><\\/p>\\r\\n\\r\\n\\r\\n\\r\\n\\r\\n\\r\\n\\r\\n\\r\\n<h2>Dental Plans<\\/h2>\\r\\n\\r\\n\\r\\n\\r\\n\\r\\n\\r\\n\\r\\n\\r\\n<p>All full time employees except fire and police can choose from two dental plans for themselves and their eligible dependents. The HMO dental plan includes no deductibles when visiting an authorized dentist. This plan is administered by DeltaCare.<br>The PPO plan covers a percentage of costs but gives members more flexibility. This plan is administered by Delta Dental. <br>Police and fire personnel have dental coverage through their respective unions.<\\/p>\\r\\n\\r\\n\\r\\n\\r\\n\\r\\n\\r\\n\\r\\n\\r\\n<h2>Vision Care<\\/h2>\\r\\n\\r\\n\\r\\n\\r\\n\\r\\n\\r\\n\\r\\n\\r\\n\\r\\n\\r\\n<p>All full time employees except fire and police have vision coverage for themselves and their eligible dependents. This plan is administered by Vision Service Plan.<br>Police and fire personnel do not have vision coverage.<\\/p>\\r\\n\\r\\n\\r\\n\\r\\n\\r\\n\\r\\n\\r\\n\\r\\n\\r\\n\\r\\n<h2>Dependents<\\/h2>\\r\\n\\r\\n\\r\\n\\r\\n\\r\\n\\r\\n\\r\\n\\r\\n\\r\\n\\r\\n<p>Your dependents may be eligible for the same health care coverage that you enroll in.<\\/p>\\r\\n\\r\\n\\r\\n\\r\\n\\r\\n\\r\\n<p>Eligible dependents include:<\\/p>\\r\\n\\r\\n\\r\\n\\r\\n\\r\\n\\r\\n<ul><li>Spouse<\\/li><li>Domestic partner<\\/li><li>Financially dependent children\\r\\n<ul><li>Medical benefits: Children under age 26<\\/li><\\/ul><ul><li>Dental and vision benefits: Children under age 18 or students age 19 - 25<\\/li><\\/ul><\\/li><\\/ul>\\r\\n\\r\\n\\r\\n\\r\\n\\r\\n\\r\\n\\r\\n\\r\\n\\r\\n\\r\\n\\r\\n\\r\\n\\r\\n\\r\\n\\r\\n\\r\\n\\r\\n\\r\\n<p>You need to provide documentation to add your dependents to your health plan.<\\/p>\\r\\n\\r\\n\\r\\n\\r\\n\\r\\n\\r\\n\\r\\n\\r\\n\\r\\n\\r\\n<ul><li>Marriage certificate<\\/li><li>Certificate of domestic partnership<\\/li><li>Birth certificate<\\/li><li>Legal adoption or guardianship papers<\\/li><li>Affidavit for financially dependent children<\\/li><li>Proof of full-time enrollment in school<\\/li><\\/ul>\\r\\n\\r\\n\\r\\n\\r\\n\\r\\n\\r\\n\\r\\n\\r\\n\\r\\n\\r\\n\\r\\n\\r\\n\\r\\n\\r\\n\\r\\n\\r\\n\\r\\n\\r\\n<h2>Continuing Your Benefits<\\/h2>\\r\\n\\r\\n\\r\\n\\r\\n\\r\\n\\r\\n\\r\\n\\r\\n\\r\\n\\r\\n<p>Under COBRA, an employee and enrolled dependents may pay to continue medical, dental or vision coverage for a limited period of time if city-paid coverage ceases for reasons recognized under the law.<br>The cost for COBRA coverage equals the same premium the City pays monthly plus a 2% administrative fee.<\\/p>\\r\\n\\r\\n\\r\\n\\r\\n\\r\\n\\r\\n\\r\\n\\r\\n<h2>Retirement<\\/h2>\\r\\n\\r\\n\\r\\n\\r\\n\\r\\n\\r\\n\\r\\n\\r\\n\\r\\n\\r\\n<p>All employees of the City of Oakland have retirement benefits through the Public Employees\' Retirement System (CalPERS).<br>What happens to my CalPERS benefits if I leave the City?<\\/p>\\r\\n\\r\\n\\r\\n\\r\\n\\r\\n\\r\\n\\r\\n\\r\\n\\r\\n\\r\\n<p>You may be able to take your retirement benefits with you. If you leave the City to work for another employer that also participates in CalPERS, your retirement benefit will continue. If your new employer does not participate in CalPERS, the funds may be rolled over into a qualified Individual Retirement Account (IRA). <br>Current and former City employees interested in learning more about their retirement benefits may contact CalPERS directly at (888)225-7377 or visit the CalPERS website at www.calpers.ca.gov. They may also contact the City of Oakland\'s Retirement Office at (510)238-6479, weekdays from 8:30am - 5:00pm.<\\/p>\\r\\n\\r\\n\\r\\n\\r\\n\\r\\n\\r\\n<h3>Deferred Compensation<\\/h3>\\r\\n\\r\\n\\r\\n\\r\\n\\r\\n\\r\\n\\r\\n\\r\\n\\r\\n\\r\\n<p>The Deferred Compensation Plan is a voluntary retirement plan. You can increase your retirement savings and reduce your tax burden by contributing to this 457(b) plan.<br>You can contribute as little as $10 per pay period. The maximum contribution allowed is defined by Federal regulations for the calendar year. You can choose from several investment options. The City does not contribute to nor match employee contributions to this plan.<\\/p>\\r\\n\\r\\n\\r\\n\\r\\n\\r\\n\\r\\n<h2>Life Insurance<\\/h2>\\r\\n\\r\\n\\r\\n\\r\\n\\r\\n\\r\\n\\r\\n\\r\\n\\r\\n\\r\\n<p>All full time employees including fire and police personnel have life insurance benefits. In the event of an employee\'s death, the beneficiary will receive an amount equal to the employee\'s current annual salary rounded up to the nearest $1,000. For example, if the annual salary is $35,500, the life insurance benefit would be $36,000.<br>If the death is the result of an accident, the beneficiary may receive an additional benefit equal to the life insurance amount.<br>The City pays the full premium cost for coverage. There is no employee contribution. Dependents are not eligible for this benefit.<\\/p>\\r\\n\\r\\n\\r\\n\\r\\n\\r\\n\\r\\n<h2><br>Disability<\\/h2>\\r\\n\\r\\n\\r\\n\\r\\n\\r\\n\\r\\n\\r\\n\\r\\n\\r\\n\\r\\n<p>Most part-time and full-time employees excluding police and fire personnel who experience a non-work-related illness or injury can apply for State Disability Insurance (SDI). This insurance is provided through the State of California\'s Employment Development Department.<br>Employees who do not qualify for SDI are covered by a third party administrator for both short- and long-term disability. Benefits begin after a seven-day period and are determined by several eligibility factors.<\\/p>\\r\\n\\r\\n\\r\\n\\r\\n\\r\\n\\r\\n<h2><br>Medical Waivers<\\/h2>\\r\\n\\r\\n\\r\\n\\r\\n\\r\\n\\r\\n\\r\\n\\r\\n\\r\\n\\r\\n<p>Upon proof of other medical coverage, employees may choose to waive or cancel medical benefits for themselves and eligible dependents and receive cash instead.<\\/p>\\r\\n\\r\\n\\r\\n\\r\\n\\r\\n\\r\\n<h2><br>Flexible Spending Accounts<\\/h2>\\r\\n\\r\\n\\r\\n\\r\\n\\r\\n\\r\\n\\r\\n\\r\\n\\r\\n\\r\\n<p>The City of Oakland offers three flexible spending programs: Medical Care Assistance Program (MCAP), Dependent Care Assistance Program (DCAP), Transit Program. <br>You contribute to these programs to pay for qualifying expenses with pre-tax dollars. This reduces the amount of tax dollars you pay. The IRS regulates these programs. Please visit the third party administrator website for specific information about the plans at http:\\/\\/www.cbadministrators.com.<br>The Medical Care Assistance Program (MCAP) allows an employee to pay for medical, dental and vision care expenses with pre-tax dollars up to $2,500 each year. Estimate your annual out-of-pocket medical costs to decide how much to contribute. The City will withhold contributions from your paycheck every two weeks.<br>The Dependent Care Assistance Program (DCAP) allows an employee to pay for dependent care expenses with pre-tax dollars up to $5000 per household. Only necessary dependent care that allows you, or both you and your spouse together, to work is eligible. Estimate your annual dependent-care costs to decide how much to contribute. The City will withhold contributions from your paycheck every two weeks.<br>After you pay for eligible expenses, submit a claim to the third party administrator for reimbursement.<br>The Transit Program allows an employee to pay for mass transit and parking with pre-tax dollars. Estimate your monthly transportation costs to decide how much to contribute. You may have to pay an administrative fee for the program.<\\/p>\\r\\n\\r\\n\\r\\n\\r\\n\\r\\n\\r\\n\\r\\n\\r\\n\\r\\n\\r\\n<p>The third party administrator will mail you a monthly voucher or transit card. You may use vouchers or transit cards at locations that accept tickets and passes. For more information, visit CBA, the third party administrator\'s website at http:\\/\\/www.cbadministrators.com.<\\/p>\",\"5\":\"\",\"3\":\"\",\"4\":\"Salary information, benefits and compensation for City employees\"}}', '2016-01-05 23:32:03', '2016-01-05 23:32:03', 'b834e63f-c702-4b09-86cf-6af706330d0d');
INSERT INTO `craft_entryversions` (`id`, `entryId`, `sectionId`, `creatorId`, `locale`, `num`, `notes`, `data`, `dateCreated`, `dateUpdated`, `uid`) VALUES
 ('742', '13', '4', '1', 'en_us', '4', '', '{\"typeId\":\"5\",\"authorId\":\"1\",\"title\":\"Public Works\",\"slug\":\"public-works\",\"postDate\":1449777120,\"expiryDate\":null,\"enabled\":1,\"parentId\":null,\"fields\":{\"10\":\"Service to the public is our sole reason for existence. Oakland Public Works plans, builds and maintains Oakland\\u2019s physical and environmental infrastructure for the residents, businesses and visitors of the city, making it a sustainable and desirable place to live, work, invest and visit.\",\"12\":\"<p><strong>Brooke A. Levin<\\/strong><br>Director of Oakland Public Works<\\/p>\",\"62\":\"She is an American Public Works Association Leadership Fellow with more than 30 years of public and private sector experience, including the past 22 years with the City of Oakland. She has been Assistant Director of Public Works for the past nine and half years, overseeing a $60 million dollar annual budget. In that role, she managed the operation and maintenance of parks, city facilities, street cleaning, garbage and recycling collection, environmental cleanup, tree services and sustainability. For ten years prior to that she was Oakland\'s first Environmental Services Manager. She also played a key role in planning and public works issues as a Policy Advisor to Mayor Elihu M. Harris from 1991 to 1994, and had a lead role in the aftermath of the Oakland Hills Firestorm. She is an artist, enjoys yoga and is the proud mother of two sons. Brooke has a Bachelor\\u2019s degree from the University of New Mexico.\",\"52\":[\"342\"],\"11\":[\"5\"],\"9\":\"Service to the public is our sole reason for existence.\"}}', '2016-01-06 20:23:55', '2016-01-06 20:23:55', '4fc1efeb-4c51-445c-b7a4-8faea7f3177f'),
 ('752', '13', '4', '1', 'en_us', '5', '', '{\"typeId\":\"5\",\"authorId\":\"1\",\"title\":\"Public Works\",\"slug\":\"public-works\",\"postDate\":1449777120,\"expiryDate\":null,\"enabled\":1,\"parentId\":null,\"fields\":{\"10\":\"Service to the public is our sole reason for existence. Oakland Public Works plans, builds and maintains Oakland\\u2019s physical and environmental infrastructure for the residents, businesses and visitors of the city, making it a sustainable and desirable place to live, work, invest and visit.\",\"12\":\"<p><strong>Brooke A. Levin<\\/strong><br>Director of Oakland Public Works<\\/p>\",\"62\":\"She is an American Public Works Association Leadership Fellow with more than 30 years of public and private sector experience, including the past 22 years with the City of Oakland. She has been Assistant Director of Public Works for the past nine and half years, overseeing a $60 million dollar annual budget. In that role, she managed the operation and maintenance of parks, city facilities, street cleaning, garbage and recycling collection, environmental cleanup, tree services and sustainability. For ten years prior to that she was Oakland\'s first Environmental Services Manager. She also played a key role in planning and public works issues as a Policy Advisor to Mayor Elihu M. Harris from 1991 to 1994, and had a lead role in the aftermath of the Oakland Hills Firestorm. She is an artist, enjoys yoga and is the proud mother of two sons. Brooke has a Bachelor\\u2019s degree from the University of New Mexico.\",\"52\":[\"342\"],\"11\":[\"5\"],\"9\":\"Service to the public is our sole reason for existence.\"}}', '2016-01-06 20:41:03', '2016-01-06 20:41:03', '24fe7e71-3629-4cfa-8853-64ac3a49299a'),
 ('762', '16', '4', '1', 'en_us', '2', '', '{\"typeId\":\"5\",\"authorId\":\"1\",\"title\":\"Human Resources\",\"slug\":\"human-resources\",\"postDate\":1449790080,\"expiryDate\":null,\"enabled\":1,\"parentId\":null,\"fields\":{\"10\":\"\",\"12\":\"\",\"62\":\"\",\"52\":\"\",\"11\":\"\",\"9\":\"recruits, develops and maintains the most highly qualified, diverse workforce to serve the people of Oakland.\"}}', '2016-01-07 00:33:21', '2016-01-07 00:33:21', 'ba9503bb-8cf8-4634-b339-b60122392e78'),
 ('772', '16', '4', '1', 'en_us', '3', '', '{\"typeId\":\"5\",\"authorId\":\"1\",\"title\":\"Human Resources\",\"slug\":\"human-resources\",\"postDate\":1449790080,\"expiryDate\":null,\"enabled\":1,\"parentId\":null,\"fields\":{\"10\":\"We recruit, develop and maintain the most highly qualified, diverse workforce to serve the people of Oakland.\",\"12\":\"\",\"62\":\"\",\"52\":\"\",\"11\":\"\",\"9\":\"\"}}', '2016-01-07 00:33:41', '2016-01-07 00:33:41', 'bde6a418-2344-4178-a24a-180475614e88'),
 ('782', '16', '4', '1', 'en_us', '4', '', '{\"typeId\":\"5\",\"authorId\":\"1\",\"title\":\"Human Resources\",\"slug\":\"human-resources\",\"postDate\":1449790080,\"expiryDate\":null,\"enabled\":1,\"parentId\":null,\"fields\":{\"10\":\"We recruit, develop and maintain the most highly qualified, diverse workforce to serve the people of Oakland.\",\"12\":\"<p><strong>Anil Comelo<br><\\/strong>Human Resources Management Director<\\/p>\",\"62\":\"Anil Comelo has more than 18 years of experience managing human resources functions. With a staff of 40 and an annual operating budget of $5.6M and a workers compensation budget of $22 million, he is responsible for directing the Recruitment and Classification, Benefits and Risk Management functions.\",\"52\":[\"352\"],\"11\":[\"142\"],\"9\":\"\"}}', '2016-01-07 00:35:37', '2016-01-07 00:35:37', '9a3636e8-6802-418c-b98a-edc5d939d89e'),
 ('792', '13', '4', '1', 'en_us', '6', '', '{\"typeId\":\"5\",\"authorId\":\"1\",\"title\":\"Public Works\",\"slug\":\"public-works\",\"postDate\":1449777120,\"expiryDate\":null,\"enabled\":1,\"parentId\":null,\"fields\":{\"10\":\"Service to the public is our sole reason for existence. Oakland Public Works plans, builds and maintains Oakland\\u2019s physical and environmental infrastructure for the residents, businesses and visitors of the city, making it a sustainable and desirable place to live, work, invest and visit.\",\"12\":\"<p><strong>Brooke A. Levin<\\/strong><br>Director of Oakland Public Works<\\/p>\",\"62\":\"She is an American Public Works Association Leadership Fellow with more than 30 years of public and private sector experience, including the past 22 years with the City of Oakland. She has been Assistant Director of Public Works for the past nine and half years, overseeing a $60 million dollar annual budget. In that role, she managed the operation and maintenance of parks, city facilities, street cleaning, garbage and recycling collection, environmental cleanup, tree services and sustainability. For ten years prior to that she was Oakland\'s first Environmental Services Manager. She also played a key role in planning and public works issues as a Policy Advisor to Mayor Elihu M. Harris from 1991 to 1994, and had a lead role in the aftermath of the Oakland Hills Firestorm. She is an artist, enjoys yoga and is the proud mother of two sons. Brooke has a Bachelor\\u2019s degree from the University of New Mexico.\",\"52\":[\"342\"],\"11\":[\"5\"],\"9\":\"\"}}', '2016-01-07 00:35:48', '2016-01-07 00:35:48', 'edd3e909-0a6d-4c9d-89ae-00142170c122'),
 ('802', '362', '3', '1', 'en_us', '1', '', '{\"typeId\":\"4\",\"authorId\":\"1\",\"title\":\"Job Application Process\",\"slug\":\"job-application-process\",\"postDate\":1452127683,\"expiryDate\":null,\"enabled\":1,\"parentId\":\"142\",\"fields\":{\"4\":\"Includes information on the application process and employment regulations\"}}', '2016-01-07 00:48:03', '2016-01-07 00:48:03', '08d50478-0f8d-45ca-80b5-2f42ea015110'),
 ('812', '372', '3', '1', 'en_us', '1', '', '{\"typeId\":\"3\",\"authorId\":\"1\",\"title\":\"Civil Service Board\",\"slug\":\"civil-service-board\",\"postDate\":1452127753,\"expiryDate\":null,\"enabled\":1,\"parentId\":\"\",\"fields\":{\"1\":\"<h3 id=\\\"responsibilities\\\">Responsibilities<\\/h3>\\r\\n\\r\\n<ul>\\r\\n  <li>Enforces the City\\u2019s personnel system and Civil Service Rules<\\/li>\\r\\n  <li>Approve exemption of positions from competitive service<\\/li>\\r\\n  <li>Approves classification specifications<\\/li>\\r\\n  <li>Performs other duties described in specific City laws and the Personnel Manual of the Civil Service Board<\\/li>\\r\\n  <li>Hears appeals on merit system issues.<\\/li>\\r\\n<\\/ul>\\r\\n\\r\\n\\r\\n\\r\\n<h3 id=\\\"membership\\\">Membership<\\/h3>\\r\\n\\r\\n\\r\\n\\r\\n<ul>\\r\\n  <li>The Mayor appoints the seven members of the Civil Service Board.<\\/li>\\r\\n  <li>A majority of City Council must confirm each member.<\\/li>\\r\\n  <li>Each member can serve for a three-year term.<\\/li>\\r\\n  <li>A member can serve up to two consecutive terms.<\\/li>\\r\\n  <li>Other staff include the Personnel Director and an attorney from the Office of the City Attorney.<\\/li>\\r\\n<\\/ul>\\r\\n\\r\\n\\r\\n\\r\\n\\r\\n\\r\\n<h3 id=\\\"activities\\\">Activities<\\/h3>\\r\\n\\r\\n\\r\\n\\r\\n\\r\\n\\r\\n<ul>\\r\\n  <li>The Civil Service Board meets every third Thursday at 5:30 P.M., at One Frank H. Ogawa Plaza, Hearing Room 1<\\/li>\\r\\n  <li>All meetings are open unless a special closed session is scheduled.<\\/li>\\r\\n  <li>The general public can comment on any agenda item and speak in an open forum.<\\/li>\\r\\n<\\/ul>\\r\\n\\r\\n\\r\\n\\r\\n\\r\\n\\r\\n<h3 id=\\\"more-resources\\\">More Resources<\\/h3>\\r\\n\\r\\n\\r\\n\\r\\n<ul>\\r\\n  <li>Section 901 of the Charter of the City of Oakland (About the Civil Service Board)<\\/li>\\r\\n  <li>Article IX of the Charter, Personnel Administration (City of Oakland Personnel System)<\\/li>\\r\\n  <li>Ordinance No. 13120 CMS<\\/li>\\r\\n  <li>Ordinance No. 11777 CMS<\\/li>\\r\\n  <li>Personnel Manual of the Civil Service Board<\\/li>\\r\\n  <li>Brown Act and the City\\u2019s Sunshine Ordinance (closed sessions)<\\/li>\\r\\n<\\/ul>\",\"5\":\"\",\"3\":\"\",\"4\":\"\"}}', '2016-01-07 00:49:13', '2016-01-07 00:49:13', 'b792a1ac-c289-4831-9dc6-c0b45446dc39'),
 ('822', '382', '3', '1', 'en_us', '1', '', '{\"typeId\":\"3\",\"authorId\":\"1\",\"title\":\"Employee Assistance Program (EAP)\",\"slug\":\"employee-assistance-program-eap\",\"postDate\":1452127818,\"expiryDate\":null,\"enabled\":1,\"parentId\":\"\",\"fields\":{\"1\":\"<p>The employee assistance program (EAP) provides City of Oakland employees and their families with free resources. These benefits help address personal and work-related problems. City employees and their families may use these services confidentially.<\\/p>\\r\\n\\r\\n<h3 id=\\\"examples-of-eap-services\\\">Examples of EAP Services<\\/h3>\\r\\n\\r\\n\\r\\n\\r\\n\\r\\n\\r\\n<ul>\\r\\n  <li>In-person counseling<\\/li>\\r\\n  <li>Substance abuse treatment<\\/li>\\r\\n  <li>Free legal advice and referrals<\\/li>\\r\\n  <li>Financial services<\\/li>\\r\\n  <li>Services for your family<\\/li>\\r\\n<\\/ul>\\r\\n\\r\\n\\r\\n\\r\\n\\r\\n\\r\\n<p>Claremont EAP manages the EAP for the City of Oakland. Request services by contacting their counselors.<\\/p>\\r\\n\\r\\n\\r\\n\\r\\n\\r\\n\\r\\n<h3 id=\\\"how-to-request-eap-services\\\">How to Request EAP Services<\\/h3>\\r\\n\\r\\n\\r\\n\\r\\n\\r\\n\\r\\n<table>\\r\\n<thead>\\r\\n<tr><th>\\r\\nPhone<\\/th><th>Online<\\/th><\\/tr>\\r\\n<\\/thead>\\r\\n<tbody>\\r\\n<tr><td style=\\\"background-color:white\\\">\\r\\nClaremont EAP: (800) 834-3773\\r\\n<\\/td><td>\\r\\n[Enroll online](http:\\/\\/claremonteap.personaladvantage.com\\/gateway.jsp?SingleSignIn:refid=10349826.)\\r\\n<\\/td><\\/tr>\\r\\n<\\/tbody>\\r\\n<\\/table>\",\"5\":\"\",\"3\":\"\",\"4\":\"\"}}', '2016-01-07 00:50:18', '2016-01-07 00:50:18', 'b40edc19-d9f0-41ba-ab13-f3ff41db39be'),
 ('832', '392', '3', '1', 'en_us', '1', '', '{\"typeId\":\"3\",\"authorId\":\"1\",\"title\":\"Requesting a Civil Service Board Hearing or Appeal\",\"slug\":\"requesting-a-civil-service-board-hearing-or-appeal\",\"postDate\":1452127853,\"expiryDate\":null,\"enabled\":1,\"parentId\":\"\",\"fields\":{\"1\":\"<h3 id=\\\"what-to-know\\\">What to Know<\\/h3>\\r\\n\\r\\n<p>If you are a <strong>permanent classified employee<\\/strong>:<\\/p>\\r\\n\\r\\n\\r\\n\\r\\n\\r\\n\\r\\n<ul>\\r\\n  <li>You can appeal the following disciplinary actions:<\\/li>\\r\\n  <li>Suspension<\\/li>\\r\\n  <li>Fine<\\/li>\\r\\n  <li>Demotion<\\/li>\\r\\n  <li>Discharge<\\/li>\\r\\n  <li>The Personnel Director receives all notices of appeal.<\\/li>\\r\\n  <li>Submit your notice of appeal within 10 working days of the final notice of discipline.<\\/li>\\r\\n  <li>Your union has defined rules to file an appeal and request a hearing in a Memorandum of Understanding.<\\/li>\\r\\n  <li>Click here to find your union\\u2019s Memorandum of Understanding (MOUs) http:\\/\\/www2.oaklandnet.com\\/Government\\/o\\/CityAdministration\\/d\\/EmployeeRelations\\/MOUsandCivilServiceRules\\/index.htm<\\/li>\\r\\n<\\/ul>\\r\\n\\r\\n\\r\\n\\r\\n\\r\\n\\r\\n<p>If you are a <strong>probationary classified employee<\\/strong>:<\\/p>\\r\\n\\r\\n\\r\\n\\r\\n\\r\\n\\r\\n<ul>\\r\\n  <li>You can appeal losing your job under certain conditions.<\\/li>\\r\\n  <li>If you were not evaluated according to the rules of the Personnel Manual.<\\/li>\\r\\n  <li>If you were not released according to the rules of the Personnel Manual.<\\/li>\\r\\n  <li>The Personnel Director receives all notices of appeal.<\\/li>\\r\\n  <li>Submit your notice of appeal within 5 working days of notice of losing your job.<\\/li>\\r\\n  <li>Your union has defined rules to file an appeal and request a hearing in a Memorandum of Understanding.<\\/li>\\r\\n  <li>Click here to find your union\\u2019s Memorandum of Understanding (MOUs) http:\\/\\/www2.oaklandnet.com\\/Government\\/o\\/CityAdministration\\/d\\/EmployeeRelations\\/MOUsandCivilServiceRules\\/index.htm<\\/li>\\r\\n<\\/ul>\\r\\n\\r\\n\\r\\n\\r\\n\\r\\n\\r\\n<h3 id=\\\"what-happens-next\\\">What Happens Next<\\/h3>\\r\\n\\r\\n\\r\\n\\r\\n\\r\\n\\r\\n<ul>\\r\\n  <li>You will receive a response to your notice of appeal within 7 days.<\\/li>\\r\\n  <li>Timely appeals must be submitted to the Civil Service Board.<\\/li>\\r\\n  <li>The Board will decide who will hear the appeal.<\\/li>\\r\\n  <li>Either the Board or an independent Hearing Officer will hear the appeal.<\\/li>\\r\\n  <li>Hearings are usually closed to the public unless you request a public hearing.<\\/li>\\r\\n  <li>The Board has the power to make a final decision.<\\/li>\\r\\n<\\/ul>\\r\\n\\r\\n\\r\\n\\r\\n\\r\\n\\r\\n<h3 id=\\\"contact-the-civil-service-board\\\">Contact the Civil Service Board<\\/h3>\\r\\n\\r\\n\\r\\n\\r\\n\\r\\n\\r\\n<table>\\r\\n<thead>\\r\\n<tr><th>In Person<\\/th><th>Phone<\\/th><th>Email<\\/th><\\/tr>\\r\\n<\\/thead>\\r\\n<tbody>\\r\\n<tr><td style=\\\"background-color:white\\\">\\r\\nHours: Monday through Friday from 8:30 a.m. to 5:00 p.m.\\r\\n<\\/td><td>\\r\\nGeneral Information: (510) 238-6467\\r\\n\\r\\nAppeals: (510) 238-6467<\\/td>\\r\\n<td>\\r\\n[civilservice@oaklandnet.com](mailto:\\/\\/civilservice@oaklandnet.com)\\r\\n<\\/td> <\\/tr>\\r\\n<\\/tbody>\\r\\n<\\/table>\\r\\n\\r\\n\\r\\n\\r\\n\\r\\n\\r\\n<h3 id=\\\"more-resources\\\">More Resources<\\/h3>\\r\\n\\r\\n\\r\\n\\r\\n\\r\\n\\r\\n<ul>\\r\\n  <li>Ordinances 8979, 11777, the Personnel Manual - Civil Service Board and the Personnel Rules and Procedures of the Port of Oakland (Appellate duties of the Civil Service Board)<\\/li>\\r\\n  <li>Rule 10 of the Personnel Manual (Permanent Classified Employee Rights for Appeal to the Civil Service Board)<\\/li>\\r\\n  <li>Rule 6 of the Personnel Manual (Probationary Classified Employee Rights for Appeal to the Civil Service Board)<\\/li>\\r\\n  <li>Protocol for Hearing Packet Submission http:\\/\\/www2.oaklandnet.com\\/oakca1\\/groups\\/hrm\\/documents\\/form\\/oak052475.pdf<\\/li>\\r\\n  <li>Hearing Request Form http:\\/\\/www2.oaklandnet.com\\/oakca1\\/groups\\/hrm\\/documents\\/form\\/oak052473.pdf<\\/li>\\r\\n  <li>Rule 6 Probationary Period Procedure in Appeals (PDF) http:\\/\\/www.oaklandnet.com\\/Civil%20Service\\/Rule6.pdf<\\/li>\\r\\n<\\/ul>\",\"5\":\"\",\"3\":\"\",\"4\":\"\"}}', '2016-01-07 00:50:53', '2016-01-07 00:50:53', '0c021c9e-d162-43f6-a954-1e0e37528bd8'),
 ('842', '402', '3', '1', 'en_us', '1', '', '{\"typeId\":\"4\",\"authorId\":\"1\",\"title\":\"Employment Regulations and Support\",\"slug\":\"employment-regulations-and-support\",\"postDate\":1452127922,\"expiryDate\":null,\"enabled\":1,\"parentId\":\"\",\"fields\":{\"4\":\"Labor laws, regulations, equal access and assistance programs for City employees\"}}', '2016-01-07 00:52:03', '2016-01-07 00:52:03', '9683792d-1f26-4a25-b8f7-a7ac0a43244a'),
 ('852', '412', '3', '1', 'en_us', '1', '', '{\"typeId\":\"3\",\"authorId\":\"1\",\"title\":\"City Employee Pay Ranges\",\"slug\":\"city-employee-pay-ranges\",\"postDate\":1452128202,\"expiryDate\":null,\"enabled\":1,\"parentId\":\"\",\"fields\":{\"1\":\"<p>City Employees receive a range of pay based on their position and band. A full list of salary information is available to download.<\\/p>\",\"5\":\"http:\\/\\/www2.oaklandnet.com\\/w\\/OAK032236\",\"3\":\"Download the Salary information sheet (pdf)\",\"4\":\"\"}}', '2016-01-07 00:56:42', '2016-01-07 00:56:42', '863fa2e0-5933-4654-b99c-d249c24d1280'),
 ('862', '402', '3', '1', 'en_us', '2', '', '{\"typeId\":\"4\",\"authorId\":\"1\",\"title\":\"Additional Employment Information\",\"slug\":\"employment-regulations-and-support\",\"postDate\":1452127920,\"expiryDate\":null,\"enabled\":1,\"parentId\":\"362\",\"fields\":{\"4\":\"Pay Ranges, labor laws, regulations, equal access and assistance programs\"}}', '2016-01-07 00:57:25', '2016-01-07 00:57:25', '3eadb61c-0471-4421-a941-1b0fa87c4da0'),
 ('872', '452', '3', '1', 'en_us', '1', '', '{\"typeId\":\"4\",\"authorId\":\"1\",\"title\":\"El Nino 101\",\"slug\":\"el-nino-101\",\"postDate\":1452637848,\"expiryDate\":null,\"enabled\":1,\"parentId\":\"\",\"fields\":{\"4\":\"Learn more about El Nino: What it is, Severe, etc.....\"}}', '2016-01-12 22:30:48', '2016-01-12 22:30:48', '03397d0d-3690-40c9-a37d-accea02432b6'),
 ('882', '462', '3', '1', 'en_us', '1', '', '{\"typeId\":\"4\",\"authorId\":\"1\",\"title\":\"Be Prepared. Get Ready.\",\"slug\":\"be-prepared-get-ready\",\"postDate\":1452637940,\"expiryDate\":null,\"enabled\":1,\"parentId\":\"452\",\"fields\":{\"4\":\"Learn how to prepare for El Nino weather in Oakland.\"}}', '2016-01-12 22:32:20', '2016-01-12 22:32:20', '4e320627-268d-4553-9f76-1b2781d5ae0e'),
 ('892', '452', '3', '1', 'en_us', '2', '', '{\"typeId\":\"4\",\"authorId\":\"1\",\"title\":\"El Nino: Oakland\",\"slug\":\"el-nino-101\",\"postDate\":1452637800,\"expiryDate\":null,\"enabled\":1,\"parentId\":\"\",\"fields\":{\"4\":\"Learn more about El Nino: What it is, Severe, etc.....\"}}', '2016-01-12 22:32:59', '2016-01-12 22:32:59', '4d90a567-ced1-4996-ba47-3e0e36f31503'),
 ('902', '462', '3', '1', 'en_us', '2', '', '{\"typeId\":\"4\",\"authorId\":\"1\",\"title\":\"Be Prepared. Get Ready for Severe Weather.\",\"slug\":\"be-prepared-get-ready\",\"postDate\":1452637920,\"expiryDate\":null,\"enabled\":1,\"parentId\":\"452\",\"fields\":{\"4\":\"Learn how to prepare for El Nino weather in Oakland.\"}}', '2016-01-12 22:33:41', '2016-01-12 22:33:41', 'bad149b3-84a1-43ab-8007-eae17179a8b3'),
 ('912', '472', '3', '1', 'en_us', '1', '', '{\"typeId\":\"4\",\"authorId\":\"1\",\"title\":\"Sign-up for Emergency Alerts.\",\"slug\":\"sign-up-for-emergency-alerts\",\"postDate\":1452638063,\"expiryDate\":null,\"enabled\":1,\"parentId\":\"\",\"fields\":{\"4\":\"\"}}', '2016-01-12 22:34:23', '2016-01-12 22:34:23', '5a1ff3e2-1f8d-4d94-8d5b-57bade9107c4'),
 ('922', '462', '3', '1', 'en_us', '3', '', '{\"typeId\":\"4\",\"authorId\":\"1\",\"title\":\"Prepare for El Nino Weather in Oakland\",\"slug\":\"be-prepared-get-ready\",\"postDate\":1452637920,\"expiryDate\":null,\"enabled\":1,\"parentId\":\"452\",\"fields\":{\"4\":\"\"}}', '2016-01-12 22:35:03', '2016-01-12 22:35:03', 'ad4fdbd1-5ee0-4243-89d9-a1c2b573bc08'),
 ('932', '482', '3', '1', 'en_us', '1', '', '{\"typeId\":\"4\",\"authorId\":\"1\",\"title\":\"Resource Library\",\"slug\":\"resource-library\",\"postDate\":1452638270,\"expiryDate\":null,\"enabled\":1,\"parentId\":\"\",\"fields\":{\"4\":\"Learn more about reports, policies and preparedness programs.\"}}', '2016-01-12 22:37:50', '2016-01-12 22:37:50', 'fc812658-adbd-43e3-a7d7-07ca65835b6b'),
 ('942', '472', '3', '1', 'en_us', '2', '', '{\"typeId\":\"4\",\"authorId\":\"1\",\"title\":\"Sign-up for Emergency Alerts\",\"slug\":\"sign-up-for-emergency-alerts\",\"postDate\":1452638040,\"expiryDate\":null,\"enabled\":1,\"parentId\":\"452\",\"fields\":{\"4\":\"\"}}', '2016-01-12 22:38:07', '2016-01-12 22:38:07', '61fb20af-b867-4f26-8c23-d541e80898bf'),
 ('952', '452', '3', '1', 'en_us', '3', '', '{\"typeId\":\"4\",\"authorId\":\"1\",\"title\":\"El Nino: Oakland\",\"slug\":\"el-nino-101\",\"postDate\":1452637800,\"expiryDate\":null,\"enabled\":1,\"parentId\":\"\",\"fields\":{\"4\":\"Learn more about El Nino weather patterns, preparation and services\"}}', '2016-01-12 22:42:07', '2016-01-12 22:42:07', 'a237b02e-2ec2-4811-9097-01176ce6e37b'),
 ('962', '492', '3', '1', 'en_us', '1', '', '{\"typeId\":\"3\",\"authorId\":\"1\",\"title\":\"Report a Problem\",\"slug\":\"report-a-problem\",\"postDate\":1452639412,\"expiryDate\":null,\"enabled\":1,\"parentId\":\"\",\"fields\":{\"1\":\"<p>Still need help?<\\/p>\\r\\n\\r\\n<p>Call us: (510) 615-5566<br>Email:&nbsp;<a href=\\\"mailto:opwcallcenter@oaklandnet.com\\\">opwcallcenter@oaklandnet.com<\\/a><\\/p>\\r\\n\\r\\n<p>For downed power lines&nbsp;or if you smell natural gas, leave the area immediately and then call&nbsp;9-1-1 or PG&E at (800) 743-5000.<\\/p><p>For power outages go online to both report and outage and to see the map of outages in your areas at&nbsp;<a href=\\\"http:\\/\\/m.pge.com\\/#outages\\\">http:\\/\\/m.pge.com\\/#outages<\\/a>.&nbsp;&nbsp;<\\/p><p>For water service emergencies&nbsp;(e.g., no water service, broken hydrants, broken water main pipes) please contact&nbsp;EBMUD&nbsp;at&nbsp;(866) 403-2683.Thank you for being our eyes and ears in your community!<\\/p>\",\"5\":\"http:\\/\\/en.seeclickfix.com\\/oakland\",\"3\":\"Report a Problem Online\",\"4\":\"Report flooding, landslides, blocked roadways, overflowing storm drains, sewers and other debris.\"}}', '2016-01-12 22:56:53', '2016-01-12 22:56:53', '98cd41e2-7720-486d-acb7-f08fd9a77364'),
 ('972', '2', '1', '1', 'en_us', '12', '', '{\"typeId\":null,\"authorId\":null,\"title\":\"Home\",\"slug\":\"homepage\",\"postDate\":1449188566,\"expiryDate\":null,\"enabled\":1,\"parentId\":null,\"fields\":{\"1\":\"<p>The best place to find official services and information&nbsp;from the City of Oakland.<\\/p>\",\"16\":[\"522\"],\"15\":\"Welcome to Oakland, California\"}}', '2016-01-14 01:16:56', '2016-01-14 01:16:56', 'e7a85164-c450-430e-9d5f-66e665bb44e9'),
 ('982', '16', '4', '1', 'en_us', '5', '', '{\"typeId\":\"5\",\"authorId\":\"1\",\"title\":\"Human Resources\",\"slug\":\"human-resources\",\"postDate\":1449790080,\"expiryDate\":null,\"enabled\":1,\"parentId\":null,\"fields\":{\"10\":\"We recruit, develop and maintain the most highly qualified, diverse workforce to serve the people of Oakland.\",\"12\":\"<p><strong>Anil Comelo<br><\\/strong>Human Resources Management Director<\\/p>\",\"62\":\"Anil Comelo has more than 18 years of experience managing human resources functions. With a staff of 40 and an annual operating budget of $5.6M and a workers compensation budget of $22 million, he is responsible for directing the Recruitment and Classification, Benefits and Risk Management functions.\",\"52\":[\"532\"],\"11\":[\"142\"]}}', '2016-01-14 02:12:34', '2016-01-14 02:12:34', '6ccf3cfa-bf54-4764-84d6-fbf93a34e666'),
 ('992', '13', '4', '1', 'en_us', '7', '', '{\"typeId\":\"5\",\"authorId\":\"1\",\"title\":\"Public Works\",\"slug\":\"public-works\",\"postDate\":1449777120,\"expiryDate\":null,\"enabled\":1,\"parentId\":null,\"fields\":{\"10\":\"Service to the public is our sole reason for existence. Oakland Public Works plans, builds and maintains Oakland\\u2019s physical and environmental infrastructure for the residents, businesses and visitors of the city, making it a sustainable and desirable place to live, work, invest and visit.\",\"12\":\"<p><strong>Brooke A. Levin<\\/strong><br>Director of Oakland Public Works<\\/p>\",\"62\":\"She is an American Public Works Association Leadership Fellow with more than 30 years of public and private sector experience, including the past 22 years with the City of Oakland. She has been Assistant Director of Public Works for the past nine and half years, overseeing a $60 million dollar annual budget. In that role, she managed the operation and maintenance of parks, city facilities, street cleaning, garbage and recycling collection, environmental cleanup, tree services and sustainability. For ten years prior to that she was Oakland\'s first Environmental Services Manager. She also played a key role in planning and public works issues as a Policy Advisor to Mayor Elihu M. Harris from 1991 to 1994, and had a lead role in the aftermath of the Oakland Hills Firestorm. She is an artist, enjoys yoga and is the proud mother of two sons. Brooke has a Bachelor\\u2019s degree from the University of New Mexico.\",\"52\":[\"542\"],\"11\":[\"5\"]}}', '2016-01-14 02:12:51', '2016-01-14 02:12:51', '442abb86-a2fb-4b86-bc96-526823aece85'),
 ('1002', '462', '3', '512', 'en_us', '4', '', '{\"typeId\":\"4\",\"authorId\":\"1\",\"title\":\"Prepare for El Nino Weather in Oakland\",\"slug\":\"be-prepared-get-ready\",\"postDate\":1452637920,\"expiryDate\":null,\"enabled\":1,\"parentId\":\"452\",\"fields\":{\"4\":\"Learn more about reports, policies and preparedness programs.\"}}', '2016-01-14 17:34:02', '2016-01-14 17:34:02', '5b0bbe3a-5908-4505-8e51-348ce1520eba'),
 ('1012', '452', '3', '512', 'en_us', '4', '', '{\"typeId\":\"4\",\"authorId\":\"1\",\"title\":\"El Ni\\u00f1o: Prepare for Winter Weather in Oakland\",\"slug\":\"el-nino-101\",\"postDate\":1452637800,\"expiryDate\":null,\"enabled\":1,\"parentId\":\"\",\"fields\":{\"4\":\"Learn more about El Nino weather patterns, preparation and services in Oakland\"}}', '2016-01-19 02:03:45', '2016-01-19 02:03:45', '9703f4a8-eaac-447a-bdc2-29aa6912def8'),
 ('1022', '452', '3', '512', 'en_us', '5', '', '{\"typeId\":\"4\",\"authorId\":\"512\",\"title\":\"El Ni\\u00f1o: Prepare for Winter Weather in Oakland\",\"slug\":\"el-nino-101\",\"postDate\":1452637800,\"expiryDate\":1459382400,\"enabled\":1,\"parentId\":\"\",\"fields\":{\"4\":\"Learn more about El Nino weather patterns, preparation and services in Oakland\"}}', '2016-01-19 02:07:13', '2016-01-19 02:07:13', '1325daaa-ee06-49a8-a8b7-976c300f3a08'),
 ('1032', '472', '3', '512', 'en_us', '3', '', '{\"typeId\":\"3\",\"authorId\":\"1\",\"title\":\"Sign-up for Emergency Alerts\",\"slug\":\"sign-up-for-emergency-alerts\",\"postDate\":1452638040,\"expiryDate\":null,\"enabled\":1,\"parentId\":\"452\",\"fields\":{\"1\":\"<p><strong>Stay informed!<\\/strong>&nbsp;Sign up for Emergency Alerts to stay informed&nbsp;about storm-related impacts throughout Oakland, including significant flooding, closure of major roadways and threats to public health or safety.<strong><\\/strong><\\/p><br>\",\"5\":\"https:\\/\\/public.govdelivery.com\\/accounts\\/CAOAKL\\/subscriber\\/new?topic_id=CAOAKL_2\",\"92\":\"\",\"3\":\"Sign-up for Alerts\",\"4\":\"Sign up to receive emergency updates about storm-related impacts throughout Oakland\"}}', '2016-01-19 02:21:44', '2016-01-19 02:21:44', '98e87fc1-98ff-4c96-91b0-594c6e9e456d'),
 ('1042', '472', '3', '512', 'en_us', '4', '', '{\"typeId\":\"3\",\"authorId\":\"1\",\"title\":\"Sign Up for Emergency Alerts\",\"slug\":\"sign-up-for-emergency-alerts\",\"postDate\":1452638040,\"expiryDate\":null,\"enabled\":1,\"parentId\":\"452\",\"fields\":{\"1\":\"<p><strong>Stay informed!<\\/strong>&nbsp;Sign up for Emergency Alerts to stay informed&nbsp;about storm-related impacts throughout Oakland, including significant flooding, closure of major roadways and threats to public health or safety.<\\/p><br>\",\"5\":\"https:\\/\\/public.govdelivery.com\\/accounts\\/CAOAKL\\/subscriber\\/new?topic_id=CAOAKL_2\",\"92\":\"\",\"3\":\"Sign Up for Alerts\",\"4\":\"Sign Up to receive emergency updates about storm-related impacts throughout Oakland\"}}', '2016-01-19 02:22:56', '2016-01-19 02:22:56', 'f5eca0c4-7783-4e5d-8b74-98df918fecda'),
 ('1052', '492', '3', '512', 'en_us', '2', '', '{\"typeId\":\"3\",\"authorId\":\"1\",\"title\":\"Report an Urgent Problem\",\"slug\":\"report-a-problem\",\"postDate\":1452639360,\"expiryDate\":null,\"enabled\":1,\"parentId\":\"452\",\"fields\":{\"1\":\"<p><strong>Downed Power line? Smell gas?<\\/strong>&nbsp;Leave the area immediately.<\\/p>\\r\\n\\r\\n<p>Call 9-1-1 or PG&E at (800) 743-5000.<\\/p>Power outage?&nbsp;Report and see maps of outages&nbsp;online by PG&E.&nbsp;Visit:&nbsp;<a href=\\\"http:\\/\\/m.pge.com\\/#outages\\\">http:\\/\\/m.pge.com\\/#outages<\\/a><p><br><\\/p><p><strong>Issues with water?&nbsp;<\\/strong>(e.g., no water service, broken hydrants, broken water main pipes) Call&nbsp;East Bay Municipal Utility District&nbsp;at&nbsp;(866) 403-2683.<\\/p>\\r\\n\\r\\n\\r\\n\\r\\n<p>Still need help?Email:&nbsp;<a href=\\\"mailto:opwcallcenter@oaklandnet.com\\\">opwcallcenter@oaklandnet.com<\\/a><br><\\/p>\",\"5\":\"http:\\/\\/en.seeclickfix.com\\/oakland\",\"92\":\"(510) 615-5566\",\"3\":\"Report a Problem\",\"4\":\"Report flooding, landslides, blocked roadways, overflowing storm drains, sewers and other debris to the City of Oakland.\"}}', '2016-01-19 02:34:58', '2016-01-19 02:34:58', 'f54dac18-390c-4ef1-bdc4-98c6e3177e48'),
 ('1062', '632', '2', '512', 'en_us', '1', '', '{\"typeId\":null,\"authorId\":\"512\",\"title\":\"Oakland Encourages Residents and Businesses to Prepare for El Ni\\u00f1o Storm Safety with \\u201cHow To\\u201d Videos \",\"slug\":\"oakland-encourages-residents-and-businesses-to-prepare-for-el-ni\\u00f1o-storm-safety-with-how-to-videos\",\"postDate\":1453075200,\"expiryDate\":1454198400,\"enabled\":1,\"parentId\":null,\"fields\":{\"1\":\"<p><strong>Oakland, CA<\\/strong> \\u2013 The City of Oakland encourages residents and businesses to&nbsp;prepare for El Ni\\u00f1o and strong winter storms. Three \\u201chow to\\u201d videos produced&nbsp;by the City provide quick, usable information about some specific, important&nbsp;steps to prepare for storms:<\\/p>\\r\\n\\r\\n<ol><li>Building and using sandbags to protect against storm runoff and&nbsp;flooding<\\/li><li>Using plastic sheeting as an additional barrier<\\/li><li>Signing up for the City\\u2019s Adopt a Drain program to help prevent storm<\\/li><li>Drain blockages and flooding<\\/li><\\/ol><a href=\\\"https:\\/\\/www.youtube.com\\/channel\\/UC4_la5PrP_f7f_PZPXo7D_w\\\">Watch and download videos on YouTube.<\\/a>\\r\\n\\r\\n<p>We are asking&nbsp;the media to share and post these three public service announcements as part&nbsp;of your coverage of the winter weather.<\\/p>\\r\\n\\r\\n\\r\\n\\r\\n<p>El Ni\\u00f1o is expected to bring winter storms significantly larger than normal, as&nbsp;well as the potential for flooding and other storm damage. Oaklanders need to&nbsp;work together to prepare and keep our city safe. It is vitally important that&nbsp;residents and businesses take steps to prepare for winter storms, and these&nbsp;videos show some effective steps.&nbsp;<\\/p>\\r\\n\\r\\n\\r\\n\\r\\n<p><a href=\\\"http:\\/\\/www2.oaklandnet.com\\/oakca1\\/groups\\/pwa\\/documents\\/pressrelease\\/oak056422.pdf\\\" target=\\\"true\\\">Download the PDF press release.<\\/a>&nbsp;<\\/p>\\r\\n\\r\\n\\r\\n\\r\\n<p><strong>Media Contacts:&nbsp;<br><\\/strong><\\/p>\\r\\n\\r\\n\\r\\n\\r\\n<p>Sean Maher<br>Public Works El Ni\\u00f1o<br>Spokesperson<br>(510) 238-7968<br>smaher@oaklandnet.com<\\/p>\\r\\n\\r\\n\\r\\n\\r\\n\\r\\n\\r\\n<p>Kristine Shaff<br>Public Information Officer<br>(510) 238-2966<br>kshaff@oaklandnet.com<\\/p>\\r\\n\",\"72\":\"\",\"8\":{\"date\":\"1\\/12\\/2016\"},\"14\":[\"13\"],\"9\":\"Oakland Encourages Residents and Businesses to Prepare for El Ni\\u00f1o Storm Safety with \\u201cHow To\\u201d Videos \",\"2\":[\"572\",\"582\",\"612\",\"622\"]}}', '2016-01-19 02:53:41', '2016-01-19 02:53:41', '1e95d8c3-a0e2-4a5e-8a12-600e71de8ad3'),
 ('1072', '632', '2', '512', 'en_us', '2', '', '{\"typeId\":\"2\",\"authorId\":\"512\",\"title\":\"Oakland Encourages Residents and Businesses to Prepare for El Ni\\u00f1o Storm Safety with \\u201cHow To\\u201d Videos \",\"slug\":\"oakland-encourages-residents-and-businesses-to-prepare-for-el-ni\\u00f1o-storm-safety-with-how-to-videos\",\"postDate\":1453075200,\"expiryDate\":1454198400,\"enabled\":1,\"parentId\":null,\"fields\":{\"1\":\"<p><strong>Oakland, CA<\\/strong> \\u2013 The City of Oakland encourages residents and businesses to&nbsp;prepare for El Ni\\u00f1o and strong winter storms. Three \\u201chow to\\u201d videos produced&nbsp;by the City provide quick, usable information about some specific, important&nbsp;steps to prepare for storms:<\\/p>\\r\\n\\r\\n<ol><li>Building and using sandbags to protect against storm runoff and&nbsp;flooding<\\/li><li>Using plastic sheeting as an additional barrier<\\/li><li>Signing up for the City\\u2019s Adopt a Drain program to help prevent storm<\\/li><li>Drain blockages and flooding<\\/li><\\/ol><br><a href=\\\"https:\\/\\/www.youtube.com\\/channel\\/UC4_la5PrP_f7f_PZPXo7D_w\\\">Watch and download videos on YouTube.<\\/a>\\r\\n\\r\\n<p>We are asking&nbsp;the media to share and post these three public service announcements as part&nbsp;of your coverage of the winter weather.<\\/p>\\r\\n\\r\\n\\r\\n\\r\\n\\r\\n\\r\\n<p>El Ni\\u00f1o is expected to bring winter storms significantly larger than normal, as&nbsp;well as the potential for flooding and other storm damage. Oaklanders need to&nbsp;work together to prepare and keep our city safe. It is vitally important that&nbsp;residents and businesses take steps to prepare for winter storms, and these&nbsp;videos show some effective steps.&nbsp;<\\/p>\\r\\n\\r\\n\\r\\n\\r\\n\\r\\n\\r\\n<p><a href=\\\"http:\\/\\/www2.oaklandnet.com\\/oakca1\\/groups\\/pwa\\/documents\\/pressrelease\\/oak056422.pdf\\\" target=\\\"true\\\">Download the PDF press release.<\\/a>&nbsp;<\\/p>\\r\\n\\r\\n\\r\\n\\r\\n\\r\\n\\r\\n<p><strong>Media Contacts:&nbsp;<br><\\/strong><\\/p>\\r\\n\\r\\n\\r\\n\\r\\n\\r\\n\\r\\n<p>Sean Maher<br>Public Works El Ni\\u00f1o<br>Spokesperson<br>(510) 238-7968<br>smaher@oaklandnet.com<\\/p>\\r\\n\\r\\n\\r\\n\\r\\n\\r\\n\\r\\n\\r\\n\\r\\n<p>Kristine Shaff<br>Public Information Officer<br>(510) 238-2966<br>kshaff@oaklandnet.com<\\/p>\",\"72\":\"\",\"8\":{\"date\":\"1\\/12\\/2016\"},\"14\":[\"13\"],\"9\":\"Oakland Encourages Residents and Businesses to Prepare for El Ni\\u00f1o Storm Safety with \\u201cHow To\\u201d Videos \",\"2\":[\"572\",\"582\",\"612\",\"622\"]}}', '2016-01-19 02:54:18', '2016-01-19 02:54:18', '8b9a9fc6-e24c-4e26-a6b2-e3c50c275f08'),
 ('1082', '492', '3', '512', 'en_us', '3', '', '{\"typeId\":\"3\",\"authorId\":\"512\",\"title\":\"Report an Urgent Problem\",\"slug\":\"report-a-problem\",\"postDate\":1452639360,\"expiryDate\":null,\"enabled\":1,\"parentId\":\"452\",\"fields\":{\"1\":\"<p><strong>Downed Power line? Smell gas?<\\/strong>&nbsp;Leave the area immediately.<\\/p>\\r\\n\\r\\n<p>Call 9-1-1 or PG&E at (800) 743-5000.<\\/p><br>Power outage?&nbsp;Report and see maps of outages&nbsp;online by PG&E.&nbsp;Visit:&nbsp;<a href=\\\"http:\\/\\/m.pge.com\\/#outages\\\">http:\\/\\/m.pge.com\\/#outages<\\/a><p><br><\\/p>\\r\\n<p><br><\\/p>\\r\\n\\r\\n<p><strong>Issues with water?&nbsp;<\\/strong>(e.g., no water service, broken hydrants, broken water main pipes) Call&nbsp;East Bay Municipal Utility District&nbsp;at&nbsp;(866) 403-2683.<\\/p>\\r\\n\\r\\n\\r\\n\\r\\n\\r\\n\\r\\n<p>Still need help?Email:&nbsp;<a href=\\\"mailto:opwcallcenter@oaklandnet.com\\\">opwcallcenter@oaklandnet.com<\\/a><br><\\/p>\",\"5\":\"http:\\/\\/en.seeclickfix.com\\/oakland\",\"92\":\"(510) 615-5566\",\"3\":\"Report a Problem\",\"4\":\"Report flooding, landslides, blocked roadways, overflowing storm drains, sewers and other debris to the City of Oakland.\"}}', '2016-01-19 02:56:50', '2016-01-19 02:56:50', '7ecfa391-8d93-434e-95a1-2a736ccb3a40'),
 ('1092', '462', '3', '512', 'en_us', '5', '', '{\"typeId\":\"4\",\"authorId\":\"512\",\"title\":\"Prepare for El Nino Weather in Oakland\",\"slug\":\"be-prepared-get-ready\",\"postDate\":1452637920,\"expiryDate\":null,\"enabled\":1,\"parentId\":\"452\",\"fields\":{\"4\":\"Learn more about City services to help you prepare\"}}', '2016-01-19 03:03:49', '2016-01-19 03:03:49', 'c3d2daee-39c5-422b-a373-0f2589657954'),
 ('1102', '472', '3', '512', 'en_us', '5', '', '{\"typeId\":\"3\",\"authorId\":\"512\",\"title\":\"Sign Up for Emergency Alerts\",\"slug\":\"sign-up-for-emergency-alerts\",\"postDate\":1452638040,\"expiryDate\":null,\"enabled\":1,\"parentId\":\"452\",\"fields\":{\"1\":\"<p><strong>Stay informed!<\\/strong>&nbsp;Sign up for Emergency Alerts to stay informed&nbsp;about storm-related impacts throughout Oakland, including significant flooding, closure of major roadways and threats to public health or safety.<\\/p><br>\",\"5\":\"https:\\/\\/public.govdelivery.com\\/accounts\\/CAOAKL\\/subscriber\\/new?topic_id=CAOAKL_2\",\"92\":\"\",\"3\":\"Sign Up for Alerts\",\"4\":\"Sign Up to receive emergency updates about storm-related impacts throughout Oakland\"}}', '2016-01-19 03:04:17', '2016-01-19 03:04:17', 'e15b92d7-74ce-4e08-a8d9-5cb73ef3910c'),
 ('1112', '642', '3', '512', 'en_us', '1', '', '{\"typeId\":\"3\",\"authorId\":\"512\",\"title\":\"Weather Ready Workshops from CORE & Oakland Fire Department\",\"slug\":\"weather-ready-workshops-from-core-oakland-fire-department\",\"postDate\":1453173400,\"expiryDate\":null,\"enabled\":1,\"parentId\":\"462\",\"fields\":{\"1\":\"<p>Winter workshops&nbsp;highlight&nbsp;the preparation needed&nbsp;to keep your family, pets and property safe.&nbsp;Participants will learn important information and the steps to take to prepare for severe weather situations including heavy rains, flooding, high winds and power outages.&nbsp;<\\/p><p><b>Saturday, January 16, 2016, 10 a.m. to Noon<\\/b><br>81st Avenue Library, 1021 81<sup>st<\\/sup>&nbsp;Ave&nbsp;<br>Workshop will be presented in&nbsp;<b>English and Spanish<\\/b>. &nbsp; &nbsp; &nbsp; &nbsp; &nbsp; &nbsp; &nbsp; &nbsp; &nbsp; &nbsp; &nbsp; &nbsp; &nbsp; &nbsp; &nbsp; &nbsp; &nbsp; &nbsp; &nbsp; &nbsp; &nbsp; &nbsp; &nbsp; &nbsp; &nbsp; &nbsp; &nbsp; &nbsp; &nbsp; &nbsp; &nbsp; &nbsp; &nbsp; &nbsp; &nbsp; &nbsp; &nbsp; &nbsp; &nbsp; &nbsp; &nbsp; &nbsp; &nbsp; &nbsp; &nbsp; &nbsp; &nbsp; &nbsp; &nbsp; &nbsp; &nbsp; &nbsp; &nbsp; &nbsp; &nbsp; &nbsp; &nbsp; <a href=\\\"http:\\/\\/www2.oaklandnet.com\\/oakca1\\/groups\\/fire\\/documents\\/webcontent\\/oak056491.pdf\\\" target=\\\"true\\\">Download the workshop flyer.<\\/a><\\/p><p><b>Wednesday, January 27, 2016, 6 to 8 p.m.&nbsp;<br><\\/b>Chabot Space & Science Center, 10000 Skyline Blvd<br>Workshop will be presented in English. &nbsp; &nbsp; &nbsp; &nbsp; &nbsp; &nbsp; &nbsp; &nbsp; &nbsp; &nbsp; &nbsp; &nbsp; &nbsp; &nbsp; &nbsp; &nbsp; &nbsp; &nbsp; &nbsp; &nbsp; &nbsp; &nbsp; &nbsp; &nbsp; &nbsp; &nbsp; &nbsp; &nbsp; &nbsp; &nbsp; &nbsp; &nbsp; &nbsp; &nbsp; &nbsp; &nbsp; &nbsp; &nbsp; &nbsp; &nbsp; &nbsp; &nbsp; &nbsp; &nbsp; &nbsp; &nbsp; &nbsp; &nbsp; &nbsp; &nbsp; &nbsp; &nbsp; &nbsp; &nbsp; &nbsp; &nbsp; &nbsp; &nbsp; &nbsp; &nbsp; &nbsp; &nbsp; &nbsp; &nbsp; <a href=\\\"http:\\/\\/www2.oaklandnet.com\\/oakca1\\/groups\\/fire\\/documents\\/webcontent\\/oak056492.pdf\\\" target=\\\"true\\\">Download the workshop flyer.<\\/a><span><\\/span><\\/p><p>For a schedule of upcoming CORE workshops, <a href=\\\"http:\\/\\/www2.oaklandnet.com\\/oakca1\\/groups\\/fire\\/documents\\/webcontent\\/oak056303.pdf\\\" target=\\\"true\\\">download the schedule<\\/a>.<\\/p><p>Still have questions? Call us at:&nbsp;(510) 238-6351 or email us at:&nbsp;<a href=\\\"mailto:core@oaklandnet.com\\\">core@oaklandnet.com<\\/a><\\/p>\",\"5\":\"https:\\/\\/solar.oaklandnet.com\\/core\\/\",\"92\":\"\",\"3\":\"Sign Up for a Workshop\",\"4\":\"Winter Ready Workshops Help Oaklanders Prepare for El Nino\"}}', '2016-01-19 03:16:41', '2016-01-19 03:16:41', '52b70f65-29aa-491b-83e5-6d3f14b01077'),
 ('1122', '482', '3', '512', 'en_us', '2', '', '{\"typeId\":\"4\",\"authorId\":\"512\",\"title\":\"Resource Library\",\"slug\":\"resource-library\",\"postDate\":1452638220,\"expiryDate\":null,\"enabled\":1,\"parentId\":\"452\",\"fields\":{\"4\":\"Read reports, policies and other information\"}}', '2016-01-19 04:55:23', '2016-01-19 04:55:23', '7867d027-4045-47ea-b12b-f4f9f5c43fe8'),
 ('1132', '642', '3', '512', 'en_us', '2', '', '{\"typeId\":\"3\",\"authorId\":\"512\",\"title\":\"Register for Weather Ready Workshops\",\"slug\":\"weather-ready-workshops-from-core-oakland-fire-department\",\"postDate\":1453173360,\"expiryDate\":null,\"enabled\":1,\"parentId\":\"462\",\"fields\":{\"1\":\"<p>Winter workshops&nbsp;highlight&nbsp;the preparation needed&nbsp;to keep your family, pets and property safe.&nbsp;Participants will learn important information and the steps to take to prepare for severe weather situations including heavy rains, flooding, high winds and power outages.&nbsp;<\\/p>\\r\\n\\r\\n<p><b>Saturday, January 16, 2016, 10 a.m. to Noon<\\/b><b><\\/b><br>81st Avenue Library, 1021 81st&nbsp;Ave.&nbsp;<br>Workshop will be presented in English and Spanish. &nbsp; &nbsp; &nbsp; &nbsp; &nbsp; &nbsp; &nbsp; &nbsp; &nbsp; &nbsp; &nbsp; &nbsp; &nbsp; &nbsp; &nbsp; &nbsp; &nbsp; &nbsp; &nbsp; &nbsp; &nbsp; &nbsp; &nbsp; &nbsp; &nbsp; &nbsp; &nbsp; &nbsp; &nbsp; &nbsp; &nbsp; &nbsp; &nbsp; &nbsp; &nbsp; &nbsp; &nbsp; &nbsp; &nbsp; &nbsp; &nbsp; &nbsp; &nbsp; &nbsp; &nbsp; &nbsp; &nbsp; &nbsp; &nbsp; &nbsp; &nbsp; &nbsp; &nbsp; &nbsp; &nbsp; &nbsp; &nbsp; &nbsp; &nbsp; &nbsp; <a href=\\\"http:\\/\\/www2.oaklandnet.com\\/oakca1\\/groups\\/fire\\/documents\\/webcontent\\/oak056491.pdf\\\" target=\\\"true\\\">Download the workshop flyer.<\\/a><\\/p>\\r\\n\\r\\n<p><b>Wednesday, January 27, 2016, 6 to 8 p.m. &nbsp; &nbsp; &nbsp; &nbsp; &nbsp; &nbsp; &nbsp; &nbsp; &nbsp; &nbsp; &nbsp; &nbsp; &nbsp; &nbsp; &nbsp; &nbsp; &nbsp; &nbsp; &nbsp; &nbsp; &nbsp; &nbsp; &nbsp; &nbsp; &nbsp; &nbsp; &nbsp; &nbsp; &nbsp; &nbsp; &nbsp; &nbsp; &nbsp; &nbsp; &nbsp; &nbsp; &nbsp; &nbsp; &nbsp; &nbsp; &nbsp; &nbsp; &nbsp; &nbsp; &nbsp; &nbsp; &nbsp; &nbsp; &nbsp; &nbsp; &nbsp; &nbsp; &nbsp; &nbsp; &nbsp; &nbsp; &nbsp; &nbsp; &nbsp; &nbsp; &nbsp; <\\/b>Chabot Space & Science Center, 10000 Skyline Blvd. &nbsp; &nbsp; &nbsp; &nbsp; &nbsp; &nbsp; &nbsp; &nbsp; &nbsp; &nbsp; &nbsp; &nbsp; &nbsp; &nbsp; &nbsp; &nbsp; &nbsp; &nbsp; &nbsp; &nbsp; &nbsp; &nbsp; &nbsp; &nbsp; &nbsp; &nbsp; &nbsp; &nbsp; &nbsp; &nbsp; &nbsp; &nbsp; &nbsp; &nbsp; &nbsp; &nbsp; &nbsp; &nbsp; &nbsp; &nbsp; &nbsp; &nbsp; &nbsp; &nbsp; &nbsp; &nbsp; &nbsp; &nbsp; &nbsp; &nbsp; &nbsp; &nbsp; Workshop will be presented in English. &nbsp; &nbsp; &nbsp; &nbsp; &nbsp; &nbsp; &nbsp; &nbsp; &nbsp; &nbsp; &nbsp; &nbsp; &nbsp; &nbsp; &nbsp; &nbsp; &nbsp; &nbsp; &nbsp; &nbsp; &nbsp; &nbsp; &nbsp; &nbsp; &nbsp; &nbsp; &nbsp; &nbsp; &nbsp; &nbsp; &nbsp; &nbsp; &nbsp; &nbsp; &nbsp; &nbsp; &nbsp; &nbsp; &nbsp; &nbsp; &nbsp; &nbsp; &nbsp; &nbsp; &nbsp; &nbsp; &nbsp; &nbsp; &nbsp; &nbsp; &nbsp; &nbsp; &nbsp; &nbsp; &nbsp; &nbsp; &nbsp; &nbsp; &nbsp; &nbsp; &nbsp; &nbsp; &nbsp; &nbsp; <a href=\\\"http:\\/\\/www2.oaklandnet.com\\/oakca1\\/groups\\/fire\\/documents\\/webcontent\\/oak056492.pdf\\\" target=\\\"true\\\">Download the workshop flyer.<\\/a><\\/p>\\r\\n\\r\\n<p>For a schedule of upcoming CORE workshops, <a href=\\\"http:\\/\\/www2.oaklandnet.com\\/oakca1\\/groups\\/fire\\/documents\\/webcontent\\/oak056303.pdf\\\" target=\\\"true\\\">download the schedule<\\/a>.<\\/p>\\r\\n\\r\\n<p><strong>Still have questions?&nbsp;<\\/strong><\\/p><ul><li>Call us at&nbsp;(510) 238-6351 &nbsp;<\\/li><li>Email us at&nbsp;<a href=\\\"mailto:core@oaklandnet.com\\\">core@oaklandnet.com<\\/a><\\/li><\\/ul>\",\"5\":\"https:\\/\\/solar.oaklandnet.com\\/core\\/\",\"92\":\"\",\"3\":\"Sign Up for a Workshop\",\"4\":\"Winter Ready Workshops Help Oaklanders Prepare for El Nino\"}}', '2016-01-19 05:03:45', '2016-01-19 05:03:45', '8d5503b6-7e30-4cc8-a120-62d2d857c5c3'),
 ('1142', '652', '3', '512', 'en_us', '1', '', '{\"typeId\":\"3\",\"authorId\":\"512\",\"title\":\"Read the Latest Oakland Storm Reports\",\"slug\":\"read-the-latest-oakland-storm-reports\",\"postDate\":1453180478,\"expiryDate\":null,\"enabled\":1,\"parentId\":\"\",\"fields\":{\"1\":\"<p>The City of Oakland responds to thousands of requests to repair City infrastructure every year. Winter storms can often increase reports of drainage and sewer issues that impact community members. Additionally, the City continues to respond to issues on City buildings and offer support to the Oakland community. These issues and concerns&nbsp;are documented in City \'storm reports\' that are created at the end of a storm period.&nbsp;<\\/p><p>You can download PDF copies of the following storm reports:<\\/p><ul><li><a href=\\\"http:\\/\\/www2.oaklandnet.com\\/oakca1\\/groups\\/pwa\\/documents\\/agenda\\/oak056633.pdf\\\" target=\\\"true\\\">Monday, January 11, 2016<\\/a><\\/li><li><a href=\\\"http:\\/\\/www2.oaklandnet.com\\/oakca1\\/groups\\/pwa\\/documents\\/report\\/oak056472.pdf\\\" target=\\\"true\\\">Monday, December 28, 2016<\\/a><\\/li><li><a href=\\\"http:\\/\\/www2.oaklandnet.com\\/oakca1\\/groups\\/pwa\\/documents\\/report\\/oak056403.pdf\\\" target=\\\"true\\\">Monday, December 21, 2016<\\/a><\\/li><\\/ul><p><br><\\/p>\",\"5\":\"\",\"92\":\"\",\"3\":\"\",\"4\":\"An Overview of Storm Related Service Requests & Reported Problems\"}}', '2016-01-19 05:14:38', '2016-01-19 05:14:38', '5da45f5c-2a21-40d5-94f4-f07389161898'),
 ('1152', '652', '3', '512', 'en_us', '2', '', '{\"typeId\":\"3\",\"authorId\":\"512\",\"title\":\"Read the Latest Oakland Storm Reports\",\"slug\":\"read-the-latest-oakland-storm-reports\",\"postDate\":1453180440,\"expiryDate\":null,\"enabled\":1,\"parentId\":\"482\",\"fields\":{\"1\":\"<p>The City of Oakland responds to thousands of requests to repair City infrastructure every year. Winter storms can often increase reports of drainage and sewer issues that impact community members. Additionally, the City continues to respond to issues on City buildings and offer support to the Oakland community. These issues and concerns&nbsp;are documented in City \'storm reports\' that are created at the end of a storm period.&nbsp;<\\/p>\\r\\n\\r\\n<p>You can download PDF copies of storm reports for the following dates:<\\/p>\\r\\n\\r\\n<ul><li><a href=\\\"http:\\/\\/www2.oaklandnet.com\\/oakca1\\/groups\\/pwa\\/documents\\/agenda\\/oak056633.pdf\\\" target=\\\"true\\\">Monday, January 11, 2016<\\/a><\\/li><li><a href=\\\"http:\\/\\/www2.oaklandnet.com\\/oakca1\\/groups\\/pwa\\/documents\\/report\\/oak056472.pdf\\\" target=\\\"true\\\">Monday, December 28, 2016<\\/a><\\/li><li><a href=\\\"http:\\/\\/www2.oaklandnet.com\\/oakca1\\/groups\\/pwa\\/documents\\/report\\/oak056403.pdf\\\" target=\\\"true\\\">Monday, December 21, 2016<\\/a>.<\\/li><\\/ul>\\r\\n\\r\\n<p><br><\\/p>\",\"5\":\"\",\"92\":\"\",\"3\":\"\",\"4\":\"An Overview of Storm Related Service Requests & Reported Problems\"}}', '2016-01-19 05:16:50', '2016-01-19 05:16:50', '3d7c6e6d-722d-4d12-92d5-67ac1b5160d2'),
 ('1162', '662', '3', '512', 'en_us', '1', '', '{\"typeId\":\"3\",\"authorId\":\"512\",\"title\":\"El Nino Press Releases\",\"slug\":\"el-nino-press-releases\",\"postDate\":1453180762,\"expiryDate\":null,\"enabled\":1,\"parentId\":\"\",\"fields\":{\"1\":\"<p><strong>Oakland Press Releases & Presentations<\\/strong><\\/p>\\r\\n\\r\\n<ul><li>January 7, 2016:&nbsp;<a href=\\\"http:\\/\\/www2.oaklandnet.com\\/ElNino\\/OAK056596\\\"><strong>Oakland Offers El Nino Preparedness Workshops<\\/strong><\\/a><\\/li><li>January 5, 2016:&nbsp;<a href=\\\"http:\\/\\/www2.oaklandnet.com\\/ElNino\\/OAK056594\\\"><strong>Presentation to Oakland City Council&nbsp;on Public Works&nbsp;El Ni\\u00f1o Preparation<\\/strong><\\/a><\\/li><li>December 22, 2015:&nbsp;<strong><a href=\\\"http:\\/\\/www2.oaklandnet.com\\/ElNino\\/OAK056422\\\">Three El Nino Safety \\\"How To\\\" Videos<\\/a>\\\"<\\/strong><\\/li><li>December 9, 2015:<strong>&nbsp;<\\/strong><a href=\\\"http:\\/\\/www2.oaklandnet.com\\/oakca1\\/groups\\/pwa\\/documents\\/pressrelease\\/oak056236.pdf\\\"><strong>Urging Residents & Businesses to Prepare&nbsp;for Winter Storms<\\/strong><\\/a><\\/li><\\/ul>\",\"5\":\"\",\"92\":\"\",\"3\":\"\",\"4\":\"Learn more about City-wide El Nino Preparation\"}}', '2016-01-19 05:19:22', '2016-01-19 05:19:22', 'e4a72fbd-15e3-4dba-b09a-b1d55e4bbfff'),
 ('1172', '662', '3', '512', 'en_us', '2', '', '{\"typeId\":\"3\",\"authorId\":\"512\",\"title\":\"El Nino Press Releases\",\"slug\":\"el-nino-press-releases\",\"postDate\":1453180740,\"expiryDate\":null,\"enabled\":1,\"parentId\":\"482\",\"fields\":{\"1\":\"<p><strong>Oakland Press Releases & Presentations<\\/strong><\\/p>\\r\\n\\r\\n<ul><li>January 7, 2016:&nbsp;<a href=\\\"http:\\/\\/www2.oaklandnet.com\\/ElNino\\/OAK056596\\\"><strong>Oakland Offers El Nino Preparedness Workshops<\\/strong><\\/a><\\/li><li>January 5, 2016:&nbsp;<a href=\\\"http:\\/\\/www2.oaklandnet.com\\/ElNino\\/OAK056594\\\"><strong>Presentation to Oakland City Council&nbsp;on Public Works&nbsp;El Ni\\u00f1o Preparation<\\/strong><\\/a><\\/li><li>December 22, 2015:&nbsp;<strong><a href=\\\"http:\\/\\/www2.oaklandnet.com\\/ElNino\\/OAK056422\\\">Three El Nino Safety \\\"How To\\\" Videos<\\/a>\\\"<\\/strong><\\/li><li>December 9, 2015:<strong>&nbsp;<\\/strong><a href=\\\"http:\\/\\/www2.oaklandnet.com\\/oakca1\\/groups\\/pwa\\/documents\\/pressrelease\\/oak056236.pdf\\\"><strong>Urging Residents & Businesses to Prepare&nbsp;for Winter Storms<\\/strong><\\/a><\\/li><\\/ul>\",\"5\":\"\",\"92\":\"\",\"3\":\"\",\"4\":\"Learn more about City-wide El Nino Preparation\"}}', '2016-01-19 05:20:03', '2016-01-19 05:20:03', 'c297568d-f687-4494-af06-f20aae888f33'),
 ('1182', '662', '3', '512', 'en_us', '3', '', '{\"typeId\":\"3\",\"authorId\":\"512\",\"title\":\"Read El Nino Press Releases\",\"slug\":\"el-nino-press-releases\",\"postDate\":1453180740,\"expiryDate\":null,\"enabled\":1,\"parentId\":\"482\",\"fields\":{\"1\":\"<p><strong>Oakland Press Releases & Presentations<\\/strong><\\/p>\\r\\n\\r\\n<ul><li>January 7, 2016:&nbsp;<a href=\\\"http:\\/\\/www2.oaklandnet.com\\/ElNino\\/OAK056596\\\"><strong>Oakland Offers El Nino Preparedness Workshops<\\/strong><\\/a><\\/li><li>January 5, 2016:&nbsp;<a href=\\\"http:\\/\\/www2.oaklandnet.com\\/ElNino\\/OAK056594\\\"><strong>Presentation to Oakland City Council&nbsp;on Public Works&nbsp;El Ni\\u00f1o Preparation<\\/strong><\\/a><\\/li><li>December 22, 2015:&nbsp;<strong><a href=\\\"http:\\/\\/www2.oaklandnet.com\\/ElNino\\/OAK056422\\\">Three El Nino Safety \\\"How To\\\" Videos<\\/a>\\\"<\\/strong><\\/li><li>December 9, 2015:<strong>&nbsp;<\\/strong><a href=\\\"http:\\/\\/www2.oaklandnet.com\\/oakca1\\/groups\\/pwa\\/documents\\/pressrelease\\/oak056236.pdf\\\"><strong>Urging Residents & Businesses to Prepare&nbsp;for Winter Storms<\\/strong><\\/a><\\/li><\\/ul>\",\"5\":\"\",\"92\":\"\",\"3\":\"\",\"4\":\"Learn more about City-wide El Nino Preparation\"}}', '2016-01-19 05:20:56', '2016-01-19 05:20:56', '486f9a91-4c85-460c-8141-647217987782'),
 ('1192', '672', '3', '512', 'en_us', '1', '', '{\"typeId\":\"3\",\"authorId\":\"512\",\"title\":\"Preparation Tips & Tricks for Winter Storms\",\"slug\":\"preparation-tips-tricks-for-winter-storms\",\"postDate\":1453181422,\"expiryDate\":null,\"enabled\":1,\"parentId\":\"462\",\"fields\":{\"1\":\"<p>Use this guide to prepare for severe weather situations<br>including heavy rains, flooding, high winds and power outages.<br>Follow these basic guidelines to prepare, respond and recover from<br>strong winter storms.<span><\\/span><\\/p><p><strong>For Your Family<\\/strong><\\/p>\\r\\n\\r\\n<ul><li>Be prepared for flooding, power outages and road closures<\\/li><li>Watch this FEMA video:&nbsp;<a href=\\\"https:\\/\\/www.youtube.com\\/watch?v=LviZ4pZrqu8\\\">Family Communications Plan and Emergency Kit<\\/a>&nbsp;&nbsp;<\\/li><li>Make contingency plans for shelter should your home flood or become inaccessible<\\/li><li>Discuss evacuation plans with your family now<\\/li><li>Know emergency procedures and evacuation plans at your children\'s schools<\\/li><li>Keep&nbsp;3-7 days of water, food, medicine and other supplies on hand for all family members and pets<\\/li><li>Click on&nbsp;<a href=\\\"http:\\/\\/www.ready.gov\\/\\\">www.Ready.gov<\\/a>&nbsp;for Family Plans, emergency kit lists, and so much more for you and yours!<\\/li><li>Keep your pets safe and warm also, by&nbsp;<a href=\\\"http:\\/\\/www2.oaklandnet.com\\/Government\\/o\\/OFD\\/s\\/CORE\\/OAK026272\\\">preparing ahead of time with these tips<\\/a>.<\\/li><\\/ul><strong>For Your Home<\\/strong>\\r\\n\\r\\n<ul><li>Get flood insurance, now! It can take 30 days for policies to take effect<\\/li><li><a href=\\\"http:\\/\\/www.ktvu.com\\/community\\/56230229-video\\\">Watch this video about flood insurance<\\/a>, by Bay Area People<\\/li><li>Watch this video:&nbsp;<a href=\\\"https:\\/\\/vimeo.com\\/147505317\\\">How to Create Sandbags<\\/a><\\/li><li><a href=\\\"https:\\/\\/www.floodsmart.gov\\/toolkits\\/flood\\/downloads\\/WestCoastRainySeason-OT2007.pdf\\\">FEMA\'s FloodSmart Tool Kit<\\/a><\\/li><li><a href=\\\"http:\\/\\/www.water.ca.gov\\/floodmgmt\\/docs\\/brochure_floodfightingathome.pdf\\\">How to Fight Flooding, by California Dept. of Water Resources<\\/a><\\/li><li>Know Your Flood Risk: Search your address&nbsp;at&nbsp;<a href=\\\"http:\\/\\/www.floodsmart.gov\\/floodsmart\\\">www.Floodsmart.gov<\\/a><\\/li><li>Check your roof, rain gutters and chimney for holes and clear debris<\\/li><li>Inspect and clean drains around your home and its foundation<\\/li><li>Make sure windows are watertight<\\/li><li>If you rent, discuss any issues with the property manager<\\/li><li>Place sandbags in flood-prone areas<\\/li><li>Ensure outdoor lights are working<\\/li><li>Check your fences, your gates and your driveway for sturdiness and&nbsp;clear debris<\\/li><li>Clear your yard of debris<\\/li><li>Secure patio furniture, garbage cans and other items that might move if flooded<\\/li><li>Review your insurance and consider flood insurance.&nbsp;United&nbsp;Policy Holders&nbsp;Insurance&nbsp;has a helpful website at&nbsp;<a href=\\\"http:\\/\\/www.uphelp.org\\/\\\">www.uphelp.org<\\/a>.&nbsp;<\\/li><\\/ul><p><a href=\\\"http:\\/\\/www2.oaklandnet.com\\/oakca1\\/groups\\/pwa\\/documents\\/agenda\\/oak056634.pdf\\\" target=\\\"true\\\">Download a copy of our \\\"Storm Ready\\\" brochure.<\\/a><\\/p><p><br><\\/p>\",\"5\":\"\",\"92\":\"\",\"3\":\"\",\"4\":\"Prepare in Advance. Keep your family, pets and property safe.\"}}', '2016-01-19 05:30:22', '2016-01-19 05:30:22', '8460e65c-454f-4d28-85f6-d475d11c692e'),
 ('1202', '682', '3', '512', 'en_us', '1', '', '{\"typeId\":\"3\",\"authorId\":\"512\",\"title\":\"Adopt a City Storm Drain\",\"slug\":\"adopt-a-city-storm-drain\",\"postDate\":1453181744,\"expiryDate\":null,\"enabled\":1,\"parentId\":\"462\",\"fields\":{\"1\":\"<p>The City \\\"Adopt a drain\\\" program<strong>&nbsp;<\\/strong>seeks volunteers to help keep storm drains clear of debris. By keeping storm drain inlets clear, you can help prevent flooding during storms.&nbsp;<\\/p>\\r\\n\\r\\n<p><strong>Want to learn more?&nbsp;<\\/strong><\\/p>\\r\\n\\r\\n\\r\\n\\r\\n<p>Watch this Bay Area People&nbsp;<a href=\\\"http:\\/\\/www.ktvu.com\\/community\\/56230465-video\\\">video about the Adopt a Drain Program<\\/a>.<\\/p>\\r\\n\\r\\n\\r\\n\\r\\n<p><strong>Still have questions?<\\/strong><\\/p>\\r\\n\\r\\n\\r\\n\\r\\n<p>Call:&nbsp;(510) 238-7630<\\/p>\",\"5\":\"www.adoptadrainoakland.com\",\"92\":\"\",\"3\":\"Adopt a Drain\",\"4\":\"Volunteer to Adopt a Storm Drain in Your Neighborhood\"}}', '2016-01-19 05:35:44', '2016-01-19 05:35:44', '5a011b1c-e98d-4040-9626-49f5eba0658a'),
 ('1212', '692', '3', '512', 'en_us', '1', '', '{\"typeId\":\"3\",\"authorId\":\"512\",\"title\":\"Pick Up Sandbags & Plastic Sheeting for Your Neighborhood\",\"slug\":\"pick-up-sandbags-plastic-sheeting-for-your-neighborhood\",\"postDate\":1453182045,\"expiryDate\":null,\"enabled\":1,\"parentId\":\"462\",\"fields\":{\"1\":\"<p>The City of Oakland will provide emergency sandbags and plastic sheeting when heavy rains are forecast. Each Oakland resident and business owner may pickup sandbags (up to 10)&nbsp;and plastic sheeting (up to 20 feet) at the following locations, as long as supplies last.&nbsp;Bring your ID to prove residency. Be prepared to fill your own if needed.<br>&nbsp;<br><strong>Municipal Service Center<\\/strong>, 7101 Edgewater Drive<br>Monday \\u2013 Friday, 8 a.m. \\u2013 4 p.m.<br>Saturday & Sunday, 8 a.m. \\u2013 4:30 p.m.<br>After Hours (at entry gate) 4:30 p.m. \\u2013 8 a.m.<br>&nbsp;<br><strong>Drainage Services Facility<\\/strong>, 5921 Shepherd Canyon<br>Monday \\u2013 Friday, 8 a.m. \\u2013 4 p.m.<br>After Hours (at entry gate) 4:30 p.m. \\u2013 8 a.m.<\\/p><p><strong>Need more bags?&nbsp;<\\/strong>You can pick up bags at your local hardware, garden or home improvement stores.&nbsp;<\\/p><p><strong>Want to learn how to make a sandbag?<\\/strong> <a href=\\\"https:\\/\\/www.youtube.com\\/watch?v=MRylOmhwgX8\\\" target=\\\"true\\\">Watch this video.<\\/a><\\/p><p><strong>Want to learn how to use plastic sheeting?<\\/strong> <a href=\\\"https:\\/\\/www.youtube.com\\/watch?v=oKxRIr-qaV4\\\" target=\\\"true\\\">Watch this video.<\\/a><\\/p>\",\"5\":\"\",\"92\":\"\",\"3\":\"\",\"4\":\"The City of Oakland Offers Sandbags & Plastic Sheeting to Residents and Businesses\"}}', '2016-01-19 05:40:46', '2016-01-19 05:40:46', '36b4ef98-4b58-47d2-a872-35eefed93c57'),
 ('1222', '702', '3', '512', 'en_us', '1', '', '{\"typeId\":\"3\",\"authorId\":\"512\",\"title\":\"News Articles & Other Resources\",\"slug\":\"news-articles-other-resources\",\"postDate\":1453182166,\"expiryDate\":null,\"enabled\":1,\"parentId\":\"\",\"fields\":{\"1\":\"<ul><li><strong>Listen to this KQED broadcast:&nbsp;<a href=\\\"https:\\/\\/soundcloud.com\\/kqed\\/preparing-for-el-nino-will-drainage-systems-handle-the-deluge-of-rain\\\">Preparing for El Ni\\u00f1o: Will Drainage Systems Handle the Deluge of Rain?<\\/a><\\/strong><\\/li><li><strong>Bay Area People&nbsp;<\\/strong><a href=\\\"http:\\/\\/www.ktvu.com\\/community\\/56230465-video\\\">video about the Adopt&nbsp;A Drain<\\/a>&nbsp;Program&nbsp;<strong>or&nbsp;<a href=\\\"http:\\/\\/adoptadrainoakland.com\\/\\\">click here to volunteer<\\/a>.<\\/strong><\\/li><li><strong>Tribune Newspaper December 9, 2015&nbsp;<\\/strong><a href=\\\"http:\\/\\/www2.oaklandnet.com\\/ElNino\\/OAK056240\\\">Click here to read or download the pdf.<\\/a>&nbsp;<\\/li><li><strong>KRON 4 December 22, 2015<\\/strong>&nbsp;Click on&nbsp;<a href=\\\"http:\\/\\/kron4.com\\/2015\\/12\\/23\\/el-nino-what-can-you-do-to-prepare\\/\\\">What you can do to prepare<\\/a>.&nbsp;<\\/li><li><a href=\\\"http:\\/\\/sanfrancisco.cbslocal.com\\/2015\\/08\\/17\\/5-things-you-should-do-now-to-prepare-for-a-strong-rainy-el-nino\\/\\\">5 Things You Should Do Now to Prepare<\\/a><\\/li><li>FEMA Video:&nbsp;<a href=\\\"https:\\/\\/www.youtube.com\\/watch?v=kXw1feTnkU4\\\">Severe Weather<\\/a><\\/li><li>FEMA Video:&nbsp;<a href=\\\"https:\\/\\/www.youtube.com\\/watch?v=XVpGJ_Xl__w&feature=youtu.be\\\">When The Sky Turns Gray<\\/a>&nbsp;(Animated)<\\/li><li><a href=\\\"http:\\/\\/www.ktvu.com\\/community\\/56229808-video\\\">Winter Weather Preparedness<\\/a>, by Bay Area People<\\/li><li>Watch this&nbsp;<a href=\\\"http:\\/\\/www.pge.com\\/en\\/safety\\/naturaldisaster\\/stormsoutagessafety\\/poweroutage\\/index.page\\\">PG&E video about how outages occur in stormy weather<\\/a><\\/li><li>Coastal Commission\\u2019s El Nino Resource website&nbsp;<a href=\\\"http:\\/\\/www.coastal.ca.gov\\/climate\\/extreme-weather\\/el-nino\\/\\\">http:\\/\\/www.coastal.ca.gov\\/climate\\/extreme-weather\\/el-nino\\/<\\/a>&nbsp;includes preparedness checklists for cities, property owners, shoreline properties, etc.<\\/li><li>Alameda County also has an excellent website for those wanting to learn more:<a href=\\\"http:\\/\\/www.acgov.org\\/pwa\\/info\\/elnino.htm\\\">http:\\/\\/www.acgov.org\\/pwa\\/info\\/elnino.htm<\\/a><\\/li><li>Click on this link for web article from&nbsp;<a href=\\\"http:\\/\\/oceanservice.noaa.gov\\/news\\/dec15\\/california-flooding.html\\\">NOAA about CA Tides and Flooding<\\/a><\\/li><\\/ul>\",\"5\":\"\",\"92\":\"\",\"3\":\"\",\"4\":\"A Collection of Articles, Videos & Other Resources\"}}', '2016-01-19 05:42:46', '2016-01-19 05:42:46', 'b1c6efb2-2d94-44cc-8929-d22145c49e54'),
 ('1232', '702', '3', '512', 'en_us', '2', '', '{\"typeId\":\"3\",\"authorId\":\"512\",\"title\":\"News Articles & Other Resources\",\"slug\":\"news-articles-other-resources\",\"postDate\":1453182120,\"expiryDate\":null,\"enabled\":1,\"parentId\":\"482\",\"fields\":{\"1\":\"<ul><li><strong>Listen to this KQED broadcast:&nbsp;<a href=\\\"https:\\/\\/soundcloud.com\\/kqed\\/preparing-for-el-nino-will-drainage-systems-handle-the-deluge-of-rain\\\">Preparing for El Ni\\u00f1o: Will Drainage Systems Handle the Deluge of Rain?<\\/a><\\/strong><\\/li><li><strong>Bay Area People&nbsp;<\\/strong><a href=\\\"http:\\/\\/www.ktvu.com\\/community\\/56230465-video\\\">video about the Adopt&nbsp;A Drain<\\/a>&nbsp;Program&nbsp;<strong>or&nbsp;<a href=\\\"http:\\/\\/adoptadrainoakland.com\\/\\\">click here to volunteer<\\/a>.<\\/strong><\\/li><li><strong>Tribune Newspaper December 9, 2015&nbsp;<\\/strong><a href=\\\"http:\\/\\/www2.oaklandnet.com\\/ElNino\\/OAK056240\\\">Click here to read or download the pdf.<\\/a>&nbsp;<\\/li><li><strong>KRON 4 December 22, 2015<\\/strong>&nbsp;Click on&nbsp;<a href=\\\"http:\\/\\/kron4.com\\/2015\\/12\\/23\\/el-nino-what-can-you-do-to-prepare\\/\\\">What you can do to prepare<\\/a>.&nbsp;<\\/li><li><a href=\\\"http:\\/\\/sanfrancisco.cbslocal.com\\/2015\\/08\\/17\\/5-things-you-should-do-now-to-prepare-for-a-strong-rainy-el-nino\\/\\\">5 Things You Should Do Now to Prepare<\\/a><\\/li><li>FEMA Video:&nbsp;<a href=\\\"https:\\/\\/www.youtube.com\\/watch?v=kXw1feTnkU4\\\">Severe Weather<\\/a><\\/li><li>FEMA Video:&nbsp;<a href=\\\"https:\\/\\/www.youtube.com\\/watch?v=XVpGJ_Xl__w&feature=youtu.be\\\">When The Sky Turns Gray<\\/a>&nbsp;(Animated)<\\/li><li><a href=\\\"http:\\/\\/www.ktvu.com\\/community\\/56229808-video\\\">Winter Weather Preparedness<\\/a>, by Bay Area People<\\/li><li>Watch this&nbsp;<a href=\\\"http:\\/\\/www.pge.com\\/en\\/safety\\/naturaldisaster\\/stormsoutagessafety\\/poweroutage\\/index.page\\\">PG&E video about how outages occur in stormy weather<\\/a><\\/li><li>Coastal Commission\\u2019s El Nino Resource website&nbsp;<a href=\\\"http:\\/\\/www.coastal.ca.gov\\/climate\\/extreme-weather\\/el-nino\\/\\\">http:\\/\\/www.coastal.ca.gov\\/climate\\/extreme-weather\\/el-nino\\/<\\/a>&nbsp;includes preparedness checklists for cities, property owners, shoreline properties, etc.<\\/li><li>Alameda County also has an excellent website for those wanting to learn more:<a href=\\\"http:\\/\\/www.acgov.org\\/pwa\\/info\\/elnino.htm\\\">http:\\/\\/www.acgov.org\\/pwa\\/info\\/elnino.htm<\\/a><\\/li><li>Click on this link for web article from&nbsp;<a href=\\\"http:\\/\\/oceanservice.noaa.gov\\/news\\/dec15\\/california-flooding.html\\\">NOAA about CA Tides and Flooding<\\/a><\\/li><\\/ul>\",\"5\":\"\",\"92\":\"\",\"3\":\"\",\"4\":\"A Collection of Articles, Videos & Other Resources\"}}', '2016-01-19 05:43:18', '2016-01-19 05:43:18', 'dd40837a-e643-43a9-9014-0fb2854375a3'),
 ('1242', '462', '3', '512', 'en_us', '6', '', '{\"typeId\":\"4\",\"authorId\":\"512\",\"title\":\"Prepare for Winter Weather in Oakland\",\"slug\":\"be-prepared-get-ready\",\"postDate\":1452637920,\"expiryDate\":null,\"enabled\":1,\"parentId\":\"452\",\"fields\":{\"4\":\"Learn more about City services to help you prepare\"}}', '2016-01-19 05:45:35', '2016-01-19 05:45:35', '79c8437d-77d1-4f88-b29e-09ca13398304'),
 ('1252', '722', '22', '1', 'en_us', '1', NULL, '{\"typeId\":\"42\",\"authorId\":null,\"title\":\"Digital Playbook\",\"slug\":\"digital-playbook\",\"postDate\":1453238416,\"expiryDate\":null,\"enabled\":1,\"parentId\":null,\"fields\":[]}', '2016-01-19 21:20:16', '2016-01-19 21:20:16', '4cd3dbb6-44f9-485a-8f1c-ed2fe360fccb'),
 ('1262', '732', '3', '712', 'en_us', '1', '', '{\"typeId\":\"4\",\"authorId\":\"712\",\"title\":\"Businesses\",\"slug\":\"businesses\",\"postDate\":1453240626,\"expiryDate\":null,\"enabled\":1,\"parentId\":\"\",\"fields\":{\"4\":\"What you need to know to start or grow your business.\"}}', '2016-01-19 21:57:07', '2016-01-19 21:57:07', '225927a4-b24f-45a5-8670-7411d4a8427d'),
 ('1272', '732', '3', '712', 'en_us', '2', '', '{\"typeId\":\"4\",\"authorId\":\"712\",\"title\":\"Business\",\"slug\":\"businesses\",\"postDate\":1453240620,\"expiryDate\":null,\"enabled\":1,\"parentId\":\"\",\"fields\":{\"4\":\"What you need to know to start or grow your business.\"}}', '2016-01-19 21:57:26', '2016-01-19 21:57:26', 'c66052b7-74a3-42fb-b0d0-af225ed0c709'),
 ('1282', '742', '3', '712', 'en_us', '1', '', '{\"typeId\":\"4\",\"authorId\":\"712\",\"title\":\"Start your business\",\"slug\":\"start-your-business\",\"postDate\":1453240759,\"expiryDate\":null,\"enabled\":1,\"parentId\":\"732\",\"fields\":{\"4\":\"Resources to help get you started. \"}}', '2016-01-19 21:59:20', '2016-01-19 21:59:20', '8cfb42ea-23ae-43ec-902b-694a508e5f21'),
 ('1302', '16', '4', '1', 'en_us', '6', '', '{\"typeId\":\"5\",\"authorId\":\"1\",\"title\":\"Human Resources\",\"slug\":\"human-resources\",\"postDate\":1449790080,\"expiryDate\":null,\"enabled\":1,\"parentId\":null,\"fields\":{\"10\":\"Our goal is to seek, engage, and promote a talented workforce that reflects the diversity and dynamic character of the City.\",\"12\":\"<p><strong>Anil Comelo<br><\\/strong>Human Resources Management Director<\\/p>\",\"62\":\"Anil Comelo has more than 18 years of experience managing human resources functions. With a staff of 40 and an annual operating budget of $5.6M and a workers compensation budget of $22 million, he is responsible for directing the Recruitment and Classification, Benefits and Risk Management functions.\",\"52\":[\"532\"],\"11\":[\"142\",\"192\"]}}', '2016-01-20 22:47:10', '2016-01-20 22:47:10', '9428aba9-3b67-4934-9fbb-d3c83020f496'),
 ('1312', '452', '3', '1', 'en_us', '6', '', '{\"typeId\":\"4\",\"authorId\":\"512\",\"title\":\"Emergency Services\",\"slug\":\"el-nino-101\",\"postDate\":1452637800,\"expiryDate\":1459382400,\"enabled\":1,\"parentId\":\"\",\"fields\":{\"4\":\"Learn more about El Nino weather patterns, preparation and services in Oakland\"}}', '2016-01-20 23:14:47', '2016-01-20 23:14:47', 'd69a65e2-b32b-47d1-b9b9-005b3f04e530'),
 ('1322', '16', '4', '1', 'en_us', '7', '', '{\"typeId\":\"5\",\"authorId\":\"1\",\"title\":\"Human Resources\",\"slug\":\"human-resources\",\"postDate\":1449790080,\"expiryDate\":null,\"enabled\":1,\"parentId\":null,\"fields\":{\"10\":\"Our goal is to seek, engage, and promote a talented workforce that reflects the diversity and dynamic character of the City.\",\"172\":\"Lionel J. Wilson Building \\r\\n150 Frank Ogawa Plaza\\r\\n2nd Floor\\r\\nOakland, CA 94612\",\"152\":\"\",\"12\":\"<p><strong>Anil Comelo<br><\\/strong>Human Resources Management Director<\\/p>\",\"62\":\"Anil Comelo has more than 18 years of experience managing human resources functions. With a staff of 40 and an annual operating budget of $5.6M and a workers compensation budget of $22 million, he is responsible for directing the Recruitment and Classification, Benefits and Risk Management functions.\",\"52\":[\"532\"],\"182\":\"Monday through Friday\\r\\n8:30am to 5:00pm\",\"162\":\"Main Line: (510) 238-3112\\r\\nJob Hotline (24-hr access): (510) 238-3111\\r\\nPublic Safety Job Hotline: (510) 238-6465\\r\\nCertification Hotline: (510) 238-3528\",\"11\":[\"142\",\"192\"]}}', '2016-01-20 23:37:57', '2016-01-20 23:37:57', '785d09b9-8d89-4bef-9437-06d54b9de036'),
 ('1332', '13', '4', '1', 'en_us', '8', '', '{\"typeId\":\"5\",\"authorId\":\"1\",\"title\":\"Public Works\",\"slug\":\"public-works\",\"postDate\":1449777120,\"expiryDate\":null,\"enabled\":1,\"parentId\":null,\"fields\":{\"10\":\"Service to the public is our sole reason for existence. Oakland Public Works plans, builds and maintains Oakland\\u2019s physical and environmental infrastructure for the residents, businesses and visitors of the city, making it a sustainable and desirable place to live, work, invest and visit.\",\"172\":\"<p>250 Frank H. Ogawa Plaza, Suite 4314<br>Oakland, CA 94612<span><\\/span><\\/p>\",\"152\":\"opwcallcenter@oaklandnet.com\",\"12\":\"<p><strong>Brooke A. Levin<\\/strong><br>Director of Oakland Public Works<\\/p>\",\"62\":\"She is an American Public Works Association Leadership Fellow with more than 30 years of public and private sector experience, including the past 22 years with the City of Oakland. She has been Assistant Director of Public Works for the past nine and half years, overseeing a $60 million dollar annual budget. In that role, she managed the operation and maintenance of parks, city facilities, street cleaning, garbage and recycling collection, environmental cleanup, tree services and sustainability. For ten years prior to that she was Oakland\'s first Environmental Services Manager. She also played a key role in planning and public works issues as a Policy Advisor to Mayor Elihu M. Harris from 1991 to 1994, and had a lead role in the aftermath of the Oakland Hills Firestorm. She is an artist, enjoys yoga and is the proud mother of two sons. Brooke has a Bachelor\\u2019s degree from the University of New Mexico.\",\"52\":[\"542\"],\"182\":\"<p>Monday through Friday<br>8:00AM to&nbsp;5:00PM<\\/p>\",\"162\":\"<p>Main&nbsp;Phone: (510) 615-5566<br>TTY: (510) 238-3254<br>Oakland Recycles:&nbsp;(510) 238-SAVE<br>Volunteer Oppurtunites:&nbsp;(510) 238-7611<span><\\/span><\\/p>\",\"11\":[\"5\"]}}', '2016-01-21 00:00:13', '2016-01-21 00:00:13', 'c3875c47-bbda-4d63-9ad8-15e5edc30ac1'),
 ('1342', '13', '4', '1', 'en_us', '9', '', '{\"typeId\":\"5\",\"authorId\":\"1\",\"title\":\"Public Works\",\"slug\":\"public-works\",\"postDate\":1449777120,\"expiryDate\":null,\"enabled\":1,\"parentId\":null,\"fields\":{\"10\":\"Oakland Public Works plans, builds and maintains Oakland\\u2019s physical and environmental infrastructure for the residents, businesses and visitors of the city, making it a sustainable and desirable place to live, work, invest and visit.\",\"172\":\"<p>250 Frank H. Ogawa Plaza, Suite 4314<br>Oakland, CA 94612<\\/p>\",\"152\":\"opwcallcenter@oaklandnet.com\",\"12\":\"<p><strong>Brooke A. Levin<\\/strong><br>Director of Oakland Public Works<\\/p>\",\"62\":\"She is an American Public Works Association Leadership Fellow with more than 30 years of public and private sector experience, including the past 22 years with the City of Oakland. She has been Assistant Director of Public Works for the past nine and half years, overseeing a $60 million dollar annual budget. In that role, she managed the operation and maintenance of parks, city facilities, street cleaning, garbage and recycling collection, environmental cleanup, tree services and sustainability. For ten years prior to that she was Oakland\'s first Environmental Services Manager. She also played a key role in planning and public works issues as a Policy Advisor to Mayor Elihu M. Harris from 1991 to 1994, and had a lead role in the aftermath of the Oakland Hills Firestorm. She is an artist, enjoys yoga and is the proud mother of two sons. Brooke has a Bachelor\\u2019s degree from the University of New Mexico.\",\"52\":[\"542\"],\"182\":\"<p>Monday through Friday<br>8:00AM to&nbsp;5:00PM<\\/p>\",\"162\":\"<p>Main&nbsp;Phone: (510) 615-5566<br>TTY: (510) 238-3254<br>Oakland Recycles:&nbsp;(510) 238-SAVE<br>Volunteer Oppurtunites:&nbsp;(510) 238-7611<\\/p>\",\"11\":[\"5\"]}}', '2016-01-21 00:02:47', '2016-01-21 00:02:47', '2d8f9b71-567d-4bf4-ba3f-b29ae6e1bb0a'),
 ('1352', '142', '3', '1', 'en_us', '4', '', '{\"typeId\":\"22\",\"authorId\":\"1\",\"title\":\"Jobs\",\"slug\":\"jobs\",\"postDate\":1450479840,\"expiryDate\":null,\"enabled\":1,\"parentId\":\"\",\"fields\":{\"192\":[\"762\"],\"202\":[\"772\"],\"212\":[\"782\"],\"222\":\"<p>\\\"It\'s a great place to work because of the quality of people who work here and because of the residents. You gotta love the variety and personality.\\\"<\\/p><p>- Glassdoor&nbsp;Reviewer<\\/p>\",\"232\":\"<p>\\\"If you live in Oakland, it\'s great to be a public servant in your own town.\\\"<\\/p><p>- Glassdoor&nbsp;Reviewer<br><\\/p>\",\"242\":\"<p>\\\"There is potential to do great things in this City and most of the employees want to do just that.\\\"<\\/p><p>- Glassdoor&nbsp;Reviewer<br><\\/p>\"}}', '2016-01-21 20:35:19', '2016-01-21 20:35:19', '254172b0-8171-4282-89f7-2e696e2ef14f');



DROP TABLE IF EXISTS `craft_fieldgroups`;


--
-- Schema for table `craft_fieldgroups`
--
CREATE TABLE `craft_fieldgroups` (
  `id` int(11) NOT NULL AUTO_INCREMENT,
  `name` varchar(255) COLLATE utf8_unicode_ci NOT NULL,
  `dateCreated` datetime NOT NULL,
  `dateUpdated` datetime NOT NULL,
  `uid` char(36) COLLATE utf8_unicode_ci NOT NULL DEFAULT '0',
  PRIMARY KEY (`id`),
  UNIQUE KEY `craft_fieldgroups_name_unq_idx` (`name`)
) ENGINE=InnoDB AUTO_INCREMENT=42 DEFAULT CHARSET=utf8 COLLATE=utf8_unicode_ci;

--
-- Data for table `craft_fieldgroups`
--

INSERT INTO `craft_fieldgroups` (`id`, `name`, `dateCreated`, `dateUpdated`, `uid`) VALUES
 ('1', 'Default', '2015-12-04 00:22:46', '2015-12-04 00:22:46', '19eef413-b2f2-4adf-a071-7bf7674a6c4e'),
 ('2', 'Services', '2015-12-04 20:17:51', '2016-01-21 20:20:58', '91c03d27-30bd-4436-8793-1c33eaccd11b'),
 ('4', 'News', '2015-12-10 19:37:15', '2015-12-10 19:37:15', 'e52761ec-7257-41da-817d-ef5db7922d56'),
 ('5', 'Departments', '2015-12-10 19:40:51', '2015-12-10 19:40:51', '3d0842bb-0af7-453e-b29c-1bb55cb396a6'),
 ('12', 'Sitewide Alert', '2016-01-14 00:05:09', '2016-01-14 00:05:09', '5ff99560-d5f3-471a-8aa5-8e99f46d50a7'),
 ('22', 'Homepage', '2016-01-21 20:18:01', '2016-01-21 20:18:01', 'e093e027-b825-4cf6-a188-77fc3a536da8'),
 ('32', 'Jobs Landing', '2016-01-21 20:21:55', '2016-01-21 20:21:55', 'abb50cb3-f372-4c76-a84f-6374d98ec509');



DROP TABLE IF EXISTS `craft_fieldlayoutfields`;


--
-- Schema for table `craft_fieldlayoutfields`
--
CREATE TABLE `craft_fieldlayoutfields` (
  `id` int(11) NOT NULL AUTO_INCREMENT,
  `layoutId` int(11) NOT NULL,
  `tabId` int(11) NOT NULL,
  `fieldId` int(11) NOT NULL,
  `required` tinyint(1) unsigned NOT NULL DEFAULT '0',
  `sortOrder` tinyint(4) DEFAULT NULL,
  `dateCreated` datetime NOT NULL,
  `dateUpdated` datetime NOT NULL,
  `uid` char(36) COLLATE utf8_unicode_ci NOT NULL DEFAULT '0',
  PRIMARY KEY (`id`),
  UNIQUE KEY `craft_fieldlayoutfields_layoutId_fieldId_unq_idx` (`layoutId`,`fieldId`),
  KEY `craft_fieldlayoutfields_sortOrder_idx` (`sortOrder`),
  KEY `craft_fieldlayoutfields_tabId_fk` (`tabId`),
  KEY `craft_fieldlayoutfields_fieldId_fk` (`fieldId`)
) ENGINE=InnoDB AUTO_INCREMENT=742 DEFAULT CHARSET=utf8 COLLATE=utf8_unicode_ci;

--
-- Data for table `craft_fieldlayoutfields`
--

INSERT INTO `craft_fieldlayoutfields` (`id`, `layoutId`, `tabId`, `fieldId`, `required`, `sortOrder`, `dateCreated`, `dateUpdated`, `uid`) VALUES
 ('27', '16', '11', '4', '0', '1', '2015-12-04 21:33:02', '2015-12-04 21:33:02', 'c2d66a95-dea3-45dc-a186-3d847a51ecb1'),
 ('32', '21', '16', '6', '0', '1', '2015-12-04 23:34:48', '2015-12-04 23:34:48', 'a9854b50-5a1e-4d70-b976-0127f6af2059'),
 ('33', '22', '17', '7', '0', '1', '2015-12-04 23:34:48', '2015-12-04 23:34:48', 'a74234a1-3d26-48a5-9332-24bec533e311'),
 ('56', '34', '25', '15', '0', '1', '2015-12-11 01:03:13', '2015-12-11 01:03:13', '3e37f032-0169-4cbc-b0ac-30c332484c96'),
 ('57', '34', '25', '1', '1', '2', '2015-12-11 01:03:13', '2015-12-11 01:03:13', '9e4a0003-ab7a-4292-881c-c09b5723bdaa'),
 ('58', '34', '25', '16', '0', '3', '2015-12-11 01:03:13', '2015-12-11 01:03:13', '5b88c30e-fe82-4ea1-9ff6-a0b6bd36bd20'),
 ('392', '182', '92', '8', '0', '1', '2016-01-08 02:34:06', '2016-01-08 02:34:06', 'c1d20993-c6a1-4ff1-8c4b-bf7ee4367159'),
 ('402', '182', '92', '14', '0', '2', '2016-01-08 02:34:06', '2016-01-08 02:34:06', 'a17859f7-774d-40fa-8b6d-5dbbc944a89a'),
 ('412', '182', '92', '72', '0', '3', '2016-01-08 02:34:06', '2016-01-08 02:34:06', 'f5a4204c-3e15-4d7c-8fb6-18e9bba0237c'),
 ('422', '182', '92', '1', '1', '4', '2016-01-08 02:34:06', '2016-01-08 02:34:06', 'ada1e8bb-5d39-4887-8c76-13ef07229af6'),
 ('432', '182', '92', '2', '0', '5', '2016-01-08 02:34:06', '2016-01-08 02:34:06', 'f1c6aca2-7383-445e-8346-ec5cf1b05982'),
 ('442', '182', '92', '9', '0', '6', '2016-01-08 02:34:06', '2016-01-08 02:34:06', '7a380abf-92da-4f02-8dda-adc554d24085'),
 ('452', '192', '102', '4', '0', '1', '2016-01-13 23:46:44', '2016-01-13 23:46:44', '4123a12e-f933-49bc-9728-1a3e2f9cd195'),
 ('462', '192', '102', '3', '0', '2', '2016-01-13 23:46:44', '2016-01-13 23:46:44', '97d0101c-542a-4b7a-b7b7-36ca398444f7'),
 ('472', '192', '102', '5', '0', '3', '2016-01-13 23:46:44', '2016-01-13 23:46:44', '8ddd50b1-336f-4c0c-bbe0-987a9c03d516'),
 ('482', '192', '102', '92', '0', '4', '2016-01-13 23:46:44', '2016-01-13 23:46:44', '7e9de8c2-6e6e-4519-9faf-2cf166fe8ad9'),
 ('492', '192', '102', '1', '1', '5', '2016-01-13 23:46:44', '2016-01-13 23:46:44', 'b8714a0c-ab08-4a01-994e-bfc89d015334'),
 ('542', '232', '122', '142', '0', '1', '2016-01-14 00:12:07', '2016-01-14 00:12:07', '74497668-204d-4761-af95-18c235068083'),
 ('552', '232', '122', '102', '0', '2', '2016-01-14 00:12:07', '2016-01-14 00:12:07', 'b8cc4890-7315-4924-b605-cde5b136b427'),
 ('562', '232', '122', '112', '0', '3', '2016-01-14 00:12:07', '2016-01-14 00:12:07', '93f42f73-99b7-41b2-bab6-3692503740f2'),
 ('572', '232', '122', '122', '0', '4', '2016-01-14 00:12:07', '2016-01-14 00:12:07', 'c39ca51a-92d2-4592-9797-dadf1feb5b80'),
 ('582', '232', '122', '132', '0', '5', '2016-01-14 00:12:07', '2016-01-14 00:12:07', 'ba3853c2-7e64-4203-805d-57a33fa7c42d'),
 ('592', '312', '132', '10', '0', '1', '2016-01-20 23:36:39', '2016-01-20 23:36:39', '4e761a16-3eaa-4e57-9fb5-0b67bcbcc17e'),
 ('602', '312', '132', '12', '0', '2', '2016-01-20 23:36:39', '2016-01-20 23:36:39', '350c5998-bfe2-4929-88b8-ee09aa604bf9'),
 ('612', '312', '132', '62', '0', '3', '2016-01-20 23:36:39', '2016-01-20 23:36:39', 'b9dfffc6-a5a8-4b87-9d33-9b6d194a90b3'),
 ('622', '312', '132', '52', '0', '4', '2016-01-20 23:36:39', '2016-01-20 23:36:39', '24132ad5-6c57-4fff-844f-d8ff0851242f'),
 ('632', '312', '132', '172', '0', '5', '2016-01-20 23:36:39', '2016-01-20 23:36:39', '154d9f08-f873-419e-bdd1-4a1132e0c846'),
 ('642', '312', '132', '152', '0', '6', '2016-01-20 23:36:39', '2016-01-20 23:36:39', '92c92765-e4ed-4f26-aeb3-e7e76802720a'),
 ('652', '312', '132', '162', '0', '7', '2016-01-20 23:36:39', '2016-01-20 23:36:39', '753692e0-06b6-40f8-b999-3912d7f094d4'),
 ('662', '312', '132', '182', '0', '8', '2016-01-20 23:36:39', '2016-01-20 23:36:39', 'dce30bab-ab8a-4a04-8c81-b3fdf6d13f9f'),
 ('672', '312', '132', '11', '0', '9', '2016-01-20 23:36:39', '2016-01-20 23:36:39', '335289a1-580b-4df2-a1be-bc616e8e72aa'),
 ('682', '322', '142', '192', '0', '1', '2016-01-21 20:34:09', '2016-01-21 20:34:09', '96110305-8181-40df-8bfd-c3dcdd669640'),
 ('692', '322', '142', '202', '0', '2', '2016-01-21 20:34:09', '2016-01-21 20:34:09', 'f16d58c9-1968-4d6d-aea1-af3077a4bbed'),
 ('702', '322', '142', '212', '0', '3', '2016-01-21 20:34:09', '2016-01-21 20:34:09', '4f1c1f38-4f9e-4951-bfff-35f28972ed31'),
 ('712', '322', '142', '222', '0', '4', '2016-01-21 20:34:09', '2016-01-21 20:34:09', '036c9641-c2f2-4ee9-bf2c-bedc09ca6636'),
 ('722', '322', '142', '232', '0', '5', '2016-01-21 20:34:09', '2016-01-21 20:34:09', '234594f1-2a9c-40ae-877d-6aeeab31790f'),
 ('732', '322', '142', '242', '0', '6', '2016-01-21 20:34:09', '2016-01-21 20:34:09', '92f0ca10-d458-42fb-8a49-ac29d8fdab23');



DROP TABLE IF EXISTS `craft_fieldlayouts`;


--
-- Schema for table `craft_fieldlayouts`
--
CREATE TABLE `craft_fieldlayouts` (
  `id` int(11) NOT NULL AUTO_INCREMENT,
  `type` varchar(150) COLLATE utf8_unicode_ci NOT NULL,
  `dateCreated` datetime NOT NULL,
  `dateUpdated` datetime NOT NULL,
  `uid` char(36) COLLATE utf8_unicode_ci NOT NULL DEFAULT '0',
  PRIMARY KEY (`id`),
  KEY `craft_fieldlayouts_type_idx` (`type`)
) ENGINE=InnoDB AUTO_INCREMENT=332 DEFAULT CHARSET=utf8 COLLATE=utf8_unicode_ci;

--
-- Data for table `craft_fieldlayouts`
--

INSERT INTO `craft_fieldlayouts` (`id`, `type`, `dateCreated`, `dateUpdated`, `uid`) VALUES
 ('1', 'Tag', '2015-12-04 00:22:46', '2015-12-04 00:22:46', '9ccf3911-e343-4f5a-9c23-a5b6a5d22b19'),
 ('16', 'Entry', '2015-12-04 21:33:02', '2015-12-04 21:33:02', 'd48e54a2-3e79-48e1-ad20-f7560d6a731d'),
 ('21', 'MatrixBlock', '2015-12-04 23:34:48', '2015-12-04 23:34:48', '897cb38d-033c-42a1-80c2-071f07cc61a3'),
 ('22', 'MatrixBlock', '2015-12-04 23:34:48', '2015-12-04 23:34:48', '5b324c76-90f5-4f59-95ab-edef55c129b4'),
 ('34', 'Entry', '2015-12-11 01:03:13', '2015-12-11 01:03:13', '3239e32e-502d-46f1-8053-a910d50e790c'),
 ('82', 'Asset', '2015-12-11 23:43:49', '2015-12-11 23:43:49', '122b19ae-f665-4265-85d0-85ac907b7d88'),
 ('102', 'Entry', '2015-12-17 20:36:22', '2015-12-17 20:36:22', '1d893d93-6b89-44b7-9008-72576892f179'),
 ('162', 'Tag', '2016-01-08 02:31:21', '2016-01-08 02:31:21', '5f58deaf-a480-40bf-9bdb-b3e15afc1683'),
 ('182', 'Entry', '2016-01-08 02:34:06', '2016-01-08 02:34:06', '53b0d2eb-1254-4d25-b6b6-fe15bd671894'),
 ('192', 'Entry', '2016-01-13 23:46:44', '2016-01-13 23:46:44', '6f078aff-5a30-48e1-9ca6-97bdcdb90fab'),
 ('232', 'GlobalSet', '2016-01-14 00:12:07', '2016-01-14 00:12:07', '5283d05e-d22e-4f1f-bfae-dd2ffc40d79a'),
 ('242', 'Asset', '2016-01-14 01:14:50', '2016-01-14 01:14:50', '9bdfe263-373f-4a5c-968b-48394dd750ee'),
 ('292', 'Entry', '2016-01-19 21:28:40', '2016-01-19 21:28:40', '48574a99-14fa-4479-be79-0225f0b3792b'),
 ('302', 'Entry', '2016-01-19 21:28:50', '2016-01-19 21:28:50', 'c4c54cfc-9cab-4ba6-a330-ae6d65afa337'),
 ('312', 'Entry', '2016-01-20 23:36:39', '2016-01-20 23:36:39', '005655a2-888a-4e93-9fd5-614248c394e7'),
 ('322', 'Entry', '2016-01-21 20:34:09', '2016-01-21 20:34:09', 'dd526599-521e-4289-a316-32141fe8387d');



DROP TABLE IF EXISTS `craft_fieldlayouttabs`;


--
-- Schema for table `craft_fieldlayouttabs`
--
CREATE TABLE `craft_fieldlayouttabs` (
  `id` int(11) NOT NULL AUTO_INCREMENT,
  `layoutId` int(11) NOT NULL,
  `name` varchar(255) COLLATE utf8_unicode_ci NOT NULL,
  `sortOrder` tinyint(4) DEFAULT NULL,
  `dateCreated` datetime NOT NULL,
  `dateUpdated` datetime NOT NULL,
  `uid` char(36) COLLATE utf8_unicode_ci NOT NULL DEFAULT '0',
  PRIMARY KEY (`id`),
  KEY `craft_fieldlayouttabs_sortOrder_idx` (`sortOrder`),
  KEY `craft_fieldlayouttabs_layoutId_fk` (`layoutId`)
) ENGINE=InnoDB AUTO_INCREMENT=152 DEFAULT CHARSET=utf8 COLLATE=utf8_unicode_ci;

--
-- Data for table `craft_fieldlayouttabs`
--

INSERT INTO `craft_fieldlayouttabs` (`id`, `layoutId`, `name`, `sortOrder`, `dateCreated`, `dateUpdated`, `uid`) VALUES
 ('11', '16', 'Content', '1', '2015-12-04 21:33:02', '2015-12-04 21:33:02', 'f145ce21-0b74-4b9a-801d-337956fa1549'),
 ('16', '21', 'Content', '1', '2015-12-04 23:34:48', '2015-12-04 23:34:48', '9dc7fb11-2fdd-44fa-a38c-ef16e750db59'),
 ('17', '22', 'Content', '1', '2015-12-04 23:34:48', '2015-12-04 23:34:48', '1c0e0b20-97e6-4e4b-99fb-336c032e57d6'),
 ('25', '34', 'Content', '1', '2015-12-11 01:03:13', '2015-12-11 01:03:13', 'a896bd0c-ee77-42ee-86f6-5804790f6988'),
 ('92', '182', 'Content', '1', '2016-01-08 02:34:06', '2016-01-08 02:34:06', '4374cf5c-156b-47f0-ad7e-819a20c8aa89'),
 ('102', '192', 'Article Content', '1', '2016-01-13 23:46:44', '2016-01-13 23:46:44', '37f3cc75-f436-445a-b0e4-9fac61d5061a'),
 ('122', '232', 'Content', '1', '2016-01-14 00:12:07', '2016-01-14 00:12:07', 'f2745e0c-e5d3-439f-bdc8-d2bdeff470aa'),
 ('132', '312', 'Content', '1', '2016-01-20 23:36:39', '2016-01-20 23:36:39', '7acbbe6d-0001-4194-9835-652fabb91879'),
 ('142', '322', 'Jobs Landing', '1', '2016-01-21 20:34:09', '2016-01-21 20:34:09', '2e5d0ab9-280f-4edd-9ee0-a2f868bf829d');



DROP TABLE IF EXISTS `craft_fields`;


--
-- Schema for table `craft_fields`
--
CREATE TABLE `craft_fields` (
  `id` int(11) NOT NULL AUTO_INCREMENT,
  `groupId` int(11) DEFAULT NULL,
  `name` varchar(255) COLLATE utf8_unicode_ci NOT NULL,
  `handle` varchar(58) COLLATE utf8_unicode_ci NOT NULL,
  `context` varchar(255) COLLATE utf8_unicode_ci NOT NULL DEFAULT 'global',
  `instructions` text COLLATE utf8_unicode_ci,
  `translatable` tinyint(1) unsigned NOT NULL DEFAULT '0',
  `type` varchar(150) COLLATE utf8_unicode_ci NOT NULL,
  `settings` text COLLATE utf8_unicode_ci,
  `dateCreated` datetime NOT NULL,
  `dateUpdated` datetime NOT NULL,
  `uid` char(36) COLLATE utf8_unicode_ci NOT NULL DEFAULT '0',
  PRIMARY KEY (`id`),
  UNIQUE KEY `craft_fields_handle_context_unq_idx` (`handle`,`context`),
  KEY `craft_fields_context_idx` (`context`),
  KEY `craft_fields_groupId_fk` (`groupId`)
) ENGINE=InnoDB AUTO_INCREMENT=252 DEFAULT CHARSET=utf8 COLLATE=utf8_unicode_ci;

--
-- Data for table `craft_fields`
--

INSERT INTO `craft_fields` (`id`, `groupId`, `name`, `handle`, `context`, `instructions`, `translatable`, `type`, `settings`, `dateCreated`, `dateUpdated`, `uid`) VALUES
 ('1', '1', 'Body', 'body', 'global', '', '0', 'RichText', '{\"configFile\":\"Standard.json\",\"cleanupHtml\":\"1\",\"purifyHtml\":\"\",\"columnType\":\"text\"}', '2015-12-04 00:22:46', '2015-12-05 00:32:30', 'c051155c-fcc4-4245-bf28-3ae870a4948e'),
 ('2', '1', 'Tags', 'tags', 'global', NULL, '0', 'Tags', '{\"source\":\"taggroup:1\"}', '2015-12-04 00:22:46', '2015-12-04 00:22:46', 'dfb83312-76e0-426f-a654-fb66d18fb31e'),
 ('3', '2', 'Call to Action Title', 'CTATitle', 'global', '', '0', 'PlainText', '{\"placeholder\":\"Call to Action\",\"maxLength\":\"\",\"multiline\":\"\",\"initialRows\":\"4\"}', '2015-12-04 20:11:47', '2015-12-18 22:06:02', '2a11eb1a-ccc6-48cc-ad54-83aa9de0fe4e'),
 ('4', '2', 'Lead In', 'leadIn', 'global', 'This field should come at the beginning and should be used to describe the purpose of the page.', '0', 'PlainText', '{\"placeholder\":\"This page provides information on how to pay a parking ticket in the City of Oakland.\",\"maxLength\":\"\",\"multiline\":\"\",\"initialRows\":\"4\"}', '2015-12-04 20:14:11', '2015-12-04 20:28:16', '88f564bb-7273-4370-afa5-d147c24d9683'),
 ('5', '2', 'Call to Action Link', 'CTALink', 'global', '', '0', 'PlainText', '{\"placeholder\":\"\",\"maxLength\":\"\",\"multiline\":\"\",\"initialRows\":\"4\"}', '2015-12-04 20:18:23', '2015-12-04 22:52:27', '8cceac35-89ca-40dd-97e9-24273a23e2fd'),
 ('6', NULL, 'Text', 'text', 'matrixBlockType:1', '', '0', 'RichText', '{\"configFile\":\"\",\"cleanupHtml\":\"1\",\"purifyHtml\":\"\",\"columnType\":\"text\"}', '2015-12-04 23:21:46', '2015-12-04 23:34:48', '9fb5b418-485d-46e6-91cb-aaf7b6b03f89'),
 ('7', NULL, 'Table', 'table', 'matrixBlockType:2', '', '0', 'TableMaker', '{\"columnsLabel\":\"\",\"columnsInstructions\":\"\",\"columnsAddRowLabel\":\"\",\"rowsLabel\":\"\",\"rowsInstructions\":\"\",\"rowsAddRowLabel\":\"\"}', '2015-12-04 23:21:46', '2015-12-04 23:34:48', 'e17d12b6-c210-4e58-a45d-989a2fe4ccd8'),
 ('8', '4', 'Post Date', 'postDate', 'global', 'Date this article should be posted.', '0', 'Date', '{\"minuteIncrement\":\"30\",\"showDate\":1,\"showTime\":0}', '2015-12-10 19:37:47', '2015-12-10 19:37:47', '6982ab28-a5d0-4403-ab08-3b8d50288e89'),
 ('9', '4', 'Summary', 'summary', 'global', 'Provide a one sentence summary for the news article', '0', 'PlainText', '{\"placeholder\":\"\",\"maxLength\":\"\",\"multiline\":\"\",\"initialRows\":\"4\"}', '2015-12-10 19:41:36', '2016-01-21 20:20:07', '97abb103-c320-44e8-99df-2ff3d714c122'),
 ('10', '5', 'About', 'about', 'global', 'Provide a longer description about the purpose of the department', '0', 'PlainText', '{\"placeholder\":\"\",\"maxLength\":\"\",\"multiline\":\"1\",\"initialRows\":\"4\"}', '2015-12-10 19:42:12', '2015-12-10 19:42:12', '57368ac2-231d-41dc-89ee-1692ed1523f7'),
 ('11', '5', 'Related Services and Resources', 'relatedServices', 'global', 'Pick the related services that should show up on this department\'s page', '0', 'Entries', '{\"sources\":[\"section:3\"],\"limit\":\"\",\"selectionLabel\":\"Select the city services that this department contirbutes to\"}', '2015-12-10 19:43:35', '2016-01-20 23:20:29', '721ba131-d9e7-4974-9fa9-067201adfa60'),
 ('12', '5', 'Department Head', 'departmentHead', 'global', 'Name on the first line, title on the second line', '0', 'RichText', '{\"configFile\":\"Simple.json\",\"cleanupHtml\":\"1\",\"purifyHtml\":\"\",\"columnType\":\"text\"}', '2015-12-10 19:45:52', '2015-12-10 19:46:25', '26668ad7-b9a1-49a6-8b90-6d4bae660de2'),
 ('14', '4', 'Related Department', 'relatedDepartment', 'global', 'What department does this entry belong to?', '0', 'Entries', '{\"sources\":[\"section:4\"],\"limit\":\"1\",\"selectionLabel\":\"\"}', '2015-12-10 22:49:56', '2015-12-10 22:59:58', 'e2088ae9-0478-4e0c-9363-ed6c1fcf2009'),
 ('15', '2', 'welcome', 'welcome', 'global', 'Welcome message', '0', 'PlainText', '{\"placeholder\":\"\",\"maxLength\":\"180\",\"multiline\":\"\",\"initialRows\":\"4\"}', '2015-12-10 23:58:54', '2015-12-10 23:58:54', '8772df4c-8035-4a53-9652-20a7f584658c'),
 ('16', '22', 'Hero', 'hero', 'global', 'Image for the Homepage Background', '0', 'Assets', '{\"useSingleFolder\":\"1\",\"sources\":\"*\",\"defaultUploadLocationSource\":\"1\",\"defaultUploadLocationSubpath\":\"\",\"singleUploadLocationSource\":\"1\",\"singleUploadLocationSubpath\":\"\",\"restrictFiles\":\"1\",\"allowedKinds\":[\"image\"],\"limit\":\"1\",\"viewMode\":\"large\",\"selectionLabel\":\"Pick a hero image\"}', '2015-12-11 01:02:58', '2016-01-21 20:18:09', 'f9ed4d4f-2946-4cc4-9682-b9cd981753cf'),
 ('22', '2', 'Article Author', 'articleAuthor', 'global', '', '0', 'PlainText', '{\"placeholder\":\"\",\"maxLength\":\"\",\"multiline\":\"\",\"initialRows\":\"4\"}', '2015-12-14 22:05:19', '2015-12-14 22:05:19', '6e4d4ee9-2989-47aa-a938-29ad09147446'),
 ('32', '2', 'Pinned', 'pinned', 'global', 'Specify whether this article should be pinned to the top.', '0', 'Checkboxes', '{\"options\":[{\"label\":\"Pinned\",\"value\":\"pinned\",\"default\":\"\"}]}', '2015-12-16 22:04:55', '2015-12-16 22:04:55', '932df5b8-d08c-4765-8678-50ab39395b2b'),
 ('42', '2', 'Additional Resource', 'additionalResource', 'global', 'Check this box if this is additional or supplemental information that doesn\'t have an action associated with it.', '0', 'Checkboxes', '{\"options\":[{\"label\":\"Additional Resource\",\"value\":\"True\",\"default\":\"\"}]}', '2015-12-18 23:30:32', '2015-12-18 23:30:32', 'fda7aff2-1643-4699-94c5-524277e9d11e'),
 ('52', '5', 'Department Head Portrait', 'departmentHeadPortrait', 'global', 'Portrait of the Department Head', '0', 'Assets', '{\"useSingleFolder\":\"\",\"sources\":\"*\",\"defaultUploadLocationSource\":\"1\",\"defaultUploadLocationSubpath\":\"portraits\",\"singleUploadLocationSource\":\"1\",\"singleUploadLocationSubpath\":\"\",\"restrictFiles\":\"1\",\"allowedKinds\":[\"image\"],\"limit\":\"1\",\"viewMode\":\"list\",\"selectionLabel\":\"\"}', '2016-01-06 20:19:24', '2016-01-06 20:20:28', '44509360-cb90-4e0f-81dc-916a1b541ace'),
 ('62', '5', 'Department Head Bio', 'departmentHeadBio', 'global', 'Give a short 1-2 bio of the department head.', '0', 'PlainText', '{\"placeholder\":\"\",\"maxLength\":\"\",\"multiline\":\"\",\"initialRows\":\"4\"}', '2016-01-06 20:20:19', '2016-01-06 20:20:19', 'a495ccda-ab2d-4d53-91b1-e342a0e9e393'),
 ('72', '4', 'Main Image', 'mainImage', 'global', 'Choose a main image to respresent this news article', '0', 'Assets', '{\"useSingleFolder\":\"1\",\"sources\":\"*\",\"defaultUploadLocationSource\":\"1\",\"defaultUploadLocationSubpath\":\"\",\"singleUploadLocationSource\":\"1\",\"singleUploadLocationSubpath\":\"\",\"restrictFiles\":\"\",\"limit\":\"1\",\"viewMode\":\"large\",\"selectionLabel\":\"\"}', '2016-01-06 21:32:22', '2016-01-06 21:32:22', '327ed952-c6fb-4cdf-94b1-c05736330954'),
 ('92', '2', 'Call to Action Phone Number', 'callToActionPhoneNumber', 'global', 'If it exists, enter the main phone number to access this service by phone.', '0', 'PlainText', '{\"placeholder\":\"(555) 555-5555\",\"maxLength\":\"\",\"multiline\":\"\",\"initialRows\":\"4\"}', '2016-01-13 23:46:22', '2016-01-13 23:46:22', '9fea4f76-e5d0-48cb-b4de-3c5397e89678'),
 ('102', '12', 'Alert Type', 'alertType', 'global', 'Choose the color of the alert based on the purpose.', '0', 'RadioButtons', '{\"options\":[{\"label\":\"Information\",\"value\":\"info\",\"default\":\"1\"},{\"label\":\"Warning\",\"value\":\"warn\",\"default\":\"\"},{\"label\":\"Alert\",\"value\":\"alert\",\"default\":\"\"}]}', '2016-01-14 00:06:26', '2016-01-14 00:34:31', 'eb20c12a-e3f1-49d0-87d4-8cc7fe7b4206'),
 ('112', '12', 'Alert Label', 'alertLabel', 'global', 'Label this alert (e.g., Warning, Important, Urgent, Info)', '0', 'PlainText', '{\"placeholder\":\"\",\"maxLength\":\"\",\"multiline\":\"\",\"initialRows\":\"4\"}', '2016-01-14 00:07:46', '2016-01-14 00:07:46', '674e4fec-561c-440a-a4d4-26da52484830'),
 ('122', '12', 'Alert Message', 'alertMessage', 'global', 'Write the message of your alert here. Try to keep it short and use the link to guide viewers to more detailed information.', '0', 'PlainText', '{\"placeholder\":\"\",\"maxLength\":\"\",\"multiline\":\"\",\"initialRows\":\"4\"}', '2016-01-14 00:08:30', '2016-01-14 00:08:30', 'b85df378-c088-45ea-8c17-6710b6118aac'),
 ('132', '12', 'Alert URL', 'alertUrl', 'global', 'Link to a more detailed page if necessary.', '0', 'PlainText', '{\"placeholder\":\"\",\"maxLength\":\"\",\"multiline\":\"\",\"initialRows\":\"4\"}', '2016-01-14 00:09:49', '2016-01-14 00:09:49', 'cd935dc4-ee3a-455b-93d2-e48120ba6a08'),
 ('142', '12', 'Alert Show/Hide', 'alertShowHide', 'global', 'Show or hide the sitewide alert', '0', 'RadioButtons', '{\"options\":[{\"label\":\"Show\",\"value\":\"show\",\"default\":\"\"},{\"label\":\"Hide\",\"value\":\"hide\",\"default\":\"1\"}]}', '2016-01-14 00:11:35', '2016-01-14 00:34:22', 'f6398bc0-a77e-40c1-a09a-dde7e05c3ad3'),
 ('152', '5', 'Department Email', 'departmentEmail', 'global', 'Main email for the public to contact this department', '0', 'PlainText', '{\"placeholder\":\"\",\"maxLength\":\"\",\"multiline\":\"\",\"initialRows\":\"4\"}', '2016-01-20 23:32:04', '2016-01-20 23:32:04', '085417ab-cf7c-4f24-a92b-733e23c9bffd'),
 ('162', '5', 'Department Phone Number', 'departmentPhoneNumber', 'global', 'Main phone number to reach this department. (You can add multiple phone numbers if necessary)', '0', 'RichText', '{\"configFile\":\"\",\"cleanupHtml\":\"1\",\"purifyHtml\":\"\",\"columnType\":\"text\"}', '2016-01-20 23:33:05', '2016-01-20 23:45:21', 'c337de82-87fb-4895-b9bb-55baf3fd1d2c'),
 ('172', '5', 'Department Address', 'departmentAddress', 'global', 'Department physical address', '0', 'RichText', '{\"configFile\":\"\",\"cleanupHtml\":\"1\",\"purifyHtml\":\"\",\"columnType\":\"text\"}', '2016-01-20 23:35:16', '2016-01-20 23:45:11', '80ecbdaf-f998-4c8f-8bb2-a072f8bc1231'),
 ('182', '5', 'Department Hours', 'departmentHours', 'global', 'Hours of operations', '0', 'RichText', '{\"configFile\":\"\",\"cleanupHtml\":\"1\",\"purifyHtml\":\"\",\"columnType\":\"text\"}', '2016-01-20 23:35:39', '2016-01-20 23:45:39', 'f4bfd8f7-cfa8-4dc4-8207-29cfc93f5560'),
 ('192', '32', 'Jobs Image 1', 'jobsImage1', 'global', 'Select the primary image for the jobs landing page', '0', 'Assets', '{\"useSingleFolder\":\"\",\"sources\":[\"folder:1\"],\"defaultUploadLocationSource\":\"1\",\"defaultUploadLocationSubpath\":\"\",\"singleUploadLocationSource\":\"1\",\"singleUploadLocationSubpath\":\"\",\"restrictFiles\":\"\",\"limit\":\"1\",\"viewMode\":\"large\",\"selectionLabel\":\"\"}', '2016-01-21 20:22:37', '2016-01-21 20:22:37', '7be33e23-069d-4ae6-9cdd-6d3e831d1fcd'),
 ('202', '32', 'Jobs Image 2', 'jobsImage2', 'global', 'Select a secondary photo for the jobs landing page.', '0', 'Assets', '{\"useSingleFolder\":\"\",\"sources\":[\"folder:1\"],\"defaultUploadLocationSource\":\"1\",\"defaultUploadLocationSubpath\":\"\",\"singleUploadLocationSource\":\"1\",\"singleUploadLocationSubpath\":\"\",\"restrictFiles\":\"\",\"limit\":\"1\",\"viewMode\":\"list\",\"selectionLabel\":\"\"}', '2016-01-21 20:23:04', '2016-01-21 20:23:04', 'ef25440e-1824-4ea0-a330-4aa35a80dbe2'),
 ('212', '32', 'Jobs Image 3', 'jobsImage3', 'global', 'Select a third image for the jobs landing page.', '0', 'Assets', '{\"useSingleFolder\":\"\",\"sources\":[\"folder:1\"],\"defaultUploadLocationSource\":\"1\",\"defaultUploadLocationSubpath\":\"\",\"singleUploadLocationSource\":\"1\",\"singleUploadLocationSubpath\":\"\",\"restrictFiles\":\"\",\"limit\":\"1\",\"viewMode\":\"list\",\"selectionLabel\":\"\"}', '2016-01-21 20:23:26', '2016-01-21 20:23:26', 'a72c4e2b-046c-4b02-986c-fdac031b6687'),
 ('222', '32', 'Jobs Quote 1', 'jobsQuote1', 'global', 'First quote on the jobs landing page', '0', 'RichText', '{\"configFile\":\"\",\"cleanupHtml\":\"1\",\"purifyHtml\":\"\",\"columnType\":\"text\"}', '2016-01-21 20:25:15', '2016-01-21 20:25:15', 'a43c8564-607b-4b29-82fe-9a38d95fbf8c'),
 ('232', '32', 'Jobs Quote 2', 'jobsQuote2', 'global', 'Second quote for the jobs landing page', '0', 'RichText', '{\"configFile\":\"\",\"cleanupHtml\":\"1\",\"purifyHtml\":\"\",\"columnType\":\"text\"}', '2016-01-21 20:25:37', '2016-01-21 20:25:37', 'd1a70c13-81ff-48a6-b34d-2d8ae85998ca'),
 ('242', '32', 'Jobs Quote 3', 'jobsQuote3', 'global', 'Third quote for the jobs landing page', '0', 'RichText', '{\"configFile\":\"\",\"cleanupHtml\":\"1\",\"purifyHtml\":\"\",\"columnType\":\"text\"}', '2016-01-21 20:25:52', '2016-01-21 20:25:52', 'b0438f31-b20f-4808-a2bb-7e6efa6438cf');



DROP TABLE IF EXISTS `craft_globalsets`;


--
-- Schema for table `craft_globalsets`
--
CREATE TABLE `craft_globalsets` (
  `id` int(11) NOT NULL,
  `name` varchar(255) COLLATE utf8_unicode_ci NOT NULL,
  `handle` varchar(255) COLLATE utf8_unicode_ci NOT NULL,
  `fieldLayoutId` int(10) DEFAULT NULL,
  `dateCreated` datetime NOT NULL,
  `dateUpdated` datetime NOT NULL,
  `uid` char(36) COLLATE utf8_unicode_ci NOT NULL DEFAULT '0',
  PRIMARY KEY (`id`),
  UNIQUE KEY `craft_globalsets_name_unq_idx` (`name`),
  UNIQUE KEY `craft_globalsets_handle_unq_idx` (`handle`),
  KEY `craft_globalsets_fieldLayoutId_fk` (`fieldLayoutId`)
) ENGINE=InnoDB DEFAULT CHARSET=utf8 COLLATE=utf8_unicode_ci;

--
-- Data for table `craft_globalsets`
--

INSERT INTO `craft_globalsets` (`id`, `name`, `handle`, `fieldLayoutId`, `dateCreated`, `dateUpdated`, `uid`) VALUES
 ('502', 'Sitewide Alert', 'sitewideAlert', '232', '2016-01-14 00:04:33', '2016-01-14 00:12:07', '17a8a770-ef2f-4965-a73f-33b40edf41df');



DROP TABLE IF EXISTS `craft_info`;


--
-- Schema for table `craft_info`
--
CREATE TABLE `craft_info` (
  `id` int(11) NOT NULL AUTO_INCREMENT,
  `version` varchar(15) COLLATE utf8_unicode_ci NOT NULL,
  `build` int(11) unsigned NOT NULL,
  `schemaVersion` varchar(15) COLLATE utf8_unicode_ci NOT NULL,
  `releaseDate` datetime NOT NULL,
  `edition` tinyint(1) unsigned NOT NULL DEFAULT '0',
  `siteName` varchar(100) COLLATE utf8_unicode_ci NOT NULL,
  `siteUrl` varchar(255) COLLATE utf8_unicode_ci NOT NULL,
  `timezone` varchar(30) COLLATE utf8_unicode_ci DEFAULT NULL,
  `on` tinyint(1) unsigned NOT NULL DEFAULT '0',
  `maintenance` tinyint(1) unsigned NOT NULL DEFAULT '0',
  `track` varchar(40) COLLATE utf8_unicode_ci NOT NULL,
  `dateCreated` datetime NOT NULL,
  `dateUpdated` datetime NOT NULL,
  `uid` char(36) COLLATE utf8_unicode_ci NOT NULL DEFAULT '0',
  PRIMARY KEY (`id`)
) ENGINE=InnoDB AUTO_INCREMENT=2 DEFAULT CHARSET=utf8 COLLATE=utf8_unicode_ci;

--
-- Data for table `craft_info`
--

INSERT INTO `craft_info` (`id`, `version`, `build`, `schemaVersion`, `releaseDate`, `edition`, `siteName`, `siteUrl`, `timezone`, `on`, `maintenance`, `track`, `dateCreated`, `dateUpdated`, `uid`) VALUES
 ('1', '2.5', '2757', '2.5.11', '2016-01-06 21:51:21', '2', 'City of Oakland', 'https://beta.oaklandca.gov', 'UTC', '1', '1', 'stable', '2015-12-04 00:22:41', '2016-01-21 21:05:03', '26339760-ca76-4034-81c3-1fa154e30347');



DROP TABLE IF EXISTS `craft_locales`;


--
-- Schema for table `craft_locales`
--
CREATE TABLE `craft_locales` (
  `locale` char(12) COLLATE utf8_unicode_ci NOT NULL,
  `sortOrder` tinyint(4) DEFAULT NULL,
  `dateCreated` datetime NOT NULL,
  `dateUpdated` datetime NOT NULL,
  `uid` char(36) COLLATE utf8_unicode_ci NOT NULL DEFAULT '0',
  PRIMARY KEY (`locale`),
  KEY `craft_locales_sortOrder_idx` (`sortOrder`)
) ENGINE=InnoDB DEFAULT CHARSET=utf8 COLLATE=utf8_unicode_ci;

--
-- Data for table `craft_locales`
--

INSERT INTO `craft_locales` (`locale`, `sortOrder`, `dateCreated`, `dateUpdated`, `uid`) VALUES
 ('en_us', '1', '2015-12-04 00:22:41', '2015-12-04 00:22:41', '325fe542-7e19-4931-a527-91db77988707');



DROP TABLE IF EXISTS `craft_matrixblocks`;


--
-- Schema for table `craft_matrixblocks`
--
CREATE TABLE `craft_matrixblocks` (
  `id` int(11) NOT NULL,
  `ownerId` int(11) NOT NULL,
  `fieldId` int(11) NOT NULL,
  `typeId` int(11) DEFAULT NULL,
  `sortOrder` tinyint(4) DEFAULT NULL,
  `ownerLocale` char(12) COLLATE utf8_unicode_ci DEFAULT NULL,
  `dateCreated` datetime NOT NULL,
  `dateUpdated` datetime NOT NULL,
  `uid` char(36) COLLATE utf8_unicode_ci NOT NULL DEFAULT '0',
  PRIMARY KEY (`id`),
  KEY `craft_matrixblocks_ownerId_idx` (`ownerId`),
  KEY `craft_matrixblocks_fieldId_idx` (`fieldId`),
  KEY `craft_matrixblocks_typeId_idx` (`typeId`),
  KEY `craft_matrixblocks_sortOrder_idx` (`sortOrder`),
  KEY `craft_matrixblocks_ownerLocale_fk` (`ownerLocale`)
) ENGINE=InnoDB DEFAULT CHARSET=utf8 COLLATE=utf8_unicode_ci;

--
-- Data for table `craft_matrixblocks`
--

INSERT INTO `craft_matrixblocks` (`id`, `ownerId`, `fieldId`, `typeId`, `sortOrder`, `ownerLocale`, `dateCreated`, `dateUpdated`, `uid`) VALUES
 ('7', '6', '1', '1', '1', NULL, '2015-12-04 23:22:29', '2015-12-04 23:48:13', '8089960d-700f-4524-a84d-ad93d1de61f8'),
 ('8', '6', '1', '2', '2', NULL, '2015-12-04 23:22:29', '2015-12-04 23:48:13', 'aa9c583d-a580-493f-8f5e-30e522852208'),
 ('9', '6', '1', '1', '3', NULL, '2015-12-04 23:37:15', '2015-12-04 23:48:13', '9326d974-6d1f-4d1b-8d9d-7afcfeb45bb2'),
 ('10', '6', '1', '2', '4', NULL, '2015-12-04 23:37:15', '2015-12-04 23:48:13', 'f909e301-3158-426d-be21-50db2d960bed');



DROP TABLE IF EXISTS `craft_matrixblocktypes`;


--
-- Schema for table `craft_matrixblocktypes`
--
CREATE TABLE `craft_matrixblocktypes` (
  `id` int(11) NOT NULL AUTO_INCREMENT,
  `fieldId` int(11) NOT NULL,
  `fieldLayoutId` int(11) DEFAULT NULL,
  `name` varchar(255) COLLATE utf8_unicode_ci NOT NULL,
  `handle` varchar(255) COLLATE utf8_unicode_ci NOT NULL,
  `sortOrder` tinyint(4) DEFAULT NULL,
  `dateCreated` datetime NOT NULL,
  `dateUpdated` datetime NOT NULL,
  `uid` char(36) COLLATE utf8_unicode_ci NOT NULL DEFAULT '0',
  PRIMARY KEY (`id`),
  UNIQUE KEY `craft_matrixblocktypes_name_fieldId_unq_idx` (`name`,`fieldId`),
  UNIQUE KEY `craft_matrixblocktypes_handle_fieldId_unq_idx` (`handle`,`fieldId`),
  KEY `craft_matrixblocktypes_fieldId_fk` (`fieldId`),
  KEY `craft_matrixblocktypes_fieldLayoutId_fk` (`fieldLayoutId`)
) ENGINE=InnoDB AUTO_INCREMENT=3 DEFAULT CHARSET=utf8 COLLATE=utf8_unicode_ci;

--
-- Data for table `craft_matrixblocktypes`
--

INSERT INTO `craft_matrixblocktypes` (`id`, `fieldId`, `fieldLayoutId`, `name`, `handle`, `sortOrder`, `dateCreated`, `dateUpdated`, `uid`) VALUES
 ('1', '1', '21', 'Text', 'text', '1', '2015-12-04 23:21:46', '2015-12-04 23:34:48', '79b8eeda-8fb6-4d18-b924-53dce4fd6fa5'),
 ('2', '1', '22', 'Table', 'table', '2', '2015-12-04 23:21:46', '2015-12-04 23:34:48', '065443e4-f912-4b74-a37c-3125fbebc678');



DROP TABLE IF EXISTS `craft_matrixcontent_body`;


--
-- Schema for table `craft_matrixcontent_body`
--
CREATE TABLE `craft_matrixcontent_body` (
  `id` int(11) NOT NULL AUTO_INCREMENT,
  `elementId` int(11) NOT NULL,
  `locale` char(12) COLLATE utf8_unicode_ci NOT NULL,
  `field_text_text` text COLLATE utf8_unicode_ci,
  `field_table_table` text COLLATE utf8_unicode_ci,
  `dateCreated` datetime NOT NULL,
  `dateUpdated` datetime NOT NULL,
  `uid` char(36) COLLATE utf8_unicode_ci NOT NULL DEFAULT '0',
  PRIMARY KEY (`id`),
  UNIQUE KEY `craft_matrixcontent_body_elementId_locale_unq_idx` (`elementId`,`locale`),
  KEY `craft_matrixcontent_body_locale_fk` (`locale`)
) ENGINE=InnoDB AUTO_INCREMENT=5 DEFAULT CHARSET=utf8 COLLATE=utf8_unicode_ci;

--
-- Data for table `craft_matrixcontent_body`
--

INSERT INTO `craft_matrixcontent_body` (`id`, `elementId`, `locale`, `field_text_text`, `field_table_table`, `dateCreated`, `dateUpdated`, `uid`) VALUES
 ('1', '7', 'en_us', '<h2>What You Need to Know</h2>\r\n\r\n<ul><li>You can pay online using Visa, MasterCard, Discover or American Express</li><li>You have 21 days after the date the ticket was written to make a payment.</li></ul>\r\n\r\n\r\n\r\n\r\n\r\n\r\n\r\n\r\n\r\n\r\n\r\n\r\n\r\n\r\n\r\n<h2>Ways to Pay</h2>\r\n\r\n\r\n\r\n\r\n\r\n\r\n\r\n\r\n\r\n\r\n\r\n\r\n\r\n\r\n\r\n\r\n\r\n\r\n\r\n\r\n\r\n<h3>In Person</h3>\r\n\r\n\r\n\r\n\r\n\r\n\r\n\r\n\r\n\r\n\r\n\r\n\r\n\r\n\r\n\r\n\r\n\r\n\r\n\r\n\r\n\r\n<p>You can pay your ticket at the Parking Citation Assistance Center</p>', NULL, '2015-12-04 23:22:29', '2015-12-04 23:48:13', '78fbaeab-070d-4365-b3ca-fd022191afbe'),
 ('2', '8', 'en_us', NULL, '{\"columns\":[{\"heading\":\"Location\",\"width\":\"\",\"align\":\"left\"},{\"heading\":\"Hours\",\"width\":\"\",\"align\":\"left\"}],\"rows\":[[\"Parking Citation Assistance Center 250 Frank H. Ogawa Plaza, Suite 6300 Oakland, CA 94612 Phone: (800) 500-6484\",\"Mondays, Tuesdays, Thursdays and Fridays from 9 a.m. to 4:30 p.m. Wednesdays from 9:30 a.m. to 4:30 p.m.\"]]}', '2015-12-04 23:22:29', '2015-12-04 23:48:13', '35b7e695-9ed8-415c-b74e-d12767471a63'),
 ('3', '9', 'en_us', '\r\n\r\n<h4>Additional locations:</h4>\r\n\r\n\r\n\r\n<p>Parking ticket payment kiosks at 250 Frank H. Ogawa Plaza, Monday through Friday from 8:30 a.m. to 5 p.m.<br>Eastmont Police Substation, 2651 73rd Avenue, Monday through Saturday from 8:00 a.m. to 4 p.m.</p>\r\n\r\n\r\n\r\n\r\n\r\n\r\n\r\n\r\n\r\n\r\n\r\n\r\n\r\n<h3><br>By Mail</h3>\r\n\r\n\r\n\r\n\r\n\r\n\r\n\r\n\r\n\r\n\r\n\r\n\r\n\r\n\r\n\r\n<p>Mail your parking ticket and the full payment to:</p>\r\n\r\n\r\n\r\n\r\n\r\n\r\n\r\n\r\n\r\n\r\n\r\n<p>Parking Citation Assistance Center<br>250 Frank H. Ogawa Plaza, Suite 6300<br>Oakland, CA 94612</p>\r\n\r\n\r\n\r\n\r\n\r\n\r\n\r\n\r\n\r\n\r\n\r\n\r\n\r\n\r\n\r\n<h3><br>By Phone</h3>', NULL, '2015-12-04 23:37:15', '2015-12-04 23:48:13', '1696d13d-45d2-406e-a587-1a67394c86e9'),
 ('4', '10', 'en_us', NULL, '{\"columns\":[{\"heading\":\"Location\",\"width\":\"\",\"align\":\"left\"},{\"heading\":\"Methods of Payment\",\"width\":\"\",\"align\":\"left\"}],\"rows\":[[\"Parking Citation Assistance Center Phone: (800) 500-6484\",\"Credit cards: Visa, Mastercard, Discover or American Express\"]]}', '2015-12-04 23:37:15', '2015-12-04 23:48:13', 'e3fe91c5-b594-43e0-bf44-a9afe6376321');



DROP TABLE IF EXISTS `craft_migrations`;


--
-- Schema for table `craft_migrations`
--
CREATE TABLE `craft_migrations` (
  `id` int(11) NOT NULL AUTO_INCREMENT,
  `pluginId` int(11) DEFAULT NULL,
  `version` varchar(255) COLLATE utf8_unicode_ci NOT NULL,
  `applyTime` datetime NOT NULL,
  `dateCreated` datetime NOT NULL,
  `dateUpdated` datetime NOT NULL,
  `uid` char(36) COLLATE utf8_unicode_ci NOT NULL DEFAULT '0',
  PRIMARY KEY (`id`),
  UNIQUE KEY `craft_migrations_version_unq_idx` (`version`),
  KEY `craft_migrations_pluginId_fk` (`pluginId`)
) ENGINE=InnoDB AUTO_INCREMENT=27 DEFAULT CHARSET=utf8 COLLATE=utf8_unicode_ci;

--
-- Data for table `craft_migrations`
--

INSERT INTO `craft_migrations` (`id`, `pluginId`, `version`, `applyTime`, `dateCreated`, `dateUpdated`, `uid`) VALUES
 ('1', NULL, 'm000000_000000_base', '2015-12-04 00:22:41', '2015-12-04 00:22:41', '2015-12-04 00:22:41', '80997690-065f-41a3-b50b-5df6ce235a5f'),
 ('2', NULL, 'm140730_000001_add_filename_and_format_to_transformindex', '2015-12-04 00:22:41', '2015-12-04 00:22:41', '2015-12-04 00:22:41', '524313a9-e924-4c9c-bbdd-dda56ac57478'),
 ('3', NULL, 'm140815_000001_add_format_to_transforms', '2015-12-04 00:22:41', '2015-12-04 00:22:41', '2015-12-04 00:22:41', 'bfdbd636-5b8d-4e4f-a404-c32cbcc835d5'),
 ('4', NULL, 'm140822_000001_allow_more_than_128_items_per_field', '2015-12-04 00:22:41', '2015-12-04 00:22:41', '2015-12-04 00:22:41', 'e299e0d4-07c6-422f-b81d-5ea11381432c'),
 ('5', NULL, 'm140829_000001_single_title_formats', '2015-12-04 00:22:41', '2015-12-04 00:22:41', '2015-12-04 00:22:41', '2547315b-4183-43f1-9923-94c8fdc238af'),
 ('6', NULL, 'm140831_000001_extended_cache_keys', '2015-12-04 00:22:41', '2015-12-04 00:22:41', '2015-12-04 00:22:41', '6ae131c5-d19f-4219-af2a-9b95f9bf30e5'),
 ('7', NULL, 'm140922_000001_delete_orphaned_matrix_blocks', '2015-12-04 00:22:41', '2015-12-04 00:22:41', '2015-12-04 00:22:41', '30cbe2df-722c-4fd5-a433-a0125058c03f'),
 ('8', NULL, 'm141008_000001_elements_index_tune', '2015-12-04 00:22:41', '2015-12-04 00:22:41', '2015-12-04 00:22:41', '9049119f-c47d-439c-97a7-b1bde5ca610b'),
 ('9', NULL, 'm141009_000001_assets_source_handle', '2015-12-04 00:22:41', '2015-12-04 00:22:41', '2015-12-04 00:22:41', 'b989531a-721c-439b-8c22-8ba7ba0f0c58'),
 ('10', NULL, 'm141024_000001_field_layout_tabs', '2015-12-04 00:22:41', '2015-12-04 00:22:41', '2015-12-04 00:22:41', '557e85c3-8b56-41fe-8be8-ba2544687439'),
 ('11', NULL, 'm141030_000000_plugin_schema_versions', '2015-12-04 00:22:41', '2015-12-04 00:22:41', '2015-12-04 00:22:41', 'a218c349-b679-40e6-a301-e1f3c506ddfd'),
 ('12', NULL, 'm141030_000001_drop_structure_move_permission', '2015-12-04 00:22:41', '2015-12-04 00:22:41', '2015-12-04 00:22:41', '22a01aa4-98be-4408-976c-31a96f4b9b25'),
 ('13', NULL, 'm141103_000001_tag_titles', '2015-12-04 00:22:41', '2015-12-04 00:22:41', '2015-12-04 00:22:41', '5b5d5dca-157a-49f2-befd-007f2b167582'),
 ('14', NULL, 'm141109_000001_user_status_shuffle', '2015-12-04 00:22:41', '2015-12-04 00:22:41', '2015-12-04 00:22:41', '2f3dd146-6323-4911-9916-dee567d9deeb'),
 ('15', NULL, 'm141126_000001_user_week_start_day', '2015-12-04 00:22:41', '2015-12-04 00:22:41', '2015-12-04 00:22:41', '841e758a-a3ee-436e-adfb-077806fe7d45'),
 ('16', NULL, 'm150210_000001_adjust_user_photo_size', '2015-12-04 00:22:41', '2015-12-04 00:22:41', '2015-12-04 00:22:41', '2090fb38-1ebf-4403-aa65-7a3ecd170de5'),
 ('17', NULL, 'm150724_000001_adjust_quality_settings', '2015-12-04 00:22:41', '2015-12-04 00:22:41', '2015-12-04 00:22:41', 'b6d71d4c-f670-4295-a35a-eac7ba451df9'),
 ('18', NULL, 'm150827_000000_element_index_settings', '2015-12-04 00:22:41', '2015-12-04 00:22:41', '2015-12-04 00:22:41', '44a9e4bd-507c-4252-b5fe-05bb08560585'),
 ('19', NULL, 'm150918_000001_add_colspan_to_widgets', '2015-12-04 00:22:41', '2015-12-04 00:22:41', '2015-12-04 00:22:41', 'be09a844-585c-4651-af4d-4c8ff6b7266e'),
 ('20', NULL, 'm151007_000000_clear_asset_caches', '2015-12-04 00:22:41', '2015-12-04 00:22:41', '2015-12-04 00:22:41', '83195618-e7d6-455b-9335-93aa81c0f12b'),
 ('21', NULL, 'm151109_000000_text_url_formats', '2015-12-04 00:22:41', '2015-12-04 00:22:41', '2015-12-04 00:22:41', '17f74a87-d5f1-4bcd-9ce1-a181bfe7f033'),
 ('22', NULL, 'm151110_000000_move_logo', '2015-12-04 00:22:41', '2015-12-04 00:22:41', '2015-12-04 00:22:41', 'ed96e78d-0d72-4c44-a8e8-6a71c4f1a211'),
 ('23', NULL, 'm151117_000000_adjust_image_widthheight', '2015-12-04 00:22:41', '2015-12-04 00:22:41', '2015-12-04 00:22:41', 'c602c85d-0283-40c0-994d-604723779284'),
 ('24', NULL, 'm151127_000000_clear_license_key_status', '2015-12-04 00:22:41', '2015-12-04 00:22:41', '2015-12-04 00:22:41', '169ce2e0-eeff-4668-9dc2-83917536f663'),
 ('25', NULL, 'm151127_000000_plugin_license_keys', '2015-12-04 00:22:41', '2015-12-04 00:22:41', '2015-12-04 00:22:41', 'ee24b66b-5581-403e-91e9-14b0742736bd'),
 ('26', NULL, 'm151130_000000_update_pt_widget_feeds', '2015-12-04 00:22:41', '2015-12-04 00:22:41', '2015-12-04 00:22:41', 'f81c4fda-32b5-4b6d-8edc-2d4af5d7e61a');



DROP TABLE IF EXISTS `craft_plugins`;


--
-- Schema for table `craft_plugins`
--
CREATE TABLE `craft_plugins` (
  `id` int(11) NOT NULL AUTO_INCREMENT,
  `class` varchar(150) COLLATE utf8_unicode_ci NOT NULL,
  `version` varchar(15) COLLATE utf8_unicode_ci NOT NULL,
  `schemaVersion` varchar(15) COLLATE utf8_unicode_ci DEFAULT NULL,
  `licenseKey` char(24) COLLATE utf8_unicode_ci DEFAULT NULL,
  `licenseKeyStatus` enum('valid','invalid','mismatched','unknown') COLLATE utf8_unicode_ci NOT NULL DEFAULT 'unknown',
  `enabled` tinyint(1) unsigned NOT NULL DEFAULT '0',
  `settings` text COLLATE utf8_unicode_ci,
  `installDate` datetime NOT NULL,
  `dateCreated` datetime NOT NULL,
  `dateUpdated` datetime NOT NULL,
  `uid` char(36) COLLATE utf8_unicode_ci NOT NULL DEFAULT '0',
  PRIMARY KEY (`id`)
) ENGINE=InnoDB AUTO_INCREMENT=2 DEFAULT CHARSET=utf8 COLLATE=utf8_unicode_ci;

--
-- Data for table `craft_plugins`
--

INSERT INTO `craft_plugins` (`id`, `class`, `version`, `schemaVersion`, `licenseKey`, `licenseKeyStatus`, `enabled`, `settings`, `installDate`, `dateCreated`, `dateUpdated`, `uid`) VALUES
 ('1', 'TableMaker', '1.0', NULL, NULL, 'unknown', '1', NULL, '2015-12-04 23:34:31', '2015-12-04 23:34:31', '2016-01-21 21:05:02', 'aeed37f7-98a1-4f9c-8b97-87da49098350');



DROP TABLE IF EXISTS `craft_rackspaceaccess`;


--
-- Schema for table `craft_rackspaceaccess`
--
CREATE TABLE `craft_rackspaceaccess` (
  `id` int(11) NOT NULL AUTO_INCREMENT,
  `connectionKey` varchar(255) COLLATE utf8_unicode_ci NOT NULL,
  `token` varchar(255) COLLATE utf8_unicode_ci NOT NULL,
  `storageUrl` varchar(255) COLLATE utf8_unicode_ci NOT NULL,
  `cdnUrl` varchar(255) COLLATE utf8_unicode_ci NOT NULL,
  `dateCreated` datetime NOT NULL,
  `dateUpdated` datetime NOT NULL,
  `uid` char(36) COLLATE utf8_unicode_ci NOT NULL DEFAULT '0',
  PRIMARY KEY (`id`),
  UNIQUE KEY `craft_rackspaceaccess_connectionKey_unq_idx` (`connectionKey`)
) ENGINE=InnoDB DEFAULT CHARSET=utf8 COLLATE=utf8_unicode_ci;

DROP TABLE IF EXISTS `craft_relations`;


--
-- Schema for table `craft_relations`
--
CREATE TABLE `craft_relations` (
  `id` int(11) NOT NULL AUTO_INCREMENT,
  `fieldId` int(11) NOT NULL,
  `sourceId` int(11) NOT NULL,
  `sourceLocale` char(12) COLLATE utf8_unicode_ci DEFAULT NULL,
  `targetId` int(11) NOT NULL,
  `sortOrder` smallint(6) DEFAULT NULL,
  `dateCreated` datetime NOT NULL,
  `dateUpdated` datetime NOT NULL,
  `uid` char(36) COLLATE utf8_unicode_ci NOT NULL DEFAULT '0',
  PRIMARY KEY (`id`),
  UNIQUE KEY `craft_relations_fieldId_sourceId_sourceLocale_targetId_unq_idx` (`fieldId`,`sourceId`,`sourceLocale`,`targetId`),
  KEY `craft_relations_sourceId_fk` (`sourceId`),
  KEY `craft_relations_sourceLocale_fk` (`sourceLocale`),
  KEY `craft_relations_targetId_fk` (`targetId`)
) ENGINE=InnoDB AUTO_INCREMENT=392 DEFAULT CHARSET=utf8 COLLATE=utf8_unicode_ci;

--
-- Data for table `craft_relations`
--

INSERT INTO `craft_relations` (`id`, `fieldId`, `sourceId`, `sourceLocale`, `targetId`, `sortOrder`, `dateCreated`, `dateUpdated`, `uid`) VALUES
 ('6', '14', '11', NULL, '13', '1', '2015-12-10 22:58:01', '2015-12-10 22:58:01', '7a2de3b7-0191-42a9-8e6d-f6bf2a3c88df'),
 ('7', '14', '12', NULL, '13', '1', '2015-12-10 22:58:16', '2015-12-10 22:58:16', 'a9dc68aa-c3c9-418b-b17c-f8ca187768e7'),
 ('112', '16', '2', NULL, '522', '1', '2016-01-14 01:16:56', '2016-01-14 01:16:56', 'b327e462-1232-4bec-bc6e-250d6892fad4'),
 ('212', '14', '632', NULL, '13', '1', '2016-01-19 02:54:18', '2016-01-19 02:54:18', '44d4ab08-bfc9-48d3-9026-a7d13e0fa669'),
 ('222', '2', '632', NULL, '572', '1', '2016-01-19 02:54:18', '2016-01-19 02:54:18', 'fff17a4e-f4cc-4821-aed5-69c27dc83915'),
 ('232', '2', '632', NULL, '582', '2', '2016-01-19 02:54:18', '2016-01-19 02:54:18', 'e0714d81-ecef-48e6-b60b-d5ca87e1140a'),
 ('242', '2', '632', NULL, '612', '3', '2016-01-19 02:54:18', '2016-01-19 02:54:18', 'f22b4b97-8a10-41b1-ab7d-13ab10f7c4be'),
 ('252', '2', '632', NULL, '622', '4', '2016-01-19 02:54:18', '2016-01-19 02:54:18', 'deb786e5-1916-4310-9cb9-8ecac94825aa'),
 ('292', '52', '16', NULL, '532', '1', '2016-01-20 23:37:57', '2016-01-20 23:37:57', '0aeef4ed-d776-409f-86e6-2102fc86e645'),
 ('302', '11', '16', NULL, '142', '1', '2016-01-20 23:37:57', '2016-01-20 23:37:57', '614c3852-10df-41ee-a7fd-7c2fb379a389'),
 ('312', '11', '16', NULL, '192', '2', '2016-01-20 23:37:57', '2016-01-20 23:37:57', '6b2d5923-b263-4d5e-825d-3f5470f99cfd'),
 ('342', '52', '13', NULL, '542', '1', '2016-01-21 00:02:47', '2016-01-21 00:02:47', 'd7c64fe9-7bcc-48b6-87ba-bdf75e5651dd'),
 ('352', '11', '13', NULL, '5', '1', '2016-01-21 00:02:47', '2016-01-21 00:02:47', '1ba97c08-3b71-4d2a-8f6f-fb4dd90f07e7'),
 ('362', '192', '142', NULL, '762', '1', '2016-01-21 20:35:19', '2016-01-21 20:35:19', '2cf39adf-14e8-4db5-8746-633e46f5549b'),
 ('372', '202', '142', NULL, '772', '1', '2016-01-21 20:35:19', '2016-01-21 20:35:19', 'fdf1efd0-45fc-4279-bd8e-cd1b319e5390'),
 ('382', '212', '142', NULL, '782', '1', '2016-01-21 20:35:19', '2016-01-21 20:35:19', '115760fa-2229-443d-b9ee-b7926a1c6b3b');



DROP TABLE IF EXISTS `craft_routes`;


--
-- Schema for table `craft_routes`
--
CREATE TABLE `craft_routes` (
  `id` int(11) NOT NULL AUTO_INCREMENT,
  `locale` char(12) COLLATE utf8_unicode_ci DEFAULT NULL,
  `urlParts` varchar(255) COLLATE utf8_unicode_ci NOT NULL,
  `urlPattern` varchar(255) COLLATE utf8_unicode_ci NOT NULL,
  `template` varchar(255) COLLATE utf8_unicode_ci NOT NULL,
  `sortOrder` tinyint(4) DEFAULT NULL,
  `dateCreated` datetime NOT NULL,
  `dateUpdated` datetime NOT NULL,
  `uid` char(36) COLLATE utf8_unicode_ci NOT NULL DEFAULT '0',
  PRIMARY KEY (`id`),
  UNIQUE KEY `craft_routes_urlPattern_unq_idx` (`urlPattern`),
  KEY `craft_routes_locale_idx` (`locale`)
) ENGINE=InnoDB DEFAULT CHARSET=utf8 COLLATE=utf8_unicode_ci;

DROP TABLE IF EXISTS `craft_searchindex`;


--
-- Schema for table `craft_searchindex`
--
CREATE TABLE `craft_searchindex` (
  `elementId` int(11) NOT NULL,
  `attribute` varchar(25) COLLATE utf8_unicode_ci NOT NULL,
  `fieldId` int(11) NOT NULL,
  `locale` char(12) COLLATE utf8_unicode_ci NOT NULL,
  `keywords` text COLLATE utf8_unicode_ci NOT NULL,
  PRIMARY KEY (`elementId`,`attribute`,`fieldId`,`locale`),
  FULLTEXT KEY `craft_searchindex_keywords_idx` (`keywords`)
) ENGINE=MyISAM DEFAULT CHARSET=utf8 COLLATE=utf8_unicode_ci;

--
-- Data for table `craft_searchindex`
--

INSERT INTO `craft_searchindex` (`elementId`, `attribute`, `fieldId`, `locale`, `keywords`) VALUES
 ('1', 'username', '0', 'en_us', ' norrishung '),
 ('1', 'firstname', '0', 'en_us', ' norris '),
 ('1', 'lastname', '0', 'en_us', ' hung '),
 ('1', 'fullname', '0', 'en_us', ' norris hung '),
 ('1', 'email', '0', 'en_us', ' norris codeforamerica org '),
 ('1', 'slug', '0', 'en_us', ''),
 ('2', 'slug', '0', 'en_us', ' homepage '),
 ('2', 'title', '0', 'en_us', ' home '),
 ('2', 'field', '1', 'en_us', ' the best place to find official services and information from the city of oakland '),
 ('11', 'field', '14', 'en_us', ' public works '),
 ('12', 'field', '14', 'en_us', ' public works '),
 ('11', 'field', '9', 'en_us', ' as part of the shop oakland grown for the holidays campaign the city of oakland will offer free parking every saturday until new year s day plus plaid friday november 27 the free parking applies to on street meters both individual meters and multi space kiosks four city owned parking lots and four city owned parking garages posted time limits at meters still apply '),
 ('6', 'title', '0', 'en_us', ' pay a parking ticket '),
 ('6', 'field', '4', 'en_us', ''),
 ('6', 'field', '3', 'en_us', ' pay your ticket online '),
 ('6', 'field', '1', 'en_us', ' you have 21 days after the date the ticket was written to make a payment pay by phone parking citation assistance centerphone 800 500 6484please have your credit card on hand visa mastercard discover or american express pay by mail or in person parking citation assistance center250 frank h ogawa plaza suite 6300 oakland ca 94612mondays tuesdays thursdays and fridays from 9 a m to 4 30 p m wednesdays from 9 30 a m to 4 30 p m additional in person locations parking ticket payment kiosks250 frank h ogawa plazamonday through friday from 8 30 a m to 5 p m eastmont police substation2651 73rd avenuemonday through saturday from 8 00 a m to 4 p m pay by mail mail your parking ticket and the full payment to parking citation assistance center250 frank h ogawa plaza suite 6300oakland ca 94612 refund request form if you feel you are due a refund for overpayment for a parking ticket associated with your license plate please complete and return a refund request form click here to download the refund request form provide proof of payment as detailed on the form please allow four to six weeks for processing completed forms and proof of payment can be submitted by mail in person or by fax mail in person parking citation assistance center250 frank h ogawa plaza suite 6300 oakland ca 94612mondays tuesdays thursdays and fridays from 9 a m to 4 30 p m wednesdays from 9 30 a m to 4 30 p m additional references costs of common parking violationscomplete roster of parking violation fines from the omc and california vehicle codeoakland municipal code about parking violationscalifornia vehicle code '),
 ('6', 'slug', '0', 'en_us', ' pay a parking ticket '),
 ('5', 'title', '0', 'en_us', ' parking '),
 ('5', 'slug', '0', 'en_us', ' parking '),
 ('7', 'field', '6', 'en_us', ' what you need to know you can pay online using visa mastercard discover or american expressyou have 21 days after the date the ticket was written to make a payment ways to pay in person you can pay your ticket at the parking citation assistance center '),
 ('7', 'slug', '0', 'en_us', ''),
 ('8', 'field', '7', 'en_us', ' location left hours left parking citation assistance center 250 frank h ogawa plaza suite 6300 oakland ca 94612 phone 800 500 6484 mondays tuesdays thursdays and fridays from 9 a m to 4 30 p m wednesdays from 9 30 a m to 4 30 p m locationhours parking citation assistance center 250 frank h ogawa plaza suite 6300 oakland ca 94612 phone 800 500 6484mondays tuesdays thursdays and fridays from 9 a m to 4 30 p m wednesdays from 9 30 a m to 4 30 p m '),
 ('8', 'slug', '0', 'en_us', ''),
 ('6', 'field', '5', 'en_us', ' https prodpci etimspayments com pbw include oakland input jsp '),
 ('5', 'field', '4', 'en_us', ' including parking permits and paying parking citations '),
 ('11', 'field', '1', 'en_us', ' as part of the shop oakland grown for the holidays campaign the city of oakland will offer free parking every saturday until new year s day plus plaid friday november 27 the free parking applies to on street meters both individual meters and multi space kiosks four city owned parking lots and four city owned parking garages posted time limits at meters still apply '),
 ('9', 'field', '6', 'en_us', ' additional locations parking ticket payment kiosks at 250 frank h ogawa plaza monday through friday from 8 30 a m to 5 p m eastmont police substation 2651 73rd avenue monday through saturday from 8 00 a m to 4 p m by mail mail your parking ticket and the full payment to parking citation assistance center250 frank h ogawa plaza suite 6300oakland ca 94612 by phone '),
 ('9', 'slug', '0', 'en_us', ''),
 ('10', 'field', '7', 'en_us', ' location left methods of payment left parking citation assistance center phone 800 500 6484 credit cards visa mastercard discover or american express locationmethods of payment parking citation assistance center phone 800 500 6484credit cards visa mastercard discover or american express '),
 ('10', 'slug', '0', 'en_us', ''),
 ('11', 'field', '2', 'en_us', ''),
 ('11', 'slug', '0', 'en_us', ' free parking on plaid friday saturdays until new years '),
 ('11', 'title', '0', 'en_us', ' free parking on plaid friday saturdays until new year s '),
 ('12', 'field', '1', 'en_us', ' oakland s measure ff a voter enacted ballot measure passed in november 2014 provides annual increases to oakland s minimum wage based on the local consumer price index cpi effective january 1 2016 the rate rises 30 from $12 25 to $12 55 the law requires that employers inform employees of the increase by december 15 2015 '),
 ('12', 'field', '2', 'en_us', ''),
 ('12', 'slug', '0', 'en_us', ' oaklands minimum wage goes up january 1 deadline for noticing requirement is december 15 '),
 ('12', 'title', '0', 'en_us', ' oakland s minimum wage goes up january 1 deadline for noticing requirement is december 15 '),
 ('11', 'field', '8', 'en_us', ' 2015 12 09 '),
 ('12', 'field', '8', 'en_us', ' 2015 12 09 '),
 ('13', 'field', '9', 'en_us', ''),
 ('362', 'field', '4', 'en_us', ' includes information on the application process and employment regulations '),
 ('13', 'field', '10', 'en_us', ' oakland public works plans builds and maintains oakland s physical and environmental infrastructure for the residents businesses and visitors of the city making it a sustainable and desirable place to live work invest and visit '),
 ('762', 'filename', '0', 'en_us', ' actionshot jpg '),
 ('13', 'field', '12', 'en_us', ' brooke a levindirector of oakland public works '),
 ('13', 'field', '13', 'en_us', ''),
 ('13', 'field', '11', 'en_us', ' parking '),
 ('13', 'slug', '0', 'en_us', ' public works '),
 ('13', 'title', '0', 'en_us', ' public works '),
 ('12', 'field', '9', 'en_us', ' oakland s measure ff a voter enacted ballot measure passed in november 2014 provides annual increases to oakland s minimum wage based on the local consumer price index cpi effective january 1 2016 the rate rises 30 from $12 25 to $12 55 the law requires that employers inform employees of the increase by december 15 2015 '),
 ('522', 'filename', '0', 'en_us', ' hero 1 jpg '),
 ('16', 'field', '9', 'en_us', ''),
 ('16', 'field', '10', 'en_us', ' our goal is to seek engage and promote a talented workforce that reflects the diversity and dynamic character of the city '),
 ('16', 'field', '12', 'en_us', ' anil comelohuman resources management director '),
 ('16', 'field', '13', 'en_us', ''),
 ('16', 'field', '11', 'en_us', ' jobs benefits perks '),
 ('16', 'slug', '0', 'en_us', ' human resources '),
 ('16', 'title', '0', 'en_us', ' human resources '),
 ('522', 'extension', '0', 'en_us', ' jpg '),
 ('522', 'kind', '0', 'en_us', ' image '),
 ('16', 'field', '52', 'en_us', ' anil comelo '),
 ('16', 'field', '62', 'en_us', ' anil comelo has more than 18 years of experience managing human resources functions with a staff of 40 and an annual operating budget of $5 6m and a workers compensation budget of $22 million he is responsible for directing the recruitment and classification benefits and risk management functions '),
 ('522', 'slug', '0', 'en_us', ' hero 1 '),
 ('19', 'field', '9', 'en_us', ''),
 ('19', 'field', '10', 'en_us', ''),
 ('19', 'field', '12', 'en_us', ' mayor libby schaafoakland city councilshe is an american public works association leadership fellow with more than 30 years of public and private sector experience including the past 22 years with the city of oakland '),
 ('19', 'field', '13', 'en_us', ''),
 ('19', 'field', '11', 'en_us', ''),
 ('19', 'slug', '0', 'en_us', ' mayors office '),
 ('19', 'title', '0', 'en_us', ' mayor s office '),
 ('2', 'field', '15', 'en_us', ' welcome to oakland california '),
 ('192', 'field', '5', 'en_us', ''),
 ('192', 'field', '3', 'en_us', ''),
 ('6', 'field', '32', 'en_us', ' pinned '),
 ('2', 'field', '16', 'en_us', ' hero 1 '),
 ('542', 'filename', '0', 'en_us', ' brooke_levin jpg '),
 ('532', 'title', '0', 'en_us', ' anil comelo '),
 ('532', 'slug', '0', 'en_us', ''),
 ('532', 'filename', '0', 'en_us', ' anil_comelo jpg '),
 ('52', 'field', '4', 'en_us', ' apply for residential disabled or other temporary permits '),
 ('52', 'slug', '0', 'en_us', ' apply for parking permits '),
 ('52', 'title', '0', 'en_us', ' apply for parking permits '),
 ('62', 'field', '4', 'en_us', ''),
 ('62', 'field', '3', 'en_us', ''),
 ('62', 'field', '5', 'en_us', ''),
 ('62', 'field', '1', 'en_us', ' disabled parking zone blue zone program a blue zone provides on street parking for people with disabilities the blue zone has a painted blue curb with a posted sign residents and businesses can request blue zones from the disabled parking zone program the city does not install blue zones for paratransit drop off and pick up download the application form to request a blue zone residential blue zone application formnon residential blue zone application formto learn more please read the policy summaries below residential blue zone policy summarynon residential blue zone policy summary '),
 ('62', 'field', '32', 'en_us', ''),
 ('62', 'slug', '0', 'en_us', ' apply for a disabled parking blue zone '),
 ('62', 'title', '0', 'en_us', ' apply for a disabled parking blue zone '),
 ('72', 'field', '4', 'en_us', ' ​do you need to block parking spaces or traffic if your portable storage unit or moving truck will block parking on a public street or right of way you will need an obstruction permit '),
 ('72', 'field', '3', 'en_us', ''),
 ('72', 'field', '5', 'en_us', ''),
 ('72', 'field', '1', 'en_us', ' an obstruction permit allows you to park the pod portable storage unit or moving truck in one site for a limited amount of time how the obstruction permit works the obstruction permit tells nearby property owners that they can not park in the permitted site for a limited amount of time you may only block the street or right of way that you are moving from or to you need to post the no parking sign s that you receive with the obstruction permit at least 72 hours 3 days before parking the portable storage unit or moving truck how to apply for an obstruction permit you can only apply for an obstruction permit in person at the permit center to avoid long line visit the permit center early in the day before the busiest time from 11 a m to 4 p m please bring the following information site address dates required number of parking spaces required one parking space is 25 feet long meter numbers if you are blocking parking meters contact phone number for the company or person applying if related to work requiring permit please reference permit application number traffic control plan only required if you need to block traffic refer to the traffic engineering website http www2 oaklandnet com government o pwa o ec o ts oak026469 visit the permit center once you arrive at the permit center s information counter ask for an obstruction permit when your number is called proceed to the indicated counter provide the required information pay the permit fee the permit center accepts cash checks payable to the city of oakland and most major credit cards where to apply for an obstruction permit locationhours permit center 250 frank h ogawa plaza 2nd floor oakland ca 94612 mondays tuesdays thursdays and fridays from 8 a m to 4 p m wednesdays from 9 30 a m to 4 p m last wednesday of each month from 10 a m to 4 p m cost of the obstruction permit the cost of an obstruction permit varies the cost depends on the period of time for the permit the number of parking spaces required and the type of parking spaces blocked for more information please call the permit center at 510 238 3443 '),
 ('72', 'field', '32', 'en_us', ''),
 ('72', 'slug', '0', 'en_us', ' apply for a parking obstruction permit '),
 ('72', 'title', '0', 'en_us', ' apply for a parking obstruction permit '),
 ('92', 'field', '3', 'en_us', ' download the permit applicatio '),
 ('92', 'field', '5', 'en_us', ' http www2 oaklandnet com parking oak046014 '),
 ('92', 'field', '1', 'en_us', ' you can apply for a parking permit through the residential parking permit rpp program this permit will allow you park your vehicle in certain neighborhoods in oakland you need to register your vehicle to an eligible address to receive the permit what you need to know before applying to see if your address is eligible go to___________ update your address for your vehicle s registration and driver s license with the dmv click here to update your address with the dmv online http dmv ca gov online onlinesvcs htm after updating your address print the confirmation submit this confirmation with your application clear all unpaid parking tickets from the city of oakland for help call the parking citation assistance center at 800 500 6484 click here to pay parking tickets online to pay by phone call the parking citation assistance center at 800 500 6484 how to apply for a residential parking permit you need to submit an application four supporting documents and the correct fee to apply the address on your application must match the address on each supporting document application process click here to download the residential parking permit application http www2 oaklandnet com oakca1 groups fma documents form oak046014 pdf complete the application include four supporting documents current vehicle registration current california driver s license utility bill from the last 30 days choose one from the list below gas bill electric bill water bill garbage bill proof of your current address choose one from the list below rental agreement lease mortgage statement property tax bill deed click here to find your permit fee for your address online ______ for more information you can call the parking citation assistance center at 800 500 6484 methods of payment you can submit your application four supporting documents and payment in person or mail them to the parking citation assistance center locationhours parking citation assistance center 250 frank h ogawa plaza suite 6300 oakland ca 94612 phone 800 500 6484 mondays tuesdays thursdays and fridays from 9 a m to 4 30 p m wednesdays from 9 30 a m to 4 30 p m '),
 ('92', 'field', '4', 'en_us', ' you can apply for a parking permit through the residential parking permit rpp program this permit will allow you park your vehicle in certain neighborhoods in oakland you need to register your vehicle to an eligible address to receive the permit '),
 ('92', 'field', '32', 'en_us', '');
INSERT INTO `craft_searchindex` (`elementId`, `attribute`, `fieldId`, `locale`, `keywords`) VALUES
 ('92', 'slug', '0', 'en_us', ' apply for a residential parking permit '),
 ('92', 'title', '0', 'en_us', ' apply for a residential parking permit '),
 ('192', 'field', '1', 'en_us', ' health care coverage all employees are eligible for health care coverage for themselves and their eligible dependents these plans may include health insurance medical coverage dental care and vision care summary of benefits healthdentalvision careworker s compdisability insurancelife insuranceretirementprofessional developmentunemployment insurancefull time employee not include fire and police xxxxxxxxxfire and police full time xxxxxxpart timexxxxxpart time senior aidesxxx what to know you are eligible to enroll on the date you are hired work with your department to enroll within 60 days if you wait more than 60 days to enroll you will face a penalty of a 90 day waiting period your coverage starts on the first of the month after submission of your paperwork you can change your plan during open enrollment during the fall any changes you make become effective in january of the following year medical coverage you can choose a medical plan through calpers california public employees retirement systems health benefit services the city pays the full monthly premium for some plans for other plans the employee pays premiums with after tax dollars for more information on medical plans visit the calpers website dental plans all full time employees except fire and police can choose from two dental plans for themselves and their eligible dependents the hmo dental plan includes no deductibles when visiting an authorized dentist this plan is administered by deltacare the ppo plan covers a percentage of costs but gives members more flexibility this plan is administered by delta dental police and fire personnel have dental coverage through their respective unions vision care all full time employees except fire and police have vision coverage for themselves and their eligible dependents this plan is administered by vision service plan police and fire personnel do not have vision coverage dependents your dependents may be eligible for the same health care coverage that you enroll in eligible dependents include spousedomestic partnerfinancially dependent children medical benefits children under age 26dental and vision benefits children under age 18 or students age 19 25 you need to provide documentation to add your dependents to your health plan marriage certificatecertificate of domestic partnershipbirth certificatelegal adoption or guardianship papersaffidavit for financially dependent childrenproof of full time enrollment in school continuing your benefits under cobra an employee and enrolled dependents may pay to continue medical dental or vision coverage for a limited period of time if city paid coverage ceases for reasons recognized under the law the cost for cobra coverage equals the same premium the city pays monthly plus a 2% administrative fee retirement all employees of the city of oakland have retirement benefits through the public employees retirement system calpers what happens to my calpers benefits if i leave the city you may be able to take your retirement benefits with you if you leave the city to work for another employer that also participates in calpers your retirement benefit will continue if your new employer does not participate in calpers the funds may be rolled over into a qualified individual retirement account ira current and former city employees interested in learning more about their retirement benefits may contact calpers directly at 888 225 7377 or visit the calpers website at www calpers ca gov they may also contact the city of oakland s retirement office at 510 238 6479 weekdays from 8 30am 5 00pm deferred compensation the deferred compensation plan is a voluntary retirement plan you can increase your retirement savings and reduce your tax burden by contributing to this 457 b plan you can contribute as little as $10 per pay period the maximum contribution allowed is defined by federal regulations for the calendar year you can choose from several investment options the city does not contribute to nor match employee contributions to this plan life insurance all full time employees including fire and police personnel have life insurance benefits in the event of an employee s death the beneficiary will receive an amount equal to the employee s current annual salary rounded up to the nearest $1 000 for example if the annual salary is $35 500 the life insurance benefit would be $36 000 if the death is the result of an accident the beneficiary may receive an additional benefit equal to the life insurance amount the city pays the full premium cost for coverage there is no employee contribution dependents are not eligible for this benefit disability most part time and full time employees excluding police and fire personnel who experience a non work related illness or injury can apply for state disability insurance sdi this insurance is provided through the state of california s employment development department employees who do not qualify for sdi are covered by a third party administrator for both short and long term disability benefits begin after a seven day period and are determined by several eligibility factors medical waivers upon proof of other medical coverage employees may choose to waive or cancel medical benefits for themselves and eligible dependents and receive cash instead flexible spending accounts the city of oakland offers three flexible spending programs medical care assistance program mcap dependent care assistance program dcap transit program you contribute to these programs to pay for qualifying expenses with pre tax dollars this reduces the amount of tax dollars you pay the irs regulates these programs please visit the third party administrator website for specific information about the plans at http www cbadministrators com the medical care assistance program mcap allows an employee to pay for medical dental and vision care expenses with pre tax dollars up to $2 500 each year estimate your annual out of pocket medical costs to decide how much to contribute the city will withhold contributions from your paycheck every two weeks the dependent care assistance program dcap allows an employee to pay for dependent care expenses with pre tax dollars up to $5000 per household only necessary dependent care that allows you or both you and your spouse together to work is eligible estimate your annual dependent care costs to decide how much to contribute the city will withhold contributions from your paycheck every two weeks after you pay for eligible expenses submit a claim to the third party administrator for reimbursement the transit program allows an employee to pay for mass transit and parking with pre tax dollars estimate your monthly transportation costs to decide how much to contribute you may have to pay an administrative fee for the program the third party administrator will mail you a monthly voucher or transit card you may use vouchers or transit cards at locations that accept tickets and passes for more information visit cba the third party administrator s website at http www cbadministrators com '),
 ('322', 'field', '4', 'en_us', ' find out what to do and who to contact when your car is booted or towed '),
 ('322', 'slug', '0', 'en_us', ' what to do with booted or towed cars '),
 ('322', 'title', '0', 'en_us', ' what to do with booted or towed cars '),
 ('332', 'slug', '0', 'en_us', ' costs of common parking violations '),
 ('332', 'title', '0', 'en_us', ' costs of common parking violations '),
 ('112', 'field', '4', 'en_us', ''),
 ('112', 'field', '3', 'en_us', ' renew your permit online '),
 ('112', 'field', '5', 'en_us', ' https pci etimspayments com pbw include oakland rppinput jsp '),
 ('112', 'field', '1', 'en_us', ' you can renew your permit online if you received a letter that says you are eligible for online renewal in person or by mail locationhours parking citation assistance center attn residential parking permits 250 frank h ogawa plaza suite 6300 oakland ca 94612 mondays tuesdays thursdays fridays from 9 a m to 4 30 p m wednesdays from 9 30 a m to 4 30 p m '),
 ('112', 'field', '32', 'en_us', ''),
 ('112', 'slug', '0', 'en_us', ' renew your residential parking permit '),
 ('112', 'title', '0', 'en_us', ' renew your residential parking permit '),
 ('122', 'field', '4', 'en_us', ' what to do if you receive a citation want to pay it and other info about illegally parked vehicles '),
 ('122', 'slug', '0', 'en_us', ' pay a ticket and other parking citation problems '),
 ('122', 'title', '0', 'en_us', ' pay or contest parking tickets '),
 ('132', 'field', '4', 'en_us', ''),
 ('132', 'field', '3', 'en_us', ' contest your parking ticket online '),
 ('132', 'field', '5', 'en_us', ' https wmq etimspayments com pbw include oakland dispute_request jsp '),
 ('132', 'field', '1', 'en_us', ' what you need to know please wait 48 hours from the time of issuance to ensure your citation is entered into the online system it may take handwritten tickets up to two weeks to be entered into the online system you must contest your ticket within 21 days of the date of issuance you ll need to upload up to three documents that provide evidence to support your written testimony ways to contest a ticket download and complete the contest form or write a letter of explanation for contesting your citation please include your name address telephone number current mailing address and parking ticket citation number keep a copy of your ticket for your records return your contest form or letter along with the original parking ticket and additional documents in person or by mail parking citation assistance center250 frank h ogawa plaza suite 6300oakland ca 94612 by fax 510 986 2699 contesting a parking ticket by email is not possible at this time what happens next the parking citation assistance center investigates your ticket you will be notified of the decision by mail if the ticket is upheld you will have 21 days to pay your ticket or request an administrative hearing if you contested a parking ticket and you are not satisfied with the decision you can request an administrative hearing '),
 ('132', 'slug', '0', 'en_us', ' contest a parking ticket '),
 ('132', 'title', '0', 'en_us', ' contest a parking ticket '),
 ('142', 'field', '4', 'en_us', ' finding jobs and employment services in oakland '),
 ('142', 'slug', '0', 'en_us', ' jobs '),
 ('142', 'title', '0', 'en_us', ' jobs '),
 ('152', 'field', '4', 'en_us', ''),
 ('152', 'field', '3', 'en_us', ' sign up for alerts '),
 ('152', 'field', '5', 'en_us', ' https wmq1 etimspayments com pbw include vpportal oakland login_page jsp '),
 ('152', 'field', '1', 'en_us', ' parking citation alerts provide notifications to help manage your parking needs and avoid unnecessary penalties when you create an account it will alert you so you receive notifications about when a new citation is issued to your vehicle before a penalty are applied after a mail in payment is applied about upcoming hearings before you become boot eligible upcoming resident parking permit renewal city of oakland parking announcements '),
 ('152', 'slug', '0', 'en_us', ' create your own parking citation alert '),
 ('152', 'title', '0', 'en_us', ' set up a parking citation alert '),
 ('162', 'field', '4', 'en_us', ' the process of applying for a job with the city requirements job listings and applications '),
 ('162', 'slug', '0', 'en_us', ' apply for jobs '),
 ('162', 'title', '0', 'en_us', ' apply for jobs '),
 ('332', 'field', '5', 'en_us', ''),
 ('332', 'field', '1', 'en_us', ' common violations parking fines depend on the type of parking violation below are some common violations including their legal reference and the fine common violationsfine oakland municipal code referencelegal definition your meter time ran out $58 10 36 050 expired meter your parking receipt was not visible in your vehicle $58 10 36 030b failure to display parking receipt you parked in a no parking zone $83 10 40 020a1 parking in a red zone you parked in an area reserved for buses $265 10 40 090e parking in a bus zone you double parked your vehicle $41 10 08 150 impeding a lane of traffic you didn t turn your wheels correctly to park on a hill $45 10 16 090 failure to cramp wheels on grade you parked in the wrong direction on a one way street $48 10 28 040 parking in the wrong direction on a one way street you parked in the wrong direction on a two way street $63 10 28 040b parking in the wrong direction on a two way street you parked in an area with permit parking without the correct permit $83 10 44 120a parking in a residential parking permit zone '),
 ('332', 'field', '3', 'en_us', ''),
 ('332', 'field', '4', 'en_us', ''),
 ('182', 'field', '4', 'en_us', ''),
 ('182', 'field', '3', 'en_us', ''),
 ('182', 'field', '5', 'en_us', ''),
 ('182', 'field', '1', 'en_us', ' if you contested a parking ticket and you are not satisfied with the decision you can request an administrative hearing what you need to know once you receive the decision from contesting your ticket you have 21 days to schedule a hearing you can request a hearing either in person or or by mail you must pay a deposit equal to the amount of the fine before scheduling a hearing request a hearing make your request in person or by mail to parking citation assistance center hearing dept 250 frank h ogawa plaza suite 6300 oakland ca 94612 pay the deposit if you cannot afford the deposit you can request a hearing deposit fee waiver by phone or by mail by mail click here to download the hearing deposit waiver form http www2 oaklandnet com oakca1 groups ceda documents marketingmaterial oak044809 pdf mail to the administrative hearing dept 250 frank h ogawa plaza suite 6300 oakland ca 94612 by phone call the parking citation assistance center at 800 500 6484 what happens next you will receive a notice by mail with the date and time of the hearing all hearings are held monday through friday between 9 a m and 4 p m the hearing will be held at eastmont mall police substation 2651 73rd avenue upper level oakland ca if you cannot attend your scheduled hearing you have two options rescheduling a hearing you have two options if you cannot attend the scheduled hearing reschedule the hearing call the hearing department at 510 238 4484 at least five calendar days before the scheduled hearing request a hearing by mail send a letter detailing your dispute and include all the required documentation '),
 ('182', 'slug', '0', 'en_us', ' request an administrative hearing '),
 ('182', 'title', '0', 'en_us', ' request an administrative hearing '),
 ('192', 'field', '4', 'en_us', ' salary information benefits and compensation for city employees '),
 ('192', 'slug', '0', 'en_us', ' pay benefits '),
 ('192', 'title', '0', 'en_us', ' benefits perks '),
 ('202', 'field', '4', 'en_us', ''),
 ('202', 'slug', '0', 'en_us', ' application process support '),
 ('202', 'title', '0', 'en_us', ' application process support '),
 ('212', 'field', '4', 'en_us', ''),
 ('212', 'field', '3', 'en_us', ' apply online for current job openings '),
 ('212', 'field', '5', 'en_us', ' see all current job openings '),
 ('212', 'field', '1', 'en_us', ' thank you for your interest in working for the city of oakland for current city of oakland or port of oakland employees click here to view openings for port of oakland jobs click here to see available openings how to get started first time applicants search for jobs that fit your skills and interests save your search by setting up a job alert in a job interest card this will send you emails when new jobs open that fit your search criteria click the apply link of a job you are interested in create an account select a username and password click the build job application link to start your application save your application as you complete sections the neogov system will save your information every 15 minutes you can save and use your application to apply for other job openings online applications are stored on a secure site only authorized employees and hiring authorities have access to the information submitted tips for completing your application review the supplemental questions if any are included you may want to complete supplemental questions outside of the neogov system other recommendations include gather information about your education and work experience provide specific information in your answers such as dates locations data and references write responses in a word processing program such as microsoft word copy and paste these responses into the neogov system complete and submit your application before the closing date for consideration '),
 ('212', 'slug', '0', 'en_us', ' apply online for current job openings '),
 ('212', 'title', '0', 'en_us', ' apply online for current job openings '),
 ('222', 'field', '4', 'en_us', ''),
 ('222', 'field', '3', 'en_us', ''),
 ('222', 'field', '5', 'en_us', ''),
 ('222', 'field', '1', 'en_us', ' do not attempt to drive your vehicle because severe damage may occur the parking boot program targets the most serious parking violators who have five 5 or more unpaid parking tickets what to know a sticker will be displayed on a window of your vehicle showing that your vehicle has been booted this sticker will include instructions in english chinese and spanish call the telephone number for the help center at 800 500 6484 anytime for more information phone assistance is available in multiple languages how to remove the boot from your vehicle pay the fines for the unpaid tickets you can make payments by phone or in person in most cases you can drive your vehicle in about five minutes payment plan options are available please call the help center at 800 500 6484 for more information by phone call the help center at 800 500 6484 pay the fines with a credit debit card or e check the operator will provide a six digit code this six digit code will allow removal of the boot without damage to your vehicle call the help center at 800 500 6484 if you need assistance with boot removal steps return the boot to the location provided by the help center in person go to the parking citation assistance center 250 frank h ogawa plaza 6th floor pay the fines in cash you will receive a six digit code this six digit code will allow removal of the boot without damage to your vehicle call the help center if you need assistance with boot removal steps return the boot to the location provided by the parking assistance center locationhours parking citation assistance center 250 frank h ogawa plaza suite 6300 oakland ca 94612 phone 800 500 6484 mondays tuesdays thursdays and fridays from 9 a m to 4 30 p m wednesdays from 9 30 a m to 4 30 p m '),
 ('222', 'slug', '0', 'en_us', ' what to do if your car is booted '),
 ('222', 'title', '0', 'en_us', ' what to do if your car is booted '),
 ('232', 'field', '4', 'en_us', ''),
 ('232', 'field', '3', 'en_us', ''),
 ('232', 'field', '5', 'en_us', ''),
 ('232', 'field', '1', 'en_us', ' if you believe your vehicle has been towed please call a b vehicle processing at 510 635 3211 or visit http www abimpound com towed html to confirm what to know a vehicle can be towed in oakland for any of the following reasons a boot is placed on the vehicle and payment for the boot fee and parking tickets have not been received a vehicle registration plate tag has been expired for more than six 6 months a vehicle has more than $2 500 in unpaid parking tickets a vehicle has five 5 or more unpaid tickets in the state of california how to get your vehicle released pay all of your unpaid parking tickets in oakland payment plans are not available for towed vehicles visit or call the parking citation assistance center to make payments pay fees for towing and storage directly to the tow company you may need to pay unpaid tickets from all other cities in california to have your vehicle released for more information locationhours parking citation assistance center 250 frank h ogawa plaza suite 6300 oakland ca 94612 phone 800 500 6484 mondays tuesdays thursdays and fridays from 9 a m to 4 30 p m wednesdays from 9 30 a m to 4 30 p m only the registered owner of the towed vehicle can contest one or more of the unpaid tickets please visit the parking citation assistance center at 250 frank h ogawa plaza suite 6300 or call the center at 510 238 4484 '),
 ('232', 'slug', '0', 'en_us', ' what to do if your car is towed '),
 ('232', 'title', '0', 'en_us', ' what to do if your car is towed '),
 ('252', 'field', '4', 'en_us', ' when where and how to legally park '),
 ('252', 'slug', '0', 'en_us', ' find parking '),
 ('252', 'title', '0', 'en_us', ' additional parking information '),
 ('262', 'field', '4', 'en_us', ''),
 ('262', 'field', '3', 'en_us', ''),
 ('262', 'field', '5', 'en_us', ''),
 ('262', 'field', '1', 'en_us', ' please look for posted signs and curb colors when you park faded curb colors are still enforced curb colormeaning redno stopping standing or parking at any time yellowfor loading and unloading of passengers and materials between 7 a m and 6 p m the loading or unloading of passengers should not exceed 3 minutes and the loading or unloading of materials from a vehicle with commercial plates should not exceed 30 minutes this parking restriction does not apply on sundays and parking holidays whitefor loading and unloading of passengers which should not exceed three minutes most white curb restrictions apply from 7 a m to 6 p m except parking on a white curb in front of a hotel or hospital is restricted at all times parking in front of a theater hall or other place of public assembly shall apply at all times except when the theater or hall is closed and then a vehicle may park in the white zone for no longer than one hour greenno standing or parking for longer than 12 minutes at any time between 8 a m and 6 p m excluding sundays and parking holidays bluefor parking by physically handicapped person whose vehicles display either a valid placard or license plate for the disabled please note faded curb colors are still enforced you can report a curb that needs repainting by reporting it to public works call center phone 510 615 5566 email opwcallcenter oaklandnet com online report a problem mobile app seeclickfix for additional assistance with parking limitations for each curb color please contact the parking citation assistance center at 800 500 6484 '),
 ('262', 'slug', '0', 'en_us', ' understanding curb colors '),
 ('262', 'title', '0', 'en_us', ' understanding curb colors '),
 ('272', 'field', '4', 'en_us', ''),
 ('272', 'field', '3', 'en_us', ''),
 ('272', 'field', '5', 'en_us', ''),
 ('272', 'field', '1', 'en_us', ' to find a city owned garage or lot check out the oakland parking map below please contact the parking operator if you have questions about a specific garage you can find contact information on the map below by clicking on the p linked to the garage a limited number of monthly parking permits are available at some metered outdoor lots if you have questions about these permits please call 510 238 6154 '),
 ('272', 'slug', '0', 'en_us', ' find a city owned parking garage '),
 ('272', 'title', '0', 'en_us', ' find a city owned parking garage '),
 ('282', 'field', '4', 'en_us', ''),
 ('282', 'field', '3', 'en_us', ''),
 ('282', 'field', '5', 'en_us', ''),
 ('282', 'field', '1', 'en_us', ' please look for posted signs and curb colors when you park meter hours in oakland ca are monday through saturday from 8 a m to 6 p m it costs $2 per hour to park at a parking meter parking is free on the following holidays new year s day january 1 martin luther king jr birthday third monday of january president s day third monday of february memorial day last monday of may independence day july 4 labor day first monday of september thanksgiving day fourth thursday of november christmas day december 25 if any of these holidays falls upon a sunday the following monday is a holiday '),
 ('282', 'slug', '0', 'en_us', ' parking hours and rates '),
 ('282', 'title', '0', 'en_us', ' parking hours and rates '),
 ('292', 'field', '4', 'en_us', ''),
 ('292', 'field', '3', 'en_us', ''),
 ('292', 'field', '5', 'en_us', ''),
 ('292', 'field', '1', 'en_us', ' please look for street sweeping signs and curb colors when you park the city cleans major roads and commercial areas at night residential areas are swept during the day you can see when street sweeping is scheduled for your block on official signage these signs list restricted times for parks please move your vehicle accordingly insert picture of a parking sign as an example insert map that city is working on that shows what time street sweeping is on each street '),
 ('292', 'slug', '0', 'en_us', ' street sweeping restrictions '),
 ('292', 'title', '0', 'en_us', ' street sweeping restrictions '),
 ('302', 'field', '4', 'en_us', ''),
 ('302', 'field', '3', 'en_us', ''),
 ('302', 'field', '5', 'en_us', '');
INSERT INTO `craft_searchindex` (`elementId`, `attribute`, `fieldId`, `locale`, `keywords`) VALUES
 ('302', 'field', '1', 'en_us', ' disabled person parking privileges people with disabilities and disabled veterans with a valid license plate or placard issued by the california dmv may park in the following areas in parking spaces with the international symbol of access wheelchair symbol next to a blue curb authorized for persons with disabilities parking next to a green curb green curbs indicate limited time parking for as long as you wish there is no time limit with a dp placard dp license plates or dv license plates in an on street metered parking space at no charge for as long as you wish there is no time limit with a dp placard dp license plates or dv license plates in an area that indicates it requires a resident or merchant permit for as long as you wish there is no time limit with a dp placard dp license plates or dv license plates disabled person parking limitations you may not park in spaces marked with a crosshatched pattern next to a parking space with the international symbol of access wheelchair symbol these spaces are for wheelchair and wheelchair lift access next to red curbs which indicate no stopping standing or parking next to yellow curbs which are for commercial vehicles to load and unload passengers or freight next to white curbs which are for loading and unloading passengers or depositing mail in an adjacent mailbox parking areasmeaning handicapped symbolyou can park in spaces with the international symbol of access bluethis parking is reserved for persons with disabilities greenyou can park here as long as you want with a valid placard or license plate for the disabled parking meter you can park here as long as you want with a valid placard or license plate for the disabled resident and merchant permit parking you can park here as long as you want with a valid placard or license plate for the disabled disabled person parking limitations people with disabilities and disabled veterans with a valid license plate or placard issued by the california dmv may not park in the following areas parking areasmeaning crosshatched or striped areas you can not park in spaces with a striped or crosshatched pattern red you can not stop idle or park your car yellowthese areas are reserved for commercial vehicles whitethese areas are reserved for picking up and dropping off passengers '),
 ('302', 'slug', '0', 'en_us', ' disabled person parking '),
 ('302', 'title', '0', 'en_us', ' disabled person parking '),
 ('312', 'field', '4', 'en_us', ''),
 ('312', 'field', '3', 'en_us', ' apply with the california dmv '),
 ('312', 'field', '5', 'en_us', ' http www dmv ca gov pubs%2fbrochures fast_facts ffvr07 htm '),
 ('312', 'field', '1', 'en_us', ' you may qualify for a disabled person placard or license plates if you have one or more of the conditions below inability to use one or more lower limbs or both hands diagnosed disease that impairs or interferes with mobility severe disability that leaves you unable to move without an assistive device documented problems with your eyesight such as lower vision or partial sightedness the city of oakland does not issue disabled person placards or license plates illegal use of disabled parking only the disabled driver issued the placard or plates can use the parking placard or plates a driver that does any of the actions below can receive tickets and fines lend your disabled person placard to someone else use someone else s disabled person placard have or display a fake disabled person placard or license plates report illegal use of disabled person placards and plates please call parking enforcement at 510 238 3099 '),
 ('312', 'slug', '0', 'en_us', ' apply for disabled persons parking placards and plates '),
 ('312', 'title', '0', 'en_us', ' apply for disabled persons parking placards and plates '),
 ('202', 'field', '3', 'en_us', ''),
 ('202', 'field', '5', 'en_us', ''),
 ('202', 'field', '1', 'en_us', ' working for the city of oakland comes with many benefits job securitydiverse workforcebenefits including health care coverage for you and your family the city manages hiring differently than private companies most hiring is guided by the civil service board click here to learn more about the civil service board the information below is provided to guide you through the hiring process and answer frequently asked questions these guidelines describe the average process for hiring through the civil service board you may want to bookmark this page for reference your individual experience may differ from this process if you have questions please contact_______________________ stages of the hiring process search for open positionsapply for a positionapplication reviewcivil service examinationplacement on eligibility listdepartment interviewreceipt of job offer read more below for details about each step in the process 1 search for open positions there are four ways that you can search for current job openings with the city of oakland search online at apply online for current job openings visit city of oakland offices to see posted job announcements visit one of our one stop career centers throughout the city of oakland visit the city of oakland human resources department at 150 frank h ogawa plaza 2nd floor suite 2352 from 8 30 am to 5 00 pm monday friday if you don t see a job you want yet you can set up an alert to learn when a future job is posted complete a job interest card to receive this alert for the next 12 months you will receive an email when a new position matches the category you choose 2 apply for a position to apply to a specific position you must submit your application online at apply online for current job openings by the closing date the human resources department will email you to confirm receiving the application if you do not have access to a computer or internet access you can use a computer at any location of the city of oakland public library you can also use a work station of the city of oakland department of human resources management at 150 frank h ogawa plaza 2nd floor oakland ca 94612 from 9 am to 5 pm need help applying call neogov at 877 204 4442 for technical questions for all other questions call 510 238 3112 tty 238 3254 veterans you may be entitled to preference points which can help you get hired to receive your points you must have an honorable discharge submit form dd214 with your application on or before the final filing date for the position if you are a disabled veteran submit proof of your disability from the veteran s service with your application people with criminal convictions you can still apply to a job with the city of oakland each application will be given individual consideration based on job relatedness all records of conviction s will be reviewed this review may result in a request for additional information or termination if needed 3 application review once your application is submitted it will be reviewed in two stages review of minimum qualifications the human resources department will check that your experiences fits the qualifications listed in the job posting if your application satisfies the criteria it will move to the next stage review of supplemental questions depending on the criteria of the job you applied to you may be required to complete supplemental questions you must complete these questions if the job announcement says that the questions are required if these required questions are not answered your application will not be considered if the questions are optional it is best to answer the questions as completely as possible these responses may help your application move to the next stage of the hiring process 4 civil service examination examinations may include any combination of the following activities application reviewsreview for minimum qualificationssupplemental questionnairemultiple choice true false written testproblem exercise writing sample testperformance testoral interview the components of each examination are written in the job announcement for that examination the purpose of the examination is to further assess your knowledge and ability as well as your education experience and other factors related to the job for which you applied exam preparation refer to test booklets on general test taking available at oakland public library and local bookstores the city does not offer exam preparation materials oral interview preparationreview the job description for the position to become familiar with the position duties be prepared to tell the interviewer about your education work experience and qualifications as it relates to the position you have applied for persons with disabilities please contact the human resources department if you need accommodations for the examination process you will need to complete a form to share relevant information and what accommodation is required please attach a doctor s note 5 placement on eligibility list the eligibility list is a list of four people eligible for an open position in the hiring department candidates are listed in order based on their performance on the examination to learn your score and rank on the eligibility list forward a self address stamped envelope to the human resource department with your request once you are on an eligibility list you can be sent on a maximum of four 4 job interviews with the hiring department you can choose to decline up to three 3 different interviews for a position after the third decline your name will be removed from the eligibility list if the hiring department does not select you your name will stay on the eligibility list for up to two years for consideration for future positions in the hiring department 6 department interview 7 receipt of job offer congratulations on your new role at the city of oakland frequently asked questions 12 how do i report a change of address applicants can update their contact information at any time after logging into their neogov account current employees should fill out a change of address form and submit it to the department of human resources management 150 frank h ogawa plaza suite 2352 oakland ca 94612 20 how do i obtain information about benefits for the job i am applying for contact the human resource department benefits unit at 510 238 7295 tty 238 3254 for medical dental insurance employee wellness and deferred compensation information '),
 ('532', 'kind', '0', 'en_us', ' image '),
 ('532', 'extension', '0', 'en_us', ' jpg '),
 ('522', 'title', '0', 'en_us', ' hero 1 '),
 ('13', 'field', '62', 'en_us', ' she is an american public works association leadership fellow with more than 30 years of public and private sector experience including the past 22 years with the city of oakland she has been assistant director of public works for the past nine and half years overseeing a $60 million dollar annual budget in that role she managed the operation and maintenance of parks city facilities street cleaning garbage and recycling collection environmental cleanup tree services and sustainability for ten years prior to that she was oakland s first environmental services manager she also played a key role in planning and public works issues as a policy advisor to mayor elihu m harris from 1991 to 1994 and had a lead role in the aftermath of the oakland hills firestorm she is an artist enjoys yoga and is the proud mother of two sons brooke has a bachelor s degree from the university of new mexico '),
 ('13', 'field', '52', 'en_us', ' brooke levin '),
 ('362', 'slug', '0', 'en_us', ' job application process '),
 ('362', 'title', '0', 'en_us', ' job application process '),
 ('372', 'field', '4', 'en_us', ''),
 ('372', 'field', '3', 'en_us', ''),
 ('372', 'field', '5', 'en_us', ''),
 ('372', 'field', '1', 'en_us', ' responsibilities enforces the city s personnel system and civil service rules approve exemption of positions from competitive service approves classification specifications performs other duties described in specific city laws and the personnel manual of the civil service board hears appeals on merit system issues membership the mayor appoints the seven members of the civil service board a majority of city council must confirm each member each member can serve for a three year term a member can serve up to two consecutive terms other staff include the personnel director and an attorney from the office of the city attorney activities the civil service board meets every third thursday at 5 30 p m at one frank h ogawa plaza hearing room 1 all meetings are open unless a special closed session is scheduled the general public can comment on any agenda item and speak in an open forum more resources section 901 of the charter of the city of oakland about the civil service board article ix of the charter personnel administration city of oakland personnel system ordinance no 13120 cms ordinance no 11777 cms personnel manual of the civil service board brown act and the city s sunshine ordinance closed sessions '),
 ('372', 'slug', '0', 'en_us', ' civil service board '),
 ('372', 'title', '0', 'en_us', ' civil service board '),
 ('382', 'field', '4', 'en_us', ''),
 ('382', 'field', '3', 'en_us', ''),
 ('382', 'field', '5', 'en_us', ''),
 ('382', 'field', '1', 'en_us', ' the employee assistance program eap provides city of oakland employees and their families with free resources these benefits help address personal and work related problems city employees and their families may use these services confidentially examples of eap services in person counseling substance abuse treatment free legal advice and referrals financial services services for your family claremont eap manages the eap for the city of oakland request services by contacting their counselors how to request eap services phoneonline claremont eap 800 834 3773 enroll online http claremonteap personaladvantage com gateway jsp singlesignin refid=10349826 '),
 ('382', 'slug', '0', 'en_us', ' employee assistance program eap '),
 ('382', 'title', '0', 'en_us', ' employee assistance program eap '),
 ('392', 'field', '4', 'en_us', ''),
 ('392', 'field', '3', 'en_us', ''),
 ('392', 'field', '5', 'en_us', ''),
 ('392', 'field', '1', 'en_us', ' what to know if you are a permanent classified employee you can appeal the following disciplinary actions suspension fine demotion discharge the personnel director receives all notices of appeal submit your notice of appeal within 10 working days of the final notice of discipline your union has defined rules to file an appeal and request a hearing in a memorandum of understanding click here to find your union s memorandum of understanding mous http www2 oaklandnet com government o cityadministration d employeerelations mousandcivilservicerules index htm if you are a probationary classified employee you can appeal losing your job under certain conditions if you were not evaluated according to the rules of the personnel manual if you were not released according to the rules of the personnel manual the personnel director receives all notices of appeal submit your notice of appeal within 5 working days of notice of losing your job your union has defined rules to file an appeal and request a hearing in a memorandum of understanding click here to find your union s memorandum of understanding mous http www2 oaklandnet com government o cityadministration d employeerelations mousandcivilservicerules index htm what happens next you will receive a response to your notice of appeal within 7 days timely appeals must be submitted to the civil service board the board will decide who will hear the appeal either the board or an independent hearing officer will hear the appeal hearings are usually closed to the public unless you request a public hearing the board has the power to make a final decision contact the civil service board in personphoneemail hours monday through friday from 8 30 a m to 5 00 p m general information 510 238 6467 appeals 510 238 6467 civilservice oaklandnet com mailto civilservice oaklandnet com more resources ordinances 8979 11777 the personnel manual civil service board and the personnel rules and procedures of the port of oakland appellate duties of the civil service board rule 10 of the personnel manual permanent classified employee rights for appeal to the civil service board rule 6 of the personnel manual probationary classified employee rights for appeal to the civil service board protocol for hearing packet submission http www2 oaklandnet com oakca1 groups hrm documents form oak052475 pdf hearing request form http www2 oaklandnet com oakca1 groups hrm documents form oak052473 pdf rule 6 probationary period procedure in appeals pdf http www oaklandnet com civil%20service rule6 pdf '),
 ('392', 'slug', '0', 'en_us', ' requesting a civil service board hearing or appeal '),
 ('392', 'title', '0', 'en_us', ' requesting a civil service board hearing or appeal '),
 ('402', 'field', '4', 'en_us', ' pay ranges labor laws regulations equal access and assistance programs '),
 ('402', 'slug', '0', 'en_us', ' employment regulations and support '),
 ('402', 'title', '0', 'en_us', ' additional employment information '),
 ('412', 'field', '4', 'en_us', ''),
 ('412', 'field', '3', 'en_us', ' download the salary information sheet pdf '),
 ('412', 'field', '5', 'en_us', ' http www2 oaklandnet com w oak032236 '),
 ('412', 'field', '1', 'en_us', ' city employees receive a range of pay based on their position and band a full list of salary information is available to download '),
 ('412', 'slug', '0', 'en_us', ' city employee pay ranges '),
 ('412', 'title', '0', 'en_us', ' city employee pay ranges '),
 ('422', 'name', '0', 'en_us', ' health '),
 ('422', 'slug', '0', 'en_us', ''),
 ('422', 'title', '0', 'en_us', ' health '),
 ('432', 'name', '0', 'en_us', ' economic d '),
 ('432', 'slug', '0', 'en_us', ''),
 ('432', 'title', '0', 'en_us', ' economic d '),
 ('442', 'username', '0', 'en_us', ' colleen '),
 ('442', 'firstname', '0', 'en_us', ' colleen '),
 ('442', 'lastname', '0', 'en_us', ' cotter '),
 ('442', 'fullname', '0', 'en_us', ' colleen cotter '),
 ('442', 'email', '0', 'en_us', ' colleen codeforamerica org '),
 ('442', 'slug', '0', 'en_us', ''),
 ('452', 'field', '4', 'en_us', ' learn more about el nino weather patterns preparation and services in oakland '),
 ('452', 'slug', '0', 'en_us', ' el nino 101 '),
 ('452', 'title', '0', 'en_us', ' emergency services '),
 ('462', 'field', '4', 'en_us', ' learn more about city services to help you prepare '),
 ('482', 'field', '4', 'en_us', ' read reports policies and other information '),
 ('462', 'slug', '0', 'en_us', ' be prepared get ready '),
 ('462', 'title', '0', 'en_us', ' prepare for winter weather in oakland '),
 ('472', 'field', '4', 'en_us', ' sign up to receive emergency updates about storm related impacts throughout oakland '),
 ('472', 'slug', '0', 'en_us', ' sign up for emergency alerts '),
 ('472', 'title', '0', 'en_us', ' sign up for emergency alerts '),
 ('482', 'slug', '0', 'en_us', ' resource library '),
 ('482', 'title', '0', 'en_us', ' resource library '),
 ('492', 'field', '4', 'en_us', ' report flooding landslides blocked roadways overflowing storm drains sewers and other debris to the city of oakland '),
 ('492', 'field', '3', 'en_us', ' report a problem '),
 ('492', 'field', '5', 'en_us', ' http en seeclickfix com oakland '),
 ('492', 'field', '1', 'en_us', ' downed power line smell gas leave the area immediately call 9 1 1 or pg e at 800 743 5000 power outage report and see maps of outages online by pg e visit http m pge com outages issues with water e g no water service broken hydrants broken water main pipes call east bay municipal utility district at 866 403 2683 still need help email opwcallcenter oaklandnet com '),
 ('562', 'filename', '0', 'en_us', ' cxaz6t6wcaqtraq jpg '),
 ('492', 'slug', '0', 'en_us', ' report a problem '),
 ('492', 'title', '0', 'en_us', ' report an urgent problem '),
 ('502', 'slug', '0', 'en_us', ''),
 ('502', 'field', '102', 'en_us', ' info '),
 ('502', 'field', '112', 'en_us', ' important '),
 ('502', 'field', '122', 'en_us', ' el nino prepare for winter weather in oakland '),
 ('502', 'field', '132', 'en_us', ' https beta oaklandca gov services el nino 101 '),
 ('502', 'field', '142', 'en_us', ' show '),
 ('512', 'username', '0', 'en_us', ' mai ling '),
 ('512', 'firstname', '0', 'en_us', ' mai ling '),
 ('512', 'lastname', '0', 'en_us', ' garcia '),
 ('512', 'fullname', '0', 'en_us', ' mai ling garcia '),
 ('512', 'email', '0', 'en_us', ' mgarcia oaklandnet com '),
 ('512', 'slug', '0', 'en_us', ''),
 ('542', 'extension', '0', 'en_us', ' jpg '),
 ('542', 'kind', '0', 'en_us', ' image '),
 ('542', 'slug', '0', 'en_us', ''),
 ('542', 'title', '0', 'en_us', ' brooke levin '),
 ('552', 'username', '0', 'en_us', ' davidleonard '),
 ('552', 'firstname', '0', 'en_us', ' david '),
 ('552', 'lastname', '0', 'en_us', ' leonard '),
 ('552', 'fullname', '0', 'en_us', ' david leonard '),
 ('552', 'email', '0', 'en_us', ' dleonard codeforamerica org '),
 ('552', 'slug', '0', 'en_us', ''),
 ('16', 'field', '172', 'en_us', ' lionel j wilson building 150 frank ogawa plaza 2nd floor oakland ca 94612 ');
INSERT INTO `craft_searchindex` (`elementId`, `attribute`, `fieldId`, `locale`, `keywords`) VALUES
 ('472', 'field', '3', 'en_us', ' sign up for alerts '),
 ('472', 'field', '5', 'en_us', ' https public govdelivery com accounts caoakl subscriber new topic_id=caoakl_2 '),
 ('472', 'field', '92', 'en_us', ''),
 ('472', 'field', '1', 'en_us', ' stay informed sign up for emergency alerts to stay informed about storm related impacts throughout oakland including significant flooding closure of major roadways and threats to public health or safety '),
 ('492', 'field', '92', 'en_us', ' 510 615 5566 '),
 ('562', 'extension', '0', 'en_us', ' jpg '),
 ('562', 'kind', '0', 'en_us', ' image '),
 ('562', 'slug', '0', 'en_us', ''),
 ('562', 'title', '0', 'en_us', ' cxaz6 t6 wc aqt ra q '),
 ('572', 'name', '0', 'en_us', ' winter '),
 ('572', 'slug', '0', 'en_us', ''),
 ('572', 'title', '0', 'en_us', ' winter '),
 ('582', 'name', '0', 'en_us', ' el nino '),
 ('582', 'slug', '0', 'en_us', ''),
 ('582', 'title', '0', 'en_us', ' el nino '),
 ('592', 'name', '0', 'en_us', ' la nin '),
 ('592', 'slug', '0', 'en_us', ''),
 ('592', 'title', '0', 'en_us', ' la nin '),
 ('602', 'name', '0', 'en_us', ' ra '),
 ('602', 'slug', '0', 'en_us', ''),
 ('602', 'title', '0', 'en_us', ' ra '),
 ('612', 'name', '0', 'en_us', ' rain '),
 ('612', 'slug', '0', 'en_us', ''),
 ('612', 'title', '0', 'en_us', ' rain '),
 ('622', 'name', '0', 'en_us', ' weather '),
 ('622', 'slug', '0', 'en_us', ''),
 ('622', 'title', '0', 'en_us', ' weather '),
 ('632', 'field', '8', 'en_us', ' 2016 01 12 '),
 ('632', 'field', '14', 'en_us', ' public works '),
 ('632', 'field', '72', 'en_us', ''),
 ('632', 'field', '1', 'en_us', ' oakland ca the city of oakland encourages residents and businesses to prepare for el nino and strong winter storms three how to videos produced by the city provide quick usable information about some specific important steps to prepare for storms building and using sandbags to protect against storm runoff and floodingusing plastic sheeting as an additional barriersigning up for the city s adopt a drain program to help prevent stormdrain blockages and floodingwatch and download videos on youtube we are asking the media to share and post these three public service announcements as part of your coverage of the winter weather el nino is expected to bring winter storms significantly larger than normal as well as the potential for flooding and other storm damage oaklanders need to work together to prepare and keep our city safe it is vitally important that residents and businesses take steps to prepare for winter storms and these videos show some effective steps download the pdf press release media contacts sean maherpublic works el ninospokesperson 510 238 7968smaher oaklandnet com kristine shaffpublic information officer 510 238 2966kshaff oaklandnet com '),
 ('632', 'field', '2', 'en_us', ' winter el nino rain weather '),
 ('632', 'field', '9', 'en_us', ' oakland encourages residents and businesses to prepare for el nino storm safety with how to videos '),
 ('632', 'slug', '0', 'en_us', ' oakland encourages residents and businesses to prepare for el nino storm safety with how to videos '),
 ('632', 'title', '0', 'en_us', ' oakland encourages residents and businesses to prepare for el nino storm safety with how to videos '),
 ('642', 'field', '4', 'en_us', ' winter ready workshops help oaklanders prepare for el nino '),
 ('642', 'field', '3', 'en_us', ' sign up for a workshop '),
 ('642', 'field', '5', 'en_us', ' https solar oaklandnet com core '),
 ('642', 'field', '92', 'en_us', ''),
 ('642', 'field', '1', 'en_us', ' winter workshops highlight the preparation needed to keep your family pets and property safe participants will learn important information and the steps to take to prepare for severe weather situations including heavy rains flooding high winds and power outages saturday january 16 2016 10 a m to noon81st avenue library 1021 81st ave workshop will be presented in english and spanish download the workshop flyer wednesday january 27 2016 6 to 8 p m chabot space science center 10000 skyline blvd workshop will be presented in english download the workshop flyer for a schedule of upcoming core workshops download the schedule still have questions call us at 510 238 6351 email us at core oaklandnet com '),
 ('642', 'slug', '0', 'en_us', ' weather ready workshops from core oakland fire department '),
 ('642', 'title', '0', 'en_us', ' register for weather ready workshops '),
 ('652', 'field', '4', 'en_us', ' an overview of storm related service requests reported problems '),
 ('652', 'field', '3', 'en_us', ''),
 ('652', 'field', '5', 'en_us', ''),
 ('652', 'field', '92', 'en_us', ''),
 ('652', 'field', '1', 'en_us', ' the city of oakland responds to thousands of requests to repair city infrastructure every year winter storms can often increase reports of drainage and sewer issues that impact community members additionally the city continues to respond to issues on city buildings and offer support to the oakland community these issues and concerns are documented in city storm reports that are created at the end of a storm period you can download pdf copies of storm reports for the following dates monday january 11 2016monday december 28 2016monday december 21 2016 '),
 ('652', 'slug', '0', 'en_us', ' read the latest oakland storm reports '),
 ('652', 'title', '0', 'en_us', ' read the latest oakland storm reports '),
 ('662', 'field', '4', 'en_us', ' learn more about city wide el nino preparation '),
 ('662', 'field', '3', 'en_us', ''),
 ('662', 'field', '5', 'en_us', ''),
 ('662', 'field', '92', 'en_us', ''),
 ('662', 'field', '1', 'en_us', ' oakland press releases presentations january 7 2016 oakland offers el nino preparedness workshopsjanuary 5 2016 presentation to oakland city council on public works el nino preparationdecember 22 2015 three el nino safety how to videos december 9 2015 urging residents businesses to prepare for winter storms '),
 ('662', 'slug', '0', 'en_us', ' el nino press releases '),
 ('662', 'title', '0', 'en_us', ' read el nino press releases '),
 ('672', 'field', '4', 'en_us', ' prepare in advance keep your family pets and property safe '),
 ('672', 'field', '3', 'en_us', ''),
 ('672', 'field', '5', 'en_us', ''),
 ('672', 'field', '92', 'en_us', ''),
 ('672', 'field', '1', 'en_us', ' use this guide to prepare for severe weather situationsincluding heavy rains flooding high winds and power outages follow these basic guidelines to prepare respond and recover fromstrong winter storms for your family be prepared for flooding power outages and road closureswatch this fema video family communications plan and emergency kit make contingency plans for shelter should your home flood or become inaccessiblediscuss evacuation plans with your family nowknow emergency procedures and evacuation plans at your children s schoolskeep 3 7 days of water food medicine and other supplies on hand for all family members and petsclick on www ready gov for family plans emergency kit lists and so much more for you and yours keep your pets safe and warm also by preparing ahead of time with these tips for your home get flood insurance now it can take 30 days for policies to take effectwatch this video about flood insurance by bay area peoplewatch this video how to create sandbagsfema s floodsmart tool kithow to fight flooding by california dept of water resourcesknow your flood risk search your address at www floodsmart govcheck your roof rain gutters and chimney for holes and clear debrisinspect and clean drains around your home and its foundationmake sure windows are watertightif you rent discuss any issues with the property managerplace sandbags in flood prone areasensure outdoor lights are workingcheck your fences your gates and your driveway for sturdiness and clear debrisclear your yard of debrissecure patio furniture garbage cans and other items that might move if floodedreview your insurance and consider flood insurance united policy holders insurance has a helpful website at www uphelp org download a copy of our storm ready brochure '),
 ('672', 'slug', '0', 'en_us', ' preparation tips tricks for winter storms '),
 ('672', 'title', '0', 'en_us', ' preparation tips tricks for winter storms '),
 ('682', 'field', '4', 'en_us', ' volunteer to adopt a storm drain in your neighborhood '),
 ('682', 'field', '3', 'en_us', ' adopt a drain '),
 ('682', 'field', '5', 'en_us', ' www adoptadrainoakland com '),
 ('682', 'field', '92', 'en_us', ''),
 ('682', 'field', '1', 'en_us', ' the city adopt a drain program seeks volunteers to help keep storm drains clear of debris by keeping storm drain inlets clear you can help prevent flooding during storms want to learn more watch this bay area people video about the adopt a drain program still have questions call 510 238 7630 '),
 ('682', 'slug', '0', 'en_us', ' adopt a city storm drain '),
 ('682', 'title', '0', 'en_us', ' adopt a city storm drain '),
 ('692', 'field', '4', 'en_us', ' the city of oakland offers sandbags plastic sheeting to residents and businesses '),
 ('692', 'field', '3', 'en_us', ''),
 ('692', 'field', '5', 'en_us', ''),
 ('692', 'field', '92', 'en_us', ''),
 ('692', 'field', '1', 'en_us', ' the city of oakland will provide emergency sandbags and plastic sheeting when heavy rains are forecast each oakland resident and business owner may pickup sandbags up to 10 and plastic sheeting up to 20 feet at the following locations as long as supplies last bring your id to prove residency be prepared to fill your own if needed municipal service center 7101 edgewater drivemonday friday 8 a m 4 p m saturday sunday 8 a m 4 30 p m after hours at entry gate 4 30 p m 8 a m drainage services facility 5921 shepherd canyonmonday friday 8 a m 4 p m after hours at entry gate 4 30 p m 8 a m need more bags you can pick up bags at your local hardware garden or home improvement stores want to learn how to make a sandbag watch this video want to learn how to use plastic sheeting watch this video '),
 ('692', 'slug', '0', 'en_us', ' pick up sandbags plastic sheeting for your neighborhood '),
 ('692', 'title', '0', 'en_us', ' pick up sandbags plastic sheeting for your neighborhood '),
 ('702', 'field', '4', 'en_us', ' a collection of articles videos other resources '),
 ('702', 'field', '3', 'en_us', ''),
 ('702', 'field', '5', 'en_us', ''),
 ('702', 'field', '92', 'en_us', ''),
 ('702', 'field', '1', 'en_us', ' listen to this kqed broadcast preparing for el nino will drainage systems handle the deluge of rain bay area people video about the adopt a drain program or click here to volunteer tribune newspaper december 9 2015 click here to read or download the pdf kron 4 december 22 2015 click on what you can do to prepare 5 things you should do now to preparefema video severe weatherfema video when the sky turns gray animated winter weather preparedness by bay area peoplewatch this pg e video about how outages occur in stormy weathercoastal commission s el nino resource website http www coastal ca gov climate extreme weather el nino includes preparedness checklists for cities property owners shoreline properties etc alameda county also has an excellent website for those wanting to learn more http www acgov org pwa info elnino htmclick on this link for web article from noaa about ca tides and flooding '),
 ('702', 'slug', '0', 'en_us', ' news articles other resources '),
 ('702', 'title', '0', 'en_us', ' news articles other resources '),
 ('712', 'username', '0', 'en_us', ' nneditch '),
 ('712', 'firstname', '0', 'en_us', ' nicole '),
 ('712', 'lastname', '0', 'en_us', ' neditch '),
 ('712', 'fullname', '0', 'en_us', ' nicole neditch '),
 ('712', 'email', '0', 'en_us', ' nicole codeforamerica org '),
 ('712', 'slug', '0', 'en_us', ''),
 ('722', 'slug', '0', 'en_us', ' digital playbook '),
 ('722', 'title', '0', 'en_us', ' digital playbook '),
 ('732', 'field', '4', 'en_us', ' what you need to know to start or grow your business '),
 ('732', 'slug', '0', 'en_us', ' businesses '),
 ('732', 'title', '0', 'en_us', ' business '),
 ('742', 'field', '4', 'en_us', ' resources to help get you started '),
 ('742', 'slug', '0', 'en_us', ' start your business '),
 ('742', 'title', '0', 'en_us', ' start your business '),
 ('16', 'field', '152', 'en_us', ''),
 ('16', 'field', '162', 'en_us', ' main line 510 238 3112 job hotline 24 hr access 510 238 3111 public safety job hotline 510 238 6465 certification hotline 510 238 3528 ');
INSERT INTO `craft_searchindex` (`elementId`, `attribute`, `fieldId`, `locale`, `keywords`) VALUES
 ('16', 'field', '182', 'en_us', ' monday through friday 8 30am to 5 00pm '),
 ('13', 'field', '172', 'en_us', ' 250 frank h ogawa plaza suite 4314oakland ca 94612 '),
 ('13', 'field', '152', 'en_us', ' opwcallcenter oaklandnet com '),
 ('13', 'field', '162', 'en_us', ' main phone 510 615 5566tty 510 238 3254oakland recycles 510 238 savevolunteer oppurtunites 510 238 7611 '),
 ('13', 'field', '182', 'en_us', ' monday through friday8 00am to 5 00pm '),
 ('762', 'extension', '0', 'en_us', ' jpg '),
 ('762', 'kind', '0', 'en_us', ' image '),
 ('762', 'slug', '0', 'en_us', ''),
 ('762', 'title', '0', 'en_us', ' action shot '),
 ('772', 'filename', '0', 'en_us', ' employeerecognition jpg '),
 ('772', 'extension', '0', 'en_us', ' jpg '),
 ('772', 'kind', '0', 'en_us', ' image '),
 ('772', 'slug', '0', 'en_us', ''),
 ('772', 'title', '0', 'en_us', ' employee recognition '),
 ('782', 'filename', '0', 'en_us', ' oakland_grasscutting jpg '),
 ('782', 'extension', '0', 'en_us', ' jpg '),
 ('782', 'kind', '0', 'en_us', ' image '),
 ('782', 'slug', '0', 'en_us', ''),
 ('782', 'title', '0', 'en_us', ' oakland grass cutting '),
 ('142', 'field', '192', 'en_us', ' action shot '),
 ('142', 'field', '202', 'en_us', ' employee recognition '),
 ('142', 'field', '212', 'en_us', ' oakland grass cutting '),
 ('142', 'field', '222', 'en_us', ' it s a great place to work because of the quality of people who work here and because of the residents you gotta love the variety and personality glassdoor reviewer '),
 ('142', 'field', '232', 'en_us', ' if you live in oakland it s great to be a public servant in your own town glassdoor reviewer '),
 ('142', 'field', '242', 'en_us', ' there is potential to do great things in this city and most of the employees want to do just that glassdoor reviewer ');



DROP TABLE IF EXISTS `craft_sections`;


--
-- Schema for table `craft_sections`
--
CREATE TABLE `craft_sections` (
  `id` int(11) NOT NULL AUTO_INCREMENT,
  `structureId` int(11) DEFAULT NULL,
  `name` varchar(255) COLLATE utf8_unicode_ci NOT NULL,
  `handle` varchar(255) COLLATE utf8_unicode_ci NOT NULL,
  `type` enum('single','channel','structure') COLLATE utf8_unicode_ci NOT NULL DEFAULT 'channel',
  `hasUrls` tinyint(1) unsigned NOT NULL DEFAULT '1',
  `template` varchar(500) COLLATE utf8_unicode_ci DEFAULT NULL,
  `enableVersioning` tinyint(1) unsigned NOT NULL DEFAULT '0',
  `dateCreated` datetime NOT NULL,
  `dateUpdated` datetime NOT NULL,
  `uid` char(36) COLLATE utf8_unicode_ci NOT NULL DEFAULT '0',
  PRIMARY KEY (`id`),
  UNIQUE KEY `craft_sections_name_unq_idx` (`name`),
  UNIQUE KEY `craft_sections_handle_unq_idx` (`handle`),
  KEY `craft_sections_structureId_fk` (`structureId`)
) ENGINE=InnoDB AUTO_INCREMENT=32 DEFAULT CHARSET=utf8 COLLATE=utf8_unicode_ci;

--
-- Data for table `craft_sections`
--

INSERT INTO `craft_sections` (`id`, `structureId`, `name`, `handle`, `type`, `hasUrls`, `template`, `enableVersioning`, `dateCreated`, `dateUpdated`, `uid`) VALUES
 ('1', NULL, 'Homepage', 'homepage', 'single', '1', 'index', '1', '2015-12-04 00:22:46', '2015-12-04 00:22:46', '089857dc-c6a7-46ce-866b-66902e26ee03'),
 ('2', NULL, 'News', 'news', 'channel', '1', 'news/_entry', '1', '2015-12-04 00:22:47', '2015-12-04 00:22:47', 'f0cd970c-9b43-4bb5-83fb-2360848fb136'),
 ('3', '1', 'Services', 'services', 'structure', '1', 'services/_entry', '1', '2015-12-04 20:04:38', '2016-01-07 00:52:19', '68fd9a02-2aaf-4b7d-a25f-ff09152fa602'),
 ('4', '2', 'Departments', 'departments', 'structure', '1', 'departments/_entry', '1', '2015-12-10 19:40:23', '2015-12-10 19:40:37', '377ff9d0-db97-4c03-8283-0a57923befff'),
 ('22', '12', 'Digital Playbook', 'digitalPlaybook', 'structure', '1', 'digital-playbook', '1', '2016-01-19 21:20:16', '2016-01-19 21:26:32', '0e57dd8f-2df7-4dd5-be44-974cefcf29df');



DROP TABLE IF EXISTS `craft_sections_i18n`;


--
-- Schema for table `craft_sections_i18n`
--
CREATE TABLE `craft_sections_i18n` (
  `id` int(11) NOT NULL AUTO_INCREMENT,
  `sectionId` int(11) NOT NULL,
  `locale` char(12) COLLATE utf8_unicode_ci NOT NULL,
  `enabledByDefault` tinyint(1) unsigned NOT NULL DEFAULT '1',
  `urlFormat` text COLLATE utf8_unicode_ci,
  `nestedUrlFormat` text COLLATE utf8_unicode_ci,
  `dateCreated` datetime NOT NULL,
  `dateUpdated` datetime NOT NULL,
  `uid` char(36) COLLATE utf8_unicode_ci NOT NULL DEFAULT '0',
  PRIMARY KEY (`id`),
  UNIQUE KEY `craft_sections_i18n_sectionId_locale_unq_idx` (`sectionId`,`locale`),
  KEY `craft_sections_i18n_locale_fk` (`locale`)
) ENGINE=InnoDB AUTO_INCREMENT=32 DEFAULT CHARSET=utf8 COLLATE=utf8_unicode_ci;

--
-- Data for table `craft_sections_i18n`
--

INSERT INTO `craft_sections_i18n` (`id`, `sectionId`, `locale`, `enabledByDefault`, `urlFormat`, `nestedUrlFormat`, `dateCreated`, `dateUpdated`, `uid`) VALUES
 ('1', '1', 'en_us', '1', '__home__', NULL, '2015-12-04 00:22:46', '2015-12-04 00:22:46', '53157bc8-f180-42a0-ad86-2258b3487042'),
 ('2', '2', 'en_us', '1', 'news/{postDate.year}/{slug}', NULL, '2015-12-04 00:22:47', '2015-12-04 00:22:47', '40ff9e65-6e80-4135-a635-53dccb6996e7'),
 ('3', '3', 'en_us', '0', 'services/{slug}', '{parent.uri}/{slug}', '2015-12-04 20:04:38', '2015-12-04 20:04:38', 'e9d75e45-4f38-4a4d-854e-05ee71d2ff38'),
 ('4', '4', 'en_us', '0', 'departments/{slug}', NULL, '2015-12-10 19:40:23', '2015-12-10 19:40:37', 'ea874a4d-044e-4005-835f-eca7398a1eb5'),
 ('22', '22', 'en_us', '0', 'digital-playbook', '{parent.uri}/{slug}', '2016-01-19 21:20:16', '2016-01-19 21:26:32', 'cd1213d2-eba6-45e7-becb-6e05f5836ab3');



DROP TABLE IF EXISTS `craft_sessions`;


--
-- Schema for table `craft_sessions`
--
CREATE TABLE `craft_sessions` (
  `id` int(11) NOT NULL AUTO_INCREMENT,
  `userId` int(11) NOT NULL,
  `token` char(100) COLLATE utf8_unicode_ci NOT NULL,
  `dateCreated` datetime NOT NULL,
  `dateUpdated` datetime NOT NULL,
  `uid` char(36) COLLATE utf8_unicode_ci NOT NULL DEFAULT '0',
  PRIMARY KEY (`id`),
  KEY `craft_sessions_uid_idx` (`uid`),
  KEY `craft_sessions_token_idx` (`token`),
  KEY `craft_sessions_dateUpdated_idx` (`dateUpdated`),
  KEY `craft_sessions_userId_fk` (`userId`)
) ENGINE=InnoDB AUTO_INCREMENT=772 DEFAULT CHARSET=utf8 COLLATE=utf8_unicode_ci;

DROP TABLE IF EXISTS `craft_shunnedmessages`;


--
-- Schema for table `craft_shunnedmessages`
--
CREATE TABLE `craft_shunnedmessages` (
  `id` int(11) NOT NULL AUTO_INCREMENT,
  `userId` int(11) NOT NULL,
  `message` varchar(255) COLLATE utf8_unicode_ci NOT NULL,
  `expiryDate` datetime DEFAULT NULL,
  `dateCreated` datetime NOT NULL,
  `dateUpdated` datetime NOT NULL,
  `uid` char(36) COLLATE utf8_unicode_ci NOT NULL DEFAULT '0',
  PRIMARY KEY (`id`),
  UNIQUE KEY `craft_shunnedmessages_userId_message_unq_idx` (`userId`,`message`)
) ENGINE=InnoDB DEFAULT CHARSET=utf8 COLLATE=utf8_unicode_ci;

DROP TABLE IF EXISTS `craft_structureelements`;


--
-- Schema for table `craft_structureelements`
--
CREATE TABLE `craft_structureelements` (
  `id` int(11) NOT NULL AUTO_INCREMENT,
  `structureId` int(11) NOT NULL,
  `elementId` int(11) DEFAULT NULL,
  `root` int(11) unsigned DEFAULT NULL,
  `lft` int(11) unsigned NOT NULL,
  `rgt` int(11) unsigned NOT NULL,
  `level` smallint(6) unsigned NOT NULL,
  `dateCreated` datetime NOT NULL,
  `dateUpdated` datetime NOT NULL,
  `uid` char(36) COLLATE utf8_unicode_ci NOT NULL DEFAULT '0',
  PRIMARY KEY (`id`),
  UNIQUE KEY `craft_structureelements_structureId_elementId_unq_idx` (`structureId`,`elementId`),
  KEY `craft_structureelements_root_idx` (`root`),
  KEY `craft_structureelements_lft_idx` (`lft`),
  KEY `craft_structureelements_rgt_idx` (`rgt`),
  KEY `craft_structureelements_level_idx` (`level`),
  KEY `craft_structureelements_elementId_fk` (`elementId`)
) ENGINE=InnoDB AUTO_INCREMENT=532 DEFAULT CHARSET=utf8 COLLATE=utf8_unicode_ci;

--
-- Data for table `craft_structureelements`
--

INSERT INTO `craft_structureelements` (`id`, `structureId`, `elementId`, `root`, `lft`, `rgt`, `level`, `dateCreated`, `dateUpdated`, `uid`) VALUES
 ('1', '1', NULL, '1', '1', '96', '0', '2015-12-04 20:08:13', '2015-12-04 20:08:13', 'a0215de4-6fd6-4e46-b9b9-a094cc00ae7d'),
 ('2', '1', '5', '1', '2', '45', '1', '2015-12-04 20:08:13', '2015-12-04 20:08:13', 'd0b837fa-6980-4cc1-b5de-4b5b22433caa'),
 ('3', '1', '6', '1', '4', '5', '3', '2015-12-04 20:08:33', '2015-12-04 20:08:33', '4b056482-08f3-479d-a4f1-afd37e5309a2'),
 ('4', '2', NULL, '4', '1', '8', '0', '2015-12-10 19:52:47', '2015-12-10 19:52:47', 'cd2593cf-0d1e-42ed-9ba9-6531a80c8844'),
 ('5', '2', '13', '4', '4', '5', '1', '2015-12-10 19:52:47', '2015-12-10 19:52:47', '26425906-71cc-4e96-a542-036a98a41b59'),
 ('7', '2', '16', '4', '2', '3', '1', '2015-12-10 23:28:13', '2015-12-10 23:28:13', '09d1cf53-d0d0-4d7c-b555-749dbec296ab'),
 ('10', '2', '19', '4', '6', '7', '1', '2015-12-10 23:51:48', '2015-12-10 23:51:48', 'de6f0499-79b3-4dc7-b50e-24222c8b15f1'),
 ('12', '1', '52', '1', '9', '20', '2', '2015-12-18 21:37:59', '2015-12-18 21:37:59', '3b467773-1967-462d-a125-53a5cce78178'),
 ('22', '1', '62', '1', '14', '15', '3', '2015-12-18 21:40:10', '2015-12-18 21:40:10', '2195e3a0-e738-4331-914f-5c07e2088aac'),
 ('32', '1', '72', '1', '18', '19', '3', '2015-12-18 21:58:04', '2015-12-18 21:58:04', 'b452c583-b004-446e-a295-16eb3fc1e640'),
 ('52', '1', '92', '1', '10', '11', '3', '2015-12-18 22:05:31', '2015-12-18 22:05:31', '6ca9fd0e-d43c-4231-a9ba-4c9f1ebde3cc'),
 ('72', '1', '112', '1', '12', '13', '3', '2015-12-18 22:16:30', '2015-12-18 22:16:30', '424221ee-111b-4ef5-bc44-7e0e92c1be57'),
 ('82', '1', '122', '1', '3', '8', '2', '2015-12-18 22:42:23', '2015-12-18 22:42:23', 'c6e409c2-c9df-43ad-9f3d-e75fe9eaf4fa'),
 ('92', '1', '132', '1', '6', '7', '3', '2015-12-18 22:46:27', '2015-12-18 22:46:27', 'ff583292-6d72-4ccc-a340-1fdc7cf08c6f'),
 ('102', '1', '142', '1', '46', '67', '1', '2015-12-18 23:04:13', '2015-12-18 23:04:13', '158a751e-4596-44ad-8b93-7676367f7290'),
 ('112', '1', '152', '1', '42', '43', '3', '2015-12-18 23:08:02', '2015-12-18 23:08:02', '850ad7f8-be65-41f5-9fc1-d8b5f15ed454'),
 ('122', '1', '162', '1', '47', '50', '2', '2015-12-18 23:09:39', '2015-12-18 23:09:39', 'd8167384-3374-4db8-b5c6-79b489370451'),
 ('142', '1', '182', '1', '38', '39', '3', '2015-12-18 23:16:35', '2015-12-18 23:16:35', 'e579a487-b375-4ee8-90b7-d105adc06716'),
 ('152', '1', '192', '1', '51', '52', '2', '2015-12-18 23:26:06', '2015-12-18 23:26:06', '55ee1b28-9fce-4138-8759-e7c4466eb84f'),
 ('162', '1', '202', '1', '54', '55', '3', '2015-12-18 23:30:33', '2015-12-18 23:30:33', 'c5441b81-0489-4e66-8a32-e55c01ae23f7'),
 ('172', '1', '212', '1', '48', '49', '3', '2015-12-18 23:48:50', '2015-12-18 23:48:50', '288b871e-d14b-4d6f-98bf-f058fee1f995'),
 ('182', '1', '222', '1', '22', '23', '3', '2015-12-18 23:49:30', '2015-12-18 23:49:30', '1e5348b7-9b68-486c-898d-eb004032201e'),
 ('192', '1', '232', '1', '24', '25', '3', '2015-12-18 23:50:16', '2015-12-18 23:50:16', '691b96cd-965c-4843-bf40-4af9bc8d30d2'),
 ('212', '1', '252', '1', '27', '44', '2', '2015-12-18 23:55:17', '2015-12-18 23:55:17', '9b375540-9307-4833-97f0-e589c804e44c'),
 ('222', '1', '262', '1', '28', '29', '3', '2015-12-18 23:56:20', '2015-12-18 23:56:20', 'e9275dd2-b0f8-44eb-b32c-6a8a2fc8b5ce'),
 ('232', '1', '272', '1', '34', '35', '3', '2015-12-18 23:57:45', '2015-12-18 23:57:45', '9c662185-67cf-44c8-a0e3-9d98168e842d'),
 ('242', '1', '282', '1', '30', '31', '3', '2015-12-18 23:59:19', '2015-12-18 23:59:19', '8ce5cbec-195a-488c-83c3-008e36991d72'),
 ('252', '1', '292', '1', '32', '33', '3', '2015-12-19 00:00:22', '2015-12-19 00:00:22', '5b7ffd17-30a3-4d52-b33a-5bc7273aa47e'),
 ('262', '1', '302', '1', '36', '37', '3', '2015-12-19 00:04:21', '2015-12-19 00:04:21', '5341330f-93a7-43bb-8918-5756e00a776a'),
 ('272', '1', '312', '1', '16', '17', '3', '2015-12-19 00:06:16', '2015-12-19 00:06:16', '04084b67-9ab4-412c-8147-9c7482b163df'),
 ('282', '1', '322', '1', '21', '26', '2', '2015-12-19 00:49:18', '2015-12-19 00:49:18', '028ffcbe-30fd-461b-b4e6-7d7e844b952b'),
 ('292', '1', '332', '1', '40', '41', '3', '2015-12-19 01:00:21', '2015-12-19 01:00:21', '203f5e04-961a-42e9-8a12-a69efe14422a'),
 ('302', '1', '362', '1', '53', '66', '2', '2016-01-07 00:48:03', '2016-01-07 00:48:03', '76aceba7-f6fc-4abb-a103-de08374a35cd'),
 ('312', '1', '372', '1', '59', '60', '4', '2016-01-07 00:49:13', '2016-01-07 00:49:13', 'dd600517-cf50-478f-bb33-f9211e1240f6'),
 ('322', '1', '382', '1', '61', '62', '4', '2016-01-07 00:50:18', '2016-01-07 00:50:18', 'ad1e66d5-7c5b-46c0-a450-6557a5e46831'),
 ('332', '1', '392', '1', '63', '64', '4', '2016-01-07 00:50:53', '2016-01-07 00:50:53', 'f9037f99-defa-49c2-98be-6a4a4eba8d25'),
 ('342', '1', '402', '1', '56', '65', '3', '2016-01-07 00:52:03', '2016-01-07 00:52:03', '1cf81bac-616d-4219-bf0f-d346330875f8'),
 ('352', '1', '412', '1', '57', '58', '4', '2016-01-07 00:56:42', '2016-01-07 00:56:42', '125b7f52-80bd-4e08-a8be-d04522a6630e'),
 ('362', '1', '452', '1', '72', '95', '1', '2016-01-12 22:30:48', '2016-01-12 22:30:48', 'b21af2f0-5efc-4519-b128-68c2c599747f'),
 ('372', '1', '462', '1', '77', '86', '2', '2016-01-12 22:32:20', '2016-01-12 22:32:20', 'f9605cad-c314-43e4-b28b-a027bad01818'),
 ('382', '1', '472', '1', '75', '76', '2', '2016-01-12 22:34:23', '2016-01-12 22:34:23', '86932a50-b461-4c11-8533-143435105688'),
 ('392', '1', '482', '1', '87', '94', '2', '2016-01-12 22:37:50', '2016-01-12 22:37:50', '89e27545-b298-44d8-bde8-22a70a46ca82'),
 ('402', '1', '492', '1', '73', '74', '2', '2016-01-12 22:56:53', '2016-01-12 22:56:53', '97266475-ed0a-4bd2-9a86-2c6d3c75d696'),
 ('412', '1', '642', '1', '78', '79', '3', '2016-01-19 03:16:41', '2016-01-19 03:16:41', 'e4f8eb94-0fde-439f-8984-693e0754283e'),
 ('422', '1', '652', '1', '88', '89', '3', '2016-01-19 05:14:38', '2016-01-19 05:14:38', '6653bb95-0caa-4c62-9cc5-692446b1b943'),
 ('432', '1', '662', '1', '90', '91', '3', '2016-01-19 05:19:22', '2016-01-19 05:19:22', '88d1056d-f528-4bf9-bb74-fa68377cd6cf'),
 ('442', '1', '672', '1', '82', '83', '3', '2016-01-19 05:30:22', '2016-01-19 05:30:22', '2e0192d9-ac5f-40f5-97da-770091e219d0'),
 ('452', '1', '682', '1', '80', '81', '3', '2016-01-19 05:35:44', '2016-01-19 05:35:44', '792a3bf4-bc1d-41e3-943a-5f65c5c104b0'),
 ('462', '1', '692', '1', '84', '85', '3', '2016-01-19 05:40:46', '2016-01-19 05:40:46', '430d36d0-9e35-4da1-a573-95be9d3ee569'),
 ('472', '1', '702', '1', '92', '93', '3', '2016-01-19 05:42:46', '2016-01-19 05:42:46', 'ad4f4628-d9be-4e65-916b-e5272296f893'),
 ('482', '12', NULL, '482', '1', '4', '0', '2016-01-19 21:26:32', '2016-01-19 21:26:32', '4e56fff2-9720-4a79-9bb7-0fe98a7a2f22'),
 ('492', '12', '722', '482', '2', '3', '1', '2016-01-19 21:26:32', '2016-01-19 21:26:32', '7bbeea27-0efa-4a68-b708-69e26da932a8'),
 ('502', '1', '732', '1', '68', '71', '1', '2016-01-19 21:57:07', '2016-01-19 21:57:07', '28f5801d-42e6-42c6-93c0-a378524bdfe1'),
 ('512', '1', '742', '1', '69', '70', '2', '2016-01-19 21:59:20', '2016-01-19 21:59:20', 'df44f853-7f71-472a-b5b7-f76cf30ea1e4');



DROP TABLE IF EXISTS `craft_structures`;


--
-- Schema for table `craft_structures`
--
CREATE TABLE `craft_structures` (
  `id` int(11) NOT NULL AUTO_INCREMENT,
  `maxLevels` smallint(6) unsigned DEFAULT NULL,
  `dateCreated` datetime NOT NULL,
  `dateUpdated` datetime NOT NULL,
  `uid` char(36) COLLATE utf8_unicode_ci NOT NULL DEFAULT '0',
  PRIMARY KEY (`id`)
) ENGINE=InnoDB AUTO_INCREMENT=22 DEFAULT CHARSET=utf8 COLLATE=utf8_unicode_ci;

--
-- Data for table `craft_structures`
--

INSERT INTO `craft_structures` (`id`, `maxLevels`, `dateCreated`, `dateUpdated`, `uid`) VALUES
 ('1', '4', '2015-12-04 20:04:38', '2016-01-07 00:52:19', '25fd9193-2521-478f-ab70-6149c83af7a6'),
 ('2', '1', '2015-12-10 19:40:23', '2015-12-10 19:40:37', '5523d54d-3d76-46cc-8d67-f4f1b505c52f'),
 ('12', NULL, '2016-01-19 21:26:32', '2016-01-19 21:26:32', 'f7042bf8-09df-4b0f-9d18-5f5df64edd6d');



DROP TABLE IF EXISTS `craft_systemsettings`;


--
-- Schema for table `craft_systemsettings`
--
CREATE TABLE `craft_systemsettings` (
  `id` int(11) NOT NULL AUTO_INCREMENT,
  `category` varchar(15) COLLATE utf8_unicode_ci NOT NULL,
  `settings` text COLLATE utf8_unicode_ci,
  `dateCreated` datetime NOT NULL,
  `dateUpdated` datetime NOT NULL,
  `uid` char(36) COLLATE utf8_unicode_ci NOT NULL DEFAULT '0',
  PRIMARY KEY (`id`),
  UNIQUE KEY `craft_systemsettings_category_unq_idx` (`category`)
) ENGINE=InnoDB AUTO_INCREMENT=2 DEFAULT CHARSET=utf8 COLLATE=utf8_unicode_ci;

--
-- Data for table `craft_systemsettings`
--

INSERT INTO `craft_systemsettings` (`id`, `category`, `settings`, `dateCreated`, `dateUpdated`, `uid`) VALUES
 ('1', 'email', '{\"template\":\"\",\"protocol\":\"gmail\",\"emailAddress\":\"norris@codeforamerica.org\",\"senderName\":\"City of Oakland\",\"host\":\"smtp.gmail.com\",\"smtpAuth\":1,\"smtpSecureTransportType\":\"ssl\",\"username\":\"norris@codeforamerica.org\",\"password\":\"P00p00head\",\"port\":\"465\",\"timeout\":\"30\"}', '2015-12-04 00:22:46', '2016-01-14 00:53:13', 'e4b10b6c-3bbe-4456-afc5-227423c1cf3d');



DROP TABLE IF EXISTS `craft_taggroups`;


--
-- Schema for table `craft_taggroups`
--
CREATE TABLE `craft_taggroups` (
  `id` int(11) NOT NULL AUTO_INCREMENT,
  `name` varchar(255) COLLATE utf8_unicode_ci NOT NULL,
  `handle` varchar(255) COLLATE utf8_unicode_ci NOT NULL,
  `fieldLayoutId` int(10) DEFAULT NULL,
  `dateCreated` datetime NOT NULL,
  `dateUpdated` datetime NOT NULL,
  `uid` char(36) COLLATE utf8_unicode_ci NOT NULL DEFAULT '0',
  PRIMARY KEY (`id`),
  UNIQUE KEY `craft_taggroups_name_unq_idx` (`name`),
  UNIQUE KEY `craft_taggroups_handle_unq_idx` (`handle`),
  KEY `craft_taggroups_fieldLayoutId_fk` (`fieldLayoutId`)
) ENGINE=InnoDB AUTO_INCREMENT=12 DEFAULT CHARSET=utf8 COLLATE=utf8_unicode_ci;

--
-- Data for table `craft_taggroups`
--

INSERT INTO `craft_taggroups` (`id`, `name`, `handle`, `fieldLayoutId`, `dateCreated`, `dateUpdated`, `uid`) VALUES
 ('1', 'Default', 'default', '1', '2015-12-04 00:22:46', '2015-12-04 00:22:46', 'aaba6805-99b1-4efa-bd06-bbfb8ccbb70f'),
 ('2', 'Focus Area', 'focusArea', '162', '2016-01-08 02:31:21', '2016-01-08 02:31:21', '01cb3af1-0014-440a-bbc1-fd4d22137937');



DROP TABLE IF EXISTS `craft_tags`;


--
-- Schema for table `craft_tags`
--
CREATE TABLE `craft_tags` (
  `id` int(11) NOT NULL,
  `groupId` int(11) NOT NULL,
  `dateCreated` datetime NOT NULL,
  `dateUpdated` datetime NOT NULL,
  `uid` char(36) COLLATE utf8_unicode_ci NOT NULL DEFAULT '0',
  PRIMARY KEY (`id`),
  KEY `craft_tags_groupId_fk` (`groupId`)
) ENGINE=InnoDB DEFAULT CHARSET=utf8 COLLATE=utf8_unicode_ci;

--
-- Data for table `craft_tags`
--

INSERT INTO `craft_tags` (`id`, `groupId`, `dateCreated`, `dateUpdated`, `uid`) VALUES
 ('422', '2', '2016-01-08 02:32:54', '2016-01-08 02:32:54', '6617c258-39cc-4dc3-9b23-993eb8586a33'),
 ('432', '2', '2016-01-08 02:33:03', '2016-01-08 02:33:03', '5d72cd4a-7838-4722-82fd-3f1eb3c6774a'),
 ('572', '1', '2016-01-19 02:40:35', '2016-01-19 02:40:35', '507ffb3f-8981-489a-8234-a8744685a8fe'),
 ('582', '1', '2016-01-19 02:40:39', '2016-01-19 02:40:39', 'b963f6bf-c72e-49c3-a046-cdece72c02be'),
 ('592', '1', '2016-01-19 02:40:41', '2016-01-19 02:40:41', 'fbded3e3-a453-4183-8ef9-e2abed39a10f'),
 ('602', '1', '2016-01-19 02:40:43', '2016-01-19 02:40:43', '6d1101a3-194f-439f-a010-9d8e8337b4a5'),
 ('612', '1', '2016-01-19 02:40:50', '2016-01-19 02:40:50', 'bead1fd3-3de4-4aeb-99c0-8867644474e8'),
 ('622', '1', '2016-01-19 02:40:57', '2016-01-19 02:40:57', '1371808e-c4da-45e3-912c-6204dd743457');



DROP TABLE IF EXISTS `craft_tasks`;


--
-- Schema for table `craft_tasks`
--
CREATE TABLE `craft_tasks` (
  `id` int(11) NOT NULL AUTO_INCREMENT,
  `root` int(11) unsigned DEFAULT NULL,
  `lft` int(11) unsigned NOT NULL,
  `rgt` int(11) unsigned NOT NULL,
  `level` smallint(6) unsigned NOT NULL,
  `currentStep` int(11) unsigned DEFAULT NULL,
  `totalSteps` int(11) unsigned DEFAULT NULL,
  `status` enum('pending','error','running') COLLATE utf8_unicode_ci DEFAULT NULL,
  `type` varchar(150) COLLATE utf8_unicode_ci NOT NULL,
  `description` varchar(255) COLLATE utf8_unicode_ci DEFAULT NULL,
  `settings` text COLLATE utf8_unicode_ci,
  `dateCreated` datetime NOT NULL,
  `dateUpdated` datetime NOT NULL,
  `uid` char(36) COLLATE utf8_unicode_ci NOT NULL DEFAULT '0',
  PRIMARY KEY (`id`),
  KEY `craft_tasks_root_idx` (`root`),
  KEY `craft_tasks_lft_idx` (`lft`),
  KEY `craft_tasks_rgt_idx` (`rgt`),
  KEY `craft_tasks_level_idx` (`level`)
) ENGINE=InnoDB AUTO_INCREMENT=2082 DEFAULT CHARSET=utf8 COLLATE=utf8_unicode_ci;

DROP TABLE IF EXISTS `craft_templatecachecriteria`;


--
-- Schema for table `craft_templatecachecriteria`
--
CREATE TABLE `craft_templatecachecriteria` (
  `id` int(11) NOT NULL AUTO_INCREMENT,
  `cacheId` int(11) NOT NULL,
  `type` varchar(150) COLLATE utf8_unicode_ci NOT NULL,
  `criteria` text COLLATE utf8_unicode_ci NOT NULL,
  PRIMARY KEY (`id`),
  KEY `craft_templatecachecriteria_cacheId_fk` (`cacheId`),
  KEY `craft_templatecachecriteria_type_idx` (`type`)
) ENGINE=InnoDB DEFAULT CHARSET=utf8 COLLATE=utf8_unicode_ci;

DROP TABLE IF EXISTS `craft_templatecacheelements`;


--
-- Schema for table `craft_templatecacheelements`
--
CREATE TABLE `craft_templatecacheelements` (
  `cacheId` int(11) NOT NULL,
  `elementId` int(11) NOT NULL,
  KEY `craft_templatecacheelements_cacheId_fk` (`cacheId`),
  KEY `craft_templatecacheelements_elementId_fk` (`elementId`)
) ENGINE=InnoDB DEFAULT CHARSET=utf8 COLLATE=utf8_unicode_ci;

DROP TABLE IF EXISTS `craft_templatecaches`;


--
-- Schema for table `craft_templatecaches`
--
CREATE TABLE `craft_templatecaches` (
  `id` int(11) NOT NULL AUTO_INCREMENT,
  `cacheKey` varchar(255) COLLATE utf8_unicode_ci NOT NULL,
  `locale` char(12) COLLATE utf8_unicode_ci NOT NULL,
  `path` varchar(255) COLLATE utf8_unicode_ci DEFAULT NULL,
  `expiryDate` datetime NOT NULL,
  `body` mediumtext COLLATE utf8_unicode_ci NOT NULL,
  PRIMARY KEY (`id`),
  KEY `craft_templatecaches_expiryDate_cacheKey_locale_path_idx` (`expiryDate`,`cacheKey`,`locale`,`path`),
  KEY `craft_templatecaches_locale_fk` (`locale`)
) ENGINE=InnoDB DEFAULT CHARSET=utf8 COLLATE=utf8_unicode_ci;

DROP TABLE IF EXISTS `craft_tokens`;


--
-- Schema for table `craft_tokens`
--
CREATE TABLE `craft_tokens` (
  `id` int(11) NOT NULL AUTO_INCREMENT,
  `token` char(32) COLLATE utf8_unicode_ci NOT NULL,
  `route` text COLLATE utf8_unicode_ci,
  `usageLimit` tinyint(3) unsigned DEFAULT NULL,
  `usageCount` tinyint(3) unsigned DEFAULT NULL,
  `expiryDate` datetime NOT NULL,
  `dateCreated` datetime NOT NULL,
  `dateUpdated` datetime NOT NULL,
  `uid` char(36) COLLATE utf8_unicode_ci NOT NULL DEFAULT '0',
  PRIMARY KEY (`id`),
  UNIQUE KEY `craft_tokens_token_unq_idx` (`token`),
  KEY `craft_tokens_expiryDate_idx` (`expiryDate`)
) ENGINE=InnoDB DEFAULT CHARSET=utf8 COLLATE=utf8_unicode_ci;

DROP TABLE IF EXISTS `craft_usergroups`;


--
-- Schema for table `craft_usergroups`
--
CREATE TABLE `craft_usergroups` (
  `id` int(11) NOT NULL AUTO_INCREMENT,
  `name` varchar(255) COLLATE utf8_unicode_ci NOT NULL,
  `handle` varchar(255) COLLATE utf8_unicode_ci NOT NULL,
  `dateCreated` datetime NOT NULL,
  `dateUpdated` datetime NOT NULL,
  `uid` char(36) COLLATE utf8_unicode_ci NOT NULL DEFAULT '0',
  PRIMARY KEY (`id`)
) ENGINE=InnoDB DEFAULT CHARSET=utf8 COLLATE=utf8_unicode_ci;

DROP TABLE IF EXISTS `craft_usergroups_users`;


--
-- Schema for table `craft_usergroups_users`
--
CREATE TABLE `craft_usergroups_users` (
  `id` int(11) NOT NULL AUTO_INCREMENT,
  `groupId` int(11) NOT NULL,
  `userId` int(11) NOT NULL,
  `dateCreated` datetime NOT NULL,
  `dateUpdated` datetime NOT NULL,
  `uid` char(36) COLLATE utf8_unicode_ci NOT NULL DEFAULT '0',
  PRIMARY KEY (`id`),
  UNIQUE KEY `craft_usergroups_users_groupId_userId_unq_idx` (`groupId`,`userId`),
  KEY `craft_usergroups_users_userId_fk` (`userId`)
) ENGINE=InnoDB DEFAULT CHARSET=utf8 COLLATE=utf8_unicode_ci;

DROP TABLE IF EXISTS `craft_userpermissions`;


--
-- Schema for table `craft_userpermissions`
--
CREATE TABLE `craft_userpermissions` (
  `id` int(11) NOT NULL AUTO_INCREMENT,
  `name` varchar(255) COLLATE utf8_unicode_ci NOT NULL,
  `dateCreated` datetime NOT NULL,
  `dateUpdated` datetime NOT NULL,
  `uid` char(36) COLLATE utf8_unicode_ci NOT NULL DEFAULT '0',
  PRIMARY KEY (`id`),
  UNIQUE KEY `craft_userpermissions_name_unq_idx` (`name`)
) ENGINE=InnoDB DEFAULT CHARSET=utf8 COLLATE=utf8_unicode_ci;

DROP TABLE IF EXISTS `craft_userpermissions_usergroups`;


--
-- Schema for table `craft_userpermissions_usergroups`
--
CREATE TABLE `craft_userpermissions_usergroups` (
  `id` int(11) NOT NULL AUTO_INCREMENT,
  `permissionId` int(11) NOT NULL,
  `groupId` int(11) NOT NULL,
  `dateCreated` datetime NOT NULL,
  `dateUpdated` datetime NOT NULL,
  `uid` char(36) COLLATE utf8_unicode_ci NOT NULL DEFAULT '0',
  PRIMARY KEY (`id`),
  UNIQUE KEY `craft_userpermissions_usergroups_permissionId_groupId_unq_idx` (`permissionId`,`groupId`),
  KEY `craft_userpermissions_usergroups_groupId_fk` (`groupId`)
) ENGINE=InnoDB DEFAULT CHARSET=utf8 COLLATE=utf8_unicode_ci;

DROP TABLE IF EXISTS `craft_userpermissions_users`;


--
-- Schema for table `craft_userpermissions_users`
--
CREATE TABLE `craft_userpermissions_users` (
  `id` int(11) NOT NULL AUTO_INCREMENT,
  `permissionId` int(11) NOT NULL,
  `userId` int(11) NOT NULL,
  `dateCreated` datetime NOT NULL,
  `dateUpdated` datetime NOT NULL,
  `uid` char(36) COLLATE utf8_unicode_ci NOT NULL DEFAULT '0',
  PRIMARY KEY (`id`),
  UNIQUE KEY `craft_userpermissions_users_permissionId_userId_unq_idx` (`permissionId`,`userId`),
  KEY `craft_userpermissions_users_userId_fk` (`userId`)
) ENGINE=InnoDB DEFAULT CHARSET=utf8 COLLATE=utf8_unicode_ci;

DROP TABLE IF EXISTS `craft_users`;


--
-- Schema for table `craft_users`
--
CREATE TABLE `craft_users` (
  `id` int(11) NOT NULL,
  `username` varchar(100) COLLATE utf8_unicode_ci NOT NULL,
  `photo` varchar(100) COLLATE utf8_unicode_ci DEFAULT NULL,
  `firstName` varchar(100) COLLATE utf8_unicode_ci DEFAULT NULL,
  `lastName` varchar(100) COLLATE utf8_unicode_ci DEFAULT NULL,
  `email` varchar(255) COLLATE utf8_unicode_ci NOT NULL,
  `password` char(255) COLLATE utf8_unicode_ci DEFAULT NULL,
  `preferredLocale` char(12) COLLATE utf8_unicode_ci DEFAULT NULL,
  `weekStartDay` tinyint(1) unsigned NOT NULL DEFAULT '0',
  `admin` tinyint(1) unsigned NOT NULL DEFAULT '0',
  `client` tinyint(1) unsigned NOT NULL DEFAULT '0',
  `locked` tinyint(1) unsigned NOT NULL DEFAULT '0',
  `suspended` tinyint(1) unsigned NOT NULL DEFAULT '0',
  `pending` tinyint(1) unsigned NOT NULL DEFAULT '0',
  `archived` tinyint(1) unsigned NOT NULL DEFAULT '0',
  `lastLoginDate` datetime DEFAULT NULL,
  `lastLoginAttemptIPAddress` varchar(45) COLLATE utf8_unicode_ci DEFAULT NULL,
  `invalidLoginWindowStart` datetime DEFAULT NULL,
  `invalidLoginCount` tinyint(4) unsigned DEFAULT NULL,
  `lastInvalidLoginDate` datetime DEFAULT NULL,
  `lockoutDate` datetime DEFAULT NULL,
  `verificationCode` char(100) COLLATE utf8_unicode_ci DEFAULT NULL,
  `verificationCodeIssuedDate` datetime DEFAULT NULL,
  `unverifiedEmail` varchar(255) COLLATE utf8_unicode_ci DEFAULT NULL,
  `passwordResetRequired` tinyint(1) unsigned NOT NULL DEFAULT '0',
  `lastPasswordChangeDate` datetime DEFAULT NULL,
  `dateCreated` datetime NOT NULL,
  `dateUpdated` datetime NOT NULL,
  `uid` char(36) COLLATE utf8_unicode_ci NOT NULL DEFAULT '0',
  PRIMARY KEY (`id`),
  UNIQUE KEY `craft_users_username_unq_idx` (`username`),
  UNIQUE KEY `craft_users_email_unq_idx` (`email`),
  KEY `craft_users_verificationCode_idx` (`verificationCode`),
  KEY `craft_users_uid_idx` (`uid`),
  KEY `craft_users_preferredLocale_fk` (`preferredLocale`)
) ENGINE=InnoDB DEFAULT CHARSET=utf8 COLLATE=utf8_unicode_ci;

--
-- Data for table `craft_users`
--

INSERT INTO `craft_users` (`id`, `username`, `photo`, `firstName`, `lastName`, `email`, `password`, `preferredLocale`, `weekStartDay`, `admin`, `client`, `locked`, `suspended`, `pending`, `archived`, `lastLoginDate`, `lastLoginAttemptIPAddress`, `invalidLoginWindowStart`, `invalidLoginCount`, `lastInvalidLoginDate`, `lockoutDate`, `verificationCode`, `verificationCodeIssuedDate`, `unverifiedEmail`, `passwordResetRequired`, `lastPasswordChangeDate`, `dateCreated`, `dateUpdated`, `uid`) VALUES
 ('1', 'norrishung', NULL, 'Norris', 'Hung', 'norris@codeforamerica.org', '$2y$13$fJLjTKU5zX8BW3DcMmNB8uQt0LAnZyHhbB5aSQENpIclqpBAITyfq', NULL, '0', '1', '0', '0', '0', '0', '0', '2016-01-21 20:16:17', '69.12.169.82', NULL, NULL, '2016-01-06 20:37:45', NULL, NULL, NULL, NULL, '0', '2015-12-16 21:54:27', '2015-12-04 00:22:44', '2016-01-21 20:16:17', 'f2291e89-47a9-47e4-998e-e1a7e2157ba2'),
 ('442', 'colleen', NULL, 'colleen', 'cotter', 'colleen@codeforamerica.org', '$2y$13$lHnFJBjrGBiyN4TxBiZJR.5Eus3TiC.S8Ufi3wtKjLIqt8W36UiKa', NULL, '0', '1', '0', '0', '0', '0', '0', '2016-01-21 19:19:21', '69.12.169.82', NULL, NULL, '2016-01-21 19:19:13', NULL, NULL, NULL, NULL, '0', '2016-01-14 01:53:34', '2016-01-12 21:29:54', '2016-01-21 19:19:21', 'ae3d94b5-420d-40cb-888d-8d4f341d646f'),
 ('512', 'mai-ling', NULL, 'Mai-Ling', 'Garcia', 'MGarcia@oaklandnet.com', '$2y$13$oTgdoCGqEZ.gAlpUaitHpe09BC4hiZRk1qiRxFQvqEt0Pl4qKppKe', NULL, '0', '1', '0', '0', '0', '0', '0', '2016-01-19 21:48:58', '166.171.248.83', NULL, NULL, '2016-01-19 21:31:47', NULL, NULL, NULL, NULL, '0', '2016-01-14 06:25:56', '2016-01-14 00:55:48', '2016-01-19 21:48:58', '016ca1f7-23cf-445f-8bd4-27057c09d8bb'),
 ('552', 'davidleonard', NULL, 'David', 'Leonard', 'dleonard@codeforamerica.org', NULL, NULL, '0', '0', '0', '0', '0', '1', '0', NULL, NULL, NULL, NULL, NULL, NULL, '$2y$13$H92SpezR0Cs3QKhkr5gL5eJib8wUJmpvcy5D3WR.GibVApZkY7qqK', '2016-01-16 00:04:45', 'dleonard@codeforamerica.org', '0', NULL, '2016-01-16 00:04:44', '2016-01-16 00:04:45', 'aecce13d-35f7-4b10-b8c4-e941f3aa8e3c'),
 ('712', 'nneditch', NULL, 'Nicole', 'Neditch', 'nicole@codeforamerica.org', '$2y$13$.51yZ.hKmrb2HEjxry7g2uF/CBlPeZ/JYuS6xMH8epaCdvdjTeSBa', NULL, '0', '1', '0', '0', '0', '0', '0', '2016-01-19 21:55:49', '172.56.16.126', NULL, NULL, NULL, NULL, NULL, NULL, NULL, '0', '2016-01-19 21:18:59', '2016-01-19 21:18:28', '2016-01-19 21:55:49', 'e9df5461-3b5d-4cd0-a8ee-a5940d553cbc');



DROP TABLE IF EXISTS `craft_widgets`;


--
-- Schema for table `craft_widgets`
--
CREATE TABLE `craft_widgets` (
  `id` int(11) NOT NULL AUTO_INCREMENT,
  `userId` int(11) NOT NULL,
  `type` varchar(150) COLLATE utf8_unicode_ci NOT NULL,
  `sortOrder` tinyint(4) DEFAULT NULL,
  `colspan` tinyint(4) unsigned DEFAULT NULL,
  `settings` text COLLATE utf8_unicode_ci,
  `enabled` tinyint(1) unsigned NOT NULL DEFAULT '1',
  `dateCreated` datetime NOT NULL,
  `dateUpdated` datetime NOT NULL,
  `uid` char(36) COLLATE utf8_unicode_ci NOT NULL DEFAULT '0',
  PRIMARY KEY (`id`),
  KEY `craft_widgets_userId_fk` (`userId`)
) ENGINE=InnoDB AUTO_INCREMENT=132 DEFAULT CHARSET=utf8 COLLATE=utf8_unicode_ci;

--
-- Data for table `craft_widgets`
--

INSERT INTO `craft_widgets` (`id`, `userId`, `type`, `sortOrder`, `colspan`, `settings`, `enabled`, `dateCreated`, `dateUpdated`, `uid`) VALUES
 ('1', '1', 'RecentEntries', '4', '4', '{\"section\":\"*\",\"limit\":\"10\"}', '1', '2015-12-04 00:32:35', '2016-01-21 20:16:45', '5e1b943f-08a6-4672-871a-7c5fca8af575'),
 ('2', '1', 'GetHelp', '2', NULL, NULL, '0', '2015-12-04 00:32:35', '2015-12-04 20:00:04', 'de6a2c70-7b19-42db-a749-5e08138d55c7'),
 ('3', '1', 'Updates', '5', '4', NULL, '1', '2015-12-04 00:32:35', '2016-01-21 20:16:47', '735c80d0-36d8-4834-a286-e10e100035b4'),
 ('4', '1', 'Feed', '4', NULL, '{\"url\":\"https:\\/\\/craftcms.com\\/news.rss\",\"title\":\"Craft News\"}', '0', '2015-12-04 00:32:35', '2015-12-04 19:59:49', '5bdd5e9c-01d9-43cf-8773-7cbe8afc5c96'),
 ('5', '1', 'QuickPost', '1', '1', '{\"section\":\"3\",\"entryType\":\"3\"}', '0', '2015-12-05 00:13:21', '2016-01-21 20:16:40', '1ab3db03-7198-4679-b717-e95f5dbef221'),
 ('6', '1', 'QuickPost', '2', NULL, '{\"section\":\"2\",\"entryType\":\"\"}', '0', '2015-12-10 20:27:01', '2016-01-21 20:16:42', '5a5616f7-f476-4b42-a103-61a1fd2c2d0b'),
 ('7', '1', 'QuickPost', '3', NULL, '{\"section\":\"4\",\"entryType\":\"\"}', '0', '2015-12-10 20:27:14', '2015-12-11 00:25:07', '4711133e-81cb-44f7-be4f-fe6ef559ad5f'),
 ('12', '442', 'RecentEntries', '1', NULL, NULL, '1', '2016-01-12 21:31:43', '2016-01-12 21:31:43', '6055fc65-5a34-4d97-b789-9ce662cfb08a'),
 ('22', '442', 'GetHelp', '2', NULL, NULL, '1', '2016-01-12 21:31:43', '2016-01-12 21:31:43', 'dcfbc3b2-843d-4f7e-afc4-d69500b7db07'),
 ('32', '442', 'Updates', '3', NULL, NULL, '1', '2016-01-12 21:31:43', '2016-01-12 21:31:43', '9305dd3d-99d4-4dbf-8c63-34681e13aff5'),
 ('42', '442', 'Feed', '4', NULL, '{\"url\":\"https:\\/\\/craftcms.com\\/news.rss\",\"title\":\"Craft News\"}', '1', '2016-01-12 21:31:43', '2016-01-12 21:31:43', 'a7615e75-f65b-4a5c-9138-4a04727c3a2a'),
 ('52', '512', 'RecentEntries', '1', NULL, NULL, '1', '2016-01-14 06:26:09', '2016-01-14 06:26:09', '4021ef65-1308-4fb8-8762-90b1a9d7e971'),
 ('62', '512', 'GetHelp', '2', NULL, NULL, '1', '2016-01-14 06:26:09', '2016-01-14 06:26:09', 'c9ae987b-c6c2-4af1-aae6-84999ba9fb86'),
 ('72', '512', 'Updates', '3', NULL, NULL, '1', '2016-01-14 06:26:09', '2016-01-14 06:26:09', '0906407f-5cc4-466b-8235-84ad5abec313'),
 ('82', '512', 'Feed', '4', NULL, '{\"url\":\"https:\\/\\/craftcms.com\\/news.rss\",\"title\":\"Craft News\"}', '1', '2016-01-14 06:26:09', '2016-01-14 06:26:09', '6a265465-f164-4528-a994-2f0ca5271c48'),
 ('92', '712', 'RecentEntries', '1', NULL, NULL, '1', '2016-01-19 21:19:04', '2016-01-19 21:19:04', 'be6b211c-665e-4f0d-b7de-2ae6eb1f7601'),
 ('102', '712', 'GetHelp', '2', NULL, NULL, '1', '2016-01-19 21:19:04', '2016-01-19 21:19:04', '0914e755-0f37-4e15-b7a9-a292077da085'),
 ('112', '712', 'Updates', '3', NULL, NULL, '1', '2016-01-19 21:19:04', '2016-01-19 21:19:04', '91c3226e-07a8-4a03-8131-44581c8a3f5a'),
 ('122', '712', 'Feed', '4', NULL, '{\"url\":\"https:\\/\\/craftcms.com\\/news.rss\",\"title\":\"Craft News\"}', '1', '2016-01-19 21:19:04', '2016-01-19 21:19:04', '484b2335-4a32-4f3d-ae9b-a36b8eb1bf84');


--
-- Constraints for tables
--


--
-- Constraints for table `craft_assetfiles`
--
ALTER TABLE `craft_assetfiles`
	ADD CONSTRAINT `craft_assetfiles_folderId_fk` FOREIGN KEY (`folderId`) REFERENCES `craft_assetfolders` (`id`) ON DELETE CASCADE,
	ADD CONSTRAINT `craft_assetfiles_id_fk` FOREIGN KEY (`id`) REFERENCES `craft_elements` (`id`) ON DELETE CASCADE,
	ADD CONSTRAINT `craft_assetfiles_sourceId_fk` FOREIGN KEY (`sourceId`) REFERENCES `craft_assetsources` (`id`) ON DELETE CASCADE;

--
-- Constraints for table `craft_assetfolders`
--
ALTER TABLE `craft_assetfolders`
	ADD CONSTRAINT `craft_assetfolders_parentId_fk` FOREIGN KEY (`parentId`) REFERENCES `craft_assetfolders` (`id`) ON DELETE CASCADE,
	ADD CONSTRAINT `craft_assetfolders_sourceId_fk` FOREIGN KEY (`sourceId`) REFERENCES `craft_assetsources` (`id`) ON DELETE CASCADE;

--
-- Constraints for table `craft_assetindexdata`
--
ALTER TABLE `craft_assetindexdata`
	ADD CONSTRAINT `craft_assetindexdata_sourceId_fk` FOREIGN KEY (`sourceId`) REFERENCES `craft_assetsources` (`id`) ON DELETE CASCADE;

--
-- Constraints for table `craft_assetsources`
--
ALTER TABLE `craft_assetsources`
	ADD CONSTRAINT `craft_assetsources_fieldLayoutId_fk` FOREIGN KEY (`fieldLayoutId`) REFERENCES `craft_fieldlayouts` (`id`) ON DELETE SET NULL;

--
-- Constraints for table `craft_categories`
--
ALTER TABLE `craft_categories`
	ADD CONSTRAINT `craft_categories_groupId_fk` FOREIGN KEY (`groupId`) REFERENCES `craft_categorygroups` (`id`) ON DELETE CASCADE,
	ADD CONSTRAINT `craft_categories_id_fk` FOREIGN KEY (`id`) REFERENCES `craft_elements` (`id`) ON DELETE CASCADE;

--
-- Constraints for table `craft_categorygroups`
--
ALTER TABLE `craft_categorygroups`
	ADD CONSTRAINT `craft_categorygroups_fieldLayoutId_fk` FOREIGN KEY (`fieldLayoutId`) REFERENCES `craft_fieldlayouts` (`id`) ON DELETE SET NULL,
	ADD CONSTRAINT `craft_categorygroups_structureId_fk` FOREIGN KEY (`structureId`) REFERENCES `craft_structures` (`id`) ON DELETE CASCADE;

--
-- Constraints for table `craft_categorygroups_i18n`
--
ALTER TABLE `craft_categorygroups_i18n`
	ADD CONSTRAINT `craft_categorygroups_i18n_groupId_fk` FOREIGN KEY (`groupId`) REFERENCES `craft_categorygroups` (`id`) ON DELETE CASCADE,
	ADD CONSTRAINT `craft_categorygroups_i18n_locale_fk` FOREIGN KEY (`locale`) REFERENCES `craft_locales` (`locale`) ON DELETE CASCADE ON UPDATE CASCADE;

--
-- Constraints for table `craft_content`
--
ALTER TABLE `craft_content`
	ADD CONSTRAINT `craft_content_elementId_fk` FOREIGN KEY (`elementId`) REFERENCES `craft_elements` (`id`) ON DELETE CASCADE,
	ADD CONSTRAINT `craft_content_locale_fk` FOREIGN KEY (`locale`) REFERENCES `craft_locales` (`locale`) ON DELETE CASCADE ON UPDATE CASCADE;

--
-- Constraints for table `craft_elements_i18n`
--
ALTER TABLE `craft_elements_i18n`
	ADD CONSTRAINT `craft_elements_i18n_elementId_fk` FOREIGN KEY (`elementId`) REFERENCES `craft_elements` (`id`) ON DELETE CASCADE,
	ADD CONSTRAINT `craft_elements_i18n_locale_fk` FOREIGN KEY (`locale`) REFERENCES `craft_locales` (`locale`) ON DELETE CASCADE ON UPDATE CASCADE;

--
-- Constraints for table `craft_emailmessages`
--
ALTER TABLE `craft_emailmessages`
	ADD CONSTRAINT `craft_emailmessages_locale_fk` FOREIGN KEY (`locale`) REFERENCES `craft_locales` (`locale`) ON DELETE CASCADE ON UPDATE CASCADE;

--
-- Constraints for table `craft_entries`
--
ALTER TABLE `craft_entries`
	ADD CONSTRAINT `craft_entries_authorId_fk` FOREIGN KEY (`authorId`) REFERENCES `craft_users` (`id`) ON DELETE CASCADE,
	ADD CONSTRAINT `craft_entries_id_fk` FOREIGN KEY (`id`) REFERENCES `craft_elements` (`id`) ON DELETE CASCADE,
	ADD CONSTRAINT `craft_entries_sectionId_fk` FOREIGN KEY (`sectionId`) REFERENCES `craft_sections` (`id`) ON DELETE CASCADE,
	ADD CONSTRAINT `craft_entries_typeId_fk` FOREIGN KEY (`typeId`) REFERENCES `craft_entrytypes` (`id`) ON DELETE CASCADE;

--
-- Constraints for table `craft_entrydrafts`
--
ALTER TABLE `craft_entrydrafts`
	ADD CONSTRAINT `craft_entrydrafts_creatorId_fk` FOREIGN KEY (`creatorId`) REFERENCES `craft_users` (`id`) ON DELETE CASCADE,
	ADD CONSTRAINT `craft_entrydrafts_entryId_fk` FOREIGN KEY (`entryId`) REFERENCES `craft_entries` (`id`) ON DELETE CASCADE,
	ADD CONSTRAINT `craft_entrydrafts_locale_fk` FOREIGN KEY (`locale`) REFERENCES `craft_locales` (`locale`) ON DELETE CASCADE ON UPDATE CASCADE,
	ADD CONSTRAINT `craft_entrydrafts_sectionId_fk` FOREIGN KEY (`sectionId`) REFERENCES `craft_sections` (`id`) ON DELETE CASCADE;

--
-- Constraints for table `craft_entrytypes`
--
ALTER TABLE `craft_entrytypes`
	ADD CONSTRAINT `craft_entrytypes_fieldLayoutId_fk` FOREIGN KEY (`fieldLayoutId`) REFERENCES `craft_fieldlayouts` (`id`) ON DELETE SET NULL,
	ADD CONSTRAINT `craft_entrytypes_sectionId_fk` FOREIGN KEY (`sectionId`) REFERENCES `craft_sections` (`id`) ON DELETE CASCADE;

--
-- Constraints for table `craft_entryversions`
--
ALTER TABLE `craft_entryversions`
	ADD CONSTRAINT `craft_entryversions_creatorId_fk` FOREIGN KEY (`creatorId`) REFERENCES `craft_users` (`id`) ON DELETE SET NULL,
	ADD CONSTRAINT `craft_entryversions_entryId_fk` FOREIGN KEY (`entryId`) REFERENCES `craft_entries` (`id`) ON DELETE CASCADE,
	ADD CONSTRAINT `craft_entryversions_locale_fk` FOREIGN KEY (`locale`) REFERENCES `craft_locales` (`locale`) ON DELETE CASCADE ON UPDATE CASCADE,
	ADD CONSTRAINT `craft_entryversions_sectionId_fk` FOREIGN KEY (`sectionId`) REFERENCES `craft_sections` (`id`) ON DELETE CASCADE;

--
-- Constraints for table `craft_fieldlayoutfields`
--
ALTER TABLE `craft_fieldlayoutfields`
	ADD CONSTRAINT `craft_fieldlayoutfields_fieldId_fk` FOREIGN KEY (`fieldId`) REFERENCES `craft_fields` (`id`) ON DELETE CASCADE,
	ADD CONSTRAINT `craft_fieldlayoutfields_layoutId_fk` FOREIGN KEY (`layoutId`) REFERENCES `craft_fieldlayouts` (`id`) ON DELETE CASCADE,
	ADD CONSTRAINT `craft_fieldlayoutfields_tabId_fk` FOREIGN KEY (`tabId`) REFERENCES `craft_fieldlayouttabs` (`id`) ON DELETE CASCADE;

--
-- Constraints for table `craft_fieldlayouttabs`
--
ALTER TABLE `craft_fieldlayouttabs`
	ADD CONSTRAINT `craft_fieldlayouttabs_layoutId_fk` FOREIGN KEY (`layoutId`) REFERENCES `craft_fieldlayouts` (`id`) ON DELETE CASCADE;

--
-- Constraints for table `craft_fields`
--
ALTER TABLE `craft_fields`
	ADD CONSTRAINT `craft_fields_groupId_fk` FOREIGN KEY (`groupId`) REFERENCES `craft_fieldgroups` (`id`) ON DELETE CASCADE;

--
-- Constraints for table `craft_globalsets`
--
ALTER TABLE `craft_globalsets`
	ADD CONSTRAINT `craft_globalsets_fieldLayoutId_fk` FOREIGN KEY (`fieldLayoutId`) REFERENCES `craft_fieldlayouts` (`id`) ON DELETE SET NULL,
	ADD CONSTRAINT `craft_globalsets_id_fk` FOREIGN KEY (`id`) REFERENCES `craft_elements` (`id`) ON DELETE CASCADE;

--
-- Constraints for table `craft_matrixblocks`
--
ALTER TABLE `craft_matrixblocks`
	ADD CONSTRAINT `craft_matrixblocks_fieldId_fk` FOREIGN KEY (`fieldId`) REFERENCES `craft_fields` (`id`) ON DELETE CASCADE,
	ADD CONSTRAINT `craft_matrixblocks_id_fk` FOREIGN KEY (`id`) REFERENCES `craft_elements` (`id`) ON DELETE CASCADE,
	ADD CONSTRAINT `craft_matrixblocks_ownerId_fk` FOREIGN KEY (`ownerId`) REFERENCES `craft_elements` (`id`) ON DELETE CASCADE,
	ADD CONSTRAINT `craft_matrixblocks_ownerLocale_fk` FOREIGN KEY (`ownerLocale`) REFERENCES `craft_locales` (`locale`) ON DELETE CASCADE ON UPDATE CASCADE,
	ADD CONSTRAINT `craft_matrixblocks_typeId_fk` FOREIGN KEY (`typeId`) REFERENCES `craft_matrixblocktypes` (`id`) ON DELETE CASCADE;

--
-- Constraints for table `craft_matrixblocktypes`
--
ALTER TABLE `craft_matrixblocktypes`
	ADD CONSTRAINT `craft_matrixblocktypes_fieldId_fk` FOREIGN KEY (`fieldId`) REFERENCES `craft_fields` (`id`) ON DELETE CASCADE,
	ADD CONSTRAINT `craft_matrixblocktypes_fieldLayoutId_fk` FOREIGN KEY (`fieldLayoutId`) REFERENCES `craft_fieldlayouts` (`id`) ON DELETE SET NULL;

--
-- Constraints for table `craft_matrixcontent_body`
--
ALTER TABLE `craft_matrixcontent_body`
	ADD CONSTRAINT `craft_matrixcontent_body_elementId_fk` FOREIGN KEY (`elementId`) REFERENCES `craft_elements` (`id`) ON DELETE CASCADE,
	ADD CONSTRAINT `craft_matrixcontent_body_locale_fk` FOREIGN KEY (`locale`) REFERENCES `craft_locales` (`locale`) ON DELETE CASCADE ON UPDATE CASCADE;

--
-- Constraints for table `craft_migrations`
--
ALTER TABLE `craft_migrations`
	ADD CONSTRAINT `craft_migrations_pluginId_fk` FOREIGN KEY (`pluginId`) REFERENCES `craft_plugins` (`id`) ON DELETE CASCADE;

--
-- Constraints for table `craft_relations`
--
ALTER TABLE `craft_relations`
	ADD CONSTRAINT `craft_relations_fieldId_fk` FOREIGN KEY (`fieldId`) REFERENCES `craft_fields` (`id`) ON DELETE CASCADE,
	ADD CONSTRAINT `craft_relations_sourceId_fk` FOREIGN KEY (`sourceId`) REFERENCES `craft_elements` (`id`) ON DELETE CASCADE,
	ADD CONSTRAINT `craft_relations_sourceLocale_fk` FOREIGN KEY (`sourceLocale`) REFERENCES `craft_locales` (`locale`) ON DELETE CASCADE ON UPDATE CASCADE,
	ADD CONSTRAINT `craft_relations_targetId_fk` FOREIGN KEY (`targetId`) REFERENCES `craft_elements` (`id`) ON DELETE CASCADE;

--
-- Constraints for table `craft_routes`
--
ALTER TABLE `craft_routes`
	ADD CONSTRAINT `craft_routes_locale_fk` FOREIGN KEY (`locale`) REFERENCES `craft_locales` (`locale`) ON DELETE CASCADE ON UPDATE CASCADE;

--
-- Constraints for table `craft_sections`
--
ALTER TABLE `craft_sections`
	ADD CONSTRAINT `craft_sections_structureId_fk` FOREIGN KEY (`structureId`) REFERENCES `craft_structures` (`id`) ON DELETE SET NULL;

--
-- Constraints for table `craft_sections_i18n`
--
ALTER TABLE `craft_sections_i18n`
	ADD CONSTRAINT `craft_sections_i18n_locale_fk` FOREIGN KEY (`locale`) REFERENCES `craft_locales` (`locale`) ON DELETE CASCADE ON UPDATE CASCADE,
	ADD CONSTRAINT `craft_sections_i18n_sectionId_fk` FOREIGN KEY (`sectionId`) REFERENCES `craft_sections` (`id`) ON DELETE CASCADE;

--
-- Constraints for table `craft_sessions`
--
ALTER TABLE `craft_sessions`
	ADD CONSTRAINT `craft_sessions_userId_fk` FOREIGN KEY (`userId`) REFERENCES `craft_users` (`id`) ON DELETE CASCADE;

--
-- Constraints for table `craft_shunnedmessages`
--
ALTER TABLE `craft_shunnedmessages`
	ADD CONSTRAINT `craft_shunnedmessages_userId_fk` FOREIGN KEY (`userId`) REFERENCES `craft_users` (`id`) ON DELETE CASCADE;

--
-- Constraints for table `craft_structureelements`
--
ALTER TABLE `craft_structureelements`
	ADD CONSTRAINT `craft_structureelements_elementId_fk` FOREIGN KEY (`elementId`) REFERENCES `craft_elements` (`id`) ON DELETE CASCADE,
	ADD CONSTRAINT `craft_structureelements_structureId_fk` FOREIGN KEY (`structureId`) REFERENCES `craft_structures` (`id`) ON DELETE CASCADE;

--
-- Constraints for table `craft_taggroups`
--
ALTER TABLE `craft_taggroups`
	ADD CONSTRAINT `craft_taggroups_fieldLayoutId_fk` FOREIGN KEY (`fieldLayoutId`) REFERENCES `craft_fieldlayouts` (`id`) ON DELETE SET NULL;

--
-- Constraints for table `craft_tags`
--
ALTER TABLE `craft_tags`
	ADD CONSTRAINT `craft_tags_groupId_fk` FOREIGN KEY (`groupId`) REFERENCES `craft_taggroups` (`id`) ON DELETE CASCADE,
	ADD CONSTRAINT `craft_tags_id_fk` FOREIGN KEY (`id`) REFERENCES `craft_elements` (`id`) ON DELETE CASCADE;

--
-- Constraints for table `craft_templatecachecriteria`
--
ALTER TABLE `craft_templatecachecriteria`
	ADD CONSTRAINT `craft_templatecachecriteria_cacheId_fk` FOREIGN KEY (`cacheId`) REFERENCES `craft_templatecaches` (`id`) ON DELETE CASCADE;

--
-- Constraints for table `craft_templatecacheelements`
--
ALTER TABLE `craft_templatecacheelements`
	ADD CONSTRAINT `craft_templatecacheelements_cacheId_fk` FOREIGN KEY (`cacheId`) REFERENCES `craft_templatecaches` (`id`) ON DELETE CASCADE,
	ADD CONSTRAINT `craft_templatecacheelements_elementId_fk` FOREIGN KEY (`elementId`) REFERENCES `craft_elements` (`id`) ON DELETE CASCADE;

--
-- Constraints for table `craft_templatecaches`
--
ALTER TABLE `craft_templatecaches`
	ADD CONSTRAINT `craft_templatecaches_locale_fk` FOREIGN KEY (`locale`) REFERENCES `craft_locales` (`locale`) ON DELETE CASCADE ON UPDATE CASCADE;

--
-- Constraints for table `craft_usergroups_users`
--
ALTER TABLE `craft_usergroups_users`
	ADD CONSTRAINT `craft_usergroups_users_groupId_fk` FOREIGN KEY (`groupId`) REFERENCES `craft_usergroups` (`id`) ON DELETE CASCADE,
	ADD CONSTRAINT `craft_usergroups_users_userId_fk` FOREIGN KEY (`userId`) REFERENCES `craft_users` (`id`) ON DELETE CASCADE;

--
-- Constraints for table `craft_userpermissions_usergroups`
--
ALTER TABLE `craft_userpermissions_usergroups`
	ADD CONSTRAINT `craft_userpermissions_usergroups_groupId_fk` FOREIGN KEY (`groupId`) REFERENCES `craft_usergroups` (`id`) ON DELETE CASCADE,
	ADD CONSTRAINT `craft_userpermissions_usergroups_permissionId_fk` FOREIGN KEY (`permissionId`) REFERENCES `craft_userpermissions` (`id`) ON DELETE CASCADE;

--
-- Constraints for table `craft_userpermissions_users`
--
ALTER TABLE `craft_userpermissions_users`
	ADD CONSTRAINT `craft_userpermissions_users_permissionId_fk` FOREIGN KEY (`permissionId`) REFERENCES `craft_userpermissions` (`id`) ON DELETE CASCADE,
	ADD CONSTRAINT `craft_userpermissions_users_userId_fk` FOREIGN KEY (`userId`) REFERENCES `craft_users` (`id`) ON DELETE CASCADE;

--
-- Constraints for table `craft_users`
--
ALTER TABLE `craft_users`
	ADD CONSTRAINT `craft_users_id_fk` FOREIGN KEY (`id`) REFERENCES `craft_elements` (`id`) ON DELETE CASCADE,
	ADD CONSTRAINT `craft_users_preferredLocale_fk` FOREIGN KEY (`preferredLocale`) REFERENCES `craft_locales` (`locale`) ON DELETE SET NULL ON UPDATE CASCADE;

--
-- Constraints for table `craft_widgets`
--
ALTER TABLE `craft_widgets`
	ADD CONSTRAINT `craft_widgets_userId_fk` FOREIGN KEY (`userId`) REFERENCES `craft_users` (`id`) ON DELETE CASCADE;

SET FOREIGN_KEY_CHECKS = 1;
